imdb_id,director_name,num_critic_for_reviews,director_facebook_likes,actor_1_name,actor_1_facebook_likes,actor_2_name,actor_2_facebook_likes,actor_3_name,actor_3_facebook_likes,num_user_for_reviews,movie_facebook_likes
tt0499549,James Cameron,723.0,0.0,CCH Pounder,1000.0,Joel David Moore,936.0,Wes Studi,855.0,3054.0,33000
tt0449088,Gore Verbinski,302.0,563.0,Johnny Depp,40000.0,Orlando Bloom,5000.0,Jack Davenport,1000.0,1238.0,0
tt2379713,Sam Mendes,602.0,0.0,Christoph Waltz,11000.0,Rory Kinnear,393.0,Stephanie Sigman,161.0,994.0,85000
tt1345836,Christopher Nolan,813.0,22000.0,Tom Hardy,27000.0,Christian Bale,23000.0,Joseph Gordon-Levitt,23000.0,2701.0,164000
tt5289954,Doug Walker,,131.0,Doug Walker,131.0,Rob Walker,12.0,,,,0
tt0401729,Andrew Stanton,462.0,475.0,Daryl Sabara,640.0,Samantha Morton,632.0,Polly Walker,530.0,738.0,24000
tt0413300,Sam Raimi,392.0,0.0,J.K. Simmons,24000.0,James Franco,11000.0,Kirsten Dunst,4000.0,1902.0,0
tt0398286,Nathan Greno,324.0,15.0,Brad Garrett,799.0,Donna Murphy,553.0,M.C. Gainey,284.0,387.0,29000
tt2395427,Joss Whedon,635.0,0.0,Chris Hemsworth,26000.0,Robert Downey Jr.,21000.0,Scarlett Johansson,19000.0,1117.0,118000
tt0417741,David Yates,375.0,282.0,Alan Rickman,25000.0,Daniel Radcliffe,11000.0,Rupert Grint,10000.0,973.0,10000
tt2975590,Zack Snyder,673.0,0.0,Henry Cavill,15000.0,Lauren Cohan,4000.0,Alan D. Purwin,2000.0,3018.0,197000
tt0348150,Bryan Singer,434.0,0.0,Kevin Spacey,18000.0,Marlon Brando,10000.0,Frank Langella,903.0,2367.0,0
tt0830515,Marc Forster,403.0,395.0,Giancarlo Giannini,451.0,Mathieu Amalric,412.0,Rory Kinnear,393.0,1243.0,0
tt0383574,Gore Verbinski,313.0,563.0,Johnny Depp,40000.0,Orlando Bloom,5000.0,Jack Davenport,1000.0,1832.0,5000
tt1210819,Gore Verbinski,450.0,563.0,Johnny Depp,40000.0,Ruth Wilson,2000.0,Tom Wilkinson,1000.0,711.0,48000
tt0770828,Zack Snyder,733.0,0.0,Henry Cavill,15000.0,Christopher Meloni,3000.0,Harry Lennix,748.0,2536.0,118000
tt0499448,Andrew Adamson,258.0,80.0,Peter Dinklage,22000.0,Pierfrancesco Favino,216.0,Damián Alcázar,201.0,438.0,0
tt0848228,Joss Whedon,703.0,0.0,Chris Hemsworth,26000.0,Robert Downey Jr.,21000.0,Scarlett Johansson,19000.0,1722.0,123000
tt1298650,Rob Marshall,448.0,252.0,Johnny Depp,40000.0,Sam Claflin,11000.0,Stephen Graham,1000.0,484.0,58000
tt1409024,Barry Sonnenfeld,451.0,188.0,Will Smith,10000.0,Michael Stuhlbarg,816.0,Nicole Scherzinger,718.0,341.0,40000
tt2310332,Peter Jackson,422.0,0.0,Aidan Turner,5000.0,Adam Brown,972.0,James Nesbitt,773.0,802.0,65000
tt0948470,Marc Webb,599.0,464.0,Emma Stone,15000.0,Andrew Garfield,10000.0,Chris Zylka,963.0,1225.0,56000
tt0955308,Ridley Scott,343.0,0.0,Mark Addy,891.0,William Hurt,882.0,Scott Grimes,738.0,546.0,17000
tt1170358,Peter Jackson,509.0,0.0,Aidan Turner,5000.0,Adam Brown,972.0,James Nesbitt,773.0,951.0,83000
tt0385752,Chris Weitz,251.0,129.0,Christopher Lee,16000.0,Eva Green,6000.0,Kristin Scott Thomas,1000.0,666.0,0
tt0360717,Peter Jackson,446.0,0.0,Naomi Watts,6000.0,Thomas Kretschmann,919.0,Evan Parke,84.0,2618.0,0
tt0120338,James Cameron,315.0,0.0,Leonardo DiCaprio,29000.0,Kate Winslet,14000.0,Gloria Stuart,794.0,2528.0,26000
tt3498820,Anthony Russo,516.0,94.0,Robert Downey Jr.,21000.0,Scarlett Johansson,19000.0,Chris Evans,11000.0,1022.0,72000
tt1440129,Peter Berg,377.0,532.0,Liam Neeson,14000.0,Alexander Skarsgård,10000.0,Tadanobu Asano,627.0,751.0,44000
tt0369610,Colin Trevorrow,644.0,365.0,Bryce Dallas Howard,3000.0,Judy Greer,2000.0,Omar Sy,1000.0,1290.0,150000
tt1074638,Sam Mendes,750.0,0.0,Albert Finney,883.0,Helen McCrory,563.0,Rory Kinnear,393.0,1498.0,80000
tt0316654,Sam Raimi,300.0,0.0,J.K. Simmons,24000.0,James Franco,11000.0,Kirsten Dunst,4000.0,1303.0,0
tt1300854,Shane Black,608.0,1000.0,Robert Downey Jr.,21000.0,Jon Favreau,4000.0,Don Cheadle,3000.0,1187.0,95000
tt1014759,Tim Burton,451.0,13000.0,Johnny Depp,40000.0,Alan Rickman,25000.0,Anne Hathaway,11000.0,736.0,24000
tt0376994,Brett Ratner,334.0,420.0,Hugh Jackman,20000.0,Kelsey Grammer,808.0,Daniel Cudmore,560.0,1912.0,0
tt1453405,Dan Scanlon,376.0,37.0,Steve Buscemi,12000.0,Tyler Labine,779.0,Sean Hayes,760.0,265.0,44000
tt1055369,Michael Bay,366.0,0.0,Glenn Morshower,894.0,Kevin Dunn,581.0,Ramon Rodriguez,464.0,1439.0,0
tt2109248,Michael Bay,378.0,0.0,Bingbing Li,974.0,Sophia Myles,956.0,Kelsey Grammer,808.0,918.0,56000
tt1623205,Sam Raimi,525.0,0.0,Tim Holmes,44000.0,Mila Kunis,15000.0,James Franco,11000.0,511.0,60000
tt1872181,Marc Webb,495.0,464.0,Emma Stone,15000.0,Andrew Garfield,10000.0,B.J. Novak,825.0,1067.0,41000
tt1104001,Joseph Kosinski,469.0,364.0,Jeff Bridges,12000.0,Olivia Wilde,10000.0,James Frain,1000.0,665.0,30000
tt1216475,John Lasseter,304.0,487.0,Joe Mantegna,1000.0,Thomas Kretschmann,919.0,Eddie Izzard,776.0,283.0,10000
tt1133985,Martin Campbell,436.0,258.0,Ryan Reynolds,16000.0,Temuera Morrison,368.0,Taika Waititi,326.0,550.0,24000
tt0435761,Lee Unkrich,453.0,125.0,Tom Hanks,15000.0,John Ratzenberger,1000.0,Don Rickles,721.0,733.0,30000
tt0438488,McG,422.0,368.0,Christian Bale,23000.0,Bryce Dallas Howard,3000.0,Common,988.0,974.0,0
tt2820852,James Wan,424.0,0.0,Jason Statham,26000.0,Paul Walker,23000.0,Vin Diesel,14000.0,657.0,94000
tt0816711,Marc Forster,654.0,395.0,Peter Capaldi,17000.0,Brad Pitt,11000.0,Mireille Enos,1000.0,995.0,129000
tt1877832,Bryan Singer,539.0,0.0,Jennifer Lawrence,34000.0,Peter Dinklage,22000.0,Hugh Jackman,20000.0,752.0,82000
tt1408101,J.J. Abrams,590.0,14000.0,Benedict Cumberbatch,19000.0,Bruce Greenwood,981.0,Noel Clarke,928.0,1171.0,92000
tt1351685,Bryan Singer,338.0,0.0,Eddie Marsan,979.0,Ewen Bremner,557.0,Ralph Brown,140.0,205.0,22000
tt1343092,Baz Luhrmann,490.0,1000.0,Leonardo DiCaprio,29000.0,Elizabeth Debicki,509.0,Steve Bisley,77.0,753.0,115000
tt0473075,Mike Newell,306.0,179.0,Jake Gyllenhaal,15000.0,Richard Coyle,567.0,Reece Ritchie,236.0,453.0,23000
tt1663662,Guillermo del Toro,575.0,0.0,Charlie Hunnam,16000.0,Clifton Collins Jr.,968.0,Larry Joe Campbell,919.0,1106.0,83000
tt1399103,Michael Bay,428.0,0.0,Glenn Morshower,894.0,Lester Speight,829.0,Kevin Dunn,581.0,899.0,46000
tt0367882,Steven Spielberg,470.0,14000.0,Harrison Ford,11000.0,Ray Winstone,1000.0,Jim Broadbent,1000.0,2054.0,5000
tt1979388,Peter Sohn,298.0,113.0,A.J. Buckley,275.0,Jack McGraw,150.0,Peter Sohn,113.0,345.0,20000
tt1217209,Mark Andrews,488.0,56.0,Kelly Macdonald,2000.0,John Ratzenberger,1000.0,Julie Walters,838.0,428.0,39000
tt2660888,Justin Lin,322.0,681.0,Sofia Boutella,998.0,Melissa Roxburgh,119.0,Lydia Wilson,105.0,432.0,30000
tt0910970,Andrew Stanton,421.0,475.0,John Ratzenberger,1000.0,Fred Willard,729.0,Jeff Garlin,522.0,1043.0,16000
tt0293564,Brett Ratner,162.0,420.0,Tzi Ma,268.0,Dana Ivey,268.0,Noémie Lenoir,173.0,221.0,0
tt1190080,Roland Emmerich,367.0,776.0,Oliver Platt,1000.0,Liam James,468.0,Tom McCarthy,310.0,1055.0,13000
tt1067106,Robert Zemeckis,240.0,0.0,Robin Wright,18000.0,Colin Firth,14000.0,Gary Oldman,10000.0,249.0,0
tt1617661,Lana Wachowski,384.0,0.0,Channing Tatum,17000.0,Mila Kunis,15000.0,Eddie Redmayne,13000.0,720.0,44000
tt0918940,David Yates,248.0,282.0,Christoph Waltz,11000.0,Alexander Skarsgård,10000.0,Casper Crump,103.0,239.0,29000
tt0363771,Andrew Adamson,284.0,80.0,Jim Broadbent,1000.0,Kiran Shah,190.0,Shane Rangi,82.0,1463.0,0
tt3385516,Bryan Singer,396.0,0.0,Jennifer Lawrence,34000.0,Michael Fassbender,13000.0,Tye Sheridan,1000.0,622.0,54000
tt0468569,Christopher Nolan,645.0,22000.0,Christian Bale,23000.0,Heath Ledger,13000.0,Morgan Freeman,11000.0,4667.0,37000
tt1049413,Pete Docter,408.0,0.0,John Ratzenberger,1000.0,Delroy Lindo,848.0,Jess Harnell,262.0,704.0,27000
tt0892782,Rob Letterman,219.0,11.0,Amy Poehler,1000.0,Rainn Wilson,973.0,Stephen Colbert,459.0,187.0,0
tt0371746,Jon Favreau,486.0,4000.0,Robert Downey Jr.,21000.0,Jeff Bridges,12000.0,Jon Favreau,4000.0,1055.0,10000
tt0970179,Martin Scorsese,682.0,17000.0,Chloë Grace Moretz,17000.0,Christopher Lee,16000.0,Ray Winstone,1000.0,678.0,42000
tt0120891,Barry Sonnenfeld,85.0,188.0,Will Smith,10000.0,Salma Hayek,4000.0,Bai Ling,582.0,648.0,0
tt0859163,Rob Cohen,264.0,357.0,Jet Li,5000.0,Brendan Fraser,3000.0,Russell Wong,595.0,501.0,0
tt1386697,David Ayer,418.0,452.0,Will Smith,10000.0,Robin Atkin Downes,336.0,Ike Barinholtz,329.0,971.0,80000
tt0413099,Tom Shadyac,186.0,293.0,Jimmy Bennett,87000.0,Morgan Freeman,11000.0,Steve Carell,7000.0,257.0,2000
tt1631867,Doug Liman,585.0,218.0,Tom Cruise,10000.0,Lara Pulver,854.0,Noah Taylor,509.0,741.0,77000
tt0114898,Kevin Reynolds,91.0,58.0,Jeanne Tripplehorn,711.0,Rick Aviles,60.0,Zakes Mokae,60.0,309.0,0
tt1046173,Stephen Sommers,250.0,208.0,Joseph Gordon-Levitt,23000.0,Dennis Quaid,2000.0,Leo Howard,570.0,534.0,0
tt2096673,Pete Docter,536.0,0.0,Amy Poehler,1000.0,Mindy Kaling,767.0,Phyllis Smith,384.0,773.0,118000
tt3040964,Jon Favreau,370.0,4000.0,Scarlett Johansson,19000.0,Bill Murray,13000.0,Garry Shandling,591.0,398.0,65000
tt1228705,Jon Favreau,453.0,4000.0,Robert Downey Jr.,21000.0,Scarlett Johansson,19000.0,Jon Favreau,4000.0,723.0,18000
tt1735898,Rupert Sanders,416.0,274.0,Chris Hemsworth,26000.0,Kristen Stewart,17000.0,Sam Claflin,11000.0,710.0,53000
tt1587310,Robert Stromberg,401.0,171.0,Angelina Jolie Pitt,11000.0,Sharlto Copley,2000.0,Sam Riley,846.0,634.0,89000
tt2103281,Matt Reeves,521.0,198.0,Gary Oldman,10000.0,Judy Greer,2000.0,Kodi Smit-McPhee,884.0,620.0,45000
tt1321869,Roland Joffé,10.0,596.0,Tamsin Egerton,622.0,Alice Englert,525.0,Bipasha Basu,283.0,15.0,677
tt1335975,Carl Rinsch,218.0,47.0,Keanu Reeves,18000.0,Cary-Hiroyuki Tagawa,1000.0,Jin Akanishi,982.0,324.0,35000
tt1843866,Anthony Russo,576.0,94.0,Scarlett Johansson,19000.0,Chris Evans,11000.0,Hayley Atwell,2000.0,742.0,55000
tt0892791,Mike Mitchell,226.0,31.0,Jon Hamm,4000.0,Kathy Griffin,225.0,Mary Kay Place,213.0,173.0,0
tt1964418,Brad Bird,443.0,663.0,Judy Greer,2000.0,Chris Bauer,638.0,Thomas Robinson,604.0,497.0,37000
tt2245084,Don Hall,384.0,38.0,Damon Wayans Jr.,756.0,Daniel Henney,719.0,Abraham Benrubi,562.0,433.0,41000
tt1772341,Rich Moore,377.0,66.0,Jack McBrayer,975.0,Sarah Silverman,931.0,Joe Lo Truglio,833.0,345.0,40000
tt0338348,Robert Zemeckis,188.0,0.0,Tom Hanks,15000.0,Eddie Deezen,726.0,Peter Scolari,267.0,444.0,10000
tt1628841,Roland Emmerich,286.0,776.0,Vivica A. Fox,890.0,Sela Ward,812.0,Judd Hirsch,535.0,520.0,67000
tt0892769,Dean DeBlois,288.0,255.0,Gerard Butler,18000.0,America Ferrera,953.0,Craig Ferguson,759.0,492.0,33000
tt0181852,Jonathan Mostow,280.0,84.0,Nick Stahl,648.0,M.C. Gainey,284.0,Carolyn Hennesy,191.0,1676.0,0
tt2015381,James Gunn,653.0,571.0,Bradley Cooper,14000.0,Vin Diesel,14000.0,Djimon Hounsou,3000.0,1097.0,96000
tt0816692,Christopher Nolan,712.0,22000.0,Matthew McConaughey,11000.0,Anne Hathaway,11000.0,Mackenzie Foy,6000.0,2725.0,349000
tt1375666,Christopher Nolan,642.0,22000.0,Leonardo DiCaprio,29000.0,Tom Hardy,27000.0,Joseph Gordon-Levitt,23000.0,2803.0,175000
tt4262980,Hideaki Anno,1.0,28.0,Mark Chinnery,544.0,Shin'ya Tsukamoto,106.0,Atsuko Maeda,12.0,13.0,0
tt0903624,Peter Jackson,645.0,0.0,Aidan Turner,5000.0,Adam Brown,972.0,James Nesbitt,773.0,1367.0,166000
tt0232500,Rob Cohen,187.0,357.0,Paul Walker,23000.0,Vin Diesel,14000.0,Jordana Brewster,4000.0,988.0,14000
tt0421715,David Fincher,362.0,21000.0,Brad Pitt,11000.0,Jason Flemyng,1000.0,Julia Ormond,919.0,822.0,23000
tt1270798,Matthew Vaughn,500.0,905.0,Jennifer Lawrence,34000.0,Michael Fassbender,13000.0,Oliver Platt,1000.0,698.0,54000
tt1951266,Francis Lawrence,389.0,508.0,Jennifer Lawrence,34000.0,Philip Seymour Hoffman,22000.0,Josh Hutcherson,14000.0,383.0,38000
tt0963966,Jon Turteltaub,235.0,226.0,Nicolas Cage,12000.0,Omar Benson Miller,418.0,Robert Capron,370.0,238.0,11000
tt0409182,Wolfgang Petersen,231.0,249.0,Jimmy Bennett,87000.0,Mike Vogel,2000.0,Andre Braugher,702.0,629.0,0
tt2567026,James Bobin,218.0,33.0,Johnny Depp,40000.0,Alan Rickman,25000.0,Anne Hathaway,11000.0,131.0,30000
tt0413267,Chris Miller,227.0,50.0,Justin Timberlake,3000.0,Eric Idle,795.0,Rupert Everett,692.0,326.0,0
tt0803096,Duncan Jones,275.0,0.0,Dominic Cooper,3000.0,Callum Rennie,716.0,Ruth Negga,648.0,781.0,89000
tt1340138,Alan Taylor,474.0,230.0,J.K. Simmons,24000.0,Emilia Clarke,10000.0,Matt Smith,2000.0,867.0,82000
tt0980970,Michael Apted,228.0,150.0,Bruce Spence,531.0,Shane Rangi,82.0,Laura Brent,59.0,227.0,11000
tt0213149,Michael Bay,191.0,0.0,Jennifer Garner,3000.0,Jaime King,961.0,Mako,691.0,1999.0,0
tt0418279,Michael Bay,396.0,0.0,Zack Ward,662.0,Michael O'Neill,599.0,Kevin Dunn,581.0,1782.0,8000
tt0346491,Oliver Stone,248.0,0.0,Anthony Hopkins,12000.0,Angelina Jolie Pitt,11000.0,Brian Blessed,591.0,1390.0,0
tt0373889,David Yates,329.0,282.0,Robert Pattinson,21000.0,Daniel Radcliffe,11000.0,Fiona Shaw,687.0,1108.0,0
tt0330373,Mike Newell,295.0,179.0,Robert Pattinson,21000.0,Daniel Radcliffe,11000.0,Rupert Grint,10000.0,1896.0,0
tt0448157,Peter Berg,318.0,532.0,Will Smith,10000.0,Charlize Theron,9000.0,Eddie Marsan,979.0,590.0,0
tt0480249,Francis Lawrence,323.0,508.0,Will Smith,10000.0,Alice Braga,1000.0,Willow Smith,558.0,1413.0,11000
tt0367594,Tim Burton,276.0,13000.0,Johnny Depp,40000.0,Christopher Lee,16000.0,David Kelly,588.0,1361.0,0
tt0382932,Brad Bird,318.0,663.0,Janeane Garofalo,1000.0,John Ratzenberger,1000.0,Brian Dennehy,954.0,626.0,10000
tt0372784,Christopher Nolan,478.0,22000.0,Christian Bale,23000.0,Liam Neeson,14000.0,Morgan Freeman,11000.0,2685.0,15000
tt0479952,Eric Darnell,167.0,35.0,Bernie Mac,1000.0,Jada Pinkett Smith,851.0,Cedric the Entertainer,436.0,119.0,0
tt1078912,Shawn Levy,185.0,189.0,Robin Williams,49000.0,Rami Malek,3000.0,Steve Coogan,1000.0,209.0,2000
tt0458525,Gavin Hood,350.0,151.0,Hugh Jackman,20000.0,Ryan Reynolds,16000.0,Dominic Monaghan,2000.0,641.0,0
tt0242653,Lana Wachowski,245.0,0.0,Essie Davis,309.0,Collin Chou,269.0,Nona Gaye,233.0,2121.0,0
tt2294629,Chris Buck,406.0,69.0,Josh Gad,1000.0,Maurice LaMarche,523.0,Livvy Stubenrauch,490.0,904.0,58000
tt0234215,Lana Wachowski,275.0,0.0,Steve Bastoni,234.0,Daniel Bernhardt,198.0,Helmut Bakaitis,30.0,2789.0,0
tt1981115,Alan Taylor,486.0,230.0,Chris Hemsworth,26000.0,Natalie Portman,20000.0,Anthony Hopkins,12000.0,532.0,63000
tt1392190,George Miller,739.0,750.0,Tom Hardy,27000.0,Charlize Theron,9000.0,Zoë Kravitz,943.0,1588.0,191000
tt0808151,Ron Howard,298.0,2000.0,Tom Hanks,15000.0,Ayelet Zurer,745.0,Armin Mueller-Stahl,294.0,435.0,0
tt0800369,Kenneth Branagh,516.0,0.0,Chris Hemsworth,26000.0,Natalie Portman,20000.0,Anthony Hopkins,12000.0,738.0,63000
tt0397892,Byron Howard,225.0,59.0,Chloë Grace Moretz,17000.0,Diedrich Bader,759.0,James Lipton,699.0,178.0,0
tt0436339,Hoyt Yeatman,145.0,12.0,Kelli Garner,730.0,Piper Mackenzie Harris,607.0,Niecy Nash,182.0,90.0,0
tt1646987,Jonathan Liebesman,310.0,473.0,Liam Neeson,14000.0,Edgar Ramírez,897.0,Lily James,502.0,253.0,19000
tt1077368,Tim Burton,526.0,13000.0,Johnny Depp,40000.0,Chloë Grace Moretz,17000.0,Christopher Lee,16000.0,479.0,82000
tt2381249,Christopher McQuarrie,465.0,188.0,Tom Cruise,10000.0,Jeremy Renner,10000.0,Sean Harris,641.0,440.0,47000
tt0780653,Joe Johnston,357.0,394.0,Anthony Hopkins,12000.0,Simon Merrells,490.0,Art Malik,162.0,432.0,0
tt0918940,David Yates,248.0,282.0,Christoph Waltz,11000.0,Alexander Skarsgård,10000.0,Casper Crump,103.0,239.0,29000
tt0389790,Steve Hickner,194.0,58.0,Matthew Broderick,2000.0,Oprah Winfrey,852.0,Rip Torn,826.0,206.0,0
tt1302011,Jennifer Yuh Nelson,284.0,90.0,Angelina Jolie Pitt,11000.0,Gary Oldman,10000.0,Mike Bell,15.0,209.0,20000
tt0938283,M. Night Shyamalan,280.0,0.0,Seychelle Gabriel,1000.0,Noah Ringer,756.0,Aasif Mandvi,346.0,1382.0,18000
tt0317919,J.J. Abrams,310.0,14000.0,Philip Seymour Hoffman,22000.0,Tom Cruise,10000.0,Eddie Marsan,979.0,871.0,0
tt2334879,Roland Emmerich,339.0,776.0,Channing Tatum,17000.0,Jake Weber,551.0,Matt Craven,256.0,434.0,33000
tt1305591,Simon Wells,132.0,25.0,Elisabeth Harnois,921.0,Dan Fogler,562.0,Tom Everett Scott,433.0,112.0,0
tt0424095,David Bowers,135.0,42.0,Hugh Jackman,20000.0,Kate Winslet,14000.0,David Suchet,586.0,122.0,0
tt3332064,Joe Wright,256.0,456.0,Hugh Jackman,20000.0,Cara Delevingne,548.0,Nonso Anozie,394.0,186.0,24000
tt0864835,Rob Minkoff,196.0,50.0,Ty Burrell,3000.0,Zach Callison,1000.0,Karan Brar,517.0,130.0,11000
tt0332452,Wolfgang Petersen,220.0,249.0,Brad Pitt,11000.0,Orlando Bloom,5000.0,Julian Glover,844.0,1694.0,0
tt1277953,Eric Darnell,211.0,35.0,Jada Pinkett Smith,851.0,Martin Short,770.0,Cedric the Entertainer,436.0,154.0,17000
tt0246460,Lee Tamahori,264.0,93.0,Toby Stephens,769.0,Colin Salmon,766.0,Rick Yune,746.0,1185.0,0
tt1289401,Paul Feig,464.0,176.0,Ed Begley Jr.,783.0,Kate McKinnon,370.0,Zach Woods,322.0,1211.0,62000
tt0120591,Michael Bay,167.0,0.0,Bruce Willis,13000.0,Steve Buscemi,12000.0,Will Patton,537.0,1171.0,11000
tt0120912,Barry Sonnenfeld,208.0,188.0,Will Smith,10000.0,Rosario Dawson,3000.0,Rip Torn,826.0,606.0,2000
tt0442933,Robert Zemeckis,287.0,0.0,Robin Wright,18000.0,Anthony Hopkins,12000.0,Sebastian Roché,964.0,505.0,3000
tt2267968,Alessandro Carloni,210.0,5.0,J.K. Simmons,24000.0,Angelina Jolie Pitt,11000.0,Wayne Knight,967.0,145.0,24000
tt1229238,Brad Bird,432.0,663.0,Tom Cruise,10000.0,Jeremy Renner,10000.0,Michael Nyqvist,690.0,512.0,35000
tt1446192,Peter Ramsey,256.0,52.0,Hugh Jackman,20000.0,Kamil McFadden,315.0,Khamani Griffin,161.0,174.0,25000
tt0369441,Dean Parisot,135.0,23.0,John Michael Higgins,957.0,Richard Burgi,550.0,David Herman,233.0,258.0,2000
tt0325710,Edward Zwick,190.0,380.0,Tom Cruise,10000.0,Tony Goldwyn,956.0,Chad Lindberg,445.0,928.0,0
tt1528100,Ridley Scott,314.0,0.0,Christian Bale,23000.0,María Valverde,893.0,Ben Mendelsohn,748.0,657.0,51000
tt0796366,J.J. Abrams,518.0,14000.0,Chris Hemsworth,26000.0,Leonard Nimoy,12000.0,Bruce Greenwood,981.0,1559.0,19000
tt0145487,Sam Raimi,291.0,0.0,J.K. Simmons,24000.0,James Franco,11000.0,Kirsten Dunst,4000.0,2012.0,5000
tt1646971,Dean DeBlois,292.0,255.0,Gerard Butler,18000.0,Djimon Hounsou,3000.0,America Ferrera,953.0,343.0,46000
tt2404233,Alex Proyas,184.0,295.0,Gerard Butler,18000.0,Elodie Yung,934.0,Bryan Brown,284.0,273.0,24000
tt0382992,Rob Cohen,145.0,357.0,Sam Shepard,820.0,Joe Morton,780.0,Richard Roxburgh,653.0,388.0,0
tt0409459,Zack Snyder,451.0,0.0,Matt Frewer,986.0,Billy Crudup,745.0,Stephen McHattie,413.0,1229.0,18000
tt0122151,Richard Donner,141.0,503.0,Jet Li,5000.0,Rene Russo,808.0,Darlene Love,91.0,287.0,0
tt0286716,Ang Lee,267.0,0.0,Kevin Rankin,820.0,Regi Davis,300.0,Celia Weston,258.0,1445.0,0
tt1583421,Jon M. Chu,351.0,209.0,Channing Tatum,17000.0,Dwayne Johnson,12000.0,Elodie Yung,934.0,288.0,42000
tt0318649,Breck Eisner,163.0,42.0,Matthew McConaughey,11000.0,Rainn Wilson,973.0,Delroy Lindo,848.0,463.0,0
tt0173840,Hironobu Sakaguchi,166.0,6.0,Steve Buscemi,12000.0,Ming-Na Wen,2000.0,Jean Simmons,422.0,788.0,0
tt0458339,Joe Johnston,510.0,394.0,Chris Evans,11000.0,Dominic Cooper,3000.0,Hayley Atwell,2000.0,679.0,46000
tt0143145,Michael Apted,197.0,150.0,Colin Salmon,766.0,Maria Grazia Cucinotta,536.0,Desmond Llewelyn,244.0,683.0,2000
tt0311113,Peter Weir,244.0,608.0,James D'Arcy,613.0,Lee Ingleby,172.0,David Threlfall,168.0,684.0,0
tt1673434,Bill Condon,322.0,386.0,Robert Pattinson,21000.0,Kristen Stewart,17000.0,Taylor Lautner,12000.0,329.0,65000
tt1402488,George Miller,156.0,750.0,Robin Williams,49000.0,Brad Pitt,11000.0,Common,988.0,79.0,0
tt0800080,Louis Leterrier,354.0,255.0,Ty Burrell,3000.0,Peter Mensah,1000.0,William Hurt,882.0,643.0,0
tt0086759,,21.0,,Don Johnson,982.0,Philip Michael Thomas,321.0,John Diehl,184.0,74.0,0
tt3691740,Steven Spielberg,252.0,14000.0,Mark Rylance,535.0,Penelope Wilton,400.0,Rafe Spall,358.0,106.0,27000
tt1663202,Alejandro G. Iñárritu,556.0,0.0,Leonardo DiCaprio,29000.0,Tom Hardy,27000.0,Lukas Haas,733.0,1188.0,190000
tt1860353,David Soren,166.0,13.0,Ryan Reynolds,16000.0,Snoop Dogg,881.0,Ben Schwartz,463.0,90.0,13000
tt1192628,Gore Verbinski,362.0,563.0,Johnny Depp,40000.0,Ray Winstone,1000.0,Stephen Root,939.0,337.0,26000
tt1911658,Eric Darnell,153.0,35.0,Benedict Cumberbatch,19000.0,Annet Mahendru,411.0,Andy Richter,179.0,118.0,11000
tt0440963,Paul Greengrass,329.0,521.0,Matt Damon,13000.0,Edgar Ramírez,897.0,Albert Finney,883.0,820.0,0
tt0441773,Mark Osborne,266.0,54.0,Angelina Jolie Pitt,11000.0,Wayne Knight,967.0,Dan Fogler,562.0,360.0,6000
tt0478970,Peyton Reed,517.0,235.0,Judy Greer,2000.0,Hayley Atwell,2000.0,T.I.,680.0,549.0,61000
tt1951264,Francis Lawrence,502.0,508.0,Jennifer Lawrence,34000.0,Josh Hutcherson,14000.0,Sandra Ellis Lafferty,523.0,706.0,82000
tt1673434,Bill Condon,322.0,386.0,Robert Pattinson,21000.0,Kristen Stewart,17000.0,Taylor Lautner,12000.0,329.0,65000
tt2224026,Tim Johnson,165.0,12.0,Jim Parsons,17000.0,Matt Jones,523.0,April Winchell,183.0,214.0,26000
tt0407304,Steven Spielberg,401.0,14000.0,Tom Cruise,10000.0,Lisa Ann Walter,1000.0,Rick Gonzalez,807.0,2741.0,0
tt0172156,Michael Bay,94.0,0.0,Will Smith,10000.0,Henry Rollins,898.0,Jordi Mollà,877.0,511.0,0
tt0448694,Chris Miller,246.0,50.0,Salma Hayek,4000.0,Constance Marie,442.0,Amy Sedaris,397.0,137.0,16000
tt0944835,Phillip Noyce,330.0,176.0,Angelina Jolie Pitt,11000.0,Andre Braugher,702.0,August Diehl,282.0,514.0,23000
tt1959490,Darren Aronofsky,434.0,0.0,Anthony Hopkins,12000.0,Emma Watson,9000.0,Logan Lerman,8000.0,1240.0,71000
tt0983193,Steven Spielberg,440.0,14000.0,Toby Jones,2000.0,Mackenzie Crook,871.0,Tony Curran,845.0,447.0,44000
tt0304141,Alfonso Cuarón,274.0,0.0,Daniel Radcliffe,11000.0,Gary Oldman,10000.0,Rupert Grint,10000.0,1504.0,11000
tt0455824,Baz Luhrmann,245.0,1000.0,Essie Davis,309.0,Bryan Brown,284.0,Eddie Baroo,165.0,450.0,0
tt1815862,M. Night Shyamalan,349.0,0.0,Will Smith,10000.0,Zoë Kravitz,943.0,Glenn Morshower,894.0,744.0,37000
tt0130623,Eric Leighton,145.0,0.0,Alfre Woodard,1000.0,D.B. Sweeney,558.0,Della Reese,388.0,241.0,0
tt1680310,Matt Birch,1.0,0.0,Rupert Grint,10000.0,Dave Legeno,570.0,Ralph Ineson,159.0,2.0,40
tt2692250,Shawn Levy,154.0,189.0,Robin Williams,49000.0,Rami Malek,3000.0,Steve Coogan,1000.0,126.0,11000
tt1001526,Tom McGrath,233.0,96.0,J.K. Simmons,24000.0,Brad Pitt,11000.0,Will Ferrell,8000.0,187.0,13000
tt0241527,Chris Columbus,258.0,0.0,Daniel Radcliffe,11000.0,Fiona Shaw,687.0,Verne Troyer,645.0,1571.0,16000
tt0790736,Robert Schwentke,208.0,124.0,Ryan Reynolds,16000.0,Jeff Bridges,12000.0,Stephanie Szostak,1000.0,210.0,20000
tt4262980,Hideaki Anno,1.0,28.0,Mark Chinnery,544.0,Shin'ya Tsukamoto,106.0,Atsuko Maeda,12.0,13.0,0
tt0325980,Gore Verbinski,271.0,563.0,Johnny Depp,40000.0,Orlando Bloom,5000.0,Jack Davenport,1000.0,2113.0,10000
tt1571403,Matt Birch,4.0,0.0,Rupert Grint,10000.0,Toby Jones,2000.0,Alfred Enoch,1000.0,2.0,25
tt1951265,Francis Lawrence,403.0,508.0,Jennifer Lawrence,34000.0,Philip Seymour Hoffman,22000.0,Josh Hutcherson,14000.0,591.0,52000
tt0382625,Ron Howard,294.0,2000.0,Tom Hanks,15000.0,Seth Gabel,574.0,Jürgen Prochnow,362.0,1966.0,0
tt2357291,Carlos Saldanha,159.0,107.0,Miguel Ferrer,688.0,Rachel Crow,237.0,Jeffrey Garcia,56.0,99.0,0
tt0290334,Bryan Singer,289.0,0.0,Hugh Jackman,20000.0,Bruce Davison,505.0,Aaron Stanford,346.0,1055.0,0
tt1596343,Justin Lin,342.0,681.0,Paul Walker,23000.0,Vin Diesel,14000.0,Dwayne Johnson,12000.0,366.0,54000
tt1515091,Guy Ritchie,382.0,0.0,Robert Downey Jr.,21000.0,Eddie Marsan,979.0,Paul Anderson,154.0,412.0,39000
tt0800320,Louis Leterrier,344.0,255.0,Liam Neeson,14000.0,Jason Flemyng,1000.0,Alexa Davalos,850.0,637.0,15000
tt0100802,Paul Verhoeven,196.0,719.0,Ronny Cox,605.0,Rachel Ticotin,308.0,Marshall Bell,217.0,391.0,0
tt0120657,John McTiernan,85.0,323.0,Tony Curran,845.0,Vladimir Kulich,372.0,Clive Russell,241.0,546.0,0
tt1194173,Tony Gilroy,436.0,209.0,Jeremy Renner,10000.0,Scott Glenn,826.0,Stacy Keach,602.0,504.0,31000
tt0118688,Joel Schumacher,183.0,541.0,Michael Gough,920.0,Vivica A. Fox,890.0,John Glover,409.0,1018.0,0
tt0170016,Ron Howard,175.0,2000.0,Clint Howard,1000.0,T.J. Thyne,722.0,Molly Shannon,636.0,482.0,0
tt0319262,Roland Emmerich,239.0,776.0,Jake Gyllenhaal,15000.0,Dennis Quaid,2000.0,Sela Ward,812.0,1159.0,19000
tt0120755,John Woo,237.0,610.0,Tom Cruise,10000.0,Dougray Scott,794.0,Richard Roxburgh,653.0,1426.0,0
tt0177971,Wolfgang Petersen,231.0,249.0,Karen Allen,784.0,Mary Elizabeth Mastrantonio,638.0,Bob Gunton,461.0,779.0,0
tt0486576,Tim Story,262.0,167.0,Chris Evans,11000.0,Ioan Gruffudd,2000.0,Andre Braugher,702.0,436.0,0
tt0454876,Ang Lee,552.0,0.0,Suraj Sharma,774.0,Rafe Spall,358.0,Tabu,341.0,755.0,122000
tt0259324,Mark Steven Johnson,276.0,160.0,Nicolas Cage,12000.0,Matt Long,701.0,Peter Fonda,402.0,681.0,0
tt4196776,Paul Greengrass,267.0,521.0,Matt Damon,13000.0,Riz Ahmed,365.0,Ato Essandoh,265.0,297.0,31000
tt0305357,McG,102.0,368.0,Demi Moore,2000.0,Bernie Mac,1000.0,Justin Theroux,1000.0,554.0,0
tt1446714,Ridley Scott,775.0,0.0,Michael Fassbender,13000.0,Charlize Theron,9000.0,Sean Harris,641.0,2326.0,97000
tt0243585,Rob Minkoff,71.0,50.0,Nathan Lane,886.0,Brad Garrett,799.0,Melanie Griffith,537.0,69.0,459
tt1535108,Neill Blomkamp,476.0,662.0,Matt Damon,13000.0,Sharlto Copley,2000.0,Alice Braga,1000.0,814.0,61000
tt0296572,David Twohy,207.0,123.0,Vin Diesel,14000.0,Alexa Davalos,850.0,Christina Cox,567.0,666.0,0
tt1234721,José Padilha,492.0,294.0,Gary Oldman,10000.0,Abbie Cornish,2000.0,Jennifer Ehle,1000.0,630.0,60000
tt0811080,Lana Wachowski,284.0,0.0,Scott Porter,690.0,Kick Gurry,107.0,Nicholas Elia,87.0,414.0,0
tt1341188,James L. Brooks,168.0,274.0,Shelley Conn,273.0,Domenick Lombardozzi,216.0,Teyonah Parris,157.0,196.0,0
tt1013743,James Mangold,283.0,446.0,Tom Cruise,10000.0,Marc Blucas,973.0,Jordi Mollà,877.0,348.0,11000
tt1483013,Joseph Kosinski,539.0,364.0,Morgan Freeman,11000.0,Tom Cruise,10000.0,Zoë Bell,1000.0,892.0,71000
tt0121766,George Lucas,359.0,0.0,Natalie Portman,20000.0,Christopher Lee,16000.0,Hayden Christensen,4000.0,3286.0,10000
tt0121765,George Lucas,284.0,0.0,Natalie Portman,20000.0,Christopher Lee,16000.0,Hayden Christensen,4000.0,3516.0,0
tt0198781,Pete Docter,250.0,0.0,Steve Buscemi,12000.0,John Ratzenberger,1000.0,James Coburn,773.0,593.0,0
tt1430132,James Mangold,440.0,446.0,Hugh Jackman,20000.0,Tao Okamoto,992.0,Rila Fukushima,929.0,533.0,68000
tt0120915,George Lucas,320.0,0.0,Natalie Portman,20000.0,Liam Neeson,14000.0,Ian McDiarmid,1000.0,3597.0,13000
tt0481499,Kirk De Micco,257.0,16.0,Ryan Reynolds,16000.0,Emma Stone,15000.0,Nicolas Cage,12000.0,195.0,28000
tt0463872,Frédéric Forestier,33.0,0.0,Alain Delon,936.0,Santiago Segura,276.0,Vanessa Hessler,141.0,36.0,291
tt0245562,John Woo,152.0,610.0,Nicolas Cage,12000.0,Roger Willie,836.0,Noah Emmerich,617.0,454.0,0
tt2381991,Cedric Nicolas-Troyan,231.0,19.0,Chris Hemsworth,26000.0,Sam Claflin,11000.0,Charlize Theron,9000.0,134.0,16000
tt1291150,Jonathan Liebesman,348.0,473.0,Noel Fisher,833.0,Danny Woodburn,809.0,Jeremy Howard,429.0,491.0,62000
tt1454468,Alfonso Cuarón,738.0,0.0,Phaldut Sharma,39.0,Basher Savage,23.0,Amy Warren,13.0,1885.0,147000
tt0118928,Roger Donaldson,93.0,79.0,Jamie Renée Smith,650.0,Grant Heslov,293.0,Tzi Ma,268.0,277.0,0
tt3949660,Dave Green,181.0,13.0,Stephen Amell,5000.0,Noel Fisher,833.0,Brad Garrett,799.0,115.0,12000
tt1502712,Josh Trank,369.0,128.0,Tim Blake Nelson,596.0,Reg E. Cathey,360.0,Tim Heidecker,78.0,695.0,41000
tt0477347,Shawn Levy,179.0,189.0,Robin Williams,49000.0,Rami Malek,3000.0,Steve Coogan,1000.0,444.0,3000
tt2126355,Brad Peyton,358.0,62.0,Dwayne Johnson,12000.0,Ioan Gruffudd,2000.0,Archie Panjabi,884.0,499.0,52000
tt0120347,Roger Spottiswoode,160.0,55.0,Vincent Schiavelli,811.0,Colin Salmon,766.0,Joe Don Baker,387.0,328.0,0
tt0187393,Roland Emmerich,192.0,776.0,Heath Ledger,13000.0,Adam Baldwin,2000.0,Tom Wilkinson,1000.0,1144.0,4000
tt0349903,Steven Soderbergh,198.0,0.0,Brad Pitt,11000.0,Julia Roberts,8000.0,Mini Anden,350.0,627.0,0
tt0356910,Doug Liman,233.0,218.0,Brad Pitt,11000.0,Angelina Jolie Pitt,11000.0,Stephanie March,322.0,798.0,0
tt2908446,Robert Schwentke,263.0,124.0,Kate Winslet,14000.0,Theo James,5000.0,Mekhi Phifer,1000.0,258.0,27000
tt0338751,Martin Scorsese,267.0,17000.0,Leonardo DiCaprio,29000.0,Adam Scott,3000.0,Frances Conroy,827.0,799.0,0
tt1320261,Rob Letterman,184.0,11.0,James Corden,480.0,Catherine Tate,392.0,Olly Alexander,116.0,121.0,0
tt0990407,Michel Gondry,447.0,1000.0,Christoph Waltz,11000.0,Tom Wilkinson,1000.0,Chad L. Coleman,741.0,443.0,14000
tt0084967,,29.0,,George Peppard,669.0,Dirk Benedict,554.0,Dwight Schultz,432.0,97.0,0
tt1253863,Noam Murro,366.0,263.0,Eva Green,6000.0,Sullivan Stapleton,1000.0,Peter Mensah,1000.0,523.0,71000
tt0472181,Raja Gosnell,172.0,67.0,Mahadeo Shivraj,383.0,Tim Gunn,113.0,Madison McKinley,111.0,153.0,31000
tt0299172,Will Finn,104.0,6.0,Steve Buscemi,12000.0,Roseanne Barr,513.0,G.W. Bailey,421.0,88.0,304
tt3410834,Robert Schwentke,181.0,124.0,Naomi Watts,6000.0,Theo James,5000.0,Zoë Kravitz,943.0,144.0,12000
tt0433035,Shawn Levy,327.0,189.0,Hugh Jackman,20000.0,Torey Michael Adkins,929.0,Olga Fonda,544.0,426.0,36000
tt2017020,Raja Gosnell,125.0,67.0,Jacob Tremblay,681.0,Nancy O'Dell,71.0,Vanessa Matsui,40.0,59.0,0
tt0120179,Jan de Bont,79.0,101.0,Jason Patric,673.0,Temuera Morrison,368.0,Lois Chiles,202.0,248.0,894
tt1731141,Gavin Hood,326.0,151.0,Harrison Ford,11000.0,Moises Arias,635.0,Aramis Knight,430.0,554.0,123000
tt0337978,Len Wiseman,354.0,235.0,Bruce Willis,13000.0,Jonathan Sadowski,300.0,Cyril Raffaelli,297.0,782.0,0
tt0120737,Peter Jackson,297.0,0.0,Christopher Lee,16000.0,Orlando Bloom,5000.0,Billy Boyd,857.0,5060.0,21000
tt0327437,Frank Coraci,188.0,153.0,Jim Broadbent,1000.0,Steve Coogan,1000.0,Cécile De France,447.0,191.0,0
tt0248667,Michael Mann,174.0,0.0,Will Smith,10000.0,Jada Pinkett Smith,851.0,Joe Morton,780.0,386.0,0
tt0312528,Bo Welch,109.0,34.0,Sean Hayes,760.0,Kelly Preston,743.0,Spencer Breslin,434.0,456.0,946
tt0343818,Alex Proyas,225.0,295.0,Will Smith,10000.0,Bruce Greenwood,981.0,Chi McBride,466.0,789.0,0
tt0320661,Ridley Scott,239.0,0.0,Liam Neeson,14000.0,Orlando Bloom,5000.0,Philip Glenister,195.0,942.0,0
tt0164912,Rob Minkoff,101.0,50.0,Chazz Palminteri,979.0,Nathan Lane,886.0,Jeffrey Jones,692.0,179.0,0
tt0780521,Ron Clements,228.0,63.0,Oprah Winfrey,852.0,Jenifer Lewis,578.0,Anika Noni Rose,525.0,214.0,5000
tt3659388,Ridley Scott,568.0,0.0,Matt Damon,13000.0,Donald Glover,801.0,Benedict Wong,372.0,1023.0,153000
tt1869849,Christopher Barnard,,0.0,Mathew Buck,5.0,,,,,,0
tt0399201,Michael Bay,257.0,0.0,Scarlett Johansson,19000.0,Steve Buscemi,12000.0,Djimon Hounsou,3000.0,899.0,0
tt0141907,Peter Chelsom,62.0,23.0,Del Zamora,752.0,Warren Beatty,631.0,Garry Shandling,591.0,89.0,53
tt0187078,Dominic Sena,175.0,57.0,Nicolas Cage,12000.0,Angelina Jolie Pitt,11000.0,Robert Duvall,3000.0,498.0,0
tt0172495,Ridley Scott,265.0,0.0,Djimon Hounsou,3000.0,Connie Nielsen,933.0,Oliver Reed,695.0,2368.0,21000
tt0181689,Steven Spielberg,252.0,14000.0,Tom Cruise,10000.0,Frank Grillo,798.0,Jessica Capshaw,533.0,1331.0,0
tt0295297,Chris Columbus,232.0,0.0,Daniel Radcliffe,11000.0,Rupert Grint,10000.0,Emma Watson,9000.0,858.0,0
tt0381061,Martin Campbell,400.0,258.0,Eva Green,6000.0,Tobias Menzies,1000.0,Ivana Milicevic,834.0,2301.0,0
tt0133152,Tim Burton,230.0,13000.0,Cary-Hiroyuki Tagawa,1000.0,Estella Warren,658.0,Erick Avari,567.0,1368.0,0
tt0103064,James Cameron,210.0,0.0,Joe Morton,780.0,Jenette Goldstein,604.0,S. Epatha Merkerson,539.0,983.0,13000
tt1152836,Michael Mann,357.0,0.0,Johnny Depp,40000.0,Christian Bale,23000.0,Stephen Graham,1000.0,585.0,0
tt0765429,Ridley Scott,300.0,0.0,Denzel Washington,18000.0,Ruby Dee,782.0,RZA,561.0,458.0,0
tt0111503,James Cameron,94.0,0.0,Jamie Lee Curtis,2000.0,Tia Carrere,1000.0,Tom Arnold,618.0,351.0,0
tt1111422,Tony Scott,267.0,12000.0,Denzel Washington,18000.0,Ramon Rodriguez,464.0,Michael Rispoli,385.0,285.0,0
tt0970866,Paul Weitz,180.0,80.0,Robert De Niro,22000.0,Blythe Danner,713.0,Teri Polo,708.0,152.0,0
tt1386588,Adam McKay,265.0,285.0,Dwayne Johnson,12000.0,Will Ferrell,8000.0,Derek Jeter,107.0,316.0,16000
tt0116213,Chuck Russell,81.0,55.0,Vanessa Williams,1000.0,James Coburn,773.0,Roma Maffia,383.0,131.0,0
tt1853728,Quentin Tarantino,765.0,16000.0,Leonardo DiCaprio,29000.0,Christoph Waltz,11000.0,Ato Essandoh,265.0,1193.0,199000
tt0116583,Gary Trousdale,80.0,21.0,Demi Moore,2000.0,Jason Alexander,700.0,Bill Fagerbakke,542.0,230.0,0
tt0120917,Mark Dindal,141.0,10.0,Eartha Kitt,558.0,Wendie Malick,452.0,John Fiedler,253.0,297.0,0
tt1764651,Simon West,383.0,165.0,Jason Statham,26000.0,Sylvester Stallone,13000.0,Bruce Willis,13000.0,474.0,108000
tt0368891,Jon Turteltaub,193.0,226.0,Nicolas Cage,12000.0,Armando Riesco,625.0,Annie Parisse,341.0,692.0,0
tt0449010,Stefen Fangmeier,170.0,14.0,Djimon Hounsou,3000.0,Ed Speleers,762.0,Gary Lewis,203.0,1690.0,0
tt0386117,Spike Jonze,333.0,0.0,Catherine O'Hara,925.0,Ryan Corr,468.0,Max Records,279.0,388.0,11000
tt3332064,Joe Wright,256.0,456.0,Hugh Jackman,20000.0,Cara Delevingne,548.0,Nonso Anozie,394.0,186.0,24000
tt0848537,Chris Wedge,203.0,77.0,Josh Hutcherson,14000.0,Emma Kenney,151.0,Troy Evans,120.0,113.0,17000
tt1243957,Florian Henckel von Donnersmarck,321.0,207.0,Johnny Depp,40000.0,Angelina Jolie Pitt,11000.0,Rufus Sewell,3000.0,374.0,25000
tt0146675,Peter Hyams,174.0,0.0,CCH Pounder,1000.0,Mark Margolis,1000.0,Udo Kier,595.0,524.0,2000
tt0450259,Edward Zwick,166.0,380.0,Leonardo DiCaprio,29000.0,Djimon Hounsou,3000.0,Stephen Collins,452.0,657.0,14000
tt0993846,Martin Scorsese,606.0,17000.0,Leonardo DiCaprio,29000.0,Matthew McConaughey,11000.0,Jon Favreau,4000.0,1138.0,138000
tt0112462,Joel Schumacher,144.0,541.0,Michael Gough,920.0,Rene Auberjonois,710.0,Debi Mazar,680.0,539.0,0
tt0120201,Paul Verhoeven,192.0,719.0,Jake Busey,660.0,Patrick Muldoon,475.0,Seth Gilliam,423.0,1049.0,0
tt1371111,Tom Tykwer,511.0,670.0,Tom Hanks,15000.0,Jim Sturgess,5000.0,Jim Broadbent,1000.0,828.0,124000
tt1219342,Zack Snyder,188.0,0.0,Abbie Cornish,2000.0,Richard Roxburgh,653.0,Anthony LaPaglia,577.0,160.0,16000
tt0327554,Pitof,212.0,26.0,Frances Conroy,827.0,Christopher Heyerdahl,825.0,Alex Borstein,566.0,660.0,0
tt1267297,Brett Ratner,245.0,420.0,Dwayne Johnson,12000.0,Rufus Sewell,3000.0,Ingrid Bolsø Berdal,467.0,269.0,21000
tt0133240,Ron Clements,127.0,63.0,Joseph Gordon-Levitt,23000.0,Martin Short,770.0,Michael Wincott,720.0,217.0,0
tt0457400,Brad Silberling,167.0,52.0,Will Ferrell,8000.0,Anna Friel,735.0,Bobb'e J. Thompson,526.0,224.0,0
tt2333784,Patrick Hughes,320.0,385.0,Jason Statham,26000.0,Sylvester Stallone,13000.0,Harrison Ford,11000.0,351.0,56000
tt2058673,Ericson Core,163.0,19.0,Ray Winstone,1000.0,Edgar Ramírez,897.0,Delroy Lindo,848.0,163.0,37000
tt0362165,Lawrence Guterman,78.0,6.0,Jamie Kennedy,490.0,Traylor Howard,294.0,Ben Stein,227.0,239.0,881
tt1390411,Ron Howard,289.0,2000.0,Chris Hemsworth,26000.0,Benjamin Walker,911.0,Frank Dillane,571.0,161.0,27000
tt0180052,Ron Underwood,66.0,31.0,Rosario Dawson,3000.0,Randy Quaid,695.0,Burt Young,683.0,164.0,416
tt0947810,Paul Greengrass,266.0,521.0,Matt Damon,13000.0,Sean Huze,537.0,Igal Naor,95.0,261.0,0
tt2452042,Steve Martino,208.0,20.0,Francesca Capaldi,144.0,Venus Schultheis,42.0,Bill Melendez,36.0,155.0,33000
tt0120176,David Mamet,97.0,342.0,Ben Gazzara,623.0,Felicity Huffman,508.0,Campbell Scott,393.0,263.0,578
tt0209163,Stephen Sommers,202.0,208.0,Dwayne Johnson,12000.0,Brendan Fraser,3000.0,Patricia Velasquez,591.0,890.0,0
tt0217505,Martin Scorsese,233.0,17000.0,Leonardo DiCaprio,29000.0,Liam Neeson,14000.0,Jim Broadbent,1000.0,1166.0,0
tt1410063,Yimou Zhang,136.0,611.0,Christian Bale,23000.0,Ni Ni,196.0,Shigeo Kobayashi,28.0,130.0,13000
tt0423294,Ash Brannon,154.0,9.0,Jeff Bridges,12000.0,Zooey Deschanel,11000.0,Jon Heder,970.0,112.0,0
tt0327162,Frank Oz,169.0,0.0,Jon Lovitz,11000.0,Matthew Broderick,2000.0,Roger Bart,465.0,407.0,0
tt0265086,Ridley Scott,200.0,0.0,Ioan Gruffudd,2000.0,Sam Shepard,820.0,Ewen Bremner,557.0,1103.0,10000
tt1790886,Jay Roach,255.0,116.0,Will Ferrell,8000.0,Thomas Middleditch,331.0,Katherine LaNasa,329.0,177.0,18000
tt0119116,Luc Besson,173.0,0.0,Milla Jovovich,14000.0,Bruce Willis,13000.0,Gary Oldman,10000.0,742.0,18000
tt1261945,Michael Patrick King,221.0,127.0,Chris Noth,962.0,Liza Minnelli,740.0,Kristin Davis,722.0,293.0,0
tt0138749,Bibo Bergeron,82.0,10.0,Frank Welker,2000.0,Rosie Perez,919.0,Elton John,442.0,139.0,0
tt1667889,Steve Martino,233.0,20.0,Peter Dinklage,22000.0,Josh Gad,1000.0,Drake,916.0,139.0,14000
tt1661199,Kenneth Branagh,343.0,0.0,Hayley Atwell,2000.0,Derek Jacobi,520.0,Lily James,502.0,322.0,56000
tt0380510,Peter Jackson,308.0,0.0,Michael Imperioli,873.0,AJ Michalka,560.0,Tom McCarthy,310.0,593.0,16000
tt0266543,Andrew Stanton,301.0,475.0,Alexander Gould,1000.0,Stephen Root,939.0,Brad Garrett,799.0,866.0,11000
tt0167260,Peter Jackson,328.0,0.0,Orlando Bloom,5000.0,Billy Boyd,857.0,Bernard Hill,416.0,3189.0,16000
tt0167261,Peter Jackson,294.0,0.0,Christopher Lee,16000.0,Orlando Bloom,5000.0,Billy Boyd,857.0,2417.0,10000
tt1121096,Sergey Bodrov,175.0,44.0,Jeff Bridges,12000.0,Djimon Hounsou,3000.0,Olivia Williams,766.0,154.0,16000
tt0146316,Simon West,199.0,165.0,Angelina Jolie Pitt,11000.0,Noah Taylor,509.0,Chris Barrie,240.0,824.0,0
tt2209764,Wally Pfister,355.0,0.0,Johnny Depp,40000.0,Morgan Freeman,11000.0,Clifton Collins Jr.,968.0,462.0,37000
tt0163025,Joe Johnston,198.0,394.0,Michael Jeter,693.0,Trevor Morgan,595.0,Alessandro Nivola,527.0,1236.0,0
tt1318514,Rupert Wyatt,529.0,81.0,James Franco,11000.0,David Oyelowo,1000.0,Tyler Labine,779.0,646.0,47000
tt0416236,Mark Waters,198.0,70.0,Martin Short,770.0,Tod Fennell,419.0,Joan Plowright,330.0,125.0,0
tt1606378,John Moore,412.0,212.0,Bruce Willis,13000.0,Cole Hauser,787.0,Megalyn Echikunwoke,476.0,503.0,66000
tt0318974,John Lee Hancock,106.0,102.0,Dennis Quaid,2000.0,Marc Blucas,973.0,Jordi Mollà,877.0,267.0,701
tt0317705,Brad Bird,283.0,663.0,Holly Hunter,1000.0,Craig T. Nelson,723.0,Lou Romano,55.0,815.0,0
tt0112760,Renny Harlin,61.0,212.0,Christopher Masterson,1000.0,Frank Langella,903.0,Matthew Modine,810.0,169.0,1000
tt0814255,Chris Columbus,217.0,0.0,Logan Lerman,8000.0,Rosario Dawson,3000.0,Steve Coogan,1000.0,419.0,9000
tt0119654,Barry Sonnenfeld,175.0,188.0,Will Smith,10000.0,Rip Torn,826.0,Linda Fiorentino,602.0,289.0,0
tt0120363,John Lasseter,191.0,487.0,Tom Hanks,15000.0,John Ratzenberger,1000.0,Wayne Knight,967.0,515.0,0
tt0477080,Tony Scott,316.0,12000.0,Denzel Washington,18000.0,Rosario Dawson,3000.0,Ethan Suplee,1000.0,326.0,18000
tt0266915,Brett Ratner,127.0,420.0,Mei Melançon,191.0,John Lone,165.0,Harris Yulin,141.0,394.0,0
tt0161081,Robert Zemeckis,185.0,0.0,Harrison Ford,11000.0,Amber Valletta,627.0,Miranda Otto,568.0,683.0,0
tt0844471,Phil Lord,191.0,97.0,Will Forte,622.0,Bobb'e J. Thompson,526.0,Al Roker,56.0,156.0,0
tt1080016,Carlos Saldanha,188.0,107.0,Denis Leary,835.0,Maile Flanagan,256.0,Kelly Keaton,117.0,132.0,0
tt0359950,Ben Stiller,362.0,0.0,Adam Scott,3000.0,Adrian Martinez,806.0,Joey Slotnick,423.0,515.0,70000
tt0160127,McG,181.0,368.0,Bill Murray,13000.0,LL Cool J,1000.0,Kelly Lynch,466.0,643.0,0
tt0407887,Martin Scorsese,352.0,17000.0,Leonardo DiCaprio,29000.0,Matt Damon,13000.0,Ray Winstone,1000.0,2054.0,29000
tt0120762,Tony Bancroft,143.0,7.0,Ming-Na Wen,2000.0,Harvey Fierstein,500.0,June Foray,484.0,222.0,12000
tt0942385,Ben Stiller,308.0,0.0,Robert Downey Jr.,21000.0,Steve Coogan,1000.0,Brandon T. Jackson,918.0,577.0,0
tt1568346,David Fincher,517.0,21000.0,Robin Wright,18000.0,Goran Visnjic,1000.0,Joely Richardson,585.0,632.0,54000
tt0112864,John McTiernan,148.0,323.0,Bruce Willis,13000.0,Aldis Hodge,559.0,Kevin Chamberlin,489.0,346.0,0
tt0988045,Guy Ritchie,415.0,0.0,Robert Downey Jr.,21000.0,Eddie Marsan,979.0,Robert Maillet,727.0,621.0,20000
tt2638144,Timur Bekmambetov,1.0,335.0,Morgan Freeman,11000.0,Ayelet Zurer,745.0,Moises Arias,635.0,1.0,0
tt0230011,Gary Trousdale,146.0,21.0,Leonard Nimoy,12000.0,Jim Varney,802.0,Cree Summer,503.0,289.0,0
tt2974918,Walt Becker,70.0,12.0,Bella Thorne,35000.0,Joshua Mikel,1000.0,Jesse McCartney,1000.0,53.0,0
tt0985699,Bryan Singer,269.0,0.0,Tom Cruise,10000.0,Tom Wilkinson,1000.0,Thomas Kretschmann,919.0,440.0,0
tt0960144,Dennis Dugan,198.0,221.0,Adam Sandler,11000.0,Sayed Badreya,600.0,Kevin Nealon,503.0,380.0,0
tt2120120,Chris Columbus,253.0,0.0,Peter Dinklage,22000.0,Adam Sandler,11000.0,Josh Gad,1000.0,342.0,39000
tt0212720,Steven Spielberg,281.0,14000.0,Haley Joel Osment,3000.0,William Hurt,882.0,Kevin Sussman,681.0,2153.0,11000
tt0338094,Rob Minkoff,122.0,50.0,Marsha Thomason,691.0,Rachael Harris,569.0,Marc John Jefferies,441.0,179.0,988
tt0118884,Robert Zemeckis,159.0,0.0,Matthew McConaughey,11000.0,Tom Skerritt,1000.0,Larry King,135.0,611.0,15000
tt0164052,Paul Verhoeven,180.0,719.0,Greg Grunberg,833.0,Kim Dickens,624.0,Joey Slotnick,423.0,628.0,0
tt0373926,Sydney Pollack,227.0,521.0,Curtiss Cook,591.0,George Harris,249.0,Michael Wright,249.0,411.0,0
tt1854564,Thor Freudenthal,183.0,87.0,Logan Lerman,8000.0,Leven Rambin,956.0,Brandon T. Jackson,918.0,204.0,28000
tt0325703,Jan de Bont,157.0,101.0,Gerard Butler,18000.0,Angelina Jolie Pitt,11000.0,Djimon Hounsou,3000.0,316.0,0
tt3110958,Jon M. Chu,196.0,209.0,Daniel Radcliffe,11000.0,Morgan Freeman,11000.0,Sanaa Lathan,886.0,139.0,15000
tt0120053,Phillip Noyce,64.0,176.0,Alun Armstrong,192.0,Michael Byrne,117.0,Velibor Topic,84.0,184.0,0
tt0266987,Tony Scott,142.0,12000.0,Brad Pitt,11000.0,Stephen Dillane,577.0,Catherine McCormack,307.0,361.0,0
tt0183523,Brian De Palma,181.0,0.0,Don Cheadle,3000.0,Connie Nielsen,933.0,Kim Delaney,281.0,949.0,0
tt1436562,Carlos Saldanha,240.0,107.0,Anne Hathaway,11000.0,Wanda Sykes,560.0,Will.i.am,350.0,186.0,19000
tt0182789,Chris Columbus,93.0,0.0,Robin Williams,49000.0,Oliver Platt,1000.0,John Michael Higgins,957.0,362.0,0
tt0120461,Mick Jackson,84.0,81.0,Don Cheadle,3000.0,Anne Heche,643.0,Gaby Hoffmann,612.0,181.0,2000
tt0118972,Alan J. Pakula,66.0,79.0,Harrison Ford,11000.0,Brad Pitt,11000.0,Natascha McElhone,2000.0,114.0,979
tt0267626,Kathryn Bigelow,136.0,0.0,Liam Neeson,14000.0,Christian Camargo,602.0,Lex Shrapnel,123.0,278.0,0
tt1502712,Josh Trank,369.0,128.0,Tim Blake Nelson,596.0,Reg E. Cathey,360.0,Tim Heidecker,78.0,695.0,41000
tt0082198,John Milius,166.0,468.0,William Smith,919.0,Mako,691.0,Sandahl Bergman,183.0,337.0,0
tt0352248,Ron Howard,201.0,2000.0,Paddy Considine,680.0,Bruce McGill,655.0,Rosemarie DeWitt,537.0,529.0,0
tt1041804,Andrey Konchalovskiy,47.0,96.0,Shirley Henderson,887.0,Nathan Lane,886.0,Richard E. Grant,554.0,24.0,788
tt0329575,Gary Ross,175.0,378.0,Jeff Bridges,12000.0,Michael Angarano,947.0,Michael O'Neill,599.0,455.0,0
tt0117998,Jan de Bont,114.0,101.0,Philip Seymour Hoffman,22000.0,Alan Ruck,946.0,Jami Gertz,848.0,395.0,0
tt0232500,Rob Cohen,187.0,357.0,Paul Walker,23000.0,Vin Diesel,14000.0,Jordana Brewster,4000.0,988.0,14000
tt0162222,Robert Zemeckis,221.0,0.0,Tom Hanks,15000.0,Paul Sanchez,410.0,Nick Searcy,272.0,1051.0,23000
tt0366548,George Miller,206.0,750.0,Robin Williams,49000.0,Hugh Jackman,20000.0,Elizabeth Daily,971.0,548.0,0
tt0372183,Paul Greengrass,239.0,521.0,Matt Damon,13000.0,Joan Allen,805.0,Oksana Akinshina,129.0,806.0,0
tt0118571,Wolfgang Petersen,142.0,249.0,Harrison Ford,11000.0,Gary Oldman,10000.0,Dean Stockwell,936.0,393.0,0
tt0240772,Steven Soderbergh,186.0,0.0,Brad Pitt,11000.0,Bernie Mac,1000.0,Elliott Gould,471.0,845.0,0
tt1509767,Paul W.S. Anderson,228.0,545.0,Milla Jovovich,14000.0,Logan Lerman,8000.0,Orlando Bloom,5000.0,254.0,19000
tt0837562,Genndy Tartakovsky,256.0,266.0,Steve Buscemi,12000.0,Adam Sandler,11000.0,Jon Lovitz,11000.0,168.0,28000
tt0461770,Kevin Lima,222.0,36.0,Jeff Bennett,283.0,Teala Dunn,142.0,Fred Tatasciore,118.0,399.0,0
tt2243973,,103.0,,Caroline Dhavernas,544.0,Scott Thompson,183.0,Hettienne Park,148.0,270.0,59000
tt1599348,Daniel Espinosa,298.0,79.0,Denzel Washington,18000.0,Ryan Reynolds,16000.0,Sam Shepard,820.0,276.0,19000
tt0211181,Kevin Lima,84.0,36.0,Ioan Gruffudd,2000.0,Eric Idle,795.0,Jim Carter,439.0,77.0,372
tt0471042,Brett Ratner,236.0,420.0,Matthew Broderick,2000.0,Gabourey Sidibe,906.0,Judd Hirsch,535.0,194.0,0
tt0457939,Nancy Meyers,157.0,278.0,Kate Winslet,14000.0,Rufus Sewell,3000.0,Sarah Parish,213.0,483.0,19000
tt0120660,Tony Scott,81.0,12000.0,Will Smith,10000.0,Jake Busey,660.0,Lisa Bonet,619.0,415.0,0
tt1230414,Nancy Meyers,187.0,278.0,Meryl Streep,11000.0,Hunter Parrish,2000.0,Zoe Kazan,963.0,214.0,0
tt0496806,Steven Soderbergh,238.0,0.0,Al Pacino,14000.0,Matt Damon,13000.0,Brad Pitt,11000.0,288.0,0
tt0400717,Roger Allers,107.0,28.0,Jon Favreau,4000.0,Debra Messing,650.0,Jane Krakowski,624.0,100.0,863
tt1840309,Neil Burger,459.0,168.0,Kate Winslet,14000.0,Theo James,5000.0,Mekhi Phifer,1000.0,713.0,49000
tt0215750,Jean-Jacques Annaud,187.0,218.0,Bob Hoskins,5000.0,Gabriel Thomson,35.0,Clemens Schick,29.0,662.0,0
tt0327850,Peter Berg,151.0,532.0,Dwayne Johnson,12000.0,Rosario Dawson,3000.0,Ewen Bremner,557.0,255.0,0
tt0107362,John McTiernan,80.0,323.0,F. Murray Abraham,670.0,Tom Noonan,442.0,Joan Plowright,330.0,257.0,0
tt0397535,Rob Marshall,229.0,252.0,Li Gong,879.0,Mako,691.0,Karl Yune,210.0,548.0,0
tt0463985,Justin Lin,158.0,681.0,Amber Stevens West,584.0,Zachery Ty Bryan,227.0,Nikki Griffin,159.0,378.0,0
tt1430607,Sarah Smith,190.0,6.0,Jim Broadbent,1000.0,Imelda Staunton,579.0,Michael Palin,561.0,78.0,0
tt0119643,Martin Brest,98.0,102.0,Anthony Hopkins,12000.0,Brad Pitt,11000.0,Jake Weber,551.0,703.0,10000
tt0233469,Andrew Davis,135.0,99.0,Raymond Cruz,672.0,Rick Worthy,174.0,Jsu Garcia,172.0,339.0,941
tt0078754,Bob Fosse,84.0,189.0,Roy Scheider,813.0,Ben Vereen,388.0,Max Wright,87.0,146.0,0
tt1667353,Tarsem Singh,382.0,763.0,Julia Roberts,8000.0,Nathan Lane,886.0,Danny Woodburn,809.0,208.0,18000
tt0446029,Edgar Wright,393.0,1000.0,Anna Kendrick,10000.0,Kieran Culkin,1000.0,Ellen Wong,719.0,522.0,36000
tt0298814,Jon Amiel,149.0,36.0,Glenn Morshower,894.0,Tchéky Karyo,345.0,Rekha Sharma,106.0,466.0,0
tt0144528,Peter Segal,94.0,88.0,Larry Miller,611.0,Janet Jackson,592.0,Chris Elliott,571.0,171.0,374
tt0267913,Raja Gosnell,138.0,67.0,Sarah Michelle Gellar,4000.0,Linda Cardellini,2000.0,Miguel A. Núñez Jr.,271.0,521.0,0
tt1343727,Pete Travis,432.0,38.0,Wood Harris,409.0,Jason Cope,107.0,Rakie Ayola,20.0,588.0,46000
tt0389860,Frank Coraci,173.0,153.0,Adam Sandler,11000.0,Cameron Monaghan,1000.0,Julie Kavner,233.0,685.0,7000
tt0083767,George A. Romero,127.0,0.0,Ted Danson,875.0,Hal Holbrook,826.0,Adrienne Barbeau,602.0,211.0,0
tt1287468,Brad Peyton,91.0,62.0,Jack McBrayer,975.0,Sean Hayes,760.0,Katt Williams,615.0,63.0,0
tt0489099,Doug Liman,238.0,218.0,Kristen Stewart,17000.0,Hayden Christensen,4000.0,Tom Hulce,521.0,488.0,0
tt0411477,Guillermo del Toro,345.0,0.0,Seth MacFarlane,3000.0,Iván Kamarás,169.0,Brian Steele,160.0,342.0,3000
tt0443706,David Fincher,377.0,21000.0,Robert Downey Jr.,21000.0,Jake Gyllenhaal,15000.0,Anthony Edwards,495.0,589.0,12000
tt0216216,Roger Spottiswoode,170.0,55.0,Robert Duvall,3000.0,Michael Rapaport,975.0,Tony Goldwyn,956.0,289.0,0
tt0315327,Tom Shadyac,191.0,293.0,Morgan Freeman,11000.0,Steve Carell,7000.0,Lisa Ann Walter,1000.0,604.0,0
tt1320253,Sylvester Stallone,424.0,13000.0,Jason Statham,26000.0,Sylvester Stallone,13000.0,Jet Li,5000.0,741.0,57000
tt0117060,Brian De Palma,154.0,0.0,Tom Cruise,10000.0,Kristin Scott Thomas,1000.0,Vanessa Redgrave,898.0,378.0,0
tt1392170,Gary Ross,673.0,378.0,Jennifer Lawrence,34000.0,Josh Hutcherson,14000.0,Anthony Reynolds,575.0,1959.0,140000
tt1411697,Todd Phillips,383.0,480.0,Bradley Cooper,14000.0,Mason Lee,670.0,Mike Tyson,461.0,402.0,56000
tt0103776,Tim Burton,153.0,13000.0,Michael Gough,920.0,Vincent Schiavelli,811.0,Andrew Bryniarski,390.0,610.0,0
tt0327084,Tim Johnson,166.0,12.0,Bruce Willis,13000.0,Steve Carell,7000.0,Catherine O'Hara,925.0,250.0,0
tt0275847,Dean DeBlois,180.0,255.0,Tia Carrere,1000.0,Jason Scott Lee,533.0,David Ogden Stiers,443.0,367.0,0
tt0413895,Gary Winick,120.0,56.0,Steve Buscemi,12000.0,Julia Roberts,8000.0,Oprah Winfrey,852.0,102.0,0
tt0120647,Mimi Leder,125.0,75.0,Morgan Freeman,11000.0,Jon Favreau,4000.0,Robert Duvall,3000.0,493.0,0
tt1821694,Dean Parisot,234.0,23.0,Bruce Willis,13000.0,Anthony Hopkins,12000.0,Garrick Hagon,110.0,205.0,22000
tt0398165,Peter Segal,134.0,88.0,Adam Sandler,11000.0,Steve Reevis,437.0,Dalip Singh,421.0,316.0,0
tt1615918,Mike Mitchell,91.0,31.0,Amy Poehler,1000.0,Jesse McCartney,1000.0,Lauren Gottlieb,733.0,56.0,0
tt2191701,Dennis Dugan,139.0,221.0,Steve Buscemi,12000.0,Adam Sandler,11000.0,Jon Lovitz,11000.0,255.0,14000
tt0425061,Peter Segal,265.0,88.0,Bill Murray,13000.0,Dwayne Johnson,12000.0,Anne Hathaway,11000.0,380.0,0
tt0337741,Nancy Meyers,145.0,278.0,Keanu Reeves,18000.0,Jon Favreau,4000.0,Paul Michael Glaser,343.0,402.0,0
tt1130884,Martin Scorsese,490.0,17000.0,Leonardo DiCaprio,29000.0,Joseph Sikora,223.0,Nellie Sciutto,163.0,964.0,53000
tt0369436,Seth Gordon,141.0,91.0,Jon Favreau,4000.0,Robert Duvall,3000.0,Katy Mixon,982.0,124.0,0
tt0358082,Chris Wedge,163.0,77.0,Jim Broadbent,1000.0,Drew Carey,311.0,Paula Abdul,208.0,269.0,0
tt0119094,John Woo,155.0,610.0,Nicolas Cage,12000.0,CCH Pounder,1000.0,Joan Allen,805.0,535.0,11000
tt0960731,Adam Shankman,144.0,163.0,Adam Sandler,11000.0,Carmen Electra,869.0,Kathryn Joosten,495.0,116.0,0
tt0257044,Sam Mendes,226.0,0.0,Tom Hanks,15000.0,Jennifer Jason Leigh,1000.0,Liam Aiken,818.0,1009.0,0
tt1564367,Dennis Dugan,204.0,221.0,Adam Sandler,11000.0,Bailee Madison,3000.0,Kevin Nealon,503.0,203.0,19000
tt3322312,,95.0,,Elden Henson,577.0,Royce Johnson,4.0,Charlie Cox,0.0,394.0,55000
tt0118880,Simon West,139.0,165.0,Steve Buscemi,12000.0,Monica Potter,878.0,Dave Chappelle,744.0,339.0,0
tt1059786,D.J. Caruso,215.0,154.0,Rosario Dawson,3000.0,Ethan Embry,982.0,Cameron Boyce,915.0,318.0,0
tt0159365,Anthony Minghella,198.0,333.0,Philip Seymour Hoffman,22000.0,Natalie Portman,20000.0,Charlie Hunnam,16000.0,674.0,0
tt1037705,Albert Hughes,325.0,117.0,Denzel Washington,18000.0,Mila Kunis,15000.0,Gary Oldman,10000.0,560.0,20000
tt0119137,Les Mayfield,53.0,10.0,Robin Williams,49000.0,Jodi Benson,570.0,Sam Lloyd,159.0,64.0,0
tt0171363,Jan de Bont,167.0,101.0,Liam Neeson,14000.0,Lili Taylor,960.0,Virginia Madsen,913.0,805.0,0
tt0117705,Joe Pytka,46.0,30.0,Bill Murray,13000.0,Wayne Knight,967.0,Michael Jordan,366.0,123.0,0
tt0383216,Shawn Levy,147.0,189.0,Roger Rees,1000.0,Henry Czerny,177.0,William Abadie,38.0,424.0,0
tt0970416,Scott Derrickson,276.0,301.0,Keanu Reeves,18000.0,Jon Hamm,4000.0,Juan Riedinger,71.0,698.0,0
tt0118883,Richard Donner,80.0,503.0,Julia Roberts,8000.0,Alex McArthur,137.0,Michael Potts,67.0,162.0,0
tt2713180,David Ayer,406.0,452.0,Brad Pitt,11000.0,Logan Lerman,8000.0,Jim Parrack,697.0,701.0,82000
tt0120828,Ivan Reitman,97.0,425.0,Harrison Ford,11000.0,Anne Heche,643.0,Amy Sedaris,397.0,164.0,0
tt1302067,Eric Brevig,143.0,40.0,Justin Timberlake,3000.0,Tom Cavanagh,642.0,Josh Robert Thompson,375.0,100.0,0
tt0166813,Kelly Asbury,106.0,21.0,Matt Damon,13000.0,Charles Napier,503.0,Zahn McClarnon,495.0,216.0,4000
tt1222817,Frank Coraci,178.0,153.0,Rosario Dawson,3000.0,Leslie Bibb,1000.0,Nicholas Turturro,269.0,127.0,0
tt0120738,Stephen Hopkins,102.0,81.0,Gary Oldman,10000.0,William Hurt,882.0,June Lockhart,427.0,370.0,0
tt0368008,Jonathan Demme,209.0,438.0,Denzel Washington,18000.0,Dorian Missick,1000.0,Jose Pablo Cantillo,502.0,363.0,0
tt0119033,Henry Jaglom,19.0,69.0,Vanessa Redgrave,898.0,Stephen Dillane,577.0,Michael Brandon,87.0,40.0,91
tt2510894,Genndy Tartakovsky,152.0,266.0,Steve Buscemi,12000.0,Adam Sandler,11000.0,Fran Drescher,859.0,97.0,16000
tt0057733,,31.0,,Elizabeth Montgomery,1000.0,Agnes Moorehead,960.0,Dick York,474.0,71.0,0
tt0120910,James Algar,129.0,11.0,Quincy Jones,340.0,Penn Jillette,243.0,Russi Taylor,62.0,186.0,607
tt0268695,Simon Wells,124.0,25.0,Mark Addy,891.0,Alan Young,639.0,Josh Stamberg,102.0,615.0,3000
tt0120751,Ron Underwood,35.0,31.0,Charlize Theron,9000.0,Mika Boorem,496.0,David Paymer,372.0,88.0,0
tt0244244,Dominic Sena,166.0,57.0,Hugh Jackman,20000.0,Don Cheadle,3000.0,Sam Shepard,820.0,543.0,0
tt0386140,Martin Campbell,137.0,258.0,Michael Emerson,2000.0,Nick Chinlund,277.0,Adrian Alonso,163.0,244.0,951
tt0120889,Vincent Ward,121.0,25.0,Robin Williams,49000.0,Annabella Sciorra,448.0,Rosalind Chao,129.0,619.0,32000
tt0185431,Steven Brill,87.0,65.0,Adam Sandler,11000.0,Jon Lovitz,11000.0,Michael McKean,658.0,237.0,0
tt0355295,Terry Gilliam,233.0,0.0,Matt Damon,13000.0,Heath Ledger,13000.0,Mackenzie Crook,871.0,492.0,0
tt0116996,Tim Burton,132.0,13000.0,Natalie Portman,20000.0,Martin Short,770.0,Lukas Haas,733.0,405.0,0
tt4291590,Lucile Hadzihalilovic,63.0,92.0,Nissim Renard,23.0,Roxane Duran,21.0,Julie-Marie Parmentier,8.0,3.0,257
tt0119051,Lee Tamahori,95.0,93.0,Anthony Hopkins,12000.0,Harold Perrineau,1000.0,Bart the Bear,904.0,182.0,0
tt0986263,Jonathan Mostow,258.0,84.0,Bruce Willis,13000.0,Devin Ratray,1000.0,Boris Kodjoe,1000.0,252.0,0
tt0146309,Roger Donaldson,162.0,79.0,Bruce Greenwood,981.0,Jon Foster,274.0,Bruce Thomas,183.0,315.0,0
tt0116040,Rob Cohen,61.0,357.0,Sylvester Stallone,13000.0,Viggo Mortensen,10000.0,Amy Brenneman,366.0,101.0,0
tt1762399,Barry Cook,113.0,43.0,Charlie Rowe,882.0,Tiya Sircar,396.0,Madison Rothschild,210.0,66.0,0
tt0185183,Roger Christian,174.0,64.0,Richard Tyson,743.0,Michael Byrne,117.0,John Topor,41.0,1308.0,0
tt0318155,Joe Dante,101.0,287.0,Brendan Fraser,3000.0,Jenna Elfman,739.0,Heather Locklear,695.0,160.0,665
tt0875034,Rob Marshall,205.0,252.0,Fergie,529.0,Elio Germano,48.0,Andrea Di Stefano,30.0,232.0,0
tt0300556,Richard Donner,123.0,503.0,Paul Walker,23000.0,Gerard Butler,18000.0,Ethan Embry,982.0,457.0,0
tt0119925,Kevin Costner,79.0,0.0,Olivia Williams,766.0,Brian Anthony Wilson,674.0,Larenz Tate,582.0,376.0,0
tt0120595,George Miller,61.0,750.0,Adam Goldberg,1000.0,Elizabeth Daily,971.0,Glenne Headly,231.0,216.0,964
tt1618442,Breck Eisner,202.0,42.0,Vin Diesel,14000.0,Joseph Gilgun,788.0,Lotte Verbeek,612.0,117.0,21000
tt0199753,Antony Hoffman,145.0,14.0,Bob Neill,2.0,Val Kilmer,0.0,Tom Sizemore,0.0,348.0,995
tt0344854,Luc Besson,101.0,0.0,Mia Farrow,563.0,Adam LeFevre,80.0,Penny Balfour,14.0,64.0,941
tt0765128,Jacques Perrin,113.0,63.0,Pedro Armendáriz Jr.,67.0,Jacques Perrin,63.0,Rie Miyazawa,7.0,42.0,0
tt0318081,Peter Hyams,113.0,0.0,David Oyelowo,1000.0,Catherine McCormack,307.0,Jemima Rooper,212.0,301.0,785
tt1921064,Paul W.S. Anderson,272.0,545.0,Sasha Roiz,795.0,Currie Graham,172.0,Dylan Schombing,74.0,308.0,20000
tt4057916,Andrés Couturier,3.0,0.0,Sariann Monaco,163.0,David Hoffman,94.0,Ben Diskin,20.0,1.0,138
tt0268978,Ron Howard,205.0,2000.0,Adam Goldberg,1000.0,Austin Pendleton,592.0,Judd Hirsch,535.0,1171.0,29000
tt0110357,Roger Allers,186.0,28.0,Matthew Broderick,2000.0,Nathan Lane,886.0,Niketa Calame,847.0,656.0,17000
tt1397514,Brad Peyton,178.0,62.0,Josh Hutcherson,14000.0,Dwayne Johnson,12000.0,Kristin Davis,722.0,133.0,0
tt1985966,Cody Cameron,169.0,18.0,Will Forte,622.0,Khamani Griffin,161.0,Melissa Sturm,18.0,85.0,15000
tt0289765,Brett Ratner,210.0,420.0,Philip Seymour Hoffman,22000.0,Anthony Hopkins,12000.0,Emily Watson,876.0,764.0,0
tt0317648,Joe Johnston,140.0,394.0,J.K. Simmons,24000.0,Viggo Mortensen,10000.0,Peter Mensah,1000.0,345.0,0
tt0810913,Dennis Dugan,156.0,221.0,Al Pacino,14000.0,Adam Sandler,11000.0,Tim Meadows,553.0,264.0,0
tt0322259,John Singleton,150.0,309.0,Paul Walker,23000.0,Cole Hauser,787.0,Mo Gallini,771.0,370.0,0
tt1754656,Mark Osborne,119.0,54.0,Jeff Bridges,12000.0,James Franco,11000.0,Mackenzie Foy,6000.0,64.0,31000
tt0427392,Oliver Hirschbiegel,232.0,101.0,Roger Rees,1000.0,Veronica Cartwright,422.0,Jeremy Northam,327.0,273.0,0
tt0131704,Des McAnuff,49.0,5.0,Robert De Niro,22000.0,Janeane Garofalo,1000.0,Jonathan Winters,924.0,197.0,413
tt2709768,Yarrow Cheney,165.0,11.0,Steve Coogan,1000.0,Eric Stonestreet,904.0,Albert Brooks,745.0,155.0,36000
tt0311429,Stephen Norrington,202.0,45.0,Jason Flemyng,1000.0,Max Ryan,872.0,Tony Curran,845.0,786.0,0
tt1690953,Pierre Coffin,306.0,275.0,Steve Carell,7000.0,Miranda Cosgrove,2000.0,Steve Coogan,1000.0,284.0,56000
tt0116629,Roland Emmerich,185.0,776.0,Will Smith,10000.0,Adam Baldwin,2000.0,Mary McDonnell,933.0,856.0,16000
tt0119567,Steven Spielberg,177.0,14000.0,Ariana Richards,610.0,Richard Schiff,506.0,Vanessa Lee Chester,227.0,552.0,0
tt0351283,Eric Darnell,181.0,35.0,Jada Pinkett Smith,851.0,Cedric the Entertainer,436.0,Andy Richter,179.0,385.0,0
tt0206634,Alfonso Cuarón,372.0,0.0,Charlie Hunnam,16000.0,Danny Huston,430.0,Rita Davies,18.0,1206.0,17000
tt0120903,Bryan Singer,290.0,0.0,Hugh Jackman,20000.0,Tyler Mane,764.0,Bruce Davison,505.0,1401.0,0
tt0493464,Timur Bekmambetov,316.0,335.0,Angelina Jolie Pitt,11000.0,Morgan Freeman,11000.0,Common,988.0,713.0,0
tt0117500,Michael Bay,122.0,0.0,Nicolas Cage,12000.0,Michael Biehn,2000.0,Bokeem Woodbine,904.0,415.0,51000
tt0438097,Carlos Saldanha,164.0,107.0,Denis Leary,835.0,Ray Romano,590.0,Jay Leno,241.0,253.0,0
tt0343660,Peter Segal,147.0,88.0,Adam Sandler,11000.0,Peter Dante,427.0,Allen Covert,328.0,456.0,11000
tt0427327,Adam Shankman,219.0,163.0,Jerry Stiller,719.0,Elijah Kelley,339.0,Paul Dooley,260.0,401.0,0
tt0204313,Renny Harlin,167.0,212.0,James D'Arcy,613.0,Alan Ford,422.0,Izabella Scorupco,394.0,308.0,893
tt0141369,David Kellogg,70.0,16.0,Matthew Broderick,2000.0,Rene Auberjonois,710.0,Rupert Everett,692.0,231.0,509
tt1670345,Louis Leterrier,384.0,255.0,Morgan Freeman,11000.0,Common,988.0,Michael Kelly,963.0,629.0,105000
tt1375670,Dennis Dugan,179.0,221.0,Steve Buscemi,12000.0,Adam Sandler,11000.0,Salma Hayek,4000.0,311.0,12000
tt0362227,Steven Spielberg,151.0,14000.0,Tom Hanks,15000.0,Chi McBride,466.0,Barry Shabaka Henley,232.0,596.0,16000
tt3489184,,12.0,,Harold Perrineau,1000.0,Matt Ryan,560.0,Charles Halford,218.0,94.0,10000
tt0785006,Thor Freudenthal,107.0,87.0,Don Cheadle,3000.0,Kevin Dillon,576.0,Yvette Nicole Brown,446.0,57.0,1000
tt0190865,Martin Campbell,134.0,258.0,Nicholas Lea,867.0,Scott Glenn,826.0,Ben Mendelsohn,748.0,379.0,0
tt0472062,Mike Nichols,269.0,0.0,Philip Seymour Hoffman,22000.0,Tom Hanks,15000.0,Jud Tylor,15000.0,289.0,0
tt0307453,Bibo Bergeron,143.0,10.0,Robert De Niro,22000.0,Martin Scorsese,17000.0,Angelina Jolie Pitt,11000.0,288.0,0
tt0443489,Bill Condon,241.0,386.0,Loretta Devine,912.0,Jennifer Hudson,549.0,Anika Noni Rose,525.0,503.0,0
tt0874936,,12.0,,Adam Arkin,374.0,Brent Sexton,130.0,Damian Lewis,0.0,67.0,0
tt0377471,F. Gary Gray,161.0,473.0,Dwayne Johnson,12000.0,Christina Milian,1000.0,Debi Mazar,680.0,323.0,0
tt0408306,Steven Spielberg,298.0,14000.0,Ayelet Zurer,745.0,Moritz Bleibtreu,486.0,Mathieu Amalric,412.0,824.0,0
tt0314353,Antoine Fuqua,89.0,845.0,Bruce Willis,13000.0,Tom Skerritt,1000.0,Cole Hauser,787.0,394.0,0
tt1103153,Robert Luketic,140.0,126.0,Tom Selleck,19000.0,Lisa Ann Walter,1000.0,Catherine O'Hara,925.0,120.0,0
tt1638355,Guy Ritchie,362.0,0.0,Henry Cavill,15000.0,Elizabeth Debicki,509.0,Christian Berkel,104.0,360.0,43000
tt0371246,James L. Brooks,124.0,274.0,Adam Sandler,11000.0,Paz Vega,964.0,Sarah Steele,138.0,342.0,0
tt0385880,Gil Kenan,190.0,27.0,Steve Buscemi,12000.0,Jon Heder,970.0,Catherine O'Hara,925.0,229.0,0
tt0219965,Barry Levinson,132.0,272.0,Bruce Willis,13000.0,Brían F. O'Byrne,450.0,Azura Skye,193.0,261.0,0
tt0113071,Jerry Zucker,53.0,109.0,Julia Ormond,919.0,Ben Cross,303.0,John Gielgud,249.0,180.0,0
tt0166485,Andy Tennant,91.0,72.0,Bai Ling,582.0,Geoffrey Palmer,103.0,Randall Duk Kim,99.0,217.0,0
tt1253864,Tarsem Singh,284.0,763.0,Henry Cavill,15000.0,Daniel Sharman,1000.0,Steve Byers,222.0,405.0,30000
tt0340163,Florent-Emilio Siri,152.0,17.0,Jimmy Bennett,87000.0,Bruce Willis,13000.0,Ransford Doherty,759.0,288.0,0
tt0120913,Don Bluth,131.0,383.0,Matt Damon,13000.0,Janeane Garofalo,1000.0,Nathan Lane,886.0,377.0,0
tt0329717,Ron Shelton,132.0,41.0,Harrison Ford,11000.0,Bruce Greenwood,982.0,Lena Olin,541.0,254.0,648
tt0120157,Paul W.S. Anderson,67.0,545.0,Connie Nielsen,933.0,Sean Pertwee,722.0,Jason Scott Lee,533.0,373.0,0
tt0806203,David Pastor,130.0,10.0,Christopher Meloni,3000.0,Kiernan Shipka,552.0,Lou Taylor Pucci,394.0,119.0,0
tt0166276,Henry Selick,74.0,253.0,Brendan Fraser,3000.0,Bridget Fonda,889.0,Megan Mullally,637.0,171.0,683
tt0377062,John Moore,114.0,212.0,Dennis Quaid,2000.0,Tony Curran,845.0,Miranda Otto,568.0,222.0,1000
tt0217869,M. Night Shyamalan,294.0,0.0,Robin Wright,18000.0,Bruce Willis,13000.0,Michael Kelly,963.0,1344.0,0
tt2293640,Kyle Balda,308.0,22.0,Steve Carell,7000.0,Jon Hamm,4000.0,Steve Coogan,1000.0,275.0,70000
tt0978764,Zack Snyder,435.0,0.0,Jon Hamm,4000.0,Abbie Cornish,2000.0,Scott Glenn,826.0,918.0,42000
tt0120832,Brian De Palma,117.0,0.0,Nicolas Cage,12000.0,Mike Starr,854.0,John Heard,697.0,241.0,880
tt0120184,Barry Levinson,108.0,272.0,Peter Coyote,548.0,James Pickens Jr.,270.0,Huey Lewis,215.0,274.0,0
tt1985949,Clay Kaytis,141.0,6.0,Peter Dinklage,22000.0,Josh Gad,1000.0,Keegan-Michael Key,415.0,126.0,14000
tt0770752,Andy Tennant,176.0,72.0,Matthew McConaughey,11000.0,Ray Winstone,1000.0,Alexis Dziena,715.0,138.0,0
tt1201167,Judd Apatow,230.0,0.0,Adam Sandler,11000.0,RZA,561.0,Maude Apatow,130.0,301.0,0
tt0431197,Peter Berg,234.0,532.0,Jennifer Garner,3000.0,Frances Fisher,638.0,Tim McGraw,461.0,289.0,0
tt0415306,Adam McKay,164.0,285.0,Will Ferrell,8000.0,Leslie Bibb,1000.0,Gary Cole,989.0,437.0,0
tt0240462,Steve Carr,91.0,41.0,Raven-Symoné,1000.0,Jeffrey Jones,692.0,Kevin Pollak,574.0,79.0,266
tt0112573,Mel Gibson,132.0,0.0,Mhairi Calvey,906.0,Patrick McGoohan,466.0,James Robinson,403.0,1065.0,17000
tt0418763,Sam Mendes,262.0,0.0,Jake Gyllenhaal,15000.0,Brian Geraghty,383.0,James Morrison,210.0,657.0,0
tt0462538,David Silverman,299.0,30.0,Albert Brooks,745.0,Yeardley Smith,440.0,Marcia Wallace,433.0,763.0,0
tt0268995,Frank Darabont,128.0,0.0,Martin Landau,940.0,Hal Holbrook,826.0,Jeffrey DeMunn,745.0,376.0,0
tt0132245,Renny Harlin,109.0,212.0,Sylvester Stallone,13000.0,Estella Warren,658.0,Cristián de la Fuente,462.0,346.0,886
tt0338512,Jean-Jacques Annaud,88.0,218.0,David Gant,21.0,Jean-Claude Dreyfus,17.0,Oanh Nguyen,8.0,124.0,2000
tt0368447,M. Night Shyamalan,261.0,0.0,Bryce Dallas Howard,3000.0,Judy Greer,2000.0,William Hurt,882.0,2003.0,0
tt0118998,Betty Thomas,73.0,84.0,Oliver Platt,1000.0,Raven-Symoné,1000.0,Peter Boyle,595.0,98.0,694
tt0286106,M. Night Shyamalan,208.0,0.0,Rory Culkin,710.0,Merritt Wever,529.0,Cherry Jones,242.0,2335.0,0
tt0298148,Andrew Adamson,205.0,80.0,Rupert Everett,692.0,Jennifer Saunders,309.0,Conrad Vernon,48.0,483.0,0
tt0317219,John Lasseter,256.0,487.0,John Ratzenberger,1000.0,Cheech Marin,843.0,George Carlin,769.0,584.0,0
tt0163187,Garry Marshall,103.0,0.0,Julia Roberts,8000.0,Christopher Meloni,3000.0,Hector Elizondo,995.0,255.0,0
tt0295701,Rob Cohen,191.0,357.0,Vin Diesel,14000.0,Eve,223.0,Leila Arcieri,212.0,737.0,10000
tt2279373,Paul Tibbitt,147.0,5.0,Tim Conway,870.0,Billy West,861.0,Eddie Deezen,726.0,133.0,16000
tt0117438,Ron Howard,79.0,2000.0,Lili Taylor,960.0,Delroy Lindo,848.0,Rene Russo,808.0,158.0,1000
tt0361748,Quentin Tarantino,486.0,16000.0,Michael Fassbender,13000.0,Brad Pitt,11000.0,Christoph Waltz,11000.0,1527.0,42000
tt0102057,Steven Spielberg,75.0,14000.0,Robin Williams,49000.0,Julia Roberts,8000.0,Bob Hoskins,5000.0,363.0,13000
tt1267297,Brett Ratner,245.0,420.0,Dwayne Johnson,12000.0,Rufus Sewell,3000.0,Ingrid Bolsø Berdal,467.0,269.0,21000
tt0099423,Renny Harlin,142.0,212.0,Bruce Willis,13000.0,John Amos,982.0,Franco Nero,576.0,316.0,0
tt0257076,Clark Johnson,144.0,69.0,Jeremy Renner,10000.0,Josh Charles,1000.0,LL Cool J,1000.0,340.0,0
tt2647544,,39.0,,Nicole Beharie,898.0,Katia Winter,372.0,Lyndie Greenwood,160.0,110.0,14000
tt0259711,Cameron Crowe,153.0,488.0,Tom Cruise,10000.0,Ivana Milicevic,834.0,Noah Taylor,509.0,1248.0,0
tt0452637,M. Night Shyamalan,284.0,0.0,Bryce Dallas Howard,3000.0,Freddy Rodríguez,579.0,Bob Balaban,559.0,1040.0,0
tt0370263,Paul W.S. Anderson,247.0,545.0,Sanaa Lathan,886.0,Colin Salmon,766.0,Raoul Bova,727.0,1283.0,0
tt1231580,Betty Thomas,107.0,84.0,Amy Poehler,1000.0,Bridgit Mendler,1000.0,Jesse McCartney,1000.0,98.0,2000
tt0277434,Randall Wallace,141.0,130.0,Jon Hamm,4000.0,Marc Blucas,973.0,Chris Klein,841.0,742.0,5000
tt2302755,Antoine Fuqua,358.0,845.0,Gerard Butler,18000.0,Morgan Freeman,11000.0,Radha Mitchell,992.0,698.0,45000
tt0120844,Jonathan Frakes,160.0,906.0,LeVar Burton,1000.0,Jonathan Frakes,906.0,Michael Dorn,748.0,515.0,1000
tt1217613,Jonathan Liebesman,355.0,473.0,Noel Fisher,833.0,Jim Parrack,697.0,Ramon Rodriguez,464.0,800.0,25000
tt0319061,Tim Burton,235.0,13000.0,Steve Buscemi,12000.0,Alison Lohman,1000.0,Albert Finney,883.0,816.0,26000
tt0111742,Mike Nichols,59.0,0.0,David Hyde Pierce,443.0,Peter Gerety,277.0,Ron Rifkin,184.0,137.0,0
tt1568911,Steven Spielberg,388.0,14000.0,Jeremy Irvine,25000.0,Benedict Cumberbatch,19000.0,Eddie Marsan,979.0,488.0,28000
tt2177771,George Clooney,371.0,0.0,Bill Murray,13000.0,Matt Damon,13000.0,Bob Balaban,559.0,403.0,34000
tt0096754,James Cameron,82.0,0.0,Michael Biehn,2000.0,Todd Graff,650.0,Mary Elizabeth Mastrantonio,638.0,380.0,0
tt1027718,Oliver Stone,297.0,0.0,Frank Langella,903.0,Austin Pendleton,592.0,John Buffalo Mailer,17.0,245.0,13000
tt0829150,Gary Shore,261.0,28.0,Dominic Cooper,3000.0,Sarah Gadon,692.0,Zach McGowan,423.0,423.0,37000
tt0133952,Edward Zwick,120.0,380.0,Denzel Washington,18000.0,Bruce Willis,13000.0,Mark Valley,774.0,281.0,0
tt0486655,Matthew Vaughn,228.0,905.0,Henry Cavill,15000.0,David Kelly,588.0,Nathaniel Parker,271.0,492.0,15000
tt0120102,Jean-Jacques Annaud,76.0,218.0,Brad Pitt,11000.0,Mako,691.0,Victor Wong,400.0,119.0,0
tt1578275,Ron Howard,185.0,2000.0,Channing Tatum,17000.0,Clint Howard,1000.0,Chelcie Ross,244.0,141.0,0
tt0280486,Joel Schumacher,128.0,541.0,Anthony Hopkins,12000.0,Brooke Smith,405.0,Garcelle Beauvais,384.0,189.0,792
tt0419706,Andrzej Bartkowiak,237.0,43.0,Dwayne Johnson,12000.0,Ben Daniels,585.0,Dexter Fletcher,452.0,814.0,0
tt0297181,Betty Thomas,105.0,84.0,Gary Cole,989.0,Phill Lewis,229.0,Tate Taylor,150.0,141.0,531
tt1496025,Måns Mårlind,242.0,24.0,Theo James,5000.0,Stephen Rea,327.0,Sandrine Holt,324.0,271.0,24000
tt1336608,Adam Shankman,360.0,163.0,James Martin Kelly,394.0,Shane Hartline,217.0,Celina Beach,66.0,356.0,33000
tt0251114,Gregory Hoblit,112.0,40.0,Bruce Willis,13000.0,Cole Hauser,787.0,Rory Cochrane,407.0,196.0,997
tt1448755,Gary McKendry,189.0,5.0,Jason Statham,26000.0,Robert De Niro,22000.0,Ben Mendelsohn,748.0,157.0,17000
tt0246894,John McTiernan,151.0,323.0,LL Cool J,1000.0,Chris Klein,841.0,Andrew Bryniarski,390.0,289.0,584
tt0308208,Wych Kaosayananda,92.0,8.0,Talisa Soto,349.0,Sandrine Holt,324.0,Gregg Henry,298.0,277.0,391
tt0120696,Mikael Salomon,79.0,13.0,Morgan Freeman,11000.0,Minnie Driver,893.0,Randy Quaid,695.0,126.0,815
tt0181739,Bobby Farrelly,81.0,101.0,Ron Howard,2000.0,Brandy Norwood,509.0,David Hyde Pierce,443.0,123.0,2000
tt0884726,Will Finn,51.0,6.0,Lea Michele,2000.0,Oliver Platt,1000.0,Jim Belushi,854.0,54.0,5000
tt2717822,Michael Mann,261.0,0.0,Chris Hemsworth,26000.0,Archie Kao,326.0,Brandon Molale,301.0,207.0,11000
tt0346156,Kerry Conran,197.0,14.0,Angelina Jolie Pitt,11000.0,Laurence Olivier,1000.0,Bai Ling,582.0,618.0,0
tt0430912,Michael Caton-Jones,159.0,105.0,Charlotte Rampling,844.0,Indira Varma,729.0,Neil Maskell,246.0,313.0,764
tt1211956,Mikael Håfström,286.0,101.0,Sylvester Stallone,13000.0,50 Cent,1000.0,Matt Gerald,585.0,279.0,34000
tt1043726,Renny Harlin,156.0,212.0,Roxanne McKee,576.0,Luke Newberry,358.0,Gaia Weiss,182.0,202.0,12000
tt0164184,Phil Alden Robinson,176.0,31.0,Morgan Freeman,11000.0,Bruce McGill,655.0,Philip Baker Hall,497.0,568.0,0
tt1325004,David Slade,293.0,171.0,Robert Pattinson,21000.0,Kristen Stewart,17000.0,Anna Kendrick,10000.0,498.0,29000
tt0227445,Frank Oz,141.0,0.0,Robert De Niro,22000.0,Marlon Brando,10000.0,Gary Farmer,580.0,445.0,0
tt1323594,Pierre Coffin,304.0,275.0,Steve Carell,7000.0,Miranda Cosgrove,2000.0,Jack McBrayer,975.0,296.0,31000
tt0113845,Joseph Ruben,40.0,29.0,Vincent Pastore,584.0,Robert Blake,220.0,Aida Turturro,97.0,62.0,617
tt2637276,Seth MacFarlane,280.0,3000.0,Liam Neeson,14000.0,Morgan Freeman,11000.0,Seth MacFarlane,3000.0,229.0,30000
tt1186830,Alejandro Amenábar,180.0,448.0,Max Minghella,614.0,Ashraf Barhom,451.0,Rupert Evans,334.0,172.0,29000
tt0132347,Kinka Usher,125.0,18.0,Janeane Garofalo,1000.0,Wes Studi,855.0,Eddie Izzard,776.0,435.0,0
tt0480687,Bobby Farrelly,237.0,101.0,Jenna Fischer,966.0,Larry Joe Campbell,919.0,Stephen Merchant,681.0,143.0,10000
tt0140352,Michael Mann,209.0,0.0,Al Pacino,14000.0,Rip Torn,826.0,Debi Mazar,680.0,521.0,0
tt2025690,Craig Gillespie,178.0,44.0,Michael Raymond-James,788.0,Abraham Benrubi,562.0,Graham McTavish,531.0,113.0,12000
tt0758774,Ridley Scott,238.0,0.0,Leonardo DiCaprio,29000.0,Simon McBurney,149.0,Michael Gaston,135.0,263.0,0
tt0427152,Jay Roach,190.0,116.0,Steve Carell,7000.0,Stephanie Szostak,1000.0,Bruce Greenwood,982.0,264.0,0
tt1611224,Timur Bekmambetov,393.0,335.0,Rufus Sewell,3000.0,Dominic Cooper,3000.0,Benjamin Walker,911.0,348.0,98000
tt0137494,Jon Amiel,138.0,36.0,Will Patton,537.0,Kevin McNally,427.0,Maury Chaykin,232.0,274.0,0
tt1828327,,4.0,,Hector Elizondo,995.0,Kaitlyn Dever,363.0,Nancy Travis,359.0,87.0,0
tt0120902,Rob Bowman,142.0,38.0,Martin Landau,940.0,Mitch Pileggi,826.0,Jeffrey DeMunn,745.0,297.0,0
tt0462396,Doug Lefler,90.0,4.0,Colin Firth,14000.0,Nonso Anozie,394.0,Owen Teale,112.0,174.0,0
tt0120815,Steven Spielberg,219.0,14000.0,Tom Hanks,15000.0,Vin Diesel,14000.0,Matt Damon,13000.0,2277.0,22000
tt2369135,Scott Waugh,327.0,76.0,Rami Malek,3000.0,Dominic Cooper,3000.0,Ramon Rodriguez,464.0,346.0,32000
tt0207201,Nancy Meyers,149.0,278.0,Judy Greer,2000.0,Lisa Edelstein,955.0,Loretta Devine,912.0,395.0,0
tt0268380,Chris Wedge,193.0,77.0,Goran Visnjic,1000.0,Stephen Root,939.0,Denis Leary,835.0,467.0,3000
tt0285531,Lawrence Kasdan,175.0,759.0,Morgan Freeman,11000.0,Michael O'Neill,599.0,Reece Thompson,354.0,662.0,4000
tt0443272,Steven Spielberg,538.0,14000.0,Joseph Gordon-Levitt,23000.0,Hal Holbrook,826.0,Bruce McGill,655.0,720.0,71000
tt0133093,Lana Wachowski,313.0,0.0,Keanu Reeves,18000.0,Marcus Chong,145.0,Gloria Foster,99.0,3646.0,25000
tt0112384,Ron Howard,159.0,2000.0,Tom Hanks,15000.0,Miko Hughes,968.0,Kathleen Quinlan,552.0,296.0,5000
tt0100802,Paul Verhoeven,196.0,719.0,Ronny Cox,605.0,Rachel Ticotin,308.0,Marshall Bell,217.0,391.0,0
tt0304669,Michael Lembeck,80.0,54.0,Judge Reinhold,901.0,Aisha Tyler,857.0,Eric Lloyd,775.0,116.0,1000
tt1707386,Tom Hooper,488.0,0.0,Hugh Jackman,20000.0,Eddie Redmayne,13000.0,Anne Hathaway,11000.0,845.0,144000
tt0128853,Nora Ephron,153.0,0.0,Tom Hanks,15000.0,Jean Stapleton,793.0,Dave Chappelle,744.0,556.0,0
tt0838283,Adam McKay,173.0,285.0,Will Ferrell,8000.0,Adam Scott,3000.0,Andrea Savage,105.0,277.0,0
tt0120746,Martin Campbell,156.0,258.0,Anthony Hopkins,12000.0,Tony Amendola,174.0,Stuart Wilson,94.0,318.0,0
tt1231583,Todd Phillips,307.0,480.0,Robert Downey Jr.,21000.0,RZA,561.0,Matt Walsh,490.0,285.0,25000
tt1809398,Angelina Jolie Pitt,322.0,11000.0,Finn Wittrock,769.0,Jack O'Connell,698.0,Alex Russell,465.0,351.0,35000
tt0186566,Clint Eastwood,169.0,16000.0,Clint Eastwood,16000.0,Courtney B. Vance,495.0,William Devane,416.0,326.0,0
tt0106582,Renny Harlin,74.0,212.0,Sylvester Stallone,13000.0,Leon,730.0,Janine Turner,369.0,172.0,0
tt0115759,John Woo,72.0,610.0,Delroy Lindo,848.0,Samantha Mathis,517.0,Bob Gunton,461.0,189.0,0
tt0219854,Jon Turteltaub,86.0,226.0,Bruce Willis,13000.0,Lily Tomlin,718.0,Daniel von Bargen,577.0,139.0,0
tt0469641,Oliver Stone,242.0,0.0,Nicolas Cage,12000.0,Jay Hernandez,1000.0,Armando Riesco,625.0,564.0,0
tt0304415,Mike Newell,141.0,179.0,Julia Roberts,8000.0,Kirsten Dunst,4000.0,Marian Seldes,403.0,264.0,0
tt1645170,Larry Charles,313.0,119.0,Sayed Badreya,600.0,Aasif Mandvi,346.0,Horatio Sanz,174.0,310.0,59000
tt0120663,Stanley Kubrick,280.0,0.0,Tom Cruise,10000.0,Vinessa Shaw,580.0,Sydney Pollack,521.0,1500.0,10000
tt1823664,Will Gluck,176.0,87.0,Quvenzhané Wallis,2000.0,Dorian Missick,1000.0,David Zayas,929.0,213.0,16000
tt2381941,Glenn Ficarra,279.0,43.0,Will Smith,10000.0,Adrian Martinez,806.0,Gerald McRaney,523.0,221.0,23000
tt1596350,McG,241.0,368.0,Tom Hardy,27000.0,Abigail Spencer,1000.0,Warren Christie,520.0,238.0,18000
tt0359013,David S. Goyer,185.0,687.0,Ryan Reynolds,16000.0,Natasha Lyonne,1000.0,John Michael Higgins,957.0,514.0,0
tt0087985,John Milius,97.0,468.0,Lea Thompson,1000.0,Jennifer Grey,1000.0,William Smith,919.0,383.0,0
tt0119942,Mike Nichols,117.0,0.0,Maura Tierney,509.0,Adrian Lester,317.0,Paul Guilfoyle,210.0,157.0,688
tt1855325,Paul W.S. Anderson,239.0,545.0,Milla Jovovich,14000.0,Boris Kodjoe,1000.0,Bingbing Li,974.0,423.0,32000
tt0452608,Paul W.S. Anderson,230.0,545.0,Jason Statham,26000.0,Max Ryan,872.0,Joan Allen,805.0,211.0,0
tt0116908,Renny Harlin,94.0,212.0,Melina Kanakaredes,394.0,Craig Bierko,380.0,Yvonne Zima,263.0,285.0,4000
tt0228750,Taylor Hackford,134.0,138.0,Pamela Reed,324.0,Alun Armstrong,192.0,Michael Kitchen,184.0,265.0,892
tt0406375,Jon Favreau,136.0,4000.0,Kristen Stewart,17000.0,Josh Hutcherson,14000.0,Jonah Bobo,539.0,202.0,0
tt0137523,David Fincher,315.0,21000.0,Brad Pitt,11000.0,Meat Loaf,783.0,Eugenie Bondurant,637.0,2968.0,48000
tt0758794,McG,96.0,368.0,Matthew McConaughey,11000.0,Kimberly Williams-Paisley,529.0,Brian Geraghty,383.0,175.0,0
tt3877200,,14.0,,Jason Flemyng,1000.0,James Nesbitt,773.0,Frances O'Connor,575.0,28.0,0
tt0102070,Michael Lehmann,60.0,36.0,Bruce Willis,13000.0,James Coburn,773.0,Richard E. Grant,554.0,249.0,0
tt0219952,Nora Ephron,60.0,0.0,Michael Rapaport,975.0,Michael Moore,909.0,Richard Schiff,506.0,69.0,177
tt1418377,Stuart Beattie,308.0,72.0,Caitlin Stasey,623.0,Kevin Grevioux,593.0,Miranda Otto,568.0,194.0,15000
tt0380599,Roman Polanski,127.0,2000.0,Ian McNeice,268.0,Barney Clark,85.0,Tony Noble,25.0,138.0,0
tt0357277,Rob Bowman,196.0,38.0,Jennifer Garner,3000.0,Cary-Hiroyuki Tagawa,1000.0,Goran Visnjic,1000.0,380.0,0
tt0458481,Frank Miller,339.0,436.0,Joseph Gordon-Levitt,23000.0,Bruce Willis,13000.0,Eva Green,6000.0,239.0,32000
tt0156934,Sydney Pollack,96.0,521.0,Harrison Ford,11000.0,Kristin Scott Thomas,1000.0,Bill Cobbs,970.0,290.0,295
tt2719848,Baltasar Kormákur,361.0,175.0,Michael Kelly,963.0,Martin Henderson,580.0,Tom Goodman-Hill,221.0,265.0,40000
tt0396171,Tom Tykwer,226.0,670.0,Michael Smiley,177.0,David Calder,27.0,Simon Chandler,16.0,482.0,26000
tt0295178,Jay Roach,194.0,116.0,Verne Troyer,645.0,Josh Zuckerman,522.0,Robert Wagner,481.0,795.0,0
tt0375568,David Bowers,138.0,42.0,Nicolas Cage,12000.0,Charlize Theron,9000.0,Dee Bradley Baker,668.0,77.0,0
tt0107290,Steven Spielberg,308.0,14000.0,Wayne Knight,967.0,Ariana Richards,610.0,Bob Peck,191.0,895.0,19000
tt0111756,Lawrence Kasdan,40.0,759.0,Dennis Quaid,2000.0,Catherine O'Hara,925.0,Isabella Rossellini,812.0,145.0,0
tt0109444,Phillip Noyce,42.0,176.0,Harrison Ford,11000.0,Dean Jones,913.0,Raymond Cruz,672.0,133.0,0
tt3672840,Daniel Lee,68.0,10.0,Si Won Choi,21.0,Peng Lin,18.0,Sung-jun Yoo,7.0,86.0,0
tt0430304,Keenen Ivory Wayans,78.0,322.0,Chazz Palminteri,979.0,Brittany Daniel,862.0,John Witherspoon,723.0,187.0,0
tt0141926,Jonathan Mostow,178.0,84.0,Matthew McConaughey,11000.0,Thomas Kretschmann,919.0,David Keith,563.0,602.0,0
tt0112346,Rob Reiner,75.0,0.0,Shawna Waldron,524.0,Samantha Mathis,517.0,Wendie Malick,452.0,214.0,0
tt0811138,Marco Schnabel,150.0,12.0,Justin Timberlake,3000.0,Romany Malco,966.0,Verne Troyer,645.0,250.0,0
tt0233142,Demian Lichtenstein,113.0,11.0,Jon Lovitz,11000.0,Bokeem Woodbine,904.0,Ice-T,867.0,399.0,0
tt3460252,Quentin Tarantino,596.0,16000.0,Craig Stark,46000.0,Jennifer Jason Leigh,1000.0,Zoë Bell,1000.0,1018.0,114000
tt0445934,Josh Gordon,191.0,8.0,Will Ferrell,8000.0,Amy Poehler,1000.0,Jon Heder,970.0,246.0,0
tt1411704,Tim Hill,156.0,25.0,Gary Cole,989.0,Elizabeth Perkins,664.0,Chelsea Handler,439.0,82.0,0
tt0416449,Zack Snyder,460.0,0.0,Gerard Butler,18000.0,Michael Fassbender,13000.0,Vincent Regan,447.0,2073.0,13000
tt0290002,Jay Roach,141.0,116.0,Robert De Niro,22000.0,Blythe Danner,713.0,Teri Polo,708.0,428.0,0
tt0822832,David Frankel,180.0,64.0,Eric Dane,2000.0,Kathleen Turner,899.0,Haley Bennett,664.0,320.0,11000
tt0120689,Frank Darabont,186.0,0.0,Tom Hanks,15000.0,Jeffrey DeMunn,745.0,Michael Jeter,693.0,1377.0,30000
tt0486946,Walt Becker,177.0,12.0,Jill Hennessy,419.0,Tichina Arnold,330.0,Drew Sidora,311.0,255.0,0
tt0371606,Mark Dindal,161.0,10.0,Catherine O'Hara,925.0,Fred Willard,729.0,Amy Sedaris,397.0,251.0,912
tt2267998,David Fincher,568.0,21000.0,Patrick Fugit,835.0,Sela Ward,812.0,Emily Ratajkowski,625.0,1127.0,146000
tt0258463,Doug Liman,249.0,218.0,Matt Damon,13000.0,Josh Hamilton,147.0,Nicky Naudé,73.0,849.0,0
tt0113189,Martin Campbell,137.0,258.0,Izabella Scorupco,394.0,Joe Don Baker,387.0,Tchéky Karyo,345.0,416.0,0
tt0144214,Simon West,113.0,165.0,Daniel von Bargen,577.0,Timothy Hutton,501.0,Clarence Williams III,475.0,274.0,885
tt0120382,Peter Weir,213.0,608.0,Natascha McElhone,2000.0,Noah Emmerich,617.0,Peter Krause,576.0,877.0,18000
tt0120794,Brenda Chapman,120.0,59.0,Martin Short,770.0,Aria Noelle Curzon,263.0,Eden Riegel,145.0,353.0,0
tt0317303,Steve Carr,81.0,41.0,Anjelica Huston,1000.0,Lisa Edelstein,955.0,Jeff Garlin,522.0,116.0,886
tt1272878,Baltasar Kormákur,265.0,175.0,Denzel Washington,18000.0,Patrick Fischler,497.0,Fred Ward,459.0,172.0,22000
tt0239395,Lawrence Guterman,105.0,6.0,Carol Ann Susi,3000.0,Elizabeth Perkins,664.0,Miriam Margolyes,405.0,235.0,0
tt0317740,F. Gary Gray,155.0,473.0,Jason Statham,26000.0,Charlize Theron,9000.0,Jimmy Shubert,82.0,497.0,0
tt0313737,Marc Lawrence,118.0,30.0,Dorian Missick,1000.0,Alicia Witt,976.0,Dana Ivey,268.0,269.0,0
tt0120587,Eric Darnell,131.0,35.0,Sylvester Stallone,13000.0,Woody Allen,11000.0,Anne Bancroft,754.0,289.0,0
tt1078940,Peter Billingsley,166.0,0.0,Jon Favreau,4000.0,Kristin Davis,722.0,Tasha Smith,721.0,144.0,0
tt0099371,Tony Scott,60.0,12000.0,Tom Cruise,10000.0,Robert Duvall,3000.0,Randy Quaid,695.0,97.0,0
tt0452598,Adam Shankman,77.0,163.0,Taylor Lautner,12000.0,Tom Welling,3000.0,Alyson Stoner,2000.0,128.0,781
tt4046784,Wes Ball,249.0,47.0,Ki Hong Lee,988.0,Lili Taylor,960.0,Rosa Salazar,240.0,360.0,24000
tt0879870,Ryan Murphy,213.0,708.0,James Franco,11000.0,Julia Roberts,8000.0,Billy Crudup,745.0,302.0,26000
tt0218967,Brett Ratner,121.0,420.0,Nicolas Cage,12000.0,Don Cheadle,3000.0,Amber Valletta,627.0,322.0,0
tt1245526,Robert Schwentke,315.0,124.0,Bruce Willis,13000.0,Morgan Freeman,11000.0,Jaqueline Fleming,357.0,328.0,32000
tt0146838,Oliver Stone,171.0,0.0,Al Pacino,14000.0,Dennis Quaid,2000.0,LL Cool J,1000.0,452.0,0
tt0119314,Robert Redford,96.0,0.0,Scarlett Johansson,19000.0,Kristin Scott Thomas,1000.0,Jessalyn Gilsig,380.0,263.0,0
tt0369339,Michael Mann,299.0,0.0,Tom Cruise,10000.0,Jada Pinkett Smith,851.0,Debi Mazar,680.0,836.0,0
tt0277296,Chuck Russell,167.0,55.0,Dwayne Johnson,12000.0,Roger Rees,1000.0,Bernard Hill,416.0,432.0,0
tt0349710,Jay Russell,125.0,13.0,Billy Burke,2000.0,Jay Hernandez,1000.0,Jacinda Barrett,579.0,323.0,0
tt0790724,Christopher McQuarrie,387.0,188.0,Tom Cruise,10000.0,Robert Duvall,3000.0,David Oyelowo,1000.0,448.0,38000
tt0149261,Renny Harlin,199.0,212.0,LL Cool J,1000.0,Michael Rapaport,975.0,Saffron Burrows,811.0,643.0,0
tt1477715,Kenny Ortega,136.0,197.0,Misha Gabriel Hamilton,433.0,Mekia Cox,208.0,Judith Hill,6.0,223.0,0
tt1598778,Steven Soderbergh,436.0,0.0,Matt Damon,13000.0,Monique Gabriela Curnen,240.0,Griffin Kane,175.0,411.0,42000
tt0257568,David McNally,73.0,18.0,Estella Warren,658.0,Dyan Cannon,257.0,Bill Hunter,226.0,181.0,858
tt0327597,Henry Selick,310.0,253.0,Jennifer Saunders,309.0,Dawn French,229.0,John Hodgman,57.0,279.0,10000
tt0949731,M. Night Shyamalan,323.0,0.0,Zooey Deschanel,11000.0,Alan Ruck,946.0,Kristen Connolly,751.0,1264.0,6000
tt0328107,Tony Scott,171.0,12000.0,Denzel Washington,18000.0,Radha Mitchell,992.0,Giancarlo Giannini,451.0,690.0,14000
tt0393735,Brian Robbins,76.0,48.0,Robert Downey Jr.,21000.0,Joel David Moore,936.0,Kristin Davis,722.0,83.0,747
tt0335438,Todd Phillips,173.0,480.0,Snoop Dogg,881.0,Carmen Electra,869.0,Fred Williamson,767.0,308.0,0
tt0116705,Brian Levant,81.0,32.0,Jim Belushi,854.0,Harvey Korman,628.0,Jake Lloyd,626.0,162.0,0
tt0167190,Guillermo del Toro,242.0,0.0,James Babson,366.0,Rupert Evans,334.0,Brian Steele,160.0,597.0,0
tt0120633,Steven Zaillian,110.0,234.0,Robert Duvall,3000.0,Kathleen Quinlan,552.0,Sydney Pollack,521.0,181.0,1000
tt1623288,Chris Butler,328.0,28.0,Anna Kendrick,10000.0,Kodi Smit-McPhee,884.0,Elaine Stritch,586.0,176.0,12000
tt0119395,Michael Caton-Jones,83.0,105.0,J.K. Simmons,24000.0,Bruce Willis,13000.0,Sophie Okonedo,460.0,227.0,0
tt0338337,John Woo,196.0,610.0,Ivana Milicevic,834.0,Joe Morton,780.0,Callum Rennie,716.0,347.0,0
tt0118055,Jon Avnet,34.0,50.0,Joe Mantegna,1000.0,Stockard Channing,944.0,Raymond Cruz,672.0,54.0,829
tt0420238,Sam Fell,118.0,18.0,Emma Watson,9000.0,Matthew Broderick,2000.0,Frank Langella,903.0,106.0,0
tt0790772,,8.0,,Bianca Kajlich,732.0,Oliver Hudson,607.0,Adhir Kalyan,402.0,41.0,0
tt0290095,Kevin Donovan,81.0,11.0,Romany Malco,966.0,Debi Mazar,680.0,Ritchie Coster,107.0,207.0,797
tt0114781,Geoff Murphy,47.0,14.0,Peter Greene,789.0,Brenda Bakke,520.0,Patrick Kilpatrick,488.0,126.0,1000
tt1205537,Kenneth Branagh,313.0,0.0,Colm Feore,539.0,Nonso Anozie,394.0,Gemma Chan,288.0,289.0,17000
tt2446980,David O. Russell,315.0,737.0,Jennifer Lawrence,34000.0,Robert De Niro,22000.0,Bradley Cooper,14000.0,256.0,24000
tt3300542,Babak Najafi,225.0,24.0,Gerard Butler,18000.0,Radha Mitchell,992.0,Julian Kostov,864.0,323.0,28000
tt0118583,Jean-Pierre Jeunet,223.0,0.0,Gary Dourdan,1000.0,Michael Wincott,720.0,Raymond Cruz,672.0,656.0,0
tt0822854,Antoine Fuqua,198.0,845.0,Tate Donovan,650.0,Ned Beatty,467.0,Louis Ferreira,295.0,338.0,0
tt0787474,Graham Annable,219.0,7.0,Isaac Hempstead Wright,874.0,Dee Bradley Baker,668.0,Tracy Morgan,642.0,122.0,11000
tt0120791,Griffin Dunne,92.0,165.0,Goran Visnjic,1000.0,Dianne Wiest,967.0,Stockard Channing,944.0,257.0,0
tt1490017,Phil Lord,435.0,97.0,Morgan Freeman,11000.0,Will Ferrell,8000.0,Alison Brie,2000.0,471.0,64000
tt0385307,John Pasquin,111.0,11.0,Eileen Brennan,1000.0,Diedrich Bader,759.0,Treat Williams,642.0,156.0,621
tt0253556,Rob Bowman,138.0,38.0,Christian Bale,23000.0,Gerard Butler,18000.0,Matthew McConaughey,11000.0,569.0,0
tt1321870,Ruben Fleischer,415.0,181.0,Ryan Gosling,33000.0,Brandon Molale,301.0,Wade Williams,300.0,264.0,40000
tt1045778,Harold Ramis,170.0,11000.0,Olivia Wilde,10000.0,Oliver Platt,1000.0,Xander Berkeley,485.0,203.0,0
tt1057500,Clint Eastwood,306.0,16000.0,Matt Damon,13000.0,Morgan Freeman,11000.0,Leleti Khumalo,204.0,259.0,23000
tt0473705,Kevin Macdonald,252.0,162.0,Robin Wright,18000.0,Harry Lennix,748.0,Michael Weston,379.0,235.0,0
tt1135487,Tony Gilroy,211.0,209.0,Julia Roberts,8000.0,Tom Wilkinson,1000.0,Denis O'Hare,896.0,184.0,0
tt0120764,Donald Petrie,49.0,80.0,Steven Anthony Lawrence,1000.0,Ray Walston,417.0,Michael Lerner,230.0,73.0,448
tt0443632,Clark Johnson,161.0,69.0,Blair Brown,310.0,David Rasche,219.0,Martin Donovan,206.0,213.0,690
tt0762125,Jorge Blanco,156.0,2.0,Dwayne Johnson,12000.0,Gary Oldman,10000.0,James Corden,480.0,72.0,0
tt0253754,Stuart Baird,172.0,53.0,Tom Hardy,27000.0,LeVar Burton,1000.0,Jonathan Frakes,906.0,842.0,0
tt0138524,Joel Coen,161.0,0.0,Cedric the Entertainer,436.0,Paul Adelstein,399.0,Julia Duffy,210.0,322.0,0
tt2083383,Robert Lorenz,239.0,39.0,Clint Eastwood,16000.0,Ed Lauter,897.0,Bob Gunton,461.0,150.0,11000
tt1226273,Martin Campbell,258.0,258.0,Bojana Novakovic,2000.0,Ray Winstone,1000.0,Denis O'Hare,896.0,256.0,0
tt0120004,Peter Hyams,95.0,0.0,John Kapelos,510.0,Penelope Ann Miller,344.0,Chi Muoi Lo,308.0,165.0,956
tt0289848,Harold Ramis,105.0,11000.0,Robert De Niro,22000.0,Cathy Moriarty,394.0,Joe Viterelli,236.0,138.0,846
tt1034331,Jon Avnet,198.0,50.0,Robert De Niro,22000.0,Al Pacino,14000.0,50 Cent,1000.0,248.0,0
tt0120749,Harold Becker,79.0,17.0,Bruce Willis,13000.0,Miko Hughes,968.0,Carrie Preston,652.0,127.0,0
tt0821642,Joe Wright,210.0,456.0,Robert Downey Jr.,21000.0,Stephen Root,939.0,Rachael Harris,569.0,143.0,0
tt0146984,Robert Redford,125.0,0.0,Matt Damon,13000.0,Will Smith,10000.0,Charlize Theron,9000.0,267.0,0
tt0181875,Cameron Crowe,149.0,488.0,Philip Seymour Hoffman,22000.0,Zooey Deschanel,11000.0,Michael Angarano,947.0,822.0,15000
tt0455499,Tim Hill,77.0,25.0,Bill Murray,13000.0,Roger Rees,1000.0,Ben Falcone,265.0,74.0,470
tt0329774,Lee Tamahori,77.0,93.0,Sunny Mabrey,287.0,Nona Gaye,233.0,Xzibit,218.0,213.0,0
tt0822847,Scott Stewart,225.0,124.0,Josh Wingate,865.0,Alan Dale,441.0,Jacob Hopkins,77.0,233.0,20000
tt0165982,Patrick Gilmore,98.0,0.0,Brad Pitt,11000.0,Adriano Giannini,102.0,Timothy West,82.0,91.0,880
tt0119081,Paul W.S. Anderson,172.0,545.0,Sean Pertwee,722.0,Joely Richardson,585.0,Kathleen Quinlan,552.0,857.0,10000
tt0848228,Joss Whedon,703.0,0.0,Chris Hemsworth,26000.0,Robert Downey Jr.,21000.0,Scarlett Johansson,19000.0,1722.0,123000
tt0259288,Tom Shadyac,117.0,293.0,Joe Morton,780.0,Susanna Thompson,265.0,Matt Craven,256.0,243.0,0
tt0387877,Brian De Palma,240.0,0.0,Scarlett Johansson,19000.0,Mia Kirshner,972.0,Mike Starr,854.0,644.0,0
tt0454824,Tony Bill,123.0,23.0,James Franco,11000.0,Tyler Labine,779.0,Philip Winchester,579.0,247.0,2000
tt0272020,Rod Lurie,110.0,37.0,Clifton Collins Jr.,968.0,Delroy Lindo,848.0,Michael Irby,507.0,281.0,0
tt0134983,Walter Hill,100.0,394.0,Robert Forster,889.0,Wilson Cruz,290.0,Vanessa Marshall,68.0,282.0,589
tt1837709,Akiva Goldsman,189.0,167.0,Matt Bomer,20000.0,William Hurt,882.0,Kevin Corrigan,778.0,126.0,17000
tt1538403,Harald Zwart,212.0,91.0,Aidan Turner,5000.0,Kevin Zegers,2000.0,CCH Pounder,1000.0,457.0,44000
tt0765476,Brian Robbins,127.0,48.0,Marc Blucas,973.0,Mike O'Malley,400.0,Shawn Christian,196.0,109.0,791
tt0382628,Walter Salles,196.0,179.0,Dougray Scott,794.0,Camryn Manheim,329.0,Ariel Gade,87.0,411.0,0
tt0131369,Ron Howard,115.0,2000.0,Matthew McConaughey,11000.0,Adam Goldberg,1000.0,Clint Howard,1000.0,195.0,641
tt0494238,Iain Softley,161.0,34.0,Brendan Fraser,3000.0,Stephen Graham,1000.0,Jamie Foreman,466.0,110.0,0
tt0831887,Frank Miller,223.0,436.0,Scarlett Johansson,19000.0,Jaime King,961.0,Louis Lombardi,437.0,290.0,2000
tt3045616,David Koepp,181.0,192.0,Johnny Depp,40000.0,Olivia Munn,2000.0,Ulrich Thomsen,280.0,188.0,12000
tt0460780,Uwe Boll,140.0,892.0,Jason Statham,26000.0,Mike Dopud,368.0,Tania Saulnier,102.0,368.0,0
tt0294357,Martin Campbell,54.0,258.0,Angelina Jolie Pitt,11000.0,Teri Polo,708.0,Noah Emmerich,617.0,156.0,0
tt4591310,Pou-Soi Cheang,14.0,3.0,Li Gong,879.0,Aaron Kwok,107.0,Eddie Peng,22.0,9.0,426
tt0326905,John Dahl,81.0,131.0,James Franco,11000.0,Clayne Crawford,298.0,Paolo Montalban,242.0,183.0,0
tt1431045,Tim Miller,579.0,84.0,Ryan Reynolds,16000.0,Ed Skrein,805.0,Stefan Kapicic,361.0,1058.0,117000
tt0120701,Stephen Herek,56.0,65.0,Kelly Preston,743.0,Morgan Fairchild,730.0,Eric McCormack,440.0,88.0,296
tt2179136,Clint Eastwood,490.0,16000.0,Bradley Cooper,14000.0,Leonard Roberts,962.0,Keir O'Donnell,318.0,916.0,112000
tt1051904,Rob Letterman,218.0,11.0,Odeya Rush,2000.0,Dylan Minnette,1000.0,Ken Marino,543.0,154.0,35000
tt0115341,,20.0,,Nate Richert,870.0,Soleil Moon Frye,558.0,Caroline Rhea,271.0,94.0,990
tt0425123,Mark Waters,142.0,70.0,Jon Heder,970.0,Ivana Milicevic,834.0,Willie Garson,512.0,263.0,0
tt0158622,Brian Levant,57.0,32.0,Taylor Negron,1000.0,Mark Addy,891.0,Danny Woodburn,809.0,85.0,500
tt0095956,Peter MacDonald,84.0,10.0,Sylvester Stallone,13000.0,Kurtwood Smith,1000.0,Richard Crenna,349.0,171.0,2000
tt0379865,George Clooney,186.0,0.0,Robert Baker,142.0,Malcolm Goodwin,117.0,Matt Bushell,110.0,120.0,472
tt2479478,Frank Coraci,53.0,153.0,Taylor Lautner,12000.0,Adam Sandler,11000.0,Jon Lovitz,11000.0,143.0,0
tt1314228,Marc Lawrence,133.0,30.0,Michael Kelly,963.0,Kim Shaw,935.0,Kevin Brown,727.0,121.0,0
tt2234155,Shawn Levy,246.0,189.0,Josh Gad,1000.0,Jessica Szohr,847.0,Rob Riggle,839.0,281.0,22000
tt1220634,Paul W.S. Anderson,253.0,545.0,Milla Jovovich,14000.0,Boris Kodjoe,1000.0,Shawn Roberts,529.0,410.0,19000
tt0485985,Anthony Hemingway,144.0,143.0,David Oyelowo,1000.0,Nate Parker,664.0,Tristan Mack Wilds,519.0,273.0,0
tt0159206,,46.0,,Chris Noth,962.0,Kristin Davis,722.0,Cynthia Nixon,479.0,238.0,0
tt0118971,Taylor Hackford,117.0,138.0,Keanu Reeves,18000.0,Al Pacino,14000.0,Charlize Theron,9000.0,431.0,11000
tt1232200,Sean Anders,157.0,51.0,Adam Sandler,11000.0,Leighton Meester,3000.0,Will Forte,622.0,198.0,12000
tt0116136,Rob Cohen,60.0,357.0,Dennis Quaid,2000.0,Brian Thompson,663.0,Terry O'Neill,40.0,139.0,0
tt0367479,Brett Ratner,117.0,420.0,Salma Hayek,4000.0,Don Cheadle,3000.0,Chris Penn,455.0,147.0,782
tt1071875,Mark Neveldine,287.0,83.0,Nicolas Cage,12000.0,Spencer Wilding,1000.0,Christopher Lambert,1000.0,331.0,18000
tt0238112,John Madden,96.0,108.0,Christian Bale,23000.0,Irene Papas,243.0,Mihalis Giannatos,58.0,220.0,0
tt1986770,,26.0,,Barry Corbin,883.0,Noureen DeWulf,701.0,Brian Austin Green,676.0,54.0,0
tt0395699,Adam Shankman,125.0,163.0,Vin Diesel,14000.0,Brad Garrett,799.0,Tate Donovan,650.0,225.0,0
tt0351977,Kevin Bray,117.0,10.0,Dwayne Johnson,12000.0,Ashley Scott,795.0,Michael Bowen,348.0,221.0,0
tt0109830,Robert Zemeckis,149.0,0.0,Tom Hanks,15000.0,Siobhan Fallon Hogan,294.0,Sam Anderson,194.0,1398.0,59000
tt0952640,Tim Hill,131.0,25.0,Jesse McCartney,1000.0,Beth Riesgraf,718.0,Matthew Gray Gubler,639.0,146.0,0
tt0212338,Jay Roach,150.0,116.0,Robert De Niro,22000.0,Blythe Danner,713.0,Teri Polo,708.0,507.0,0
tt0114148,Mike Gabriel,92.0,12.0,Christian Bale,23000.0,Frank Welker,2000.0,Irene Bedard,752.0,216.0,0
tt0078346,Richard Donner,169.0,503.0,Marlon Brando,10000.0,Margot Kidder,593.0,Ned Beatty,467.0,497.0,0
tt0117218,Tom Shadyac,57.0,293.0,Jada Pinkett Smith,851.0,James Coburn,773.0,Dave Chappelle,744.0,99.0,960
tt0386588,Andy Tennant,171.0,72.0,Will Smith,10000.0,Michael Rapaport,975.0,Kevin Sussman,681.0,372.0,0
tt0119190,Sam Weisman,53.0,39.0,Brendan Fraser,3000.0,Abraham Benrubi,562.0,Holland Taylor,458.0,103.0,5000
tt0328828,Jesse Dylan,153.0,58.0,Alyson Hannigan,3000.0,Thomas Ian Nicholas,864.0,Fred Willard,729.0,332.0,0
tt1535109,Paul Greengrass,491.0,521.0,Tom Hanks,15000.0,Chris Mulkey,535.0,Michael Chernus,186.0,527.0,65000
tt1279935,Shawn Levy,247.0,189.0,Mila Kunis,15000.0,James Franco,11000.0,Steve Carell,7000.0,207.0,0
tt0112642,Brad Silberling,26.0,52.0,Eric Idle,795.0,Fred Rogers,419.0,Cathy Moriarty,394.0,92.0,0
tt0455944,Antoine Fuqua,292.0,845.0,Denzel Washington,18000.0,Chloë Grace Moretz,17000.0,James Wilcox,683.0,436.0,56000
tt0252076,Wayne Wang,114.0,61.0,Bob Hoskins,5000.0,Frances Conroy,827.0,Natasha Richardson,708.0,242.0,0
tt0112740,Tony Scott,82.0,12000.0,Denzel Washington,18000.0,Viggo Mortensen,10000.0,Ricky Schroder,665.0,194.0,0
tt0454921,Gabriele Muccino,201.0,125.0,Will Smith,10000.0,Kurt Fuller,617.0,James Karen,168.0,611.0,32000
tt0408790,Robert Schwentke,231.0,124.0,Erika Christensen,931.0,Michael Irby,507.0,Haley Ramm,354.0,600.0,0
tt0109635,Barry Levinson,55.0,272.0,Demi Moore,2000.0,Dylan Baker,812.0,Roma Maffia,383.0,95.0,0
tt0120632,Brad Silberling,110.0,52.0,Nicolas Cage,12000.0,Andre Braugher,702.0,Colm Feore,539.0,322.0,0
tt0266697,Quentin Tarantino,354.0,16000.0,David Carradine,926.0,Vivica A. Fox,890.0,Chiaki Kuriyama,640.0,2105.0,13000
tt0131325,Frank Oz,140.0,0.0,Robert Downey Jr.,21000.0,Adam Alexi-Malle,860.0,Jamie Kennedy,490.0,358.0,0
tt0118480,,77.0,,Christopher Judge,847.0,Don S. Davis,440.0,Gary Jones,72.0,181.0,0
tt0378194,Quentin Tarantino,304.0,16000.0,Vivica A. Fox,890.0,Michael Parks,387.0,Michael Bowen,348.0,935.0,0
tt0098439,Andrey Konchalovskiy,45.0,96.0,Sylvester Stallone,13000.0,Jack Palance,549.0,Brion James,403.0,149.0,0
tt0104070,Robert Zemeckis,49.0,0.0,Bruce Willis,13000.0,Meryl Streep,11000.0,Isabella Rossellini,812.0,173.0,8000
tt0184894,Tom Dey,146.0,9.0,Xander Berkeley,485.0,Jason Connery,110.0,Kate Luyben,95.0,293.0,0
tt0116253,Stuart Baird,60.0,53.0,Oliver Platt,1000.0,Joe Morton,780.0,J.T. Walsh,263.0,144.0,0
tt1396218,Mark Waters,189.0,70.0,Madeline Carroll,1000.0,Ophelia Lovibond,549.0,Philip Baker Hall,497.0,108.0,14000
tt0865556,Rob Minkoff,206.0,50.0,Jet Li,5000.0,Thomas McDonell,962.0,Michael Angarano,947.0,279.0,0
tt1621039,Jimmy Hayward,118.0,39.0,Amy Poehler,1000.0,Carlos Ponce,591.0,Dan Fogler,562.0,73.0,0
tt0103644,David Fincher,210.0,21000.0,Charles S. Dutton,534.0,Holt McCallany,273.0,Paul McGann,243.0,776.0,0
tt0116250,Alan Parker,76.0,317.0,Andrea Corr,57.0,Jimmy Nail,40.0,Peter Polycarpou,34.0,194.0,0
tt0122690,John Frankenheimer,149.0,287.0,Robert De Niro,22000.0,Natascha McElhone,2000.0,Michael Lonsdale,135.0,572.0,0
tt0116409,Stephen Hopkins,62.0,81.0,Tom Wilkinson,1000.0,Bernard Hill,416.0,Om Puri,163.0,155.0,0
tt1109624,Paul King,224.0,17.0,Julie Walters,838.0,Matt Lucas,722.0,Sally Hawkins,594.0,174.0,30000
tt1298649,Akiva Schaffer,265.0,82.0,Will Forte,622.0,Nicholas Braun,591.0,Rosemarie DeWitt,537.0,207.0,15000
tt0269347,William Friedkin,135.0,607.0,Connie Nielsen,933.0,Jenna Boyd,518.0,Rex Linn,215.0,321.0,0
tt0128278,Jon Turteltaub,100.0,226.0,Anthony Hopkins,12000.0,Maura Tierney,509.0,John Ashton,241.0,232.0,0
tt0338466,Bobby Farrelly,123.0,101.0,Matt Damon,13000.0,Terence Bernie Hines,390.0,Seymour Cassel,327.0,154.0,0
tt0839980,Kent Alterman,164.0,3.0,Will Ferrell,8000.0,Maura Tierney,509.0,Matt Walsh,490.0,119.0,0
tt1430626,Peter Lord,238.0,91.0,Salma Hayek,4000.0,Russell Tovey,796.0,Brian Blessed,591.0,101.0,0
tt0824747,Clint Eastwood,264.0,16000.0,Angelina Jolie Pitt,11000.0,Michael Kelly,963.0,Colm Feore,539.0,387.0,14000
tt0115857,Andrew Davis,47.0,99.0,Keanu Reeves,18000.0,Morgan Freeman,11000.0,Kevin Dunn,581.0,95.0,1000
tt0116277,Tony Scott,50.0,12000.0,Robert De Niro,22000.0,Kurt Fuller,617.0,Ellen Barkin,552.0,89.0,0
tt0293508,Joel Schumacher,153.0,541.0,Gerard Butler,18000.0,Minnie Driver,893.0,Miranda Richardson,530.0,2047.0,0
tt0414055,Shekhar Kapur,202.0,159.0,Eddie Redmayne,13000.0,Abbie Cornish,2000.0,Jordi Mollà,877.0,216.0,0
tt0402022,Karyn Kusama,178.0,45.0,Charlize Theron,9000.0,Sophie Okonedo,460.0,Paterson Joseph,352.0,532.0,0
tt0279111,Ron Maxwell,84.0,33.0,Billy Campbell,789.0,Bruce Boxleitner,640.0,John Castle,67.0,497.0,953
tt0120390,Robert Butler,44.0,0.0,Hector Elizondo,995.0,Lauren Holly,879.0,Jeffrey DeMunn,745.0,84.0,316
tt0780567,Karey Kirkpatrick,93.0,11.0,Stephen Root,939.0,Ronny Cox,605.0,Richard Schiff,506.0,39.0,610
tt2281587,James Bobin,277.0,33.0,Ty Burrell,3000.0,Tina Fey,2000.0,Hugh Bonneville,518.0,110.0,10000
tt0167456,Jonathan Frakes,76.0,906.0,Sophia Myles,956.0,Philip Winchester,579.0,Brady Corbet,287.0,229.0,437
tt1126591,Steve Antin,197.0,59.0,Eric Dane,2000.0,Peter Gallagher,828.0,David Walton,676.0,222.0,19000
tt0344510,Jean-Pierre Jeunet,186.0,0.0,Denis Lavant,226.0,André Dussollier,52.0,Albert Dupontel,46.0,239.0,0
tt0056193,Stanley Kubrick,103.0,0.0,James Mason,617.0,Shelley Winters,367.0,Lois Maxwell,177.0,207.0,0
tt0160184,Jim Gillespie,66.0,13.0,Sylvester Stallone,13000.0,Tom Berenger,854.0,Charles S. Dutton,534.0,142.0,448
tt0187738,Guillermo del Toro,224.0,0.0,Norman Reedus,12000.0,Thomas Kretschmann,919.0,Tony Curran,845.0,559.0,0
tt0814314,Gabriele Muccino,202.0,125.0,Will Smith,10000.0,Rosario Dawson,3000.0,Madison Pettis,835.0,599.0,26000
tt1308729,Walter Hill,279.0,394.0,Sylvester Stallone,13000.0,Jason Momoa,11000.0,Jon Seda,565.0,131.0,10000
tt0099674,Francis Ford Coppola,110.0,0.0,Al Pacino,14000.0,Joe Mantegna,1000.0,Bridget Fonda,889.0,545.0,0
tt0368709,Cameron Crowe,190.0,488.0,Orlando Bloom,5000.0,Kirsten Dunst,4000.0,Judy Greer,2000.0,495.0,0
tt0463034,Anthony Russo,136.0,94.0,Todd Stashwick,277.0,Billy Gardell,245.0,Amanda Detmer,240.0,195.0,0
tt0081573,Richard Lester,121.0,44.0,Margot Kidder,593.0,Ned Beatty,467.0,Jackie Cooper,420.0,269.0,0
tt0299930,Martin Brest,131.0,102.0,Todd Giebenhain,117.0,Lenny Venito,62.0,David Backus,43.0,418.0,2000
tt0405676,Steven Zaillian,127.0,234.0,Kate Winslet,14000.0,Anthony Hopkins,12000.0,Kevin Dunn,581.0,178.0,0
tt0162650,John Singleton,160.0,309.0,Christian Bale,23000.0,Vanessa Williams,1000.0,Daniel von Bargen,577.0,301.0,0
tt0118617,Don Bluth,78.0,383.0,Kirsten Dunst,4000.0,Kelsey Grammer,808.0,Bernadette Peters,753.0,191.0,0
tt0203009,Baz Luhrmann,209.0,1000.0,Jim Broadbent,1000.0,Kylie Minogue,691.0,Richard Roxburgh,653.0,2319.0,10000
tt0249478,Harold Becker,98.0,17.0,Steve Buscemi,12000.0,Teri Polo,708.0,Matt O'Leary,303.0,190.0,361
tt1355683,Scott Cooper,391.0,108.0,Johnny Depp,40000.0,Benedict Cumberbatch,19000.0,Adam Scott,3000.0,289.0,44000
tt0418689,Clint Eastwood,279.0,16000.0,Paul Walker,23000.0,Chris Bauer,638.0,Tom McCarthy,310.0,415.0,0
tt1197624,F. Gary Gray,216.0,473.0,Gerard Butler,18000.0,Leslie Bibb,1000.0,Michael Kelly,963.0,429.0,21000
tt0462322,Robert Rodriguez,250.0,0.0,Quentin Tarantino,16000.0,Rosario Dawson,3000.0,Zoë Bell,1000.0,532.0,0
tt0120603,Jonathan Demme,78.0,438.0,Oprah Winfrey,852.0,Kimberly Elise,637.0,Hill Harper,466.0,207.0,853
tt0338216,Curtis Hanson,106.0,161.0,Robert Downey Jr.,21000.0,Robert Duvall,3000.0,Kelvin Han Yee,681.0,63.0,672
tt0264464,Steven Spielberg,194.0,14000.0,Leonardo DiCaprio,29000.0,Tom Hanks,15000.0,Jennifer Garner,3000.0,667.0,15000
tt1790885,Kathryn Bigelow,558.0,0.0,Jennifer Ehle,1000.0,Harold Perrineau,1000.0,Parker Sawyers,304.0,640.0,39000
tt0452594,Peyton Reed,183.0,235.0,Jon Favreau,4000.0,John Michael Higgins,957.0,Ann-Margret,931.0,483.0,0
tt0795421,Phyllida Lloyd,238.0,58.0,Colin Firth,14000.0,Meryl Streep,11000.0,Julie Walters,838.0,611.0,10000
tt0817230,Garry Marshall,186.0,0.0,Bradley Cooper,14000.0,Taylor Lautner,12000.0,Anne Hathaway,11000.0,211.0,9000
tt0377818,Jay Chandrasekhar,144.0,422.0,Alice Greczyn,631.0,Jessica Simpson,534.0,Michael Weston,379.0,612.0,0
tt0120863,Terrence Malick,156.0,0.0,Nick Stahl,648.0,Miranda Otto,568.0,Dash Mihok,463.0,1448.0,0
tt1488555,David Dobkin,215.0,71.0,Ryan Reynolds,16000.0,Olivia Wilde,10000.0,Mircea Monroe,634.0,149.0,13000
tt0125664,Milos Forman,140.0,869.0,Matt Price,134.0,Gerry Becker,27.0,Tom Dreesen,21.0,549.0,0
tt0112641,Martin Scorsese,133.0,17000.0,Robert De Niro,22000.0,Don Rickles,721.0,Kevin Pollak,574.0,533.0,11000
tt1179034,Pierre Morel,203.0,180.0,Kasia Smutniak,211.0,Amber Rose Revah,135.0,Rebecca Dayan,75.0,211.0,0
tt0245803,Paul Hunter,127.0,13.0,Jaime King,961.0,Mako,691.0,Victoria Smurfit,343.0,180.0,846
tt0183505,Bobby Farrelly,155.0,101.0,Robert Forster,889.0,Tony Cox,624.0,Rob Moran,79.0,481.0,0
tt0414853,Steve Oedekerk,98.0,176.0,Rob Paulsen,677.0,Wanda Sykes,560.0,Maurice LaMarche,523.0,155.0,605
tt0790604,John Whitesell,71.0,14.0,Matthew Broderick,2000.0,Jorge Garcia,1000.0,Alia Shawkat,728.0,110.0,1000
tt1259571,Chris Weitz,299.0,129.0,Robert Pattinson,21000.0,Kristen Stewart,17000.0,Taylor Lautner,12000.0,919.0,13000
tt0126029,Andrew Adamson,212.0,80.0,Kathleen Freeman,145.0,Chris Miller,50.0,Bobby Block,21.0,945.0,0
tt1385826,George Nolfi,413.0,53.0,Matt Damon,13000.0,Michael Kelly,963.0,Jon Stewart,593.0,407.0,36000
tt0102798,Kevin Reynolds,67.0,58.0,Alan Rickman,25000.0,Morgan Freeman,11000.0,Michael Wincott,720.0,322.0,0
tt0116695,Cameron Crowe,109.0,488.0,Tom Cruise,10000.0,Kelly Preston,743.0,Bonnie Hunt,597.0,318.0,0
tt1637725,Seth MacFarlane,457.0,3000.0,Mila Kunis,15000.0,Seth MacFarlane,3000.0,Tom Skerritt,1000.0,623.0,74000
tt0119822,James L. Brooks,156.0,274.0,Lupe Ontiveros,625.0,Yeardley Smith,440.0,Shirley Knight,285.0,470.0,11000
tt0129290,Tom Shadyac,55.0,293.0,Robin Williams,49000.0,Philip Seymour Hoffman,22000.0,Monica Potter,878.0,375.0,0
tt1229340,Adam McKay,272.0,285.0,Harrison Ford,11000.0,Will Ferrell,8000.0,Steve Carell,7000.0,346.0,41000
tt0280590,Steven Brill,117.0,65.0,Steve Buscemi,12000.0,Adam Sandler,11000.0,Peter Gallagher,828.0,309.0,0
tt1650062,J.J. Abrams,539.0,14000.0,Joel Courtney,1000.0,AJ Michalka,560.0,Zach Mills,417.0,849.0,37000
tt0195685,Steven Soderbergh,169.0,0.0,Julia Roberts,8000.0,Albert Finney,883.0,Conchata Ferrell,658.0,498.0,0
tt0251127,Donald Petrie,140.0,80.0,Matthew McConaughey,11000.0,Adam Goldberg,1000.0,Thomas Lennon,651.0,357.0,0
tt2294449,Phil Lord,330.0,97.0,Channing Tatum,17000.0,Craig Roberts,920.0,Amber Stevens West,584.0,322.0,24000
tt0110148,Neil Jordan,120.0,277.0,Brad Pitt,11000.0,Tom Cruise,10000.0,Kirsten Dunst,4000.0,406.0,11000
tt1068680,Peyton Reed,190.0,235.0,Bradley Cooper,14000.0,Zooey Deschanel,11000.0,Danny Masterson,1000.0,243.0,0
tt1489889,Rawson Marshall Thurber,177.0,43.0,Dwayne Johnson,12000.0,Thomas Kretschmann,919.0,Megan Park,569.0,110.0,10000
tt0120686,Chris Columbus,65.0,0.0,Julia Roberts,8000.0,Liam Aiken,818.0,Herbert Russell,701.0,252.0,0
tt1528854,Sean Anders,145.0,51.0,Will Ferrell,8000.0,Linda Cardellini,2000.0,Mark L. Young,322.0,130.0,13000
tt2180411,Rob Marshall,321.0,252.0,Johnny Depp,40000.0,Meryl Streep,11000.0,Anna Kendrick,10000.0,779.0,90000
tt0454848,Spike Lee,230.0,0.0,Denzel Washington,18000.0,James Ransone,412.0,Peter Gerety,277.0,646.0,0
tt0120784,Brian Helgeland,143.0,241.0,Bill Duke,1000.0,Deborah Kara Unger,495.0,William Devane,416.0,394.0,0
tt0112715,Frank Marshall,55.0,155.0,Dylan Walsh,426.0,Joe Don Baker,387.0,Grant Heslov,293.0,147.0,0
tt1389137,Cameron Crowe,257.0,488.0,Scarlett Johansson,19000.0,Matt Damon,13000.0,Stephanie Szostak,1000.0,199.0,22000
tt0448011,Alex Proyas,279.0,295.0,Nicolas Cage,12000.0,Ben Mendelsohn,748.0,Chandler Canterbury,329.0,791.0,0
tt0427229,Tom Dey,143.0,9.0,Bradley Cooper,14000.0,Matthew McConaughey,11000.0,Zooey Deschanel,11000.0,242.0,2000
tt0377109,Hideo Nakata,196.0,62.0,Naomi Watts,6000.0,Gary Cole,989.0,Sissy Spacek,874.0,560.0,0
tt1570728,Glenn Ficarra,310.0,43.0,Ryan Gosling,33000.0,Emma Stone,15000.0,Steve Carell,7000.0,292.0,44000
tt0356634,Peter Hewitt,116.0,12.0,Bill Murray,13000.0,Mark Christopher Lawrence,258.0,Michael Monks,58.0,232.0,795
tt0388419,Joe Roth,105.0,148.0,Jamie Lee Curtis,2000.0,Cheech Marin,843.0,Jake Busey,660.0,209.0,0
tt1210166,Bennett Miller,419.0,152.0,Philip Seymour Hoffman,22000.0,Robin Wright,18000.0,Brad Pitt,11000.0,312.0,27000
tt0114069,Wolfgang Petersen,64.0,249.0,Kevin Spacey,18000.0,Morgan Freeman,11000.0,Rene Russo,808.0,130.0,0
tt2024469,Jaume Collet-Serra,359.0,174.0,Liam Neeson,14000.0,Nate Parker,664.0,Scoot McNairy,660.0,384.0,24000
tt1075417,Andy Fickman,166.0,99.0,Dwayne Johnson,12000.0,Billy Brown,536.0,Tom Everett Scott,433.0,110.0,0
tt0434409,James McTeigue,525.0,160.0,Natalie Portman,20000.0,Eddie Marsan,979.0,Rupert Graves,443.0,2042.0,48000
tt0300471,David Dobkin,165.0,71.0,Fann Wong,154.0,Anna-Louise Plowman,131.0,Georgina Chapman,55.0,192.0,955
tt4192812,,2.0,,Bernard Hill,416.0,Gemma Jones,171.0,Nicola Walker,132.0,9.0,0
tt0381971,Matthew O'Callaghan,87.0,5.0,Will Ferrell,8000.0,Frank Welker,2000.0,Alexander Gould,1000.0,118.0,624
tt0400497,Angela Robinson,117.0,23.0,Scoot McNairy,660.0,Thomas Lennon,651.0,Cheryl Hines,541.0,168.0,1000
tt0260866,Gary Fleder,113.0,39.0,Oliver Platt,1000.0,Jennifer Esposito,912.0,Conrad Goode,477.0,248.0,970
tt1428538,Tommy Wirkola,349.0,75.0,Jeremy Renner,10000.0,Derek Mears,520.0,Ingrid Bolsø Berdal,467.0,304.0,45000
tt0250797,Adrian Lyne,152.0,213.0,Olivier Martinez,838.0,Erik Per Sullivan,593.0,Chad Lowe,372.0,533.0,0
tt1464540,D.J. Caruso,288.0,154.0,Alex Pettyfer,15000.0,Emily Wickersham,348.0,Reuben Langdon,144.0,329.0,27000
tt0365737,Stephen Gaghan,358.0,79.0,Matt Damon,13000.0,Amr Waked,903.0,Kayvan Novak,414.0,625.0,0
tt4172430,Michael Bay,204.0,0.0,Toby Stephens,769.0,James Badge Dale,726.0,David Costabile,681.0,219.0,44000
tt2262227,Jorge R. Gutiérrez,156.0,34.0,Channing Tatum,17000.0,Hector Elizondo,995.0,Ana de la Reguera,679.0,102.0,18000
tt0408345,Richard Loncraine,171.0,12.0,Jimmy Bennett,87000.0,Harrison Ford,11000.0,Mary Lynn Rajskub,935.0,306.0,773
tt0118548,Clint Eastwood,76.0,16000.0,Clint Eastwood,16000.0,Mark Margolis,1000.0,Scott Glenn,826.0,142.0,1000
tt0119173,Ridley Scott,97.0,0.0,Viggo Mortensen,10000.0,Demi Moore,2000.0,John Michael Higgins,957.0,142.0,2000
tt0119174,David Fincher,157.0,21000.0,Deborah Kara Unger,495.0,Armin Mueller-Stahl,294.0,Charles Martinet,283.0,506.0,25000
tt0384537,Christophe Gans,267.0,50.0,Radha Mitchell,992.0,Deborah Kara Unger,495.0,Alice Krige,368.0,1740.0,0
tt0191397,Howard Deutch,118.0,41.0,Keanu Reeves,18000.0,Jon Favreau,4000.0,Faizon Love,585.0,261.0,0
tt1605630,Jon Hurwitz,291.0,22.0,Alyson Hannigan,3000.0,Dania Ramirez,1000.0,Natasha Lyonne,1000.0,181.0,39000
tt0120768,F. Gary Gray,68.0,473.0,Kevin Spacey,18000.0,Michael Cudlitz,822.0,Siobhan Fallon Hogan,294.0,279.0,3000
tt2106361,Steven Quale,228.0,77.0,Matt Walsh,490.0,Alycia Debnam-Carey,298.0,Scott Lawrence,159.0,210.0,15000
tt0109254,John Landis,36.0,644.0,Louis Lombardi,437.0,Jon Tenney,289.0,Gilbert R. Hill,174.0,114.0,669
tt0099700,Joe Dante,105.0,287.0,Christopher Lee,16000.0,Robert Picardo,823.0,Phoebe Cates,767.0,148.0,0
tt1872194,David Dobkin,276.0,71.0,Robert Downey Jr.,21000.0,Robert Duvall,3000.0,Leighton Meester,3000.0,275.0,47000
tt0119874,Mimi Leder,93.0,75.0,Armin Mueller-Stahl,294.0,Holt McCallany,273.0,Marcel Iures,258.0,156.0,0
tt0318627,Alexander Witt,191.0,38.0,Milla Jovovich,14000.0,Thomas Kretschmann,919.0,Mike Epps,706.0,672.0,0
tt0317198,Beeban Kidron,143.0,17.0,Colin Firth,14000.0,Jim Broadbent,1000.0,Celia Imrie,186.0,259.0,0
tt0313443,Carl Franklin,124.0,73.0,Denzel Washington,18000.0,Sanaa Lathan,886.0,John Billingsley,323.0,157.0,1000
tt0110725,Steven Seagal,47.0,0.0,Mike Starr,854.0,Joan Chen,643.0,Sven-Ole Thorsen,158.0,140.0,812
tt0424774,Robert Rodriguez,66.0,0.0,Taylor Lautner,12000.0,Kristin Davis,722.0,Taylor Dooley,717.0,177.0,0
tt0163978,Danny Boyle,118.0,0.0,Leonardo DiCaprio,29000.0,Virginie Ledoyen,414.0,Peter Youngblood Hills,39.0,548.0,0
tt0350028,Garry Marshall,93.0,0.0,Amber Valletta,627.0,Felicity Huffman,508.0,Spencer Breslin,434.0,106.0,718
tt1186367,James McTeigue,235.0,160.0,Shô Kosugi,330.0,Ben Miles,119.0,Rain,72.0,194.0,0
tt0126916,Sam Raimi,113.0,0.0,J.K. Simmons,24000.0,Kelly Preston,743.0,Carmine Giovinazzo,432.0,226.0,0
tt0108967,,14.0,,David Jason,325.0,Bruce Alexander,7.0,John Lyons,5.0,33.0,361
tt0117765,Andrew Bergman,51.0,31.0,Demi Moore,2000.0,Rumer Willis,472.0,Paul Guilfoyle,210.0,118.0,877
tt1392197,Tom Dey,98.0,9.0,Emma Stone,15000.0,Judy Greer,2000.0,Steve Coogan,1000.0,65.0,0
tt1212419,Clint Eastwood,315.0,16000.0,Matt Damon,13000.0,Jay Mohr,563.0,Cécile De France,447.0,323.0,16000
tt0264935,Barbet Schroeder,136.0,58.0,Ryan Gosling,33000.0,Chris Penn,455.0,Agnes Bruckner,401.0,302.0,0
tt0112401,Richard Donner,61.0,503.0,Muse Watson,45000.0,Sylvester Stallone,13000.0,Kelly Rowan,282.0,84.0,0
tt0367959,Peter Webber,209.0,73.0,Li Gong,879.0,Stephen Walters,184.0,Richard Brake,163.0,392.0,3000
tt0160916,Rob Reiner,99.0,0.0,Bruce Willis,13000.0,Tim Matheson,559.0,Rita Wilson,323.0,150.0,0
tt1517260,Andrew Niccol,298.0,487.0,J.D. Evermore,430.0,Chandler Canterbury,329.0,Rachel Roberts,201.0,347.0,43000
tt0264395,John McTiernan,131.0,323.0,Connie Nielsen,933.0,Harry Connick Jr.,631.0,Tim Daly,511.0,286.0,0
tt0309377,Clint Eastwood,146.0,16000.0,Clint Eastwood,16000.0,Anjelica Huston,1000.0,Rick Hoffman,581.0,260.0,705
tt0963178,Tom Tykwer,245.0,670.0,Naomi Watts,6000.0,Brían F. O'Byrne,450.0,Armin Mueller-Stahl,294.0,190.0,0
tt0116225,John Carpenter,104.0,0.0,Steve Buscemi,12000.0,Valeria Golino,898.0,Michelle Forbes,764.0,227.0,0
tt2355844,,4.0,,Grey Damon,629.0,Brittany Curran,512.0,Aaron Hill,398.0,22.0,915
tt0129167,Brad Bird,162.0,663.0,Vin Diesel,14000.0,Harry Connick Jr.,631.0,M. Emmet Walsh,521.0,514.0,0
tt0362270,Wes Anderson,259.0,0.0,Bill Murray,13000.0,Anjelica Huston,1000.0,Matthew Gray Gubler,639.0,632.0,0
tt1124037,Gary Ross,79.0,378.0,Matthew McConaughey,11000.0,Donald Watkins,552.0,Jessica Collins,303.0,47.0,10000
tt0289992,Alan Parker,141.0,317.0,Kevin Spacey,18000.0,Kate Winslet,14000.0,Matt Craven,256.0,420.0,0
tt0331933,Stephen Herek,59.0,65.0,Christina Milian,1000.0,Vanessa Ferlito,923.0,Kelli Garner,730.0,94.0,779
tt2199571,Jaume Collet-Serra,236.0,174.0,Liam Neeson,14000.0,Common,988.0,Bruce McGill,655.0,205.0,15000
tt0765443,David Cronenberg,356.0,0.0,Viggo Mortensen,10000.0,Naomi Watts,6000.0,Raza Jaffrey,509.0,398.0,0
tt0378109,John Stockwell,120.0,134.0,Paul Walker,23000.0,James Frain,1000.0,Ashley Scott,795.0,208.0,0
tt0151137,Luc Besson,111.0,0.0,Paul Brooke,51.0,David Bailie,40.0,Rab Affleck,15.0,390.0,0
tt1240982,David Gordon Green,208.0,234.0,Natalie Portman,20000.0,Zooey Deschanel,11000.0,James Franco,11000.0,274.0,18000
tt1462041,Jim Sheridan,174.0,260.0,Naomi Watts,6000.0,Gregory Smith,694.0,Sarah Gadon,692.0,137.0,0
tt0119592,Costa-Gavras,59.0,333.0,Mia Kirshner,972.0,Blythe Danner,713.0,William Atherton,317.0,73.0,697
tt0109190,Patrick Read Johnson,22.0,32.0,Joe Mantegna,1000.0,Lara Flynn Boyle,619.0,Cynthia Nixon,479.0,78.0,0
tt0114345,Roland Joffé,34.0,596.0,Gary Oldman,10000.0,Robert Duvall,3000.0,Demi Moore,2000.0,90.0,943
tt0977855,Doug Liman,214.0,218.0,Naomi Watts,6000.0,Ty Burrell,3000.0,Brooke Smith,405.0,127.0,9000
tt2189221,,28.0,,Julie Benz,3000.0,Tony Curran,845.0,Grant Bowler,600.0,149.0,0
tt0421054,Tony Scott,186.0,12000.0,Ian Ziering,984.0,Mo'Nique,940.0,Edgar Ramírez,897.0,374.0,0
tt0113451,William Friedkin,50.0,607.0,Michael Biehn,2000.0,Chazz Palminteri,979.0,Linda Fiorentino,602.0,70.0,422
tt1034032,Mark Neveldine,180.0,83.0,Gerard Butler,18000.0,Logan Lerman,8000.0,Alison Lohman,1000.0,245.0,0
tt1559547,Richard LaGravenese,231.0,98.0,Alden Ehrenreich,1000.0,Zoey Deutch,852.0,Pruitt Taylor Vince,592.0,258.0,14000
tt0266452,Danny DeVito,105.0,0.0,Robin Williams,49000.0,Vincent Schiavelli,811.0,Danny Woodburn,809.0,341.0,0
tt1608290,Ben Stiller,226.0,0.0,Milla Jovovich,14000.0,Will Ferrell,8000.0,Justin Theroux,1000.0,150.0,28000
tt0315824,George Armitage,75.0,5.0,Morgan Freeman,11000.0,Andrew Wilson,387.0,Willie Nelson,338.0,93.0,288
tt0181151,Mike Nichols,82.0,0.0,Judy Greer,2000.0,Linda Fiorentino,602.0,Garry Shandling,591.0,91.0,255
tt1502404,Patrick Lussier,296.0,71.0,Nicolas Cage,12000.0,Billy Burke,2000.0,Katy Mixon,982.0,211.0,15000
tt0891592,Andrzej Bartkowiak,103.0,43.0,Chris Klein,841.0,Robin Shou,342.0,Josie Ho,77.0,179.0,0
tt0267804,James Wong,98.0,70.0,Jason Statham,26000.0,Jet Li,5000.0,Delroy Lindo,848.0,294.0,0
tt3006802,,30.0,,Tobias Menzies,1000.0,Graham McTavish,531.0,Stephen Walters,184.0,148.0,31000
tt0098987,Renny Harlin,48.0,212.0,Lauren Holly,879.0,Gilbert Gottfried,560.0,David Patrick Kelly,380.0,113.0,2000
tt1131729,Richard Curtis,195.0,628.0,Philip Seymour Hoffman,22000.0,Charlie Rowe,882.0,Tom Sturridge,830.0,209.0,21000
tt0181865,Steven Soderbergh,223.0,0.0,Michael O'Neill,599.0,Jacob Vargas,399.0,James Lew,215.0,867.0,0
tt0097576,Steven Spielberg,149.0,14000.0,Harrison Ford,11000.0,Julian Glover,844.0,Alison Doody,440.0,477.0,0
tt1781769,Joe Wright,324.0,456.0,Kelly Macdonald,2000.0,Guro Nagelhus Schia,35.0,Matthew Macfadyen,0.0,226.0,36000
tt1823672,Neill Blomkamp,371.0,662.0,Hugh Jackman,20000.0,Sharlto Copley,2000.0,Jose Pablo Cantillo,502.0,627.0,67000
tt0145681,Phillip Noyce,75.0,176.0,Denzel Washington,18000.0,Angelina Jolie Pitt,11000.0,Leland Orser,308.0,397.0,0
tt0258000,David Fincher,233.0,21000.0,Kristen Stewart,17000.0,Dwight Yoakam,324.0,Mel Rodriguez,237.0,850.0,0
tt0473553,Chuck Bowman,32.0,42.0,P.J. Soles,598.0,Lochlyn Munro,555.0,Steve Bacic,235.0,32.0,352
tt0120188,David O. Russell,150.0,737.0,Judy Greer,2000.0,Jamie Kennedy,490.0,Mykelti Williamson,393.0,560.0,3000
tt1014763,Daniel Espinosa,172.0,79.0,Tom Hardy,27000.0,Fares Fares,254.0,Michael Nardone,194.0,185.0,18000
tt0250687,Jerry Zucker,103.0,109.0,Corinna Harney,779.0,Douglas Haase,629.0,Vince Vieluf,261.0,497.0,0
tt0272152,Iain Softley,140.0,34.0,Kevin Spacey,18000.0,Jeff Bridges,12000.0,Alfre Woodard,1000.0,537.0,0
tt0035423,James Mangold,125.0,446.0,Hugh Jackman,20000.0,Natasha Lyonne,1000.0,Bradley Whitford,821.0,316.0,0
tt0230030,Harold Ramis,125.0,11000.0,Brendan Fraser,3000.0,Frances O'Connor,575.0,Brian Doyle-Murray,484.0,254.0,0
tt0087089,Francis Ford Coppola,36.0,0.0,Nicolas Cage,12000.0,Bob Hoskins,5000.0,Fred Gwynne,886.0,84.0,828
tt0381849,James Mangold,295.0,446.0,Christian Bale,23000.0,Logan Lerman,8000.0,Gretchen Mol,600.0,560.0,0
tt2446042,Olivier Megaton,222.0,118.0,Liam Neeson,14000.0,Dougray Scott,794.0,Jon Gries,482.0,323.0,38000
tt0120780,Steven Soderbergh,158.0,0.0,Don Cheadle,3000.0,Albert Brooks,745.0,Keith Hudson,23.0,307.0,0
tt0115798,Ben Stiller,72.0,0.0,Matthew Broderick,2000.0,Janeane Garofalo,1000.0,Andy Dick,302.0,345.0,0
tt0150433,Deepa Mehta,34.0,375.0,Nandita Das,113.0,Gulshan Grover,102.0,Eric Peterson,59.0,55.0,522
tt0099422,Warren Beatty,72.0,631.0,Charlie Korsmo,678.0,Warren Beatty,631.0,Seymour Cassel,327.0,164.0,2000
tt0155267,John McTiernan,152.0,323.0,Mark Margolis,1000.0,Faye Dunaway,977.0,Denis Leary,835.0,419.0,0
tt0200027,Penny Marshall,89.0,545.0,Rosie Perez,919.0,Adam Garcia,811.0,Alissa Dean,807.0,210.0,0
tt0083944,Ted Kotcheff,145.0,270.0,Sylvester Stallone,13000.0,Brian Dennehy,954.0,Chris Mulkey,535.0,376.0,0
tt0069293,Andrei Tarkovsky,144.0,0.0,Donatas Banionis,29.0,Anatoliy Solonitsyn,29.0,Natalya Bondarchuk,12.0,236.0,0
tt0308353,Paul Bolger,93.0,0.0,Sarah Michelle Gellar,4000.0,George Carlin,769.0,Rob Paulsen,677.0,71.0,261
tt0117002,Stephen Frears,46.0,350.0,Julia Roberts,8000.0,Bronagh Gallagher,115.0,George Cole,77.0,97.0,616
tt0119738,P.J. Hogan,84.0,29.0,Julia Roberts,8000.0,Christopher Masterson,1000.0,Rupert Everett,692.0,169.0,0
tt0265029,Joe Roth,142.0,148.0,Julia Roberts,8000.0,Rainn Wilson,973.0,Larry King,135.0,343.0,881
tt0278504,Christopher Nolan,185.0,22000.0,Al Pacino,14000.0,Maura Tierney,509.0,Crystal Lowe,319.0,651.0,0
tt0117731,Jonathan Frakes,143.0,906.0,LeVar Burton,1000.0,Alfre Woodard,1000.0,Jonathan Frakes,906.0,286.0,3000
tt1075747,Jimmy Hayward,178.0,39.0,Michael Fassbender,13000.0,Billy Blair,541.0,Julia Jones,364.0,176.0,0
tt0115956,Edward Zwick,65.0,380.0,Denzel Washington,18000.0,Matt Damon,13000.0,Scott Glenn,826.0,107.0,975
tt0119528,Tom Shadyac,73.0,293.0,Maura Tierney,509.0,Swoosie Kurtz,418.0,Randall 'Tex' Cobb,255.0,243.0,0
tt1355631,Brad Furman,72.0,65.0,Joseph Gilgun,788.0,Amy Ryan,423.0,Olympia Dukakis,345.0,29.0,0
tt0084132,Terence Young,10.0,92.0,Laurence Olivier,1000.0,Ben Gazzara,623.0,Jacqueline Bisset,522.0,16.0,115
tt0109813,Brian Levant,35.0,32.0,Jonathan Winters,924.0,Elizabeth Perkins,664.0,Harvey Korman,628.0,85.0,0
tt1397280,Olivier Megaton,358.0,118.0,Liam Neeson,14000.0,Luke Grimes,935.0,D.B. Sweeney,558.0,461.0,63000
tt0306047,David Zucker,151.0,119.0,Regina Hall,807.0,Pamela Anderson,780.0,Jenny McCarthy,750.0,347.0,0
tt0212346,Donald Petrie,140.0,80.0,Candice Bergen,545.0,Wendy Raquel Robinson,337.0,Heather Burns,213.0,370.0,0
tt0373051,Eric Brevig,201.0,40.0,Josh Hutcherson,14000.0,Brendan Fraser,3000.0,Anita Briem,311.0,212.0,0
tt0368933,Garry Marshall,77.0,0.0,Anne Hathaway,11000.0,Raven-Symoné,1000.0,Hector Elizondo,995.0,152.0,1000
tt0107798,Alan J. Pakula,43.0,79.0,Denzel Washington,18000.0,Julia Roberts,8000.0,Tony Goldwyn,956.0,89.0,0
tt0109446,Joel Schumacher,39.0,541.0,Bradley Whitford,821.0,Anthony LaPaglia,577.0,Brad Renfro,551.0,94.0,1000
tt0825232,Rob Reiner,207.0,0.0,Morgan Freeman,11000.0,Noel Gugliemi,2000.0,Sean Hayes,760.0,310.0,22000
tt0105112,Phillip Noyce,47.0,176.0,Harrison Ford,11000.0,Polly Walker,530.0,Patrick Bergin,308.0,137.0,0
tt0369735,Robert Luketic,132.0,126.0,Adam Scott,3000.0,Jane Fonda,949.0,Elaine Stritch,586.0,228.0,0
tt1392214,Denis Villeneuve,454.0,777.0,Hugh Jackman,20000.0,Jake Gyllenhaal,15000.0,Dylan Minnette,1000.0,620.0,86000
tt0139654,Antoine Fuqua,109.0,845.0,Denzel Washington,18000.0,Snoop Dogg,881.0,Tom Berenger,854.0,633.0,0
tt0177789,Dean Parisot,213.0,23.0,Alan Rickman,25000.0,Enrico Colantoni,724.0,Robin Sachs,436.0,609.0,19000
tt0257106,Keenen Ivory Wayans,127.0,322.0,Natasha Lyonne,1000.0,Veronica Cartwright,422.0,Andy Richter,179.0,548.0,0
tt1204342,James Bobin,398.0,33.0,Bill Cobbs,970.0,Eric Jacobson,91.0,Steve Whitmire,84.0,252.0,26000
tt0120611,Stephen Norrington,184.0,45.0,Sanaa Lathan,886.0,Traci Lords,650.0,Udo Kier,595.0,582.0,0
tt0393162,Thomas Carter,127.0,49.0,Channing Tatum,17000.0,Rick Gonzalez,807.0,Robert Ri'chard,730.0,209.0,0
tt0264472,Roger Michell,167.0,50.0,Sydney Pollack,521.0,Matt Malloy,108.0,Bruce Altman,67.0,350.0,0
tt0118615,Luis Llosa,119.0,49.0,Frank Welker,2000.0,Eric Stoltz,902.0,Kari Wuhrer,514.0,271.0,0
tt0200550,David McNally,155.0,18.0,Adam Garcia,811.0,Tyra Banks,625.0,Izabella Miko,560.0,379.0,0
tt0314331,Richard Curtis,218.0,628.0,Colin Firth,14000.0,Liam Neeson,14000.0,Kris Marshall,548.0,1004.0,52000
tt0120623,John Lasseter,117.0,487.0,Kevin Spacey,18000.0,Madeline Kahn,1000.0,John Ratzenberger,1000.0,317.0,0
tt0120681,Albert Hughes,208.0,117.0,Johnny Depp,40000.0,Jason Flemyng,1000.0,Ian Richardson,140.0,541.0,0
tt0111255,Luis Llosa,38.0,49.0,Sylvester Stallone,13000.0,Rod Steiger,279.0,Emilio Estefan Jr.,20.0,116.0,0
tt0117918,Ron Shelton,48.0,41.0,Don Johnson,982.0,Cheech Marin,843.0,Rene Russo,808.0,73.0,1000
tt0063829,Melville Shavelson,8.0,5.0,Lucille Ball,6000.0,Tom Bosley,584.0,Tim Matheson,559.0,61.0,0
tt0384642,Jesse Dylan,94.0,58.0,Josh Hutcherson,14000.0,Will Ferrell,8000.0,Robert Duvall,3000.0,118.0,743
tt0371724,Garth Jennings,276.0,37.0,Zooey Deschanel,11000.0,Kelly Macdonald,2000.0,Thomas Lennon,651.0,1053.0,10000
tt0396592,Joel Zwick,59.0,38.0,Dania Ramirez,1000.0,Nick Zano,641.0,Alice Greczyn,631.0,91.0,531
tt0432021,Russell Mulcahy,216.0,85.0,Milla Jovovich,14000.0,Mike Epps,706.0,James Tumminia,443.0,348.0,0
tt1086772,Frank Coraci,173.0,153.0,Bella Thorne,35000.0,Adam Sandler,11000.0,Joel McHale,734.0,184.0,12000
tt0408985,Wayne Wang,99.0,61.0,LL Cool J,1000.0,Alicia Witt,976.0,Timothy Hutton,501.0,116.0,0
tt0110997,Curtis Hanson,42.0,161.0,Meryl Streep,11000.0,Glenn Morshower,894.0,William Lucking,132.0,69.0,0
tt0113419,Frank Oz,25.0,0.0,Steve Coogan,1000.0,Vincent Kartheiser,845.0,David Keith,563.0,47.0,0
tt1615065,Oliver Stone,339.0,0.0,Demián Bichir,749.0,Shea Whigham,463.0,Gary Stretch,404.0,269.0,28000
tt0337921,David R. Ellis,127.0,160.0,Richard Burgi,550.0,Valerie Cruz,216.0,Will Beinbrink,167.0,355.0,2000
tt0274166,Peter Howitt,122.0,29.0,Kevin McNally,427.0,Natalie Imbruglia,304.0,Ben Miller,252.0,285.0,2000
tt0429589,John A. Davis,105.0,8.0,Nicolas Cage,12000.0,Meryl Streep,11000.0,Julia Roberts,8000.0,70.0,593
tt0087182,David Lynch,144.0,0.0,Virginia Madsen,913.0,Jürgen Prochnow,362.0,José Ferrer,202.0,569.0,11000
tt0445922,Julie Taymor,156.0,278.0,Jim Sturgess,5000.0,T.V. Carpio,117.0,Robert Clohessy,107.0,524.0,14000
tt0959337,Sam Mendes,323.0,0.0,Leonardo DiCaprio,29000.0,Kate Winslet,14000.0,Joe Komara,10000.0,414.0,0
tt0450232,Richard Donner,199.0,503.0,Bruce Willis,13000.0,David Zayas,929.0,Sasha Roiz,795.0,305.0,0
tt0364970,Mathieu Kassovitz,164.0,326.0,Vin Diesel,14000.0,Charlotte Rampling,844.0,David Belle,510.0,214.0,0
tt0116421,John Gray,39.0,29.0,Alexa PenaVega,2000.0,Bob Gunton,461.0,Keenen Ivory Wayans,322.0,80.0,451
tt0117108,Harold Ramis,43.0,11000.0,John de Lancie,905.0,Brian Doyle-Murray,484.0,Obba Babatundé,451.0,81.0,0
tt0775552,John Schultz,82.0,13.0,Malese Jow,1000.0,Carter Jenkins,701.0,Tim Meadows,553.0,55.0,916
tt0237572,Sean Penn,150.0,0.0,Costas Mandylor,723.0,Adrien Dorval,44.0,Nels Lennarson,19.0,531.0,0
tt0395251,Susan Stroman,168.0,38.0,Jon Lovitz,11000.0,Will Ferrell,8000.0,Matthew Broderick,2000.0,409.0,0
tt1343727,Pete Travis,432.0,38.0,Wood Harris,409.0,Jason Cope,107.0,Rakie Ayola,20.0,588.0,46000
tt0117331,Simon Wincer,60.0,23.0,Cary-Hiroyuki Tagawa,1000.0,Treat Williams,642.0,Kristy Swanson,579.0,148.0,0
tt0149624,Billy Bob Thornton,85.0,0.0,Matt Damon,13000.0,Henry Thomas,861.0,Sam Shepard,820.0,183.0,652
tt0113987,Oliver Stone,83.0,0.0,Anthony Hopkins,12000.0,Bob Hoskins,5000.0,Joan Allen,805.0,161.0,915
tt1139328,Roman Polanski,343.0,2000.0,Jim Belushi,854.0,Olivia Williams,766.0,Timothy Hutton,501.0,349.0,15000
tt0118956,Stephen Sommers,106.0,208.0,Djimon Hounsou,3000.0,Jason Flemyng,1000.0,Wes Studi,855.0,273.0,0
tt1046997,Spike Lee,158.0,0.0,Joseph Gordon-Levitt,23000.0,Omari Hardwick,1000.0,Laz Alonso,826.0,182.0,0
tt0473444,Yimou Zhang,189.0,611.0,Li Gong,879.0,Ye Liu,52.0,Man Li,10.0,229.0,0
tt0814022,Danny Pang,125.0,15.0,Nicolas Cage,12000.0,Charlie Yeung,68.0,James With,61.0,154.0,0
tt0246464,Barry Sonnenfeld,87.0,188.0,Zooey Deschanel,11000.0,Janeane Garofalo,1000.0,Omar Epps,865.0,186.0,892
tt0484740,Mike Newell,115.0,179.0,Marcela Mar,267.0,Giovanna Mezzogiorno,202.0,Unax Ugalde,50.0,115.0,0
tt2521668,,23.0,,Pierre Perrier,164.0,Clotilde Hesme,116.0,Céline Sallette,114.0,47.0,17000
tt0120107,George P. Cosmatos,24.0,170.0,Sam Waterston,849.0,Ben Gazzara,623.0,Nicholas Turturro,269.0,41.0,68
tt1634122,Oliver Parker,152.0,32.0,Daniel Kaluuya,219.0,Tim McInnerny,141.0,Togo Igawa,104.0,142.0,17000
tt0249516,Lawrence Kasanoff,12.0,11.0,Jerry Stiller,719.0,Larry Miller,611.0,Harvey Fierstein,500.0,66.0,0
tt1024648,Ben Affleck,656.0,0.0,Clea DuVall,1000.0,Scoot McNairy,660.0,Tate Donovan,650.0,695.0,89000
tt0106977,Andrew Davis,119.0,99.0,Harrison Ford,11000.0,Daniel Roebuck,1000.0,Sela Ward,812.0,270.0,0
tt1038919,Andy Tennant,161.0,72.0,Gerard Butler,18000.0,Dorian Missick,1000.0,Peter Greene,789.0,135.0,0
tt0117665,Barry Levinson,73.0,272.0,Robert De Niro,22000.0,Brad Pitt,11000.0,Minnie Driver,893.0,259.0,0
tt0089880,George P. Cosmatos,96.0,170.0,Sylvester Stallone,13000.0,Julia Nickson,738.0,Martin Kove,668.0,217.0,0
tt0116731,Brian Gibson,28.0,13.0,Joseph Gordon-Levitt,23000.0,Demi Moore,2000.0,Anne Heche,643.0,62.0,353
tt0032910,Norman Ferguson,105.0,3.0,Mel Blanc,1000.0,Dickie Jones,48.0,Cliff Edwards,40.0,147.0,0
tt0080855,Michael Cimino,102.0,517.0,Jeff Bridges,12000.0,Sam Waterston,849.0,Isabelle Huppert,678.0,189.0,1000
tt0401855,Len Wiseman,206.0,235.0,Sophia Myles,956.0,Tony Curran,845.0,Derek Jacobi,520.0,502.0,0
tt1976009,Paul McGuigan,159.0,118.0,Daniel Radcliffe,11000.0,Spencer Wilding,1000.0,Daniel Mays,287.0,91.0,11000
tt0181536,Gus Van Sant,137.0,835.0,F. Murray Abraham,670.0,Rob Brown,370.0,Michael Nouri,225.0,297.0,0
tt0191754,Betty Thomas,116.0,84.0,Steve Buscemi,12000.0,Viggo Mortensen,10000.0,Elizabeth Perkins,664.0,194.0,0
tt0342258,Louis Leterrier,177.0,255.0,Morgan Freeman,11000.0,Jet Li,5000.0,Bob Hoskins,5000.0,303.0,0
tt0253867,Roger Kumble,99.0,16.0,Judith Chapman,44.0,Lillian Adams,28.0,Chelsea Bond,16.0,403.0,0
tt0106918,Sydney Pollack,56.0,521.0,Tom Cruise,10000.0,Holly Hunter,1000.0,Wilford Brimley,957.0,142.0,0
tt1438254,Burr Steers,117.0,23.0,Augustus Prew,405.0,Charlie Tahan,268.0,Valerie Tian,135.0,75.0,0
tt0472399,Simon West,252.0,165.0,Jason Statham,26000.0,Tony Goldwyn,956.0,Mini Anden,350.0,181.0,16000
tt1232829,Phil Lord,375.0,97.0,Channing Tatum,17000.0,Dax Flame,971.0,Rob Riggle,839.0,345.0,39000
tt0125439,Roger Michell,150.0,50.0,Julia Roberts,8000.0,Clarke Peters,437.0,Dylan Moran,427.0,602.0,11000
tt0120630,Peter Lord,187.0,91.0,Imelda Staunton,579.0,Miranda Richardson,530.0,Julia Sawalha,206.0,358.0,0
tt0343135,John Hamburg,108.0,29.0,Philip Seymour Hoffman,22000.0,Masi Oka,923.0,Debra Messing,650.0,268.0,0
tt0103859,Reginald Hudlin,21.0,71.0,John Witherspoon,723.0,Eartha Kitt,558.0,Geoffrey Holder,547.0,41.0,0
tt2404463,Paul Feig,270.0,176.0,Michael Rapaport,975.0,William Xifaras,815.0,Demián Bichir,749.0,380.0,24000
tt0056937,Joseph L. Mankiewicz,72.0,311.0,Martin Landau,940.0,Richard Burton,726.0,Roddy McDowall,595.0,192.0,0
tt1648179,Frank Coraci,154.0,153.0,Salma Hayek,4000.0,Reggie Lee,828.0,Charice,491.0,112.0,17000
tt0257756,Carl Franklin,114.0,73.0,Morgan Freeman,11000.0,Adam Scott,3000.0,Bruce Davison,505.0,175.0,893
tt0117057,Barbra Streisand,27.0,0.0,Jeff Bridges,12000.0,Austin Pendleton,592.0,Mimi Rogers,292.0,71.0,0
tt0265349,Mark Pellington,166.0,89.0,Debra Messing,650.0,Will Patton,537.0,David Eigenberg,395.0,460.0,0
tt0889583,Larry Charles,288.0,119.0,Bono,468.0,Elton John,442.0,Slash,412.0,396.0,0
tt0097742,John Glen,117.0,46.0,Robert Davi,683.0,Talisa Soto,349.0,Anthony Zerbe,275.0,317.0,0
tt1486185,Catherine Hardwicke,291.0,308.0,Gary Oldman,10000.0,Billy Burke,2000.0,Virginia Madsen,913.0,283.0,20000
tt0179626,John Herzfeld,151.0,17.0,Robert De Niro,22000.0,Charlize Theron,9000.0,Kelsey Grammer,808.0,265.0,748
tt0108255,Annabel Jankel,36.0,5.0,Bob Hoskins,5000.0,Fisher Stevens,922.0,Fiona Shaw,687.0,290.0,0
tt0399295,Andrew Niccol,168.0,487.0,Nicolas Cage,12000.0,Jeremy Crutchley,43.0,Jared Burke,16.0,437.0,10000
tt0299977,Yimou Zhang,283.0,611.0,Jet Li,5000.0,Tony Chiu Wai Leung,643.0,Maggie Cheung,576.0,841.0,0
tt1598828,Julie Anne Robinson,127.0,30.0,Fisher Stevens,922.0,Debbie Reynolds,786.0,Patrick Fischler,497.0,169.0,19000
tt2788710,Evan Goldberg,293.0,133.0,James Franco,11000.0,Randall Park,392.0,Anders Holm,365.0,835.0,50000
tt1032751,Sngmoo Lee,95.0,19.0,Tony Cox,624.0,Dong-gun Jang,489.0,Jed Brophy,433.0,102.0,0
tt0055689,,4.0,,Tim Conway,870.0,Gavin MacLeod,284.0,Bob Hastings,253.0,18.0,455
tt1149361,Jean-Pierre Jeunet,213.0,0.0,Omar Sy,1000.0,Dany Boon,172.0,André Dussollier,52.0,71.0,0
tt0298203,Curtis Hanson,119.0,161.0,Mekhi Phifer,1000.0,Omar Benson Miller,418.0,Evan Jones,196.0,564.0,0
tt1220911,Jamel Debbouze,9.0,326.0,Jamel Debbouze,326.0,Youssef Hajdi,152.0,Mélissa Theuriau,6.0,5.0,161
tt0183790,Brian Helgeland,167.0,241.0,Heath Ledger,13000.0,Rufus Sewell,3000.0,Bérénice Bejo,996.0,658.0,0
tt0288045,Gordon Chan,98.0,4.0,Julian Sands,687.0,Lee Evans,312.0,Anthony Chau-Sang Wong,96.0,132.0,505
tt0167404,M. Night Shyamalan,234.0,0.0,Bruce Willis,13000.0,Haley Joel Osment,3000.0,Olivia Williams,766.0,2073.0,14000
tt1568338,Asger Leth,258.0,20.0,Robert Clohessy,107.0,Mandy Gonzalez,81.0,J. Smith-Cameron,54.0,153.0,11000
tt1053810,David Frankel,108.0,64.0,Joel McHale,734.0,Kevin Pollak,574.0,JoBeth Williams,296.0,125.0,11000
tt0087538,John G. Avildsen,81.0,80.0,Martin Kove,668.0,William Zabka,641.0,William Bassett,225.0,235.0,0
tt1800241,David O. Russell,538.0,737.0,Jennifer Lawrence,34000.0,Christian Bale,23000.0,Bradley Cooper,14000.0,751.0,63000
tt1041829,Anne Fletcher,224.0,98.0,Ryan Reynolds,16000.0,Denis O'Hare,896.0,Craig T. Nelson,723.0,273.0,10000
tt0150377,Bruce Beresford,129.0,78.0,Bruce Greenwood,984.0,Annabeth Gish,489.0,Bruce Campbell,298.0,336.0,0
tt0096874,Robert Zemeckis,125.0,0.0,Lea Thompson,1000.0,Jeffrey Weissman,869.0,Thomas F. Wilson,690.0,327.0,12000
tt2872732,Luc Besson,433.0,0.0,Scarlett Johansson,19000.0,Morgan Freeman,11000.0,Amr Waked,903.0,918.0,83000
tt2322441,Sam Taylor-Johnson,362.0,456.0,Jennifer Ehle,1000.0,Luke Grimes,935.0,Callum Rennie,716.0,1360.0,101000
tt0338459,Robert Rodriguez,93.0,0.0,Sylvester Stallone,13000.0,Salma Hayek,4000.0,Alexa PenaVega,2000.0,188.0,681
tt0117913,Joel Schumacher,71.0,541.0,Kevin Spacey,18000.0,Matthew McConaughey,11000.0,Oliver Platt,1000.0,236.0,0
tt0349205,Shawn Levy,104.0,189.0,Tom Welling,3000.0,Alyson Stoner,2000.0,Bonnie Hunt,597.0,288.0,0
tt1091191,Peter Berg,319.0,532.0,Jerry Ferrara,480.0,Scott Elrod,449.0,Dan Bilzerian,127.0,420.0,58000
tt0104694,Penny Marshall,41.0,545.0,Tom Hanks,15000.0,Lori Petty,923.0,Rosie O'Donnell,251.0,166.0,0
tt3065204,James Wan,300.0,0.0,Javier Botet,1000.0,Frances O'Connor,575.0,Robin Atkin Downes,336.0,279.0,40000
tt1285016,David Fincher,556.0,21000.0,Andrew Garfield,10000.0,Dustin Fitzsimons,349.0,Marcella Lentz-Pope,81.0,696.0,74000
tt1001508,Ken Kwapis,161.0,42.0,Carmen Perez,97.0,Sabrina Revelle,50.0,Sachiko Ishida,49.0,203.0,12000
tt0362120,David Zucker,151.0,119.0,Beau Mirchoff,2000.0,Carmen Electra,869.0,Regina Hall,807.0,410.0,1000
tt0134084,Wes Craven,212.0,0.0,Kelly Rutherford,287.0,Roger Jackson,157.0,Nancy O'Dell,71.0,734.0,0
tt0099088,Robert Zemeckis,111.0,0.0,Lea Thompson,1000.0,Jeffrey Weissman,869.0,Thomas F. Wilson,690.0,263.0,0
tt2561572,Etan Cohen,173.0,164.0,Will Ferrell,8000.0,Alison Brie,2000.0,Craig T. Nelson,723.0,144.0,14000
tt0103874,Francis Ford Coppola,181.0,0.0,Keanu Reeves,18000.0,Anthony Hopkins,12000.0,Gary Oldman,10000.0,654.0,14000
tt1135503,Nora Ephron,252.0,0.0,Meryl Streep,11000.0,Mary Lynn Rajskub,935.0,Vanessa Ferlito,923.0,277.0,13000
tt0453562,Brian Helgeland,216.0,241.0,Harrison Ford,11000.0,Christopher Meloni,3000.0,Nicole Beharie,898.0,200.0,28000
tt0134119,Anthony Minghella,203.0,333.0,Philip Seymour Hoffman,22000.0,Matt Damon,13000.0,Jack Davenport,1000.0,696.0,0
tt2096672,Bobby Farrelly,218.0,101.0,Bill Murray,13000.0,Kathleen Turner,899.0,Rob Riggle,839.0,285.0,55000
tt0397313,Frank Marshall,118.0,155.0,Paul Walker,23000.0,Bruce Greenwood,984.0,Wendy Crewson,249.0,263.0,11000
tt2361509,Nancy Meyers,241.0,278.0,Robert De Niro,22000.0,Anne Hathaway,11000.0,Rene Russo,808.0,304.0,54000
tt2869728,Tim Story,119.0,167.0,Olivia Munn,2000.0,Nadine Velazquez,874.0,Bruce McGill,655.0,58.0,0
tt0104691,Michael Mann,89.0,0.0,Wes Studi,855.0,Terry Kinney,363.0,Eric Schweig,322.0,382.0,0
tt0350258,Taylor Hackford,209.0,138.0,Bokeem Woodbine,904.0,Curtis Armstrong,876.0,Harry Lennix,748.0,433.0,0
tt0401792,Frank Miller,374.0,436.0,Rosario Dawson,3000.0,Powers Boothe,472.0,Jason Douglas,175.0,1732.0,13000
tt0443274,Pete Travis,235.0,38.0,Dennis Quaid,2000.0,Edgar Ramírez,897.0,William Hurt,882.0,422.0,0
tt1155056,John Hamburg,215.0,29.0,J.K. Simmons,24000.0,Jon Favreau,4000.0,Jane Curtin,257.0,215.0,0
tt0256380,Bobby Farrelly,109.0,101.0,Jason Alexander,700.0,Bruce McGill,655.0,Susan Ward,398.0,426.0,0
tt0102138,Oliver Stone,125.0,0.0,Sally Kirkland,433.0,Jay O. Sanders,256.0,Cheryl Penland,4.0,442.0,0
tt0421729,John Whitesell,65.0,14.0,Chloë Grace Moretz,17000.0,Nia Long,826.0,Marisol Nichols,633.0,82.0,663
tt0236493,Gore Verbinski,125.0,563.0,J.K. Simmons,24000.0,Brad Pitt,11000.0,Julia Roberts,8000.0,344.0,2000
tt1809398,Angelina Jolie Pitt,322.0,11000.0,Finn Wittrock,769.0,Jack O'Connell,698.0,Alex Russell,465.0,351.0,35000
tt0974661,Burr Steers,191.0,23.0,Matthew Perry,2000.0,Hunter Parrish,2000.0,Thomas Lennon,651.0,185.0,0
tt2203939,Nick Cassavetes,191.0,415.0,Don Johnson,982.0,Kate Upton,971.0,David Thornton,119.0,189.0,16000
tt1144884,David R. Ellis,221.0,160.0,Krista Allen,164000.0,Andrew Fiscella,137000.0,Shantel VanSanten,748.0,290.0,0
tt3682448,Steven Spielberg,459.0,14000.0,Tom Hanks,15000.0,Mark Rylance,535.0,Amy Ryan,423.0,355.0,55000
tt0159273,John Moore,131.0,212.0,Joaquim de Almeida,578.0,David Keith,563.0,Sam Jaeger,389.0,411.0,0
tt1226229,Nicholas Stoller,222.0,89.0,Pink,836.0,Mario Lopez,719.0,Lino Facioli,177.0,197.0,12000
tt0358135,Peter Chelsom,118.0,23.0,Lisa Ann Walter,1000.0,Nick Cannon,593.0,Omar Benson Miller,418.0,211.0,0
tt0122718,Joe Dante,100.0,287.0,Kirsten Dunst,4000.0,Denis Leary,835.0,Robert Picardo,823.0,139.0,0
tt0120177,Mark A.Z. Dippé,70.0,20.0,Michael Jai White,2000.0,Frank Welker,2000.0,Miko Hughes,968.0,209.0,0
tt0245844,Kevin Reynolds,138.0,58.0,Henry Cavill,15000.0,James Frain,1000.0,Michael Wincott,720.0,544.0,0
tt1189340,Brad Furman,274.0,65.0,Matthew McConaughey,11000.0,Margarita Levieva,980.0,Frances Fisher,638.0,203.0,25000
tt1401152,Jaume Collet-Serra,349.0,174.0,Liam Neeson,14000.0,Frank Langella,903.0,Aidan Quinn,767.0,332.0,29000
tt0482571,Christopher Nolan,341.0,22000.0,Christian Bale,23000.0,Hugh Jackman,20000.0,Scarlett Johansson,19000.0,1100.0,49000
tt2170439,Sean Anders,196.0,51.0,Kevin Spacey,18000.0,Christoph Waltz,11000.0,Lindsay Sloane,465.0,187.0,12000
tt0765446,Cal Brunker,83.0,7.0,Brendan Fraser,3000.0,Paul Scheer,190.0,Jonathan Morgan Heit,91.0,44.0,0
tt0472043,Mel Gibson,283.0,0.0,Rudy Youngblood,708.0,Dalia Hernández,78.0,Jonathan Brewer,19.0,1043.0,14000
tt0093428,John Glen,105.0,46.0,Joe Don Baker,387.0,Desmond Llewelyn,244.0,Art Malik,162.0,271.0,0
tt1424381,Nimród Antal,351.0,190.0,Topher Grace,2000.0,Alice Braga,1000.0,Derek Mears,520.0,619.0,17000
tt0091396,Ivan Reitman,16.0,425.0,Brian Dennehy,954.0,Debra Winger,568.0,Roscoe Lee Browne,204.0,34.0,263
tt0363988,David Koepp,195.0,192.0,Johnny Depp,40000.0,Charles S. Dutton,534.0,Timothy Hutton,501.0,531.0,0
tt0410297,Alejandro Agresti,175.0,18.0,Keanu Reeves,18000.0,Dylan Walsh,426.0,Ebon Moss-Bachrach,211.0,548.0,0
tt0397101,Iain Softley,193.0,34.0,Gena Rowlands,545.0,Deneen Tyler,351.0,Joy Bryant,280.0,371.0,0
tt1462769,Peter Hedges,169.0,54.0,Jennifer Garner,3000.0,Odeya Rush,2000.0,Common,988.0,110.0,11000
tt0866439,Paul Weiland,128.0,10.0,Busy Philipps,1000.0,Beau Garrett,689.0,Kevin Sussman,681.0,101.0,3000
tt1742044,Clint Eastwood,249.0,16000.0,Johnny Cannizzaro,880.0,Steve Schirripa,413.0,Scott Vance,235.0,190.0,16000
tt0119978,Francis Ford Coppola,91.0,0.0,Matt Damon,13000.0,Dean Stockwell,936.0,Virginia Madsen,913.0,141.0,0
tt0348836,Mathieu Kassovitz,207.0,326.0,Robert Downey Jr.,21000.0,Charles S. Dutton,534.0,Bernard Hill,416.0,376.0,0
tt0118607,Steven Spielberg,77.0,14000.0,Anthony Hopkins,12000.0,Morgan Freeman,11000.0,Matthew McConaughey,11000.0,227.0,0
tt0104839,John McTiernan,25.0,323.0,Lorraine Bracco,472.0,José Wilker,47.0,Sean Connery,0.0,56.0,694
tt0758730,Colin Strause,211.0,25.0,Sam Trammell,1000.0,Johnny Lewis,741.0,Ian Whyte,473.0,998.0,0
tt0110989,Donald Petrie,19.0,80.0,Macaulay Culkin,3000.0,John Larroquette,450.0,Jonathan Hyde,287.0,39.0,0
tt0174480,Joan Chen,101.0,643.0,J.K. Simmons,24000.0,Sam Trammell,1000.0,Elaine Stritch,586.0,180.0,0
tt0758766,Marc Lawrence,175.0,30.0,Brad Garrett,799.0,Scott Porter,690.0,Haley Bennett,664.0,291.0,0
tt1092026,Greg Mottola,342.0,99.0,Bobby Lee,176.0,Nelson Ascencio,61.0,Jeremy Owen,57.0,334.0,42000
tt1694020,Anne Fletcher,147.0,98.0,Miriam Margolyes,405.0,Tom Virtue,358.0,Julene Renee,78.0,103.0,0
tt1262416,Wes Craven,420.0,0.0,Alison Brie,2000.0,Aimee Teegarden,741.0,Shenae Grimes-Beech,687.0,518.0,26000
tt0134273,Joel Schumacher,138.0,541.0,Nicolas Cage,12000.0,Chris Bauer,638.0,Anthony Heald,173.0,587.0,0
tt0101761,Oliver Stone,82.0,0.0,Michael Wincott,720.0,Kevin Dillon,576.0,Kathleen Quinlan,552.0,209.0,0
tt1956620,Jake Kasdan,201.0,52.0,James Wilcox,683.0,Randall Park,392.0,Nat Faxon,214.0,158.0,0
tt0162983,Diane Keaton,82.0,0.0,Adam Arkin,374.0,Celia Weston,258.0,Jesse James,235.0,130.0,390
tt1622979,Steven Quale,277.0,77.0,Emma Bell,703.0,Jacqueline MacInnes Wood,682.0,Courtney B. Vance,495.0,227.0,20000
tt0130121,Kelly Makin,90.0,6.0,Jeanne Tripplehorn,711.0,Burt Young,683.0,Vincent Pastore,584.0,117.0,445
tt0223897,Mimi Leder,157.0,75.0,Kevin Spacey,18000.0,Haley Joel Osment,3000.0,Angie Dickinson,754.0,660.0,16000
tt0332047,Bobby Farrelly,124.0,101.0,Jimmy Fallon,787.0,KaDee Strickland,299.0,Ione Skye,223.0,208.0,0
tt0169414,,3.0,,Bruce Dinsmore,51.0,Melissa Altro,21.0,Daniel Brochu,12.0,43.0,301
tt0817538,Steven Brill,146.0,65.0,Lisa Ann Walter,1000.0,Shaun Weiss,613.0,Matt Walsh,490.0,101.0,702
tt2557490,Seth MacFarlane,303.0,3000.0,Liam Neeson,14000.0,Charlize Theron,9000.0,Seth MacFarlane,3000.0,416.0,24000
tt0111143,Russell Mulcahy,70.0,85.0,Jonathan Winters,924.0,Peter Boyle,595.0,John Kapelos,510.0,146.0,0
tt0477302,Stephen Daldry,283.0,335.0,Tom Hanks,15000.0,Thomas Horn,467.0,Stephen Henderson,64.0,341.0,39000
tt1126618,Roger Michell,212.0,50.0,Noah Bean,293.0,Patti D'Arbanville,117.0,Vanessa Aspillaga,58.0,156.0,0
tt0430308,Jim Sheridan,98.0,260.0,50 Cent,1000.0,Bill Duke,1000.0,Marc John Jefferies,441.0,284.0,0
tt0160009,Christian Duguay,110.0,18.0,Michael Biehn,2000.0,Cary-Hiroyuki Tagawa,1000.0,Anne Archer,249.0,167.0,470
tt0294870,Chris Columbus,146.0,0.0,Rosario Dawson,3000.0,David Fine,1000.0,Jesse L. Martin,715.0,754.0,3000
tt0163983,Chuck Russell,100.0,55.0,Rufus Sewell,3000.0,Jimmy Smits,941.0,Angela Bettis,294.0,188.0,394
tt0129280,Sam Weisman,62.0,39.0,Oliver Hudson,607.0,Valerie Perri,322.0,Carlease Burke,210.0,105.0,279
tt0116654,John Frankenheimer,70.0,287.0,Marlon Brando,10000.0,Temuera Morrison,368.0,Marco Hofschneider,44.0,164.0,0
tt0246544,Peter Hyams,107.0,0.0,Catherine Deneuve,964.0,Justin Chambers,931.0,Stephen Rea,327.0,291.0,299
tt0467200,Justin Chadwick,169.0,56.0,Natalie Portman,20000.0,Scarlett Johansson,19000.0,Benedict Cumberbatch,19000.0,252.0,0
tt0230838,Pat O'Connor,94.0,7.0,Keanu Reeves,18000.0,Charlize Theron,9000.0,Frank Langella,903.0,274.0,8000
tt0444682,Stephen Hopkins,190.0,81.0,Stephen Rea,327.0,Andrea Frankle,253.0,William Ragsdale,135.0,178.0,0
tt0070379,Martin Scorsese,112.0,17000.0,Robert De Niro,22000.0,David Carradine,926.0,David Proval,354.0,223.0,0
tt0110971,Penny Marshall,12.0,545.0,Ed Begley Jr.,783.0,Cliff Robertson,754.0,Lillo Brancato,353.0,61.0,680
tt1657507,Olivier Megaton,201.0,118.0,Jordi Mollà,877.0,Callum Blue,738.0,Jesse Borrego,674.0,203.0,15000
tt0120800,Frederik Du Chau,34.0,7.0,Gary Oldman,10000.0,Jaleel White,908.0,Eric Idle,795.0,67.0,0
tt0269095,Michael Caton-Jones,104.0,105.0,Robert De Niro,22000.0,James Franco,11000.0,John Doman,616.0,166.0,416
tt0132512,Irwin Winkler,55.0,34.0,Mira Sorvino,978.0,Nathan Lane,886.0,Steven Weber,685.0,106.0,0
tt0329691,Joseph Kahn,86.0,33.0,Dane Cook,1000.0,Jay Hernandez,1000.0,Christina Milian,1000.0,207.0,0
tt0115907,Harold Becker,50.0,17.0,Al Pacino,14000.0,Martin Landau,940.0,Bridget Fonda,889.0,60.0,309
tt0114436,Paul Verhoeven,181.0,719.0,Bobbie Phillips,16000.0,Elizabeth Berkley,893.0,Robert Davi,683.0,450.0,0
tt0422720,Sofia Coppola,260.0,0.0,Kirsten Dunst,4000.0,Shirley Henderson,887.0,Rip Torn,826.0,619.0,0
tt0113552,Barbet Schroeder,40.0,58.0,Nicolas Cage,12000.0,Michael Rapaport,975.0,Philip Baker Hall,497.0,60.0,555
tt0208988,Stephen Kay,102.0,19.0,Sylvester Stallone,13000.0,Miranda Richardson,530.0,Lauren Lee Smith,351.0,284.0,604
tt1649419,J.A. Bayona,371.0,171.0,Naomi Watts,6000.0,Geraldine Chaplin,382.0,Oaklee Pendergast,284.0,322.0,54000
tt0093278,Elaine May,49.0,124.0,Carol Kane,636.0,Warren Beatty,631.0,Isabelle Adjani,572.0,126.0,754
tt0432283,Wes Anderson,335.0,0.0,Bill Murray,13000.0,Meryl Streep,11000.0,Helen McCrory,563.0,245.0,15000
tt0282687,Stephen Herek,86.0,65.0,Angelina Jolie Pitt,11000.0,Stockard Channing,944.0,James Gammon,311.0,128.0,835
tt0104850,John Carpenter,40.0,0.0,Richard Epcar,782.0,Michael McKean,658.0,Patricia Heaton,402.0,66.0,630
tt0211915,Jean-Pierre Jeunet,242.0,0.0,Mathieu Kassovitz,326.0,Jamel Debbouze,326.0,Isabelle Nanty,54.0,1314.0,39000
tt0363282,Dennie Gordon,70.0,29.0,Mary-Kate Olsen,976.0,Bob Saget,799.0,Riley Smith,762.0,111.0,849
tt0375173,Charles Shyer,135.0,14.0,Omar Epps,865.0,Nia Long,826.0,Jane Krakowski,624.0,146.0,0
tt1430615,Ken Kwapis,125.0,42.0,Ted Danson,875.0,Tim Blake Nelson,596.0,Andrew Daly,171.0,66.0,0
tt0120646,Ulu Grosbard,54.0,22.0,Alexa PenaVega,2000.0,Treat Williams,642.0,Jonathan Jackson,613.0,111.0,579
tt0295254,William Malone,104.0,37.0,Natascha McElhone,2000.0,Jeffrey Combs,886.0,Udo Kier,595.0,388.0,612
tt0450405,Paul Weitz,157.0,80.0,Josh Hutcherson,14000.0,Salma Hayek,4000.0,Patrick Fugit,835.0,157.0,0
tt1976009,Paul McGuigan,159.0,118.0,Daniel Radcliffe,11000.0,Spencer Wilding,1000.0,Daniel Mays,287.0,91.0,11000
tt0266489,Danny DeVito,78.0,0.0,Justin Theroux,1000.0,Amber Valletta,627.0,Harvey Fierstein,500.0,147.0,0
tt1111948,Malcolm D. Lee,88.0,92.0,Bernie Mac,1000.0,Sean Hayes,760.0,Mike Epps,706.0,25.0,866
tt0081400,Jerry Jameson,32.0,5.0,M. Emmet Walsh,521.0,Jason Robards,372.0,Anne Archer,249.0,70.0,328
tt0176269,Mic Rodgers,75.0,7.0,Michael Jai White,2000.0,Daniel von Bargen,577.0,Xander Berkeley,485.0,162.0,401
tt1188729,Christian Alvart,219.0,22.0,Norman Reedus,12000.0,Dennis Quaid,2000.0,Eddie Rouse,61.0,310.0,10000
tt0160399,Gary Fleder,83.0,39.0,Gary Dourdan,1000.0,Mekhi Phifer,1000.0,Tim Guinee,259.0,207.0,892
tt0283160,Christian Duguay,53.0,18.0,Rufus Sewell,3000.0,Bridgette Wilson-Sampras,545.0,Rupert Graves,443.0,82.0,158
tt0189192,Jean-Marie Poiré,61.0,8.0,Bridgette Wilson-Sampras,545.0,Matt Ross,248.0,John Aylward,219.0,98.0,565
tt0448134,Danny Boyle,308.0,0.0,Chris Evans,11000.0,Benedict Wong,372.0,Troy Garity,167.0,801.0,15000
tt0763831,Brian Robbins,70.0,48.0,John Gatins,61.0,Lou Saliba,46.0,Greg Collins,39.0,93.0,0
tt0361500,Marc F. Adler,41.0,0.0,Eric Idle,795.0,Anne Bancroft,754.0,Kelly Ripa,379.0,26.0,211
tt2515034,Pierre Morel,224.0,180.0,Ray Winstone,1000.0,Mark Rylance,535.0,Jasmine Trinca,87.0,110.0,0
tt0457495,Geoffrey Sax,66.0,13.0,Alex Pettyfer,15000.0,Sophie Okonedo,460.0,Ashley Walters,173.0,187.0,823
tt0486822,D.J. Caruso,253.0,154.0,Sarah Roemer,884.0,Aaron Yoo,617.0,Jose Pablo Cantillo,502.0,491.0,0
tt0113243,Iain Softley,79.0,34.0,Angelina Jolie Pitt,11000.0,Fisher Stevens,922.0,Lorraine Bracco,472.0,223.0,12000
tt0455782,Richard Shepard,94.0,47.0,James Brolin,499.0,Zan Marolt,3.0,Ljubomir Kerekes,2.0,90.0,0
tt0110074,Joel Coen,77.0,0.0,Jennifer Jason Leigh,1000.0,Bill Cobbs,970.0,John Mahoney,385.0,211.0,0
tt0913968,Peter Ho-Sun Chan,106.0,31.0,Jet Li,5000.0,Takeshi Kaneshiro,755.0,Andy Lau,483.0,61.0,0
tt0374089,Sergey Bodrov,30.0,44.0,Jay Hernandez,1000.0,Kuno Becker,580.0,Jason Scott Lee,533.0,32.0,265
tt1706620,Joon-ho Bong,488.0,584.0,Chris Evans,11000.0,Ewen Bremner,557.0,Kang-ho Song,398.0,514.0,58000
tt0961097,Bibo Bergeron,63.0,10.0,Adam Goldberg,1000.0,Bob Balaban,559.0,François Cluzet,541.0,40.0,0
tt0357054,Jeff Nathanson,42.0,23.0,Matthew Broderick,2000.0,Glenn Morshower,894.0,Tim Blake Nelson,596.0,39.0,89
tt0109506,Alex Proyas,118.0,295.0,Michael Wincott,720.0,Bai Ling,581.0,David Patrick Kelly,380.0,545.0,15000
tt2631186,S.S. Rajamouli,44.0,50.0,Tamannaah Bhatia,218.0,Anushka Shetty,133.0,Prabhas,72.0,410.0,21000
tt0452694,Robert Schwentke,214.0,124.0,Arliss Howard,152.0,Brooklynn Proulx,142.0,Michelle Nolden,100.0,234.0,13000
tt0490084,Michael Lehmann,110.0,36.0,Colin Ferguson,747.0,Stephen Collins,452.0,Tom Everett Scott,433.0,184.0,0
tt0232500,Rob Cohen,187.0,357.0,Paul Walker,23000.0,Vin Diesel,14000.0,Jordana Brewster,4000.0,988.0,14000
tt1142977,Tim Burton,370.0,13000.0,Martin Landau,940.0,Catherine O'Hara,925.0,Atticus Shaffer,787.0,165.0,25000
tt0379786,Joss Whedon,276.0,0.0,Adam Baldwin,2000.0,Sean Maher,505.0,Michael Hitchcock,279.0,1594.0,14000
tt0312329,Charles S. Dutton,76.0,534.0,Omar Epps,865.0,Charles S. Dutton,534.0,Tim Daly,511.0,50.0,177
tt0086393,Richard Lester,95.0,44.0,Margot Kidder,593.0,Robert Vaughn,542.0,Jackie Cooper,420.0,224.0,0
tt1661382,Peter Segal,211.0,88.0,Robert De Niro,22000.0,Sylvester Stallone,13000.0,Oscar Gale,785.0,115.0,12000
tt0425637,John Woo,160.0,610.0,Takeshi Kaneshiro,755.0,Tony Chiu Wai Leung,643.0,Wei Zhao,478.0,105.0,0
tt0256415,Andy Tennant,97.0,72.0,Ethan Embry,982.0,Mary Lynn Rajskub,935.0,Courtney Gains,559.0,392.0,0
tt1142988,Robert Luketic,174.0,126.0,Gerard Butler,18000.0,John Michael Higgins,957.0,Eric Winter,954.0,169.0,9000
tt0117608,Jonathan Lynn,23.0,36.0,Austin Pendleton,592.0,Phil Hartman,516.0,Max Casella,275.0,73.0,478
tt0287717,Robert Rodriguez,103.0,0.0,Steve Buscemi,12000.0,Alexa PenaVega,2000.0,Emily Osment,1000.0,107.0,478
tt0111280,David Carson,98.0,18.0,LeVar Burton,1000.0,Alan Ruck,946.0,Jonathan Frakes,906.0,249.0,0
tt1462900,Kar-Wai Wong,273.0,0.0,Tony Chiu Wai Leung,643.0,Hye-kyo Song,290.0,Elvis Tsui,7.0,111.0,13000
tt1067583,Francis Lawrence,279.0,508.0,Robert Pattinson,21000.0,Christoph Waltz,11000.0,James Frain,1000.0,260.0,33000
tt0115082,,22.0,,Joseph Gordon-Levitt,23000.0,Wayne Knight,967.0,Kristen Johnston,501.0,86.0,0
tt2911342,Yuefeng Song,4.0,0.0,Blythe Auffarth,76.0,Bianca Collins,47.0,Jiao Xu,46.0,18.0,0
tt0174856,Norman Jewison,65.0,278.0,Denzel Washington,18000.0,Vincent Pastore,584.0,Deborah Kara Unger,494.0,265.0,0
tt0278435,Michael Apted,98.0,150.0,Bill Cobbs,970.0,Jeff Kober,919.0,Billy Campbell,789.0,234.0,0
tt0125022,David Mirkin,116.0,7.0,Sarah Silverman,931.0,Anne Bancroft,754.0,Jeffrey Jones,692.0,216.0,989
tt3450650,Andy Fickman,76.0,99.0,D.B. Woodside,598.0,Daniella Alonso,557.0,Eduardo Verástegui,377.0,123.0,8000
tt0225071,Luis Mandoki,106.0,43.0,Sonia Braga,308.0,Shirley Knight,285.0,Kari Matchett,280.0,180.0,689
tt0279889,John Pasquin,55.0,11.0,Jim Belushi,854.0,Ken Marino,543.0,Kelly Lynch,466.0,85.0,168
tt0142688,Roman Polanski,172.0,2000.0,Johnny Depp,40000.0,Frank Langella,903.0,Lena Olin,541.0,638.0,0
tt0116259,Michael Apted,47.0,150.0,J.K. Simmons,24000.0,Paul Guilfoyle,210.0,Bill Nunn,182.0,75.0,352
tt0202470,Stephen Herek,107.0,65.0,Beth Grant,628.0,Dagmara Dominczyk,316.0,Matthew Glave,108.0,191.0,0
tt0929632,Lee Daniels,323.0,304.0,Mo'Nique,940.0,Gabourey Sidibe,906.0,Mariah Carey,736.0,275.0,12000
tt0118158,Ridley Scott,37.0,0.0,Jeff Bridges,12000.0,Jason Marsden,1000.0,Ethan Embry,982.0,89.0,911
tt0084787,John Carpenter,297.0,0.0,Wilford Brimley,957.0,Richard Masur,163.0,David Clennon,145.0,911.0,23000
tt1411250,David Twohy,302.0,123.0,Vin Diesel,14000.0,Nolan Gerard Funk,924.0,Bokeem Woodbine,904.0,343.0,39000
tt0119210,Jeb Stuart,38.0,11.0,Gregory Scott Cummins,37.0,Claudia Stedelin,12.0,Ted Markland,12.0,81.0,389
tt0193560,Steve Miner,31.0,49.0,Tom Skerritt,1000.0,Usher Raymond,569.0,Leonor Varela,427.0,67.0,474
tt0970411,Gil Kenan,118.0,27.0,Bill Murray,13000.0,Toby Jones,2000.0,Harry Treadaway,260.0,102.0,0
tt1560747,Paul Thomas Anderson,546.0,0.0,Mike Howard,378.0,Jeffrey W. Jenkins,18.0,Bruce Goodchild,15.0,405.0,27000
tt0437954,David Leland,21.0,2.0,Hayden Christensen,4000.0,Ryan Cartwright,476.0,David Walliams,217.0,28.0,366
tt0469903,Gary Fleder,86.0,39.0,Dennis Quaid,2000.0,Nicole Beharie,898.0,Charles S. Dutton,534.0,45.0,0
tt2304933,J Blakeson,194.0,5.0,Chloë Grace Moretz,17000.0,Maggie Siff,1000.0,Nick Robinson,724.0,266.0,14000
tt3076658,Ryan Coogler,437.0,0.0,Sylvester Stallone,13000.0,Phylicia Rashad,597.0,Graham McTavish,531.0,362.0,70000
tt0840361,Ben Affleck,378.0,0.0,Jeremy Renner,10000.0,Jon Hamm,4000.0,Owen Burke,206.0,420.0,29000
tt1586265,Kirk Jones,170.0,52.0,Anna Kendrick,10000.0,Dennis Quaid,2000.0,Thomas Lennon,651.0,89.0,14000
tt0887883,Ethan Coen,341.0,1000.0,J.K. Simmons,24000.0,Brad Pitt,11000.0,Kevin Sussman,681.0,545.0,0
tt0410377,Jennifer Flackett,139.0,3.0,Gerard Butler,18000.0,Anthony Simcoe,82.0,Christopher James Baker,35.0,110.0,0
tt1979320,Ron Howard,393.0,2000.0,Chris Hemsworth,26000.0,Olivia Wilde,10000.0,Alexandra Maria Lara,471.0,475.0,83000
tt0175880,Paul Thomas Anderson,224.0,0.0,Patton Oswalt,786.0,Neil Flynn,625.0,Jim Meskimen,272.0,1437.0,13000
tt1385867,Kevin Smith,203.0,0.0,Bruce Willis,13000.0,Tracy Morgan,642.0,Kevin Pollak,574.0,176.0,0
tt1292566,Christian Ditter,148.0,11.0,Alison Brie,2000.0,Damon Wayans Jr.,756.0,Nicholas Braun,591.0,83.0,15000
tt1564349,Charles Martin Smith,131.0,188.0,Morgan Freeman,11000.0,Michael Roark,680.0,Harry Connick Jr.,631.0,86.0,0
tt1099212,Catherine Hardwicke,350.0,308.0,Kristen Stewart,17000.0,Taylor Lautner,12000.0,Anna Kendrick,10000.0,1535.0,19000
tt0251160,Nick Cassavetes,129.0,415.0,Denzel Washington,18000.0,Laura Harring,669.0,Anne Heche,644.0,394.0,0
tt0181316,Les Mayfield,40.0,10.0,Peter Greene,789.0,Dave Chappelle,744.0,Tamala Jones,405.0,144.0,0
tt1723121,Rawson Marshall Thurber,289.0,43.0,Laura-Leigh,740.0,Molly C. Quinn,707.0,Thomas Lennon,651.0,301.0,35000
tt0972558,Fedor Bondarchuk,14.0,35.0,Yuliya Snigir,463.0,Fedor Bondarchuk,35.0,Aleksey Serebryakov,30.0,21.0,240
tt0118771,Jonathan Mostow,72.0,84.0,Kathleen Quinlan,551.0,M.C. Gainey,284.0,J.T. Walsh,263.0,218.0,0
tt0086006,Irvin Kershner,89.0,883.0,Bernie Casey,180.0,Klaus Maria Brandauer,172.0,Barbara Carrera,133.0,214.0,0
tt1231587,Steve Pink,265.0,38.0,Charlie McDermott,496.0,Collette Wolfe,390.0,Crystal Lowe,318.0,243.0,12000
tt2978462,Charles Martin Smith,54.0,188.0,Morgan Freeman,11000.0,Taylor Blackwell,641.0,Harry Connick Jr.,631.0,33.0,0
tt0184858,John Frankenheimer,126.0,287.0,Charlize Theron,9000.0,James Frain,1000.0,Clarence Williams III,475.0,212.0,852
tt0266465,F. Gary Gray,110.0,473.0,Vin Diesel,14000.0,Jeff Kober,919.0,Larenz Tate,582.0,135.0,0
tt1243974,Cameron Crowe,138.0,488.0,Emma Stone,15000.0,Bradley Cooper,14000.0,Bill Murray,13000.0,172.0,11000
tt0116410,Rob Reiner,31.0,0.0,Alexa PenaVega,2000.0,Virginia Madsen,912.0,Craig T. Nelson,723.0,57.0,591
tt0120834,Scott Hicks,95.0,96.0,Rick Yune,746.0,Reeve Carney,602.0,Daniel von Bargen,577.0,194.0,846
tt1161864,Mikael Håfström,267.0,101.0,Anthony Hopkins,12000.0,Colin O'Donoghue,3000.0,Toby Jones,2000.0,197.0,23000
tt0119177,Andrew Niccol,175.0,487.0,Blair Underwood,685.0,Xander Berkeley,485.0,Mason Gamble,263.0,641.0,17000
tt0141399,Andrew Bergman,63.0,31.0,Stockard Channing,944.0,Nathan Lane,886.0,John Larroquette,450.0,64.0,133
tt0482603,Kirk De Micco,85.0,16.0,Cheryl Hines,541.0,Kenan Thompson,521.0,Omid Abtahi,387.0,45.0,279
tt0325537,Chris Rock,44.0,0.0,Bernie Mac,1000.0,Dylan Baker,812.0,Tracy Morgan,642.0,80.0,638
tt1119646,Todd Phillips,334.0,480.0,Bradley Cooper,14000.0,Rob Riggle,839.0,Mike Epps,706.0,626.0,24000
tt2888046,Wilson Yip,78.0,25.0,Mike Tyson,461.0,Lynn Hung,79.0,Kwok-Kwan Chan,51.0,45.0,12000
tt0145660,Jay Roach,199.0,116.0,Muse Watson,45000.0,Verne Troyer,645.0,Robert Wagner,481.0,784.0,0
tt0096895,Tim Burton,186.0,13000.0,Michael Gough,920.0,Jack Palance,549.0,William Hootkins,488.0,817.0,12000
tt1316616,Roland Joffé,77.0,596.0,Jordi Mollà,877.0,Dougray Scott,794.0,Lily Cole,785.0,53.0,2000
tt0104714,Richard Donner,68.0,503.0,Rene Russo,808.0,Nick Chinlund,277.0,Stuart Wilson,94.0,136.0,0
tt0878804,John Lee Hancock,261.0,102.0,Catherine Dyer,768.0,Quinton Aaron,734.0,Kim Dickens,624.0,420.0,38000
tt4085584,,5.0,,Jon Foo,778.0,Aimee Garcia,618.0,Wendie Malick,452.0,30.0,0
tt0227538,Robert Rodriguez,122.0,0.0,Alexa PenaVega,2000.0,Cheech Marin,843.0,Daryl Sabara,640.0,205.0,0
tt1499658,Seth Gordon,340.0,91.0,Kevin Spacey,18000.0,Lindsay Sloane,464.0,Reginald Ballard,64.0,387.0,31000
tt1403865,Ethan Coen,493.0,1000.0,Matt Damon,13000.0,Jeff Bridges,12000.0,Bruce Green,538.0,724.0,36000
tt0458352,David Frankel,208.0,64.0,Meryl Streep,11000.0,Anne Hathaway,11000.0,Rebecca Mader,505.0,631.0,0
tt0079945,Robert Wise,134.0,338.0,Leonard Nimoy,12000.0,Nichelle Nichols,664.0,Walter Koenig,643.0,405.0,0
tt2024432,Seth Gordon,275.0,91.0,Jon Favreau,4000.0,Eric Stonestreet,904.0,T.I.,680.0,232.0,17000
tt0101540,Martin Scorsese,120.0,17000.0,Robert De Niro,22000.0,Robert Mitchum,1000.0,Joe Don Baker,387.0,261.0,0
tt0478087,Robert Luketic,144.0,126.0,Kevin Spacey,18000.0,Jim Sturgess,5000.0,Josh Gad,1000.0,278.0,0
tt3152624,Judd Apatow,332.0,0.0,Amy Schumer,492.0,Randall Park,392.0,Josh Segarra,213.0,309.0,25000
tt0372237,Kevin Rodney Sullivan,104.0,8.0,Bernie Mac,1000.0,Nicole Sullivan,358.0,Sherri Shepherd,278.0,160.0,919
tt0116209,Anthony Minghella,116.0,333.0,Colin Firth,14000.0,Kristin Scott Thomas,1000.0,Jürgen Prochnow,362.0,457.0,0
tt0119488,Curtis Hanson,177.0,161.0,Kevin Spacey,18000.0,Matt McCoy,398.0,Paul Guilfoyle,210.0,625.0,11000
tt0405325,Mike Mitchell,127.0,31.0,Michael Angarano,947.0,Kelly Preston,742.0,Nicholas Braun,591.0,217.0,0
tt0119360,Frank Oz,83.0,0.0,Tom Selleck,19000.0,Wilford Brimley,957.0,Lauren Ambrose,945.0,138.0,0
tt0114508,Roger Donaldson,97.0,79.0,Natasha Henstridge,900.0,Marg Helgenberger,759.0,Jordan Lund,25.0,140.0,0
tt0087800,Wes Craven,256.0,0.0,Johnny Depp,40000.0,Lin Shaye,852.0,Amanda Wyss,574.0,668.0,10000
tt0209958,Tarsem Singh,225.0,763.0,Dylan Baker,812.0,Jake Weber,551.0,James Gammon,311.0,677.0,0
tt0120744,Randall Wallace,83.0,130.0,Leonardo DiCaprio,29000.0,Anne Parillaud,130.0,Judith Godrèche,80.0,244.0,0
tt1028576,Randall Wallace,160.0,130.0,Scott Glenn,826.0,Kevin Connolly,638.0,Dylan Walsh,426.0,136.0,0
tt0453556,Kevin Munroe,191.0,14.0,Chris Evans,11000.0,Sarah Michelle Gellar,4000.0,Mako,691.0,211.0,0
tt0316465,Michael Tollin,74.0,19.0,Alfre Woodard,1000.0,Riley Smith,762.0,Debra Winger,568.0,196.0,0
tt1632708,Will Gluck,238.0,87.0,Mila Kunis,15000.0,Justin Timberlake,3000.0,Masi Oka,923.0,194.0,41000
tt4438848,Nicholas Stoller,177.0,89.0,Chloë Grace Moretz,17000.0,Ike Barinholtz,329.0,Kiersey Clemons,190.0,111.0,0
tt2140373,John Lee Hancock,405.0,102.0,Tom Hanks,15000.0,Ruth Wilson,2000.0,B.J. Novak,825.0,306.0,39000
tt0104797,Spike Lee,61.0,0.0,Denzel Washington,18000.0,Delroy Lindo,848.0,Al Freeman Jr.,318.0,156.0,0
tt1758830,Judd Apatow,285.0,0.0,Charlyne Yi,529.0,Maude Apatow,130.0,Mackenzie Aladjem,120.0,248.0,18000
tt0976238,Walt Becker,124.0,12.0,Robin Williams,49000.0,Bernie Mac,1000.0,Ann-Margret,931.0,120.0,0
tt0834001,Patrick Tatopoulos,164.0,148.0,Craig Parker,978.0,Kevin Grevioux,593.0,Steven Mackintosh,227.0,169.0,0
tt0762114,Ken Kwapis,120.0,42.0,Robin Williams,49000.0,Christine Taylor,838.0,Mindy Kaling,766.0,119.0,913
tt0437863,Dennis Dugan,90.0,221.0,Jon Lovitz,11000.0,Jon Heder,970.0,Tim Meadows,553.0,209.0,0
tt0417001,Gary David Goldberg,120.0,30.0,Stockard Channing,944.0,Victor Webster,940.0,Elizabeth Perkins,664.0,262.0,0
tt0119008,Mike Newell,117.0,179.0,Johnny Depp,40000.0,Al Pacino,14000.0,Anne Heche,646.0,234.0,0
tt0120804,Paul W.S. Anderson,226.0,545.0,Milla Jovovich,14000.0,Jaymes Butler,2000.0,Colin Salmon,766.0,1138.0,0
tt0084516,Tobe Hooper,223.0,365.0,Heather O'Rourke,887.0,Zelda Rubinstein,770.0,Craig T. Nelson,723.0,321.0,11000
tt0335245,Ethan Coen,193.0,1000.0,J.K. Simmons,24000.0,Tom Hanks,15000.0,Stephen Root,939.0,400.0,0
tt0467197,John Moore,228.0,212.0,Mila Kunis,15000.0,Beau Bridges,552.0,Jamie Hector,248.0,398.0,0
tt1637688,Andrew Niccol,360.0,487.0,Matt Bomer,20000.0,Olivia Wilde,10000.0,Justin Timberlake,3000.0,463.0,52000
tt1212436,Alan Poul,148.0,16.0,Danneel Ackles,1000.0,Noureen DeWulf,700.0,Tom Bosley,584.0,97.0,0
tt0491152,Luke Greenfield,128.0,42.0,Ashley Williams,969.0,Steve Howey,826.0,Kirsten Day,196.0,153.0,13000
tt2368645,,3.0,,Jodi Lyn O'Keefe,897.0,Kimberly Elise,637.0,Logan Browning,628.0,11.0,265
tt0265087,Gil Junger,46.0,19.0,Tom Wilkinson,1000.0,Marsha Thomason,691.0,Vincent Regan,447.0,164.0,0
tt0074174,Michael Ritchie,40.0,23.0,Tatum O'Neal,288.0,Vic Morrow,257.0,Joyce Van Patten,57.0,91.0,0
tt0111301,Steven E. de Souza,63.0,133.0,Ming-Na Wen,2000.0,Raul Julia,1000.0,Kylie Minogue,690.0,282.0,0
tt0253474,Roman Polanski,193.0,2000.0,Emilia Fox,396.0,Frank Finlay,338.0,Ed Stoppard,95.0,761.0,21000
tt0120681,Albert Hughes,208.0,117.0,Johnny Depp,40000.0,Jason Flemyng,1000.0,Ian Richardson,140.0,541.0,0
tt0762121,Catherine Hardwicke,122.0,308.0,Keisha Castle-Hughes,446.0,Hiam Abbass,224.0,Shaun Toub,206.0,203.0,0
tt0397065,Jaume Collet-Serra,228.0,174.0,Robert Ri'chard,730.0,Paris Hilton,716.0,Brian Van Holt,324.0,576.0,0
tt0376541,Mike Nichols,212.0,0.0,Natalie Portman,20000.0,Julia Roberts,8000.0,Colin Stinton,23.0,903.0,12000
tt1616195,Clint Eastwood,392.0,16000.0,Leonardo DiCaprio,29000.0,Naomi Watts,6000.0,Kaitlyn Dever,363.0,279.0,16000
tt0790686,Alexandre Aja,208.0,192.0,Jason Flemyng,1000.0,Cameron Boyce,915.0,Julian Glover,844.0,232.0,5000
tt0238546,Michael Rymer,137.0,48.0,Aaliyah,775.0,Lena Olin,541.0,Bruce Spence,531.0,695.0,0
tt0100403,Stephen Hopkins,119.0,81.0,Adam Baldwin,2000.0,Robert Davi,683.0,Kevin Peter Hall,636.0,291.0,0
tt0880578,Gregory Hoblit,195.0,40.0,Billy Burke,2000.0,Jesse Tyler Ferguson,648.0,Joseph Cross,398.0,245.0,0
tt0124298,Hugh Wilson,95.0,37.0,Brendan Fraser,3000.0,Sissy Spacek,874.0,Douglas Smith,480.0,239.0,0
tt0080745,Mike Hodges,100.0,24.0,Brian Blessed,591.0,William Hootkins,488.0,Sam J. Jones,455.0,247.0,12000
tt0300051,Kevin Smith,164.0,0.0,Stephen Root,939.0,Mike Starr,854.0,George Carlin,769.0,358.0,0
tt1712170,Rob Cohen,211.0,357.0,Cicely Tyson,907.0,Chad Lindberg,445.0,Carmen Ejogo,374.0,151.0,11000
tt0119668,Clint Eastwood,91.0,16000.0,Kevin Spacey,18000.0,Bob Gunton,461.0,Leon Rippy,229.0,216.0,0
tt3276924,Scott Mann,44.0,8.0,Robert De Niro,22000.0,Joshua Mikel,1000.0,D.B. Sweeney,558.0,57.0,0
tt1415283,Susanna White,97.0,24.0,Daniel Mays,287.0,Bill Bailey,175.0,Eros Vlahos,167.0,59.0,0
tt0104427,Danny DeVito,32.0,0.0,Frank Whaley,436.0,J.T. Walsh,263.0,Paul Guilfoyle,210.0,68.0,949
tt0443701,Chris Carter,270.0,251.0,Mitch Pileggi,826.0,Callum Rennie,716.0,Nicki Aycox,296.0,492.0,0
tt0327679,Tommy O'Haver,89.0,13.0,Anne Hathaway,11000.0,Steve Coogan,1000.0,Joanna Lumley,973.0,244.0,0
tt3322364,Peter Landesman,219.0,15.0,Will Smith,10000.0,Eddie Marsan,979.0,Albert Brooks,745.0,138.0,23000
tt1600195,John Singleton,180.0,309.0,Ken Arnold,327.0,Benjamin J. Cain Jr.,73.0,Richard Cetrone,63.0,173.0,13000
tt0361089,Gary Chapman,93.0,2.0,Jim Broadbent,1000.0,Olivia Williams,766.0,Pip Torrens,72.0,80.0,538
tt0185014,Curtis Hanson,173.0,161.0,Robert Downey Jr.,21000.0,Rip Torn,826.0,Richard Thomas,549.0,335.0,0
tt0426592,Craig Mazin,121.0,82.0,Drake Bell,1000.0,Tracy Morgan,642.0,Marion Ross,418.0,173.0,0
tt1235522,Allen Hughes,298.0,90.0,Alona Tal,1000.0,James Ransone,412.0,Michael Beach,344.0,134.0,0
tt0257516,Wes Craven,158.0,0.0,Shannon Elizabeth,1000.0,Portia de Rossi,573.0,Derek Mears,520.0,325.0,0
tt1547234,David Koepp,248.0,192.0,Joseph Gordon-Levitt,23000.0,Dania Ramirez,1000.0,Aasif Mandvi,346.0,178.0,20000
tt2967224,Anne Fletcher,155.0,98.0,Jim Gaffigan,472.0,Richard T. Jones,328.0,Michael Mosley,253.0,118.0,0
tt0240510,Shekhar Kapur,105.0,159.0,Djimon Hounsou,3000.0,Lucy Gordon,61.0,Alex Jennings,39.0,215.0,0
tt1904996,Taylor Hackford,224.0,138.0,Jason Statham,26000.0,Clifton Collins Jr.,968.0,Wendell Pierce,458.0,141.0,17000
tt0360201,Richard Loncraine,129.0,12.0,Kirsten Dunst,4000.0,Jon Favreau,4000.0,Austin Nichols,663.0,173.0,0
tt0492389,Roger Kumble,101.0,16.0,Brendan Fraser,3000.0,Brooke Shields,1000.0,Matt Prokop,734.0,84.0,0
tt1438173,Kimble Rendall,145.0,0.0,Alex Russell,465.0,Cariba Heine,351.0,Richard Brancatisano,174.0,82.0,0
tt0085811,Peter Yates,57.0,170.0,Liam Neeson,14000.0,Alun Armstrong,192.0,Lysette Anthony,136.0,178.0,0
tt0891527,Robert Redford,227.0,0.0,Meryl Streep,11000.0,Tom Cruise,10000.0,Andrew Garfield,10000.0,298.0,0
tt0099587,John Milius,13.0,468.0,Rosanna Arquette,605.0,Dann Florek,367.0,Christopher Rich,150.0,39.0,452
tt0841046,Jake Kasdan,171.0,52.0,Tim Meadows,553.0,Nat Faxon,214.0,Matt Price,134.0,200.0,0
tt0120824,Lasse Hallström,119.0,529.0,Kevin Spacey,18000.0,Scott Glenn,826.0,Jason Behr,505.0,208.0,0
tt0244000,Les Mayfield,44.0,10.0,Gregory Smith,694.0,Ronny Cox,605.0,Harris Yulin,141.0,162.0,433
tt0962736,Jean-Marc Vallée,188.0,212.0,Michiel Huisman,2000.0,Jim Broadbent,1000.0,Thomas Kretschmann,919.0,100.0,0
tt0365929,Dominic Sena,166.0,57.0,Tom Skerritt,1000.0,Bashar Rahal,603.0,Shawn Doyle,230.0,142.0,0
tt0478304,Terrence Malick,584.0,0.0,Brad Pitt,11000.0,Tye Sheridan,1000.0,Fiona Shaw,687.0,975.0,39000
tt0120724,Hark Tsui,67.0,85.0,Paul Sorvino,635.0,Lela Rochon,316.0,Ray Nicholas,105.0,141.0,471
tt1742334,David Ayer,233.0,453.0,Mireille Enos,1000.0,Martin Donovan,206.0,Maurice Compte,120.0,212.0,10000
tt0304711,Brian Helgeland,112.0,241.0,Heath Ledger,13000.0,Mark Addy,891.0,Benno Fürmann,127.0,204.0,704
tt0450314,Lexi Alexander,151.0,189.0,Julie Benz,3000.0,Wayne Knight,967.0,Colin Salmon,766.0,280.0,0
tt0383060,Peter Hewitt,63.0,12.0,Kevin Zegers,2000.0,Rip Torn,826.0,Thomas F. Wilson,690.0,113.0,494
tt3488710,Robert Zemeckis,335.0,0.0,Joseph Gordon-Levitt,23000.0,Soleyman Pierini,22.0,Jade Kindar-Martin,6.0,195.0,24000
tt0120479,Ronny Yu,24.0,31.0,Marley Shelton,690.0,Lee Arenberg,457.0,Angus Macfadyen,448.0,31.0,0
tt0401445,Ridley Scott,147.0,0.0,Archie Panjabi,883.0,Albert Finney,883.0,Richard Coyle,567.0,196.0,9000
tt1474684,,51.0,,Ruth Wilson,2000.0,Indira Varma,729.0,Warren Brown,256.0,105.0,20000
tt0105211,Richard Donner,10.0,503.0,Adam Baldwin,2000.0,Thomas Ian Nicholas,864.0,John Heard,697.0,71.0,892
tt0106469,Taylor Hackford,12.0,138.0,Delroy Lindo,848.0,Jesse Borrego,674.0,Raymond Cruz,672.0,129.0,6000
tt0120152,Bille August,50.0,55.0,Jim Broadbent,1000.0,Tom Wilkinson,1000.0,Julia Ormond,918.0,99.0,561
tt0280665,Brian De Palma,149.0,0.0,Peter Coyote,548.0,Gregg Henry,298.0,Rie Rasmussen,115.0,232.0,675
tt0081059,Moustapha Akkad,24.0,278.0,Oliver Reed,695.0,Rod Steiger,279.0,John Gielgud,249.0,55.0,0
tt0113362,Jean-Paul Rappeneau,28.0,22.0,Olivier Martinez,837.0,François Cluzet,541.0,Isabelle Carré,45.0,25.0,262
tt0134154,Ang Lee,95.0,0.0,Jeremy W. Auman,3.0,Jeffrey Dover,2.0,Tobey Maguire,0.0,159.0,633
tt1164999,Alejandro G. Iñárritu,288.0,0.0,Maricel Álvarez,30.0,Hanaa Bouchaib,9.0,Eduard Fernández,7.0,127.0,29000
tt1321869,Roland Joffé,10.0,596.0,Tamsin Egerton,621.0,Alice Englert,525.0,Bipasha Basu,282.0,15.0,677
tt0416496,Joachim Rønning,58.0,18.0,Salma Hayek,4000.0,Sam Shepard,820.0,Dwight Yoakam,324.0,76.0,0
tt0490087,Tony Kaye,,194.0,Bill Cobbs,970.0,Aisha Tyler,856.0,Beverly D'Angelo,816.0,,26
tt1790864,Wes Ball,297.0,47.0,Ki Hong Lee,988.0,Aml Ameen,149.0,Jacob Latimore,129.0,524.0,38000
tt2358925,Ken Scott,90.0,31.0,Tom Wilkinson,1000.0,June Diane Raphael,249.0,Melissa McMeekin,141.0,89.0,0
tt0106226,Martin Scorsese,56.0,17000.0,Richard E. Grant,554.0,Geraldine Chaplin,382.0,Stuart Wilson,94.0,150.0,0
tt0414993,Darren Aronofsky,274.0,0.0,Hugh Jackman,20000.0,Ellen Burstyn,1000.0,Mark Margolis,1000.0,915.0,23000
tt0163579,Hugh Johnson,68.0,3.0,David Paymer,372.0,Kevin J. O'Connor,248.0,Hudson Leick,239.0,94.0,120
tt1656186,Simon West,98.0,165.0,Nicolas Cage,12000.0,Mark Valley,774.0,Sami Gayle,566.0,86.0,0
tt0876563,Hayao Miyazaki,256.0,6000.0,Rumi Hiiragi,6.0,Yûki Amami,3.0,Yuria Nara,2.0,144.0,0
tt2726560,George Tillman Jr.,117.0,88.0,Tiago Riani,989.0,Melissa Benoist,970.0,Hayley Lovitt,954.0,116.0,23000
tt0138304,Rand Ravich,107.0,7.0,Johnny Depp,40000.0,Charlize Theron,9000.0,Clea DuVall,1000.0,260.0,1000
tt0167203,Hugh Hudson,52.0,46.0,Liam Aiken,818.0,Eva Marie Saint,649.0,Vincent Perez,292.0,61.0,314
tt1540128,Gabriele Muccino,135.0,125.0,Gerard Butler,18000.0,Dennis Quaid,2000.0,Judy Greer,2000.0,50.0,0
tt2304771,Justin Chadwick,211.0,56.0,Terry Pheto,113.0,Fana Mokoena,98.0,Tony Kgoroge,38.0,108.0,13000
tt0082979,Warren Beatty,57.0,631.0,Paul Sorvino,635.0,Warren Beatty,631.0,M. Emmet Walsh,521.0,127.0,0
tt0104257,Rob Reiner,81.0,0.0,Tom Cruise,10000.0,Demi Moore,2000.0,Kevin Pollak,574.0,319.0,0
tt0242445,Andrzej Bartkowiak,107.0,43.0,Michael Jai White,2000.0,Bill Duke,1000.0,Bruce McGill,655.0,232.0,742
tt0208003,Raja Gosnell,100.0,67.0,Nia Long,826.0,Cedric the Entertainer,436.0,Tichina Arnold,330.0,148.0,1000
tt3148834,Jeremy Degruson,60.0,0.0,Kyle Hebert,324.0,Brianne Brozey,15.0,Joe Ochman,11.0,16.0,0
tt1093357,Chris Gorak,195.0,21.0,Max Minghella,614.0,Veronika Vernadskaya,150.0,Dato Bakhtadze,48.0,211.0,0
tt1800741,Scott Speer,121.0,35.0,Ryan Guzman,3000.0,Stephen Boss,594.0,Misha Gabriel Hamilton,433.0,72.0,19000
tt0417148,David R. Ellis,285.0,160.0,Lin Shaye,852.0,Kenan Thompson,521.0,Rachel Blanchard,491.0,1033.0,4000
tt0204626,Joe Charbanic,103.0,10.0,Keanu Reeves,18000.0,Joseph Sikora,223.0,Chris Ellis,178.0,181.0,463
tt0330793,Jonathan Hensleigh,192.0,36.0,Laura Harring,669.0,Marco St. John,403.0,Eddie Jemison,336.0,622.0,4000
tt0380389,Danny Cannon,90.0,41.0,Sean Pertwee,722.0,Kuno Becker,580.0,Stephen Dillane,577.0,114.0,0
tt1656190,Boaz Yakin,258.0,132.0,Jason Statham,26000.0,Reggie Lee,828.0,Robert John Burke,317.0,134.0,12000
tt0120797,Mike Newell,56.0,179.0,Angelina Jolie Pitt,11000.0,Kurt Fuller,617.0,Jake Weber,551.0,175.0,783
tt0086190,Richard Marquand,197.0,37.0,Harrison Ford,11000.0,Ian McDiarmid,1000.0,Kenny Baker,504.0,647.0,14000
tt0483607,Neil Marshall,254.0,197.0,Ryan Kruger,165.0,Jason Cope,107.0,Jeremy Crutchley,43.0,396.0,0
tt0976051,Stephen Daldry,299.0,335.0,Kate Winslet,14000.0,David Kross,388.0,Susanne Lothar,50.0,370.0,15000
tt1655460,David Wain,163.0,136.0,Justin Theroux,1000.0,Lauren Ambrose,945.0,Joe Lo Truglio,833.0,139.0,0
tt0319343,Jon Favreau,152.0,4000.0,Peter Dinklage,22000.0,Zooey Deschanel,11000.0,Will Ferrell,8000.0,395.0,21000
tt0117333,Jon Turteltaub,53.0,226.0,Robert Duvall,3000.0,Kyra Sedgwick,941.0,David Gallagher,796.0,118.0,0
tt0281373,Brian Levant,67.0,32.0,James Coburn,773.0,Nichelle Nichols,664.0,M. Emmet Walsh,521.0,100.0,0
tt0096061,Richard Donner,88.0,503.0,Bill Murray,13000.0,Alfre Woodard,1000.0,Robert Mitchum,1000.0,159.0,11000
tt0457510,Jared Hess,163.0,100.0,Ana de la Reguera,678.0,Moises Arias,635.0,Héctor Jiménez,327.0,441.0,0
tt1478338,Paul Feig,371.0,176.0,Matt Lucas,722.0,Wendi McLendon-Covey,655.0,Steve Bannos,460.0,485.0,27000
tt1245492,Evan Goldberg,418.0,133.0,Channing Tatum,17000.0,James Franco,11000.0,Emma Watson,9000.0,669.0,97000
tt0145531,Rupert Wainwright,131.0,9.0,Nia Long,826.0,Enrico Colantoni,724.0,Portia de Rossi,573.0,398.0,0
tt0203019,George Tillman Jr.,98.0,88.0,Robert De Niro,22000.0,Charlize Theron,9000.0,Michael Rapaport,975.0,224.0,0
tt1135084,John Luessenhop,119.0,34.0,Paul Walker,23000.0,Hayden Christensen,4000.0,Jay Hernandez,1000.0,132.0,0
tt1931435,Justin Zackham,133.0,16.0,Robin Williams,49000.0,Robert De Niro,22000.0,Topher Grace,2000.0,108.0,0
tt1464174,John Whitesell,88.0,14.0,Brandon T. Jackson,918.0,Tony Curran,845.0,Portia Doubleday,534.0,47.0,0
tt0945513,Duncan Jones,522.0,0.0,Jake Gyllenhaal,15000.0,Cas Anvar,491.0,Russell Peters,355.0,571.0,56000
tt0106246,Frank Marshall,43.0,155.0,Illeana Douglas,344.0,Danny Nucci,242.0,Michael DeLorenzo,240.0,112.0,0
tt0481369,Joel Schumacher,224.0,541.0,Logan Lerman,8000.0,Virginia Madsen,912.0,Ed Lauter,897.0,383.0,10000
tt1981107,Jean-Pierre Jeunet,122.0,0.0,Callum Rennie,716.0,Julian Richings,648.0,Judy Davis,223.0,28.0,5000
tt0078723,Steven Spielberg,56.0,14000.0,Christopher Lee,16000.0,John Belushi,1000.0,Treat Williams,642.0,217.0,2000
tt0418647,John Gatins,75.0,61.0,Ken Howard,649.0,Freddy Rodríguez,579.0,Holmes Osborne,83.0,108.0,0
tt0399146,David Cronenberg,441.0,0.0,Viggo Mortensen,10000.0,Kyle Schmid,917.0,William Hurt,882.0,1125.0,0
tt0388482,Louis Leterrier,163.0,255.0,Jason Statham,26000.0,Jason Flemyng,1000.0,Matthew Modine,810.0,340.0,0
tt0114214,Sam Raimi,63.0,0.0,Leonardo DiCaprio,29000.0,Pat Hingle,165.0,Roberts Blossom,159.0,216.0,0
tt0323033,Peter Howitt,90.0,29.0,Frances Fisher,638.0,Mike Doyle,160.0,Nora Dunn,142.0,102.0,702
tt0163988,Martin Scorsese,163.0,17000.0,Nicolas Cage,12000.0,Marc Anthony,368.0,Sonja Sohn,245.0,382.0,0
tt1053424,Miguel Sapochnik,197.0,238.0,Alice Braga,1000.0,RZA,561.0,Yvette Nicole Brown,447.0,187.0,12000
tt0372873,Hyung-rae Shim,93.0,26.0,Robert Forster,889.0,Aimee Garcia,618.0,Chris Mulkey,535.0,364.0,0
tt0115725,Norman Jewison,15.0,278.0,Haley Joel Osment,3000.0,Nancy Travis,359.0,Andrea Martin,179.0,30.0,350
tt0790628,Don Scardino,260.0,35.0,Steve Buscemi,12000.0,Olivia Wilde,10000.0,Steve Carell,7000.0,158.0,13000
tt0118829,Mark Dindal,18.0,10.0,George Kennedy,3000.0,Frank Welker,2000.0,Hal Holbrook,826.0,49.0,643
tt0150216,Tim Robbins,70.0,0.0,Bill Murray,13000.0,Vanessa Redgrave,898.0,Emily Watson,876.0,161.0,625
tt0452624,Steven Soderbergh,183.0,0.0,Tony Curran,845.0,Beau Bridges,552.0,Leland Orser,308.0,175.0,559
tt0306892,Tom Reeve,12.0,0.0,Joan Plowright,330.0,Rollo Weeks,239.0,Simon Callow,239.0,31.0,290
tt0078788,Francis Ford Coppola,261.0,0.0,Harrison Ford,11000.0,Marlon Brando,10000.0,Robert Duvall,3000.0,983.0,19000
tt1322312,Nanette Burstein,167.0,8.0,Rob Riggle,839.0,Kelli Garner,730.0,Jim Gaffigan,472.0,113.0,0
tt0113862,Stephen Herek,42.0,65.0,Alicia Witt,975.0,Olympia Dukakis,345.0,Jean Louisa Kelly,320.0,154.0,0
tt3014866,Ariel Vromen,130.0,34.0,Gary Oldman,10000.0,Jordi Mollà,877.0,Doug Cockle,24.0,100.0,0
tt0089755,Sydney Pollack,66.0,521.0,Meryl Streep,11000.0,Michael Gough,920.0,Michael Kitchen,184.0,200.0,0
tt1907668,Robert Zemeckis,449.0,0.0,Denzel Washington,18000.0,Bruce Greenwood,984.0,Nadine Velazquez,874.0,491.0,64000
tt0079574,Lewis Gilbert,121.0,43.0,Desmond Llewelyn,244.0,Lois Chiles,202.0,Lois Maxwell,177.0,294.0,0
tt2278388,Wes Anderson,536.0,0.0,Bill Murray,13000.0,Tom Wilkinson,1000.0,F. Murray Abraham,670.0,644.0,149000
tt0252501,Scott Hicks,135.0,96.0,Anthony Hopkins,12000.0,Mika Boorem,495.0,Hope Davis,442.0,268.0,0
tt0099052,Frank Marshall,74.0,155.0,Julian Sands,687.0,Peter Jason,151.0,Brian McNamara,125.0,136.0,0
tt0186151,Gregory Hoblit,168.0,40.0,Dennis Quaid,2000.0,Andre Braugher,702.0,Noah Emmerich,617.0,510.0,0
tt1289401,Paul Feig,464.0,176.0,Ed Begley Jr.,783.0,Kate McKinnon,370.0,Zach Woods,322.0,1211.0,62000
tt1524930,John Francis Daley,204.0,0.0,Chris Hemsworth,26000.0,Norman Reedus,12000.0,Beverly D'Angelo,816.0,219.0,28000
tt0113161,Barry Sonnenfeld,96.0,188.0,Delroy Lindo,848.0,Rene Russo,808.0,Jon Gries,482.0,150.0,0
tt0299658,Rob Marshall,223.0,252.0,Colm Feore,539.0,Chita Rivera,151.0,Jayne Eastwood,90.0,1017.0,0
tt0142342,Dennis Dugan,112.0,221.0,Steve Buscemi,12000.0,Adam Sandler,11000.0,Joey Lauren Adams,781.0,289.0,0
tt0252866,J.B. Rogers,142.0,6.0,Alyson Hannigan,3000.0,Shannon Elizabeth,1000.0,Natasha Lyonne,1000.0,431.0,0
tt0114709,John Lasseter,166.0,487.0,Tom Hanks,15000.0,John Ratzenberger,1000.0,Jim Varney,802.0,391.0,0
tt0111257,Jan de Bont,114.0,101.0,Keanu Reeves,18000.0,Alan Ruck,946.0,Joe Morton,780.0,373.0,0
tt1606389,Michael Sucsy,214.0,23.0,Channing Tatum,17000.0,Lucas Bryant,359.0,Dillon Casey,281.0,164.0,32000
tt1244659,Tom Vaughan,126.0,12.0,Harrison Ford,11000.0,Brendan Fraser,3000.0,Alan Ruck,946.0,64.0,0
tt0210945,Boaz Yakin,157.0,132.0,Ryan Gosling,33000.0,Denzel Washington,18000.0,Ethan Suplee,1000.0,402.0,0
tt0099810,John McTiernan,104.0,323.0,Scott Glenn,826.0,Jeffrey Jones,692.0,Courtney B. Vance,495.0,241.0,0
tt1327773,Lee Daniels,304.0,304.0,Alex Pettyfer,15000.0,David Oyelowo,1000.0,Vanessa Redgrave,898.0,323.0,41000
tt0364725,Rawson Marshall Thurber,191.0,43.0,Gary Cole,989.0,Stephen Root,939.0,Joel David Moore,936.0,392.0,0
tt0101272,Barry Sonnenfeld,55.0,188.0,Anjelica Huston,1000.0,Raul Julia,1000.0,Carel Struycken,436.0,125.0,5000
tt0112281,Steve Oedekerk,59.0,176.0,Bruce Spence,531.0,Bob Gunton,461.0,Sophie Okonedo,460.0,178.0,0
tt0247638,Garry Marshall,108.0,0.0,Anne Hathaway,11000.0,Hector Elizondo,995.0,Heather Matarazzo,529.0,301.0,0
tt0116313,Hugh Wilson,50.0,37.0,Stockard Channing,944.0,Elizabeth Berkley,893.0,Stephen Collins,452.0,117.0,0
tt0114369,David Fincher,216.0,21000.0,Morgan Freeman,11000.0,Brad Pitt,11000.0,Reg E. Cathey,360.0,1080.0,39000
tt1136608,Neill Blomkamp,472.0,662.0,Sharlto Copley,2000.0,Jed Brophy,433.0,Jason Cope,107.0,1262.0,22000
tt0345950,Stephen Hillenburg,89.0,47.0,Scarlett Johansson,19000.0,Bill Fagerbakke,542.0,Rodger Bumpass,217.0,186.0,0
tt0327056,Clint Eastwood,229.0,16000.0,John Doman,616.0,Spencer Treat Clark,541.0,Tom Guiry,262.0,935.0,12000
tt0405159,Clint Eastwood,268.0,16000.0,Clint Eastwood,16000.0,Morgan Freeman,11000.0,Mike Colter,567.0,1106.0,14000
tt0122933,Harold Ramis,145.0,11000.0,Robert De Niro,22000.0,Chazz Palminteri,979.0,Molly Shannon,636.0,337.0,0
tt0332280,Nick Cassavetes,177.0,415.0,Ryan Gosling,33000.0,Kevin Connolly,638.0,Gena Rowlands,545.0,1111.0,57000
tt0988595,Anne Fletcher,175.0,98.0,Judy Greer,2000.0,Bern Cohen,805.0,Yetta Gottesman,71.0,154.0,0
tt1114677,Peter Chelsom,131.0,23.0,Emily Osment,1000.0,Vanessa Williams,1000.0,Moises Arias,635.0,140.0,0
tt0213203,Stig Bergqvist,41.0,0.0,Elizabeth Daily,971.0,Casey Kasem,844.0,Debbie Reynolds,786.0,49.0,181
tt0102713,Barbra Streisand,30.0,0.0,George Carlin,769.0,Blythe Danner,713.0,Melinda Dillon,252.0,109.0,883
tt0110322,Edward Zwick,57.0,380.0,Anthony Hopkins,12000.0,Brad Pitt,11000.0,Julia Ormond,918.0,329.0,11000
tt1193138,Jason Reitman,391.0,655.0,J.K. Simmons,24000.0,Anna Kendrick,10000.0,Chris Lowell,940.0,452.0,19000
tt0257360,Alexander Payne,217.0,729.0,Hope Davis,442.0,June Squibb,344.0,Howard Hesseman,322.0,612.0,0
tt1588173,Jonathan Levine,452.0,129.0,Cory Hardrict,303.0,Vincent Leclerc,18.0,Daniel Rindress-Kay,7.0,326.0,81000
tt1276104,Rian Johnson,589.0,0.0,Joseph Gordon-Levitt,23000.0,Bruce Willis,13000.0,Tracie Thoms,502.0,667.0,75000
tt0231775,Chris Weitz,61.0,129.0,Chazz Palminteri,979.0,Mark Addy,891.0,Wanda Sykes,560.0,122.0,602
tt0112431,Chris Noonan,79.0,108.0,Miriam Margolyes,405.0,Christine Cavanaugh,368.0,Roscoe Lee Browne,204.0,182.0,5000
tt1535438,David Frankel,234.0,64.0,Meryl Streep,11000.0,Steve Carell,7000.0,Jean Smart,329.0,178.0,0
tt0800039,Nicholas Stoller,253.0,89.0,Mila Kunis,15000.0,Jack McBrayer,975.0,Maria Thayer,344.0,325.0,0
tt0758745,,51.0,,Zach Gilford,971.0,Aimee Teegarden,741.0,Scott Porter,690.0,257.0,0
tt0430105,John Singleton,123.0,309.0,Josh Charles,1000.0,Tony Nappo,654.0,Fionnula Flanagan,482.0,340.0,0
tt0871426,Michael McCullers,145.0,5.0,Tina Fey,2000.0,Amy Poehler,1000.0,Romany Malco,966.0,97.0,0
tt0119313,Forest Whitaker,65.0,0.0,Bill Cobbs,970.0,Harry Connick Jr.,631.0,Gena Rowlands,545.0,162.0,0
tt0901476,Gary Winick,152.0,56.0,Anne Hathaway,11000.0,Steve Howey,826.0,Candice Bergen,545.0,129.0,0
tt0364751,Steven Brill,94.0,65.0,Antony Starr,506.0,Scott Adsit,316.0,Bonnie Somerville,246.0,152.0,0
tt0337563,Gary Winick,119.0,56.0,Jennifer Garner,3000.0,Judy Greer,2000.0,Christa B. Allen,533.0,339.0,0
tt1605783,Woody Allen,487.0,11000.0,Kurt Fuller,617.0,Audrey Fleurot,204.0,Nina Arianda,183.0,509.0,78000
tt1821658,Peter Lepeniotis,121.0,7.0,Liam Neeson,14000.0,Brendan Fraser,3000.0,Sarah Gadon,691.0,64.0,0
tt0221027,Ted Demme,147.0,47.0,Johnny Depp,40000.0,Ethan Suplee,1000.0,Jordi Mollà,877.0,426.0,13000
tt0139462,Luis Mandoki,85.0,43.0,Robin Wright,18000.0,John Savage,652.0,Raphael Sbarge,362.0,223.0,0
tt0098382,William Shatner,98.0,0.0,Leonard Nimoy,12000.0,Nichelle Nichols,664.0,Walter Koenig,643.0,293.0,0
tt0308506,John Schultz,39.0,13.0,Brenda Song,1000.0,Robert Forster,889.0,Anne Meara,837.0,72.0,1000
tt0110622,Peter Segal,43.0,88.0,George Kennedy,3000.0,Fred Ward,459.0,Priscilla Presley,348.0,85.0,1000
tt0090264,John Glen,108.0,46.0,Patrick Macnee,1000.0,Alison Doody,439.0,Tanya Roberts,433.0,300.0,0
tt0312004,Steve Box,209.0,9.0,Mark Gatiss,567.0,Geraldine McEwan,269.0,Peter Sallis,100.0,307.0,0
tt0431308,Richard LaGravenese,131.0,98.0,Gerard Butler,18000.0,Harry Connick Jr.,631.0,Nellie McKay,37.0,243.0,20000
tt0376105,Frederik Du Chau,73.0,7.0,Bruce Greenwood,984.0,Frankie Muniz,934.0,M. Emmet Walsh,521.0,86.0,771
tt0783233,Joe Wright,316.0,456.0,Benedict Cumberbatch,19000.0,Alfie Allen,1000.0,Brenda Blethyn,286.0,581.0,12000
tt0892318,Gary Winick,159.0,56.0,Vanessa Redgrave,898.0,Marcia DeBonis,60.0,Luisa Ranieri,22.0,156.0,13000
tt0096933,Ridley Scott,63.0,0.0,Stephen Root,939.0,Ken Takakura,255.0,Kate Capshaw,237.0,119.0,0
tt0383010,Bobby Farrelly,162.0,101.0,Kate Upton,971.0,Larry David,860.0,Sean Hayes,760.0,189.0,13000
tt0121164,Tim Burton,267.0,13000.0,Johnny Depp,40000.0,Christopher Lee,16000.0,Joanna Lumley,973.0,467.0,0
tt0385726,James Gartner,95.0,0.0,Mehcad Brooks,696.0,Austin Nichols,663.0,Derek Luke,543.0,145.0,0
tt3397884,Denis Villeneuve,478.0,777.0,Edgar Arreola,455.0,Bernardo Saracino,221.0,Daniel Kaluuya,219.0,461.0,59000
tt1798684,Antoine Fuqua,305.0,845.0,Jake Gyllenhaal,15000.0,50 Cent,1000.0,Oona Laurence,424.0,277.0,44000
tt1127180,Sam Raimi,397.0,0.0,Bojana Novakovic,2000.0,Alison Lohman,1000.0,Reggie Lee,828.0,691.0,11000
tt1655441,Lee Toland Krieger,214.0,43.0,Harrison Ford,11000.0,Michiel Huisman,2000.0,Ellen Burstyn,1000.0,209.0,34000
tt0327137,Tim McCanlies,82.0,23.0,Haley Joel Osment,3000.0,Robert Duvall,3000.0,Emmanuelle Vaugier,1000.0,292.0,0
tt1193631,Jon M. Chu,138.0,209.0,Alyson Stoner,2000.0,Stephen Boss,594.0,Facundo Lombard,357.0,86.0,16000
tt0300532,John Stockwell,69.0,134.0,Faizon Love,585.0,Mika Boorem,495.0,Sanoe Lake,64.0,216.0,0
tt0420223,Marc Forster,253.0,395.0,Will Ferrell,8000.0,Christian Stolte,189.0,Danny Rhodes,77.0,529.0,13000
tt0389722,David Slade,304.0,171.0,Danny Huston,430.0,Mark Rendall,72.0,Megan Franich,63.0,527.0,0
tt1259521,Drew Goddard,634.0,246.0,Chris Hemsworth,26000.0,Bradley Whitford,821.0,Kristen Connolly,751.0,986.0,66000
tt1073498,Jason Friedberg,111.0,82.0,Carmen Electra,869.0,Diedrich Bader,759.0,Method Man,362.0,409.0,0
tt0095631,Martin Brest,77.0,102.0,Robert De Niro,22000.0,Yaphet Kotto,581.0,Philip Baker Hall,497.0,215.0,0
tt0093894,Paul Michael Glaser,120.0,343.0,Yaphet Kotto,581.0,Maria Conchita Alonso,571.0,Richard Dawson,384.0,226.0,0
tt0091419,Frank Oz,63.0,0.0,Bill Murray,13000.0,Jim Belushi,854.0,Tisha Campbell-Martin,413.0,165.0,0
tt0993842,Joe Wright,417.0,456.0,Jessica Barden,157.0,Vicky Krieps,33.0,John Macmillan,21.0,438.0,38000
tt4428038,,9.0,,Zach Gilford,971.0,Joan Allen,805.0,Liam James,468.0,30.0,0
tt0119707,John R. Leonetti,59.0,40.0,Brian Thompson,663.0,Talisa Soto,349.0,Robin Shou,342.0,256.0,1000
tt1583420,Tom Hanks,218.0,15000.0,Tom Hanks,15000.0,Rob Riggle,839.0,Randall Park,392.0,184.0,0
tt1939659,Kimberly Peirce,359.0,108.0,Chloë Grace Moretz,17000.0,Judy Greer,2000.0,Portia Doubleday,534.0,371.0,39000
tt0446046,Liz Friedlander,101.0,3.0,Alfre Woodard,1000.0,Yaya DaCosta,712.0,Jasika Nicole,439.0,127.0,0
tt0387199,,52.0,,Debi Mazar,680.0,Kevin Connolly,638.0,Kevin Dillon,576.0,145.0,0
tt0421206,Phil Joanou,85.0,21.0,Dwayne Johnson,12000.0,Jurnee Smollett-Bell,2000.0,Kevin Dunn,581.0,134.0,0
tt0161083,Sam Weisman,64.0,39.0,Bernie Mac,1000.0,Larry Miller,611.0,Richard Schiff,506.0,84.0,304
tt0472033,Shane Acker,263.0,30.0,Martin Landau,940.0,Alan Oppenheimer,271.0,Tom Kane,265.0,245.0,13000
tt2053463,Steven Soderbergh,450.0,0.0,Channing Tatum,17000.0,David Costabile,681.0,Katie Lowes,273.0,274.0,29000
tt0337697,Martha Coolidge,85.0,57.0,Devin Ratray,1000.0,Miranda Richardson,530.0,Luke Mably,438.0,154.0,0
tt1449283,Stephen J. Anderson,162.0,15.0,Craig Ferguson,759.0,Robert Lopez,73.0,Huell Howser,69.0,55.0,0
tt0329028,Troy Miller,85.0,14.0,Elden Henson,577.0,Mimi Rogers,291.0,Cheri Oteri,244.0,267.0,1000
tt0118798,Warren Beatty,110.0,631.0,Warren Beatty,631.0,Kirk Baltz,199.0,Graham Beckel,95.0,227.0,0
tt2473602,Tate Taylor,165.0,150.0,Tika Sumpter,521.0,Josh Hopkins,491.0,Aunjanue Ellis,400.0,104.0,11000
tt0120776,Carl Franklin,64.0,73.0,Meryl Streep,11000.0,William Hurt,882.0,Tom Everett Scott,433.0,112.0,592
tt0114857,Brett Leonard,44.0,32.0,Denzel Washington,18000.0,Costas Mandylor,723.0,Traci Lords,650.0,88.0,0
tt0465624,Ivan Reitman,147.0,425.0,Rainn Wilson,973.0,Eddie Izzard,776.0,Wanda Sykes,560.0,203.0,1000
tt2377322,Scott Derrickson,242.0,301.0,Olivia Munn,2000.0,Dorian Missick,1000.0,Edgar Ramírez,897.0,201.0,18000
tt0881320,Alister Grierson,244.0,24.0,Ioan Gruffudd,2000.0,Rhys Wakefield,942.0,Richard Roxburgh,653.0,215.0,11000
tt0361841,Nick Hurran,73.0,34.0,Holly Hunter,1000.0,Kevin Sussman,681.0,Dave Annable,642.0,116.0,484
tt1195478,Nicholas Stoller,232.0,89.0,Alison Brie,2000.0,Jacki Weaver,401.0,David Paymer,372.0,141.0,11000
tt0339412,Charles Stone III,63.0,30.0,Bernie Mac,1000.0,Chris Noth,962.0,Paul Sorvino,635.0,63.0,491
tt1458175,Paul Haggis,239.0,549.0,Olivia Wilde,10000.0,Daniel Stern,796.0,Aisha Hinds,343.0,237.0,27000
tt0370032,Kurt Wimmer,158.0,110.0,Milla Jovovich,14000.0,Cameron Bright,829.0,Nick Chinlund,277.0,830.0,0
tt0398712,Jean-François Richet,152.0,25.0,Brian Dennehy,954.0,Drea de Matteo,739.0,Hugh Dillon,431.0,220.0,999
tt0120008,Antoine Fuqua,105.0,845.0,Mira Sorvino,978.0,Clifton Collins Jr.,968.0,Patrick Kilpatrick,488.0,167.0,629
tt0116320,Kevin Hooks,36.0,114.0,Salma Hayek,4000.0,Stephen Baldwin,561.0,Will Patton,537.0,29.0,204
tt0271367,Ellory Elkayem,181.0,11.0,Scarlett Johansson,19000.0,Doug E. Doug,953.0,Riley Smith,762.0,291.0,0
tt0758752,Edward Zwick,219.0,380.0,Jake Gyllenhaal,15000.0,Anne Hathaway,11000.0,Judy Greer,2000.0,215.0,24000
tt0411061,Jon Avnet,158.0,50.0,Al Pacino,14000.0,Alicia Witt,975.0,Deborah Kara Unger,494.0,262.0,0
tt0395972,Niki Caro,155.0,51.0,Jeremy Renner,10000.0,Charlize Theron,9000.0,Sissy Spacek,874.0,214.0,0
tt0327247,Howard Deutch,74.0,41.0,Bruce Willis,13000.0,Matthew Perry,2000.0,Natasha Henstridge,900.0,112.0,462
tt1017460,Vincenzo Natali,368.0,165.0,Sarah Polley,900.0,David Hewlett,686.0,Delphine Chanéac,559.0,354.0,12000
tt0091225,Willard Huyck,81.0,8.0,Lea Thompson,1000.0,Jeffrey Jones,692.0,Jordan Prentice,322.0,269.0,0
tt0482572,Gavin O'Connor,154.0,149.0,Jennifer Ehle,1000.0,Rick Gonzalez,807.0,Frank Grillo,798.0,132.0,0
tt0402901,Bruce Hunt,140.0,2.0,Eddie Cibrian,849.0,Cole Hauser,787.0,Marcel Iures,258.0,262.0,0
tt0318283,Rob Reiner,73.0,0.0,David Paymer,372.0,Lobo Sebastian,206.0,Robert Costanzo,130.0,105.0,625
tt0324554,Paul McGuigan,98.0,118.0,Jessica Paré,489.0,Christopher Cousins,93.0,Mark Camacho,40.0,298.0,0
tt1438176,Craig Gillespie,358.0,44.0,Grace Phipps,596.0,Reid Ewing,343.0,Sandra Vergara,133.0,242.0,23000
tt0402399,Terrence Malick,222.0,0.0,Christian Bale,23000.0,Michael Greyeyes,909.0,Wes Studi,855.0,671.0,0
tt0131646,Chris Roberts,85.0,38.0,Saffron Burrows,811.0,David Suchet,586.0,Jürgen Prochnow,362.0,338.0,858
tt0120710,Neil Jordan,62.0,277.0,Robert Downey Jr.,21000.0,Aidan Quinn,767.0,Paul Guilfoyle,210.0,148.0,654
tt1098327,James Wong,130.0,70.0,Ian Whyte,473.0,Texas Battle,315.0,Randall Duk Kim,99.0,524.0,0
tt1549920,Jee-woon Kim,376.0,419.0,Zach Gilford,971.0,James Burnett,236.0,Christiana Leucas,165.0,258.0,24000
tt0335121,Nick Hamm,130.0,6.0,Robert De Niro,22000.0,Cameron Bright,829.0,Munro Chambers,353.0,191.0,387
tt0360139,Andy Cadiff,65.0,3.0,Annabella Sciorra,448.0,Stark Sands,143.0,Terence Maynard,120.0,129.0,0
tt0844993,Mike Disa,77.0,6.0,Amy Poehler,1000.0,Phil LaMarr,857.0,Cheech Marin,843.0,38.0,0
tt0350261,Lasse Hallström,107.0,529.0,Morgan Freeman,11000.0,Camryn Manheim,329.0,Lynda Boyd,83.0,152.0,0
tt1054606,Terry Gilliam,292.0,0.0,Andrew Garfield,10000.0,Lily Cole,785.0,Verne Troyer,645.0,210.0,19000
tt1423894,Richard J. Lewis,193.0,12.0,Mark Addy,891.0,Atom Egoyan,460.0,Paul Gross,329.0,87.0,0
tt3561180,,16.0,,Ólafur Darri Ólafsson,147.0,Ingvar Eggert Sigurðsson,63.0,Björn Hlynur Haraldsson,51.0,19.0,0
tt2364841,Brad Furman,184.0,65.0,Justin Timberlake,3000.0,John Heard,697.0,David Costabile,681.0,95.0,0
tt0218817,Peter Howitt,123.0,29.0,Tyler Labine,779.0,Richard Roundtree,240.0,Ned Bellamy,91.0,221.0,0
tt0097441,Edward Zwick,60.0,380.0,Denzel Washington,18000.0,Morgan Freeman,11000.0,Matthew Broderick,2000.0,365.0,0
tt0087843,Sergio Leone,111.0,0.0,Robert De Niro,22000.0,Burt Young,683.0,Treat Williams,642.0,495.0,12000
tt2101341,Niels Arden Oplev,217.0,76.0,Dominic Cooper,3000.0,Isabelle Huppert,678.0,James Biberi,174.0,127.0,0
tt0379889,Michael Radford,117.0,53.0,Al Pacino,14000.0,Mackenzie Crook,871.0,Kris Marshall,548.0,161.0,0
tt0281820,Neil Jordan,105.0,277.0,Emir Kusturica,2000.0,Saïd Taghmaoui,378.0,Tchéky Karyo,345.0,103.0,287
tt0403016,Steve Boyum,41.0,9.0,Channing Tatum,17000.0,Mike Vogel,2000.0,Steve Howey,826.0,38.0,353
tt0482546,Chris Noonan,124.0,108.0,Emily Watson,876.0,Bill Paterson,142.0,Lucy Boynton,135.0,142.0,0
tt0417976,Kaige Chen,90.0,45.0,Dong-gun Jang,489.0,Toby Leonard Moore,181.0,Nicholas Tse,107.0,132.0,445
tt0398913,Corey Yuen,110.0,23.0,Steve Howey,826.0,Holly Valance,816.0,Sarah Carter,748.0,180.0,0
tt0443680,Andrew Dominik,273.0,181.0,Brad Pitt,11000.0,Jeremy Renner,10000.0,Sam Shepard,820.0,415.0,0
tt1772230,Li Zhang,63.0,0.0,Bingbing Li,974.0,Joan Chen,643.0,Jaycee Chan,187.0,27.0,0
tt1264904,Laurent Tirard,56.0,2.0,Louise Bourgoin,295.0,Sandrine Kiberlain,71.0,Kad Merad,55.0,17.0,0
tt2231253,Simon West,130.0,165.0,Jason Statham,26000.0,Michael Angarano,947.0,Jason Alexander,700.0,114.0,0
tt1586752,Marc Forster,134.0,395.0,Gerard Butler,18000.0,Madeline Carroll,1000.0,Kathy Baker,313.0,124.0,21000
tt1620449,Reinhard Klooss,36.0,7.0,Jim Broadbent,1000.0,Vanessa Redgrave,898.0,James Corden,480.0,44.0,885
tt0438859,Bille August,46.0,55.0,Terry Pheto,113.0,Patrick Lyster,11.0,Tyrone Keogh,11.0,23.0,0
tt2814362,Frédéric Auburtin,7.0,18.0,Fisher Stevens,922.0,Thomas Kretschmann,919.0,Jemima West,432.0,22.0,0
tt2095649,Olivier Dahan,132.0,61.0,Paz Vega,963.0,Frank Langella,903.0,Derek Jacobi,520.0,62.0,6000
tt4075322,Maksim Fadeev,5.0,0.0,Konstantin Khabenskiy,114.0,Fedor Bondarchuk,35.0,Sergey Garmash,21.0,7.0,161
tt0265651,Liliana Cavani,56.0,59.0,Ray Winstone,1000.0,Dougray Scott,794.0,Chiara Caselli,24.0,108.0,447
tt1700841,Greg Tiernan,65.0,5.0,James Franco,11000.0,Salma Hayek,4000.0,Anders Holm,365.0,14.0,13000
tt2848292,Elizabeth Banks,221.0,0.0,Anna Kendrick,10000.0,Birgitte Hjort Sørensen,1000.0,Hana Mae Lee,751.0,185.0,40000
tt0358273,James Mangold,291.0,446.0,Sandra Ellis Lafferty,523.0,Dallas Roberts,405.0,Tyler Hilton,154.0,815.0,11000
tt3148266,,13.0,,Amanda Schull,757.0,Kirk Acevedo,641.0,Tom Noonan,442.0,56.0,12000
tt0171433,Edward Norton,148.0,0.0,Lisa Edelstein,955.0,Milos Forman,869.0,Anne Bancroft,754.0,259.0,0
tt0118755,Peter Hewitt,42.0,12.0,Jim Broadbent,1000.0,Bradley Pierce,409.0,Mark Williams,373.0,39.0,0
tt0870111,Ron Howard,302.0,2000.0,Toby Jones,2000.0,Clint Howard,1000.0,Oliver Platt,1000.0,241.0,0
tt0270288,George Clooney,181.0,0.0,Dick Clark,504.0,David Julian Hirsh,147.0,Jennifer Hall,89.0,276.0,3000
tt0261289,Reginald Hudlin,64.0,71.0,Matthew Perry,2000.0,Jerry Stiller,719.0,Vincent Pastore,584.0,101.0,201
tt2702724,Ben Falcone,154.0,265.0,Peter Dinklage,22000.0,Tyler Labine,779.0,Ben Falcone,265.0,96.0,0
tt0092804,Richard Attenborough,17.0,0.0,Denzel Washington,18000.0,Kevin McNally,427.0,Penelope Wilton,400.0,51.0,0
tt0140397,Lawrence Kasdan,65.0,759.0,Zooey Deschanel,11000.0,Alfre Woodard,1000.0,Mary McDonnell,933.0,123.0,209
tt0387575,Don Mancini,148.0,64.0,Jason Flemyng,1000.0,Billy Boyd,857.0,Hannah Spearritt,363.0,214.0,0
tt0366627,John Maybury,161.0,11.0,Jennifer Jason Leigh,1000.0,Jason Lewis,948.0,Angel Coulby,566.0,263.0,0
tt0103639,Ron Clements,124.0,63.0,Robin Williams,49000.0,Frank Welker,2000.0,Scott Weinger,631.0,244.0,0
tt1398426,F. Gary Gray,349.0,473.0,Aldis Hodge,559.0,Neil Brown Jr.,427.0,R. Marcos Taylor,303.0,331.0,76000
tt0087469,Steven Spielberg,148.0,14000.0,Harrison Ford,11000.0,Amrish Puri,429.0,Kate Capshaw,237.0,524.0,0
tt0134067,Igor Kovalyov,45.0,5.0,Elizabeth Daily,971.0,Cree Summer,503.0,Christine Cavanaugh,368.0,67.0,418
tt0164334,Lee Tamahori,133.0,93.0,Morgan Freeman,11000.0,Billy Burke,2000.0,Monica Potter,878.0,317.0,0
tt4136084,Stephen Frears,87.0,350.0,Meryl Streep,11000.0,Nina Arianda,183.0,John Sessions,83.0,32.0,0
tt0285823,Robert Rodriguez,178.0,0.0,Johnny Depp,40000.0,Salma Hayek,4000.0,Enrique Iglesias,876.0,471.0,0
tt0095016,John McTiernan,233.0,323.0,Alan Rickman,25000.0,Bruce Willis,13000.0,Reginald VelJohnson,541.0,722.0,25000
tt0430922,David Wain,173.0,136.0,Joe Lo Truglio,833.0,Ken Marino,543.0,Bobb'e J. Thompson,526.0,170.0,0
tt1596363,Adam McKay,426.0,285.0,Ryan Gosling,33000.0,Christian Bale,23000.0,Charlie Talbert,767.0,374.0,99000
tt1127896,Ang Lee,210.0,0.0,Imelda Staunton,579.0,Kevin Chamberlin,489.0,Demetri Martin,210.0,71.0,0
tt0349825,Gavin O'Connor,129.0,149.0,Eddie Cahill,639.0,Noah Emmerich,617.0,Kenneth Mitchell,250.0,289.0,0
tt0363547,Zack Snyder,287.0,0.0,Ty Burrell,3000.0,Kevin Zegers,2000.0,Mekhi Phifer,1000.0,1057.0,7000
tt0209475,Adam Shankman,108.0,163.0,Matthew McConaughey,11000.0,Judy Greer,2000.0,Alex Rocco,968.0,229.0,0
tt2668134,Shinji Aramaki,62.0,21.0,Shun Oguri,173.0,Yû Aoi,59.0,Haruma Miura,47.0,28.0,0
tt0265666,Wes Anderson,220.0,0.0,Bill Murray,13000.0,Anjelica Huston,1000.0,Seymour Cassel,327.0,962.0,0
tt0309698,James Mangold,136.0,446.0,Clea DuVall,1000.0,Rebecca De Mornay,872.0,Jake Busey,660.0,714.0,11000
tt1204975,Jon Turteltaub,222.0,226.0,Robert De Niro,22000.0,Morgan Freeman,11000.0,Romany Malco,966.0,173.0,27000
tt0082398,John Glen,112.0,46.0,Julian Glover,844.0,Topol,402.0,Desmond Llewelyn,244.0,263.0,2000
tt0240890,Peter Chelsom,122.0,23.0,Lilli Lavine,11.0,David Sparrow,9.0,Ann Talman,6.0,374.0,12000
tt0111438,Peter Hyams,62.0,0.0,Mia Sara,664.0,Bruce McGill,655.0,Gloria Reuben,186.0,115.0,0
tt0196229,Ben Stiller,135.0,0.0,Milla Jovovich,14000.0,Alexander Skarsgård,10000.0,Will Ferrell,8000.0,523.0,0
tt1702439,Lasse Hallström,184.0,529.0,David Lyons,576.0,Noah Lomax,447.0,Mimi Kirkland,325.0,160.0,23000
tt0107120,Kenny Ortega,36.0,197.0,Vinessa Shaw,580.0,Omri Katz,336.0,Larry Bagby,115.0,132.0,16000
tt0481141,Scott Hicks,171.0,96.0,Zoë Kravitz,943.0,Lily Rabe,763.0,Bob Balaban,559.0,128.0,0
tt1250777,Matthew Vaughn,447.0,905.0,Elizabeth McGovern,553.0,Deborah Twiss,488.0,Michael Rispoli,385.0,801.0,36000
tt1622547,Ruben Fleischer,220.0,181.0,Bianca Kajlich,731.0,Dilshad Vadsaria,579.0,Fred Ward,459.0,122.0,0
tt0219653,Patrick Lussier,122.0,71.0,Gerard Butler,18000.0,Danny Masterson,1000.0,Jeri Ryan,1000.0,365.0,0
tt1698641,Miguel Arteta,119.0,44.0,Bella Thorne,35000.0,Steve Carell,7000.0,Jennifer Garner,3000.0,85.0,12000
tt0414387,Joe Wright,177.0,456.0,Talulah Riley,422.0,Brenda Blethyn,286.0,Simon Woods,241.0,1058.0,17000
tt0083658,Ridley Scott,302.0,0.0,Harrison Ford,11000.0,Sean Young,759.0,M. Emmet Walsh,521.0,1168.0,34000
tt0114287,Michael Caton-Jones,44.0,105.0,Liam Neeson,14000.0,Jason Flemyng,1000.0,Eric Stoltz,902.0,126.0,0
tt2172934,McG,211.0,368.0,Connie Nielsen,933.0,Richard Sammel,194.0,Tómas Lemarquis,114.0,211.0,10000
tt0498399,James Gray,222.0,115.0,Robert Duvall,3000.0,Oleg Taktarov,327.0,Antoni Corone,97.0,199.0,0
tt0160484,Janusz Kaminski,100.0,710.0,Philip Baker Hall,497.0,Bob Clendenin,347.0,Ben Chaplin,258.0,167.0,209
tt0301727,Jacques Perrin,100.0,63.0,Jacques Perrin,63.0,Philippe Labro,3.0,,,153.0,1000
tt0397078,Donald Petrie,98.0,80.0,Samaire Armstrong,806.0,Carlos Ponce,591.0,Faizon Love,585.0,149.0,0
tt0134618,Jay Roach,74.0,116.0,Scott Grimes,738.0,Mary McCormack,428.0,Ron Eldard,385.0,123.0,913
tt1273678,Brian Levant,97.0,32.0,Madeline Carroll,1000.0,Amber Valletta,626.0,George Lopez,453.0,71.0,0
tt0120133,Michael Ritchie,21.0,23.0,Mara Wilson,1000.0,Francis Capra,937.0,Kathleen Turner,899.0,21.0,517
tt0228333,John Carpenter,156.0,0.0,Jason Statham,26000.0,Clea DuVall,1000.0,Natasha Henstridge,900.0,460.0,0
tt1018765,David Gordon Green,125.0,234.0,Dominic Flores,1000.0,Zoe Kazan,962.0,Scoot McNairy,660.0,50.0,0
tt1374989,Burr Steers,225.0,23.0,Matt Smith,2000.0,Bella Heathcote,860.0,Sam Riley,845.0,134.0,73000
tt0119485,Martin Scorsese,85.0,17000.0,Tenzin Thuthob Tsarong,2.0,Tulku Jamyang Kunga Tenzin,2.0,Tencho Gyalpo,0.0,117.0,0
tt0455538,Robert B. Weide,135.0,53.0,James Corden,480.0,Katherine Parkinson,261.0,Fenella Woolgar,87.0,98.0,0
tt1650554,Jeff Wadlow,350.0,65.0,Chloë Grace Moretz,17000.0,Donald Faison,927.0,Augustus Prew,405.0,378.0,36000
tt0395119,Agustín Díaz Yanes,31.0,13.0,Viggo Mortensen,10000.0,Elena Anaya,1000.0,Eduardo Noriega,278.0,84.0,0
tt1430612,Camille Delamarre,177.0,11.0,Paul Walker,23000.0,Robert Maillet,727.0,RZA,561.0,112.0,0
tt0086034,John Glen,106.0,46.0,Louis Jourdan,594.0,Kabir Bedi,303.0,Steven Berkoff,293.0,225.0,0
tt0478311,Judd Apatow,251.0,0.0,Harold Ramis,11000.0,Martin Starr,985.0,Charlyne Yi,529.0,559.0,0
tt1078588,Nick Cassavetes,148.0,415.0,Jason Patric,673.0,Sofia Vassilieva,489.0,Jeffrey Markle,228.0,184.0,15000
tt0494652,Malcolm D. Lee,76.0,92.0,Mo'Nique,940.0,Mike Epps,706.0,Cedric the Entertainer,436.0,39.0,464
tt0087892,David Lean,52.0,767.0,Richard Wilson,358.0,Judy Davis,223.0,Art Malik,162.0,89.0,845
tt0465551,Richard Eyre,220.0,14.0,Phil Davis,386.0,Andrew Simpson,99.0,Shaun Parkes,78.0,281.0,0
tt0804522,Gavin Hood,131.0,151.0,J.K. Simmons,24000.0,Jake Gyllenhaal,15000.0,Meryl Streep,11000.0,197.0,0
tt4422836,,7.0,,Colin Salmon,766.0,Mary Elizabeth Mastrantonio,638.0,Jake McDorman,535.0,131.0,11000
tt0102975,Nicholas Meyer,112.0,120.0,Leonard Nimoy,12000.0,Kurtwood Smith,1000.0,Nichelle Nichols,664.0,188.0,0
tt0279778,Callie Khouri,93.0,144.0,Ellen Burstyn,1000.0,Fionnula Flanagan,482.0,Matthew Settle,477.0,199.0,0
tt3040964,Jon Favreau,370.0,4000.0,Scarlett Johansson,19000.0,Bill Murray,13000.0,Garry Shandling,591.0,398.0,65000
tt0119468,Gary Fleder,83.0,39.0,Morgan Freeman,11000.0,Tony Goldwyn,956.0,Tatyana Ali,685.0,143.0,0
tt0080455,John Landis,125.0,644.0,John Belushi,1000.0,Aretha Franklin,809.0,Ray Charles,326.0,319.0,14000
tt1018785,Sanaa Hamri,73.0,43.0,America Ferrera,953.0,Blythe Danner,713.0,Michael Rady,523.0,33.0,894
tt1710396,Todd Graff,98.0,650.0,Dolly Parton,1000.0,Jeremy Jordan,773.0,Jesse L. Martin,715.0,71.0,0
tt0276751,Chris Weitz,158.0,129.0,Sharon Small,66.0,Christopher Webster,5.0,Peter McNicholl,3.0,391.0,0
tt0139414,Steve Miner,152.0,49.0,Oliver Platt,1000.0,Bridget Fonda,888.0,Ty Olsson,429.0,366.0,2000
tt0425210,Paul McGuigan,202.0,118.0,Bruce Willis,13000.0,Morgan Freeman,11000.0,Dorian Missick,1000.0,507.0,10000
tt0086197,Philip Kaufman,80.0,133.0,Dennis Quaid,2000.0,Scott Glenn,826.0,Sam Shepard,820.0,170.0,0
tt1521197,Roland Emmerich,288.0,776.0,Vanessa Redgrave,898.0,Joely Richardson,584.0,Rafe Spall,358.0,136.0,15000
tt0088323,Wolfgang Petersen,99.0,249.0,Gerald McRaney,523.0,Barret Oliver,312.0,Alan Oppenheimer,271.0,284.0,21000
tt0118929,Alex Proyas,222.0,295.0,Rufus Sewell,3000.0,William Hurt,882.0,Bruce Spence,531.0,624.0,14000
tt0864761,Saul Dibb,194.0,10.0,Dominic Cooper,3000.0,Hayley Atwell,2000.0,Charlotte Rampling,844.0,140.0,0
tt0042114,,15.0,,Jackie Gleason,491.0,Art Carney,154.0,Joyce Randolph,94.0,31.0,459
tt0089908,Walter Murch,56.0,181.0,Piper Laurie,303.0,Jean Marsh,146.0,Tim Rose,137.0,208.0,0
tt0120769,Richard Linklater,63.0,0.0,Matthew McConaughey,11000.0,Lew Temple,597.0,Dwight Yoakam,324.0,39.0,315
tt0795351,Christian Alvart,167.0,22.0,Bradley Cooper,14000.0,Callum Rennie,716.0,Vanesa Tomasino,355.0,174.0,0
tt0324127,E. Elias Merhige,101.0,54.0,Harry Lennix,748.0,Kevin Chamberlin,489.0,William Mapother,398.0,139.0,817
tt0415965,Menno Meyjes,118.0,43.0,Oliver Platt,1000.0,Richard Schiff,506.0,Sophie Okonedo,460.0,71.0,0
tt1517489,Robert Rodriguez,76.0,0.0,Alexa PenaVega,2000.0,Joel McHale,734.0,Daryl Sabara,640.0,83.0,0
tt2241351,Jodie Foster,268.0,0.0,Julia Roberts,8000.0,Jack O'Connell,698.0,Chris Bauer,638.0,103.0,0
tt0227984,Ronny Yu,95.0,31.0,Meat Loaf,783.0,Junix Inocian,132.0,Paul Barber,57.0,167.0,0
tt0155711,Joel Schumacher,78.0,541.0,Robert De Niro,22000.0,Philip Seymour Hoffman,22000.0,Chris Bauer,638.0,105.0,0
tt0297284,Renny Harlin,127.0,212.0,LL Cool J,1000.0,Clifton Collins Jr.,968.0,Eion Bailey,749.0,226.0,2000
tt0486674,Barry Levinson,137.0,272.0,Robert De Niro,22000.0,Robin Wright,18000.0,Kristen Stewart,17000.0,111.0,845
tt0340376,Norman Jewison,54.0,278.0,Charlotte Rampling,844.0,Colin Salmon,766.0,John Neville,387.0,52.0,188
tt0475331,Kenneth Branagh,38.0,0.0,Kim-Marie Woodhouse,5.0,Amy Carson,4.0,Joseph Kaiser,3.0,19.0,359
tt1114740,Steve Carr,167.0,41.0,Erick Avari,567.0,Adhir Kalyan,402.0,Allen Covert,328.0,201.0,0
tt0322330,Mark Waters,129.0,70.0,Jamie Lee Curtis,2000.0,Julie Gonzalo,528.0,Willie Garson,512.0,271.0,0
tt0405422,Judd Apatow,217.0,0.0,Steve Carell,7000.0,Romany Malco,966.0,Gerry Bednob,218.0,546.0,0
tt0138097,John Madden,134.0,108.0,Tom Wilkinson,1000.0,Martin Clunes,264.0,Simon Callow,239.0,752.0,0
tt0365907,Scott Frank,253.0,71.0,Liam Neeson,14000.0,Boyd Holbrook,439.0,David Harbour,313.0,207.0,15000
tt0099938,Ivan Reitman,46.0,425.0,Richard Tyson,743.0,Cathy Moriarty,394.0,Penelope Ann Miller,344.0,109.0,0
tt0910936,David Gordon Green,232.0,234.0,James Franco,11000.0,Gary Cole,989.0,Rosie Perez,919.0,374.0,0
tt0120631,Andy Tennant,92.0,72.0,Anjelica Huston,1000.0,Dougray Scott,794.0,Jeanne Moreau,343.0,345.0,0
tt0316356,Kevin Costner,153.0,0.0,Robert Duvall,3000.0,Michael Jeter,693.0,Julian Richings,648.0,494.0,0
tt0099582,Joel Schumacher,49.0,541.0,Julia Roberts,8000.0,Oliver Platt,1000.0,Hope Davis,442.0,148.0,0
tt0472954,,79.0,,Rob McElhenney,813.0,Kaitlin Olson,547.0,Glenn Howerton,424.0,151.0,0
tt0075784,Richard Attenborough,56.0,0.0,Ryan O'Neal,385.0,Dirk Bogarde,232.0,Wolfgang Preiss,14.0,210.0,0
tt0421239,Wes Craven,224.0,0.0,Robert Pine,332.0,Carl Gilliard,285.0,Suzie Plakson,178.0,673.0,0
tt0309593,David R. Ellis,175.0,160.0,Sarah Carter,748.0,Michael Landes,439.0,Keegan Connor Tracy,392.0,472.0,0
tt0190590,Joel Coen,197.0,0.0,Holly Hunter,1000.0,Tim Blake Nelson,596.0,Daniel von Bargen,577.0,862.0,16000
tt1038686,Scott Stewart,226.0,124.0,Dennis Quaid,2000.0,Kate Walsh,850.0,Charles S. Dutton,534.0,315.0,0
tt1980209,Michael Bay,335.0,0.0,Dwayne Johnson,12000.0,Larry Hankin,412.0,Michael Rispoli,385.0,287.0,43000
tt0385267,Paul Weitz,157.0,80.0,Scarlett Johansson,19000.0,Ty Burrell,3000.0,Dennis Quaid,2000.0,214.0,736
tt0157472,Jonathan Frakes,69.0,906.0,Michael Biehn,2000.0,Paula Garcés,587.0,Jason George,528.0,94.0,874
tt0090022,Lawrence Kasdan,46.0,759.0,Scott Glenn,826.0,Todd Allen,130.0,Brad Leland,67.0,149.0,0
tt0765010,Jim Sheridan,217.0,260.0,Natalie Portman,20000.0,Jake Gyllenhaal,15000.0,Bailee Madison,3000.0,201.0,10000
tt0358349,Kevin Allen,55.0,8.0,Daniel Roebuck,1000.0,Frankie Muniz,934.0,David Kelly,588.0,44.0,167
tt1598822,Garry Marshall,200.0,0.0,Robert De Niro,22000.0,Common,988.0,Seth Meyers,307.0,134.0,20000
tt0218922,Michael Cristofer,93.0,49.0,Angelina Jolie Pitt,11000.0,Gregory Itzin,216.0,Jack Thompson,155.0,181.0,3000
tt1486192,James McTeigue,265.0,160.0,Pam Ferris,771.0,Dave Legeno,570.0,Kevin McNally,427.0,190.0,35000
tt0361925,Donald Petrie,82.0,80.0,Rip Torn,826.0,Ray Romano,590.0,Maura Tierney,509.0,95.0,260
tt0110027,Andrew Morahan,32.0,5.0,Christopher Lambert,1000.0,Mako,691.0,Mario Van Peebles,535.0,79.0,319
tt0115710,Bob Rafelson,42.0,30.0,Harold Perrineau,1000.0,Mike Starr,854.0,Judy Davis,223.0,55.0,145
tt0119227,Michael Cohn,22.0,2.0,David Conrad,642.0,Chris Bauer,638.0,Monica Keena,512.0,69.0,0
tt0256524,Woody Allen,116.0,11000.0,Woody Allen,11000.0,Elizabeth Berkley,893.0,Peter Gerety,277.0,178.0,826
tt1137470,David O. Russell,56.0,737.0,Jake Gyllenhaal,15000.0,Kirstie Alley,980.0,Beverly D'Angelo,816.0,28.0,0
tt0116322,Alan Shapiro,23.0,0.0,Paul Hogan,442.0,Chelsea Field,95.0,Jessica Wesson,26.0,26.0,504
tt2140379,Tarsem Singh,178.0,763.0,Ryan Reynolds,16000.0,Derek Luke,543.0,Sandra Ellis Lafferty,523.0,126.0,11000
tt0387131,Fernando Meirelles,226.0,353.0,Archie Panjabi,883.0,Danny Huston,430.0,Donald Sumpter,151.0,568.0,0
tt0335345,Mel Gibson,406.0,0.0,Christo Jivkov,260.0,Maia Morgenstern,252.0,Hristo Shopov,113.0,2814.0,13000
tt0107614,Chris Columbus,57.0,0.0,Robin Williams,49000.0,Mara Wilson,1000.0,Matthew Lawrence,711.0,223.0,0
tt0095953,Barry Levinson,100.0,272.0,Tom Cruise,10000.0,Valeria Golino,898.0,Beth Grant,628.0,331.0,12000
tt1205489,Clint Eastwood,366.0,16000.0,Clint Eastwood,16000.0,Dreama Walker,601.0,Ahney Her,198.0,871.0,28000
tt1175491,Oliver Stone,242.0,0.0,Toby Jones,2000.0,Scott Glenn,826.0,Bruce McGill,655.0,320.0,0
tt0936501,Pierre Morel,309.0,180.0,Liam Neeson,14000.0,Holly Valance,816.0,Xander Berkeley,485.0,974.0,29000
tt1972779,Michael Hoffman,85.0,97.0,Luke Bracey,775.0,Gerald McRaney,523.0,Clarke Peters,437.0,99.0,19000
tt0103855,Mick Jackson,48.0,81.0,Bill Cobbs,970.0,Mike Starr,854.0,DeVaughn Nixon,164.0,126.0,0
tt0108052,Steven Spielberg,174.0,14000.0,Liam Neeson,14000.0,Embeth Davidtz,795.0,Caroline Goodall,212.0,1273.0,41000
tt1454029,Tate Taylor,373.0,150.0,Emma Stone,15000.0,Bryce Dallas Howard,3000.0,Mike Vogel,2000.0,460.0,75000
tt1837703,Bill Condon,224.0,386.0,Benedict Cumberbatch,19000.0,Peter Capaldi,17000.0,Jamie Blackley,203.0,105.0,11000
tt0331632,Raja Gosnell,94.0,67.0,Sarah Michelle Gellar,4000.0,Linda Cardellini,2000.0,Tim Blake Nelson,596.0,149.0,567
tt1224378,Oleg Stepchenko,25.0,0.0,Jason Flemyng,1000.0,Igor Jijikine,65.0,Agnia Ditkovskite,48.0,18.0,0
tt0329101,Ronny Yu,273.0,31.0,Katharine Isabelle,918.0,Jason Ritter,782.0,Zack Ward,662.0,885.0,3000
tt2967008,Michael Winterbottom,78.0,187.0,Cara Delevingne,554.0,Ava Acres,213.0,Sara Stewart,127.0,25.0,488
tt0268397,John A. Davis,66.0,8.0,Martin Short,770.0,Rob Paulsen,677.0,Andrea Martin,179.0,118.0,425
tt1060277,Matt Reeves,459.0,198.0,Mike Vogel,2000.0,Ben Feldman,1000.0,Liza Lapira,387.0,2192.0,0
tt0103060,Michael Pressman,68.0,34.0,Kevin Nash,642.0,Paige Turco,533.0,Ernie Reyes Jr.,445.0,93.0,0
tt0094226,Brian De Palma,123.0,0.0,Robert De Niro,22000.0,Billy Drago,371.0,Charles Martin Smith,188.0,418.0,0
tt0477348,Ethan Coen,488.0,1000.0,Kelly Macdonald,2000.0,Stephen Root,939.0,Barry Corbin,883.0,1518.0,21000
tt1408253,Tim Story,146.0,167.0,Bruce McGill,655.0,Tika Sumpter,521.0,Bryan Callen,460.0,109.0,0
tt0243155,Sharon Maguire,168.0,11.0,Colin Firth,14000.0,Jim Broadbent,1000.0,Shirley Henderson,887.0,571.0,0
tt0241303,Lasse Hallström,152.0,529.0,Lena Olin,541.0,Leslie Caron,399.0,Hugh O'Conor,163.0,498.0,18000
tt0333780,Charles Herman-Wurmfeld,133.0,0.0,Mary Lynn Rajskub,934.0,Bruce McGill,655.0,Bob Newhart,643.0,297.0,660
tt1047540,Andy Fickman,139.0,99.0,Bailee Madison,3000.0,Gedde Watanabe,448.0,Tom Everett Scott,433.0,107.0,0
tt1411238,Ivan Reitman,245.0,425.0,Natalie Portman,20000.0,Greta Gerwig,962.0,Mindy Kaling,766.0,178.0,24000
tt0108358,George P. Cosmatos,84.0,170.0,Michael Biehn,2000.0,Dana Delany,722.0,Powers Boothe,472.0,439.0,11000
tt0165929,Andrzej Bartkowiak,70.0,43.0,Jet Li,5000.0,Delroy Lindo,848.0,Aaliyah,775.0,365.0,0
tt0075005,Richard Donner,154.0,503.0,Lee Remick,264.0,Patrick Troughton,139.0,Billie Whitelaw,108.0,310.0,7000
tt0414982,James Wong,216.0,70.0,Chelan Simmons,440.0,Gina Holden,346.0,Crystal Lowe,318.0,571.0,0
tt1327194,Scott Hicks,170.0,96.0,Blythe Danner,713.0,Riley Thomas Stewart,220.0,Jay R. Ferguson,204.0,106.0,29000
tt0398808,Gabor Csupo,181.0,47.0,Josh Hutcherson,14000.0,Zooey Deschanel,11000.0,Bailee Madison,3000.0,522.0,6000
tt0308644,Marc Forster,226.0,395.0,Johnny Depp,40000.0,Kate Winslet,14000.0,Kelly Macdonald,2000.0,632.0,0
tt2609758,Tyler Perry,24.0,0.0,Alicia Witt,975.0,Tika Sumpter,521.0,Larry the Cable Guy,400.0,27.0,0
tt1601913,Joe Carnahan,408.0,248.0,Liam Neeson,14000.0,Frank Grillo,798.0,James Badge Dale,726.0,755.0,32000
tt0382077,John Polson,180.0,21.0,Robert De Niro,22000.0,Dylan Baker,812.0,Robert John Burke,317.0,450.0,0
tt0357413,Adam McKay,181.0,285.0,Darcy Donavan,640000.0,Will Ferrell,8000.0,Steve Carell,7000.0,577.0,0
tt0099685,Martin Scorsese,192.0,17000.0,Robert De Niro,22000.0,Mike Starr,854.0,Paul Sorvino,635.0,989.0,25000
tt0313911,Harald Zwart,79.0,91.0,Daniel Roebuck,1000.0,Frankie Muniz,934.0,Chris Gauthier,434.0,104.0,542
tt0396752,Kirk Jones,128.0,52.0,Colin Firth,14000.0,Kelly Macdonald,2000.0,Imelda Staunton,579.0,181.0,0
tt0086250,Brian De Palma,147.0,0.0,Al Pacino,14000.0,F. Murray Abraham,670.0,Mary Elizabeth Mastrantonio,638.0,851.0,19000
tt0119807,Steve Oedekerk,49.0,176.0,Kelly Preston,742.0,Michael McKean,658.0,Rebecca Gayheart,468.0,92.0,0
tt0093389,Bernardo Bertolucci,75.0,973.0,Cary-Hiroyuki Tagawa,1000.0,Joan Chen,643.0,Victor Wong,400.0,133.0,0
tt1524137,Baltasar Kormákur,270.0,175.0,J.K. Simmons,24000.0,David O'Hara,736.0,Lukas Haas,733.0,161.0,0
tt0119695,Brett Ratner,29.0,420.0,Heather Locklear,695.0,Paul Sorvino,635.0,Faizon Love,585.0,41.0,666
tt0469494,Paul Thomas Anderson,398.0,0.0,Jim Meskimen,272.0,Paul F. Tompkins,111.0,Kevin Breznahan,104.0,1107.0,16000
tt0282120,Cathy Malkasian,38.0,0.0,Alfre Woodard,1000.0,Flea,535.0,Cree Summer,503.0,33.0,187
tt0337711,John Eng,45.0,0.0,Elizabeth Daily,971.0,Cree Summer,503.0,Nancy Cartwright,362.0,35.0,329
tt0279493,Malcolm D. Lee,81.0,92.0,Dave Chappelle,744.0,Eddie Griffin,489.0,Chi McBride,466.0,179.0,0
tt0403508,Ken Kwapis,88.0,42.0,Mike Vogel,2000.0,America Ferrera,953.0,Kyle Schmid,917.0,223.0,0
tt0271027,Chris Nahon,116.0,20.0,Jet Li,5000.0,Bridget Fonda,888.0,Max Ryan,872.0,254.0,0
tt0852713,Fred Wolf,129.0,29.0,Emma Stone,15000.0,Katharine McPhee,852.0,Beverly D'Angelo,816.0,126.0,0
tt0388500,Bille Woodruff,72.0,23.0,Alfre Woodard,1000.0,Keshia Knight Pulliam,619.0,LisaRaye McCoy,485.0,59.0,671
tt1647668,Craig Gillespie,151.0,44.0,Jon Hamm,4000.0,Suraj Sharma,774.0,Gregory Alan Williams,367.0,96.0,10000
tt0435651,Phillip Noyce,198.0,176.0,Jeff Bridges,12000.0,Meryl Streep,11000.0,Alexander Skarsgård,10000.0,260.0,58000
tt0286788,Dennie Gordon,66.0,29.0,Colin Firth,14000.0,Oliver James,1000.0,Kelly Preston,742.0,194.0,0
tt0301470,Victor Salva,167.0,108.0,Nicki Aycox,296.0,Jonathan Breck,270.0,Billy Aaron Brown,177.0,316.0,0
tt0452625,Mark Helfrich,127.0,7.0,Dane Cook,1000.0,Dan Fogler,562.0,Chelan Simmons,440.0,150.0,0
tt0306685,Andrzej Bartkowiak,109.0,43.0,Jet Li,5000.0,Tom Arnold,618.0,DMX,432.0,185.0,1000
tt0274558,Stephen Daldry,174.0,335.0,Meryl Streep,11000.0,Stephen Dillane,577.0,Miranda Richardson,530.0,660.0,0
tt0454945,Andy Fickman,91.0,99.0,Channing Tatum,17000.0,Alexandra Breckenridge,1000.0,Laura Ramsey,960.0,261.0,0
tt0453451,Steve Bendelack,151.0,68.0,Lily Atkinson,328.0,Emma de Caunes,132.0,Steve Pemberton,100.0,235.0,0
tt0366174,Dwight H. Little,94.0,27.0,Nicholas Gonzalez,601.0,Salli Richardson-Whitfield,543.0,Johnny Messner,522.0,144.0,686
tt1747958,Guillaume Canet,91.0,0.0,Mila Kunis,15000.0,Lili Taylor,960.0,Billy Crudup,745.0,41.0,0
tt0426931,Kirsten Sheridan,148.0,59.0,Robin Williams,49000.0,Aaron Staton,702.0,Marian Seldes,403.0,364.0,18000
tt0127536,Shekhar Kapur,141.0,159.0,Fanny Ardant,288.0,John Gielgud,249.0,Eric Cantona,240.0,409.0,0
tt0144120,Ronny Yu,114.0,31.0,Alexis Arquette,285.0,Park Bench,81.0,Vince Corazza,71.0,292.0,0
tt0066473,Richard Fleischer,79.0,130.0,Joseph Cotten,469.0,Richard Anderson,377.0,James Whitmore,288.0,159.0,0
tt0120185,Bob Spiers,33.0,14.0,Jason Flemyng,1000.0,Richard Briers,401.0,Victoria Beckham,199.0,261.0,0
tt1366344,David Gordon Green,146.0,234.0,Ari Graynor,904.0,J.B. Smoove,555.0,Kylie Bunbury,370.0,114.0,0
tt1153706,Damien Dante Wayans,83.0,82.0,Damon Wayans Jr.,756.0,Essence Atkins,713.0,Chris Elliott,571.0,50.0,657
tt0111161,Frank Darabont,199.0,0.0,Morgan Freeman,11000.0,Jeffrey DeMunn,745.0,Bob Gunton,461.0,4144.0,108000
tt0231402,Simon Wincer,71.0,23.0,Jere Burns,460.0,Paul Hogan,442.0,Linda Kozlowski,162.0,119.0,387
tt0116778,Bobby Farrelly,62.0,101.0,Bill Murray,13000.0,Lin Shaye,852.0,Richard Tyson,743.0,185.0,3000
tt2039393,Rupert Wyatt,175.0,81.0,George Kennedy,3000.0,Cjon Saulsberry,571.0,Griffin Cleveland,81.0,145.0,0
tt1322269,John Wells,322.0,53.0,Benedict Cumberbatch,19000.0,Meryl Streep,11000.0,Julia Roberts,8000.0,285.0,30000
tt0396652,Tim Fywell,67.0,3.0,Connie Ray,90.0,Trevor Blumas,89.0,Amy Stewart,28.0,81.0,901
tt0391304,Nigel Cole,112.0,13.0,Aimee Garcia,618.0,Tyrone Giordano,172.0,James Read,165.0,161.0,0
tt1083452,Dexter Fletcher,216.0,452.0,Hugh Jackman,20000.0,Taron Egerton,732.0,Tim McInnerny,141.0,119.0,15000
tt0124718,Spike Lee,48.0,0.0,Denzel Washington,18000.0,Milla Jovovich,14000.0,Rosario Dawson,3000.0,109.0,0
tt0112883,Jeremy Leven,44.0,19.0,Johnny Depp,40000.0,Marlon Brando,10000.0,Faye Dunaway,977.0,117.0,0
tt0983983,,12.0,,Justin Fletcher,45.0,John Sparkes,7.0,Kate Harbour,3.0,12.0,834
tt0989757,Lasse Hallström,162.0,529.0,Channing Tatum,17000.0,Henry Thomas,861.0,Scott Porter,690.0,186.0,14000
tt0480255,Sylvain White,213.0,41.0,Chris Evans,11000.0,Jason Patric,673.0,Óscar Jaenada,619.0,165.0,0
tt1270761,Troy Nixey,298.0,24.0,Bailee Madison,3000.0,Alan Dale,441.0,Jack Thompson,155.0,250.0,10000
tt0499556,Philip G. Atwell,119.0,5.0,Jason Statham,26000.0,Jet Li,5000.0,Nadine Velazquez,874.0,166.0,0
tt0272338,Paul Thomas Anderson,251.0,0.0,Adam Sandler,11000.0,Emily Watson,876.0,Don McManus,98.0,888.0,0
tt0356150,Jeff Schaffer,92.0,17.0,Matt Damon,13000.0,Scott Mechlowicz,634.0,Jacob Pitts,360.0,316.0,0
tt0297162,Don Michael Paul,58.0,70.0,Claudia Christian,462.0,Nia Peeples,444.0,Tony Plana,223.0,132.0,564
tt0488658,Paul Feig,73.0,176.0,Tyler James Williams,931.0,Rob Riggle,839.0,B.J. Novak,825.0,56.0,498
tt0094799,James Bridges,28.0,21.0,Dianne Wiest,967.0,Phoebe Cates,767.0,Swoosie Kurtz,418.0,37.0,377
tt0115472,Steve Barron,19.0,48.0,Martin Landau,940.0,Udo Kier,595.0,Bebe Neuwirth,376.0,22.0,246
tt0388980,Bill Paxton,86.0,0.0,Stephen Dillane,577.0,Matthew Knight,464.0,Amanda Tilson,58.0,106.0,0
tt0362478,Richard Kelly,287.0,219.0,Frank Langella,902.0,Gillian Jacobs,837.0,Celia Weston,258.0,376.0,0
tt0963794,Carter Smith,233.0,27.0,Laura Ramsey,960.0,Jonathan Tucker,664.0,Sergio Calderón,49.0,351.0,0
tt0156841,John Schlesinger,86.0,154.0,Mark Valley,774.0,Rupert Everett,692.0,Illeana Douglas,347.0,162.0,378
tt0872230,Wes Craven,160.0,0.0,Frank Grillo,798.0,Emily Meade,374.0,Zena Grey,255.0,136.0,0
tt0265208,Luke Greenfield,126.0,42.0,Chris Marquette,355.0,Timothy Bottoms,155.0,Jacob Young,111.0,513.0,0
tt0117011,Ringo Lam,50.0,17.0,Natasha Henstridge,900.0,Zach Grenier,246.0,Paul Ben-Victor,218.0,68.0,503
tt0265808,Bruce McCulloch,52.0,54.0,Martin Starr,985.0,Megan Mullally,637.0,Chris Penn,455.0,92.0,215
tt3569230,Brian Helgeland,260.0,241.0,Tom Hardy,27000.0,Paul Anderson,154.0,Tara Fitzgerald,151.0,174.0,43000
tt0787475,Akiva Schaffer,111.0,82.0,Sissy Spacek,874.0,Jorma Taccone,434.0,Chris Parnell,432.0,149.0,0
tt1633356,David R. Ellis,231.0,160.0,Chris Zylka,963.0,Joel David Moore,936.0,Katharine McPhee,852.0,130.0,0
tt0145653,Alan Parker,99.0,317.0,Emily Watson,876.0,Devon Murray,219.0,Pauline McLynn,70.0,163.0,0
tt2223990,Ivan Reitman,159.0,425.0,Jennifer Garner,3000.0,Chi McBride,466.0,Patrick St. Esprit,148.0,113.0,14000
tt0089489,Tobe Hooper,159.0,365.0,Frank Finlay,338.0,Steve Railsback,246.0,Peter Firth,141.0,189.0,0
tt0175058,,7.0,,Elizabeth Daily,971.0,Jennifer Hale,918.0,Tom Kane,265.0,60.0,581
tt0968264,Robert Redford,199.0,0.0,Robin Wright,18000.0,Tom Wilkinson,1000.0,Stephen Root,939.0,135.0,0
tt0355702,Catherine Hardwicke,119.0,308.0,Heath Ledger,13000.0,Michael Angarano,947.0,Rebecca De Mornay,872.0,194.0,5000
tt2006295,Patricia Riggen,120.0,36.0,Marco Treviño,562.0,James Brolin,499.0,Jacob Vargas,399.0,56.0,0
tt0090728,John Carpenter,180.0,0.0,Victor Wong,400.0,Kate Burton,223.0,Peter Kwong,52.0,331.0,19000
tt1986843,Pascal Chaumeil,58.0,8.0,Dany Boon,172.0,Malonn Lévana,20.0,Alice Pol,8.0,11.0,853
tt1291584,Gavin O'Connor,317.0,149.0,Tom Hardy,27000.0,Frank Grillo,798.0,Kevin Dunn,581.0,514.0,77000
tt0117039,Neil Jordan,44.0,277.0,Alan Rickman,25000.0,Liam Neeson,14000.0,Julia Roberts,8000.0,93.0,0
tt0107007,Ron Maxwell,22.0,33.0,Tom Berenger,854.0,William Morgan Sheppard,702.0,James Patrick Stuart,251.0,256.0,0
tt0489281,Kimberly Peirce,143.0,108.0,Joseph Gordon-Levitt,23000.0,Channing Tatum,17000.0,Abbie Cornish,2000.0,99.0,982
tt0267248,Stephen Gaghan,72.0,79.0,Charlie Hunnam,16000.0,Zooey Deschanel,11000.0,Tony Goldwyn,956.0,157.0,261
tt0120620,Jonathan Kaplan,70.0,57.0,John Doe,181.0,Tom Amandes,151.0,Daniel Lapaine,92.0,187.0,0
tt0431021,Ole Bornedal,264.0,30.0,Kyra Sedgwick,941.0,Madison Davenport,459.0,Natasha Calis,309.0,162.0,17000
tt0117104,Richard Benjamin,20.0,121.0,Brendan Fraser,3000.0,Jane Krakowski,624.0,Cathryn de Prume,354.0,50.0,491
tt0999913,Rod Lurie,190.0,37.0,Alexander Skarsgård,10000.0,Laz Alonso,826.0,Rhys Coiro,268.0,140.0,7000
tt0462338,Lasse Hallström,142.0,529.0,Hope Davis,442.0,Christopher Evan Welch,252.0,James Biberi,174.0,74.0,348
tt0102984,Craig R. Baxley,27.0,22.0,Brian Bosworth,174.0,Sam McMurray,132.0,Richard Gant,120.0,62.0,0
tt0898367,John Hillcoat,355.0,214.0,Viggo Mortensen,10000.0,Charlize Theron,9000.0,Robert Duvall,3000.0,504.0,32000
tt0088103,John Guillermin,21.0,71.0,Tanya Roberts,433.0,Donovan Scott,54.0,Ted Wass,42.0,52.0,739
tt0373416,Marcos Siega,31.0,32.0,Cheech Marin,843.0,Nick Cannon,593.0,Kaylee DeFer,324.0,26.0,206
tt0239949,J.B. Rogers,87.0,6.0,Eddie Cibrian,849.0,Chris Klein,841.0,Jack Plotnick,248.0,91.0,295
tt0412080,Roger Donaldson,126.0,79.0,Anthony Hopkins,12000.0,Antony Starr,506.0,Craig Hall,50.0,251.0,11000
tt0417148,David R. Ellis,285.0,160.0,Lin Shaye,852.0,Kenan Thompson,521.0,Rachel Blanchard,490.0,1033.0,4000
tt0114614,Rachel Talalay,60.0,54.0,Naomi Watts,6000.0,Lori Petty,923.0,Jeff Kober,919.0,173.0,0
tt0388183,Jeffrey W. Byrd,23.0,2.0,Donald Faison,927.0,Loretta Devine,912.0,Regina Hall,807.0,20.0,83
tt0861689,Fernando Meirelles,229.0,353.0,Don McKellar,45.0,Joe Pingue,30.0,Yûsuke Iseya,18.0,300.0,0
tt0383222,Uwe Boll,143.0,892.0,Meat Loaf,783.0,Udo Kier,595.0,Michael Paré,492.0,471.0,937
tt1692486,Roman Polanski,376.0,2000.0,Kate Winslet,14000.0,Christoph Waltz,11000.0,Julie Adams,132.0,181.0,21000
tt0373450,Atom Egoyan,97.0,460.0,Colin Firth,14000.0,Alison Lohman,1000.0,Rachel Blanchard,490.0,128.0,507
tt1792647,Andrew Adamson,73.0,80.0,Dallas Barnett,473.0,Erica Linz,31.0,Igor Zaripov,31.0,35.0,0
tt0119934,Robert Towne,28.0,162.0,Billy Burke,2000.0,Monica Potter,878.0,Billy Crudup,745.0,57.0,942
tt1175506,Richard Linklater,160.0,0.0,Zoe Kazan,962.0,Aidan McArdle,266.0,James Tupper,240.0,69.0,0
tt1924396,Giuseppe Tornatore,124.0,911.0,Jim Sturgess,5000.0,Sean Buchanan,234.0,Liya Kebede,232.0,131.0,31000
tt1095217,Werner Herzog,280.0,0.0,Nicolas Cage,12000.0,Shea Whigham,463.0,Shawn Hatosy,407.0,212.0,6000
tt1230204,Ben Stassen,56.0,4.0,Ed Begley Jr.,783.0,Jenny McCarthy,749.0,Stacy Keach,602.0,22.0,0
tt1440232,Guillaume Canet,118.0,0.0,François Cluzet,541.0,Benoît Magimel,173.0,Gilles Lellouche,92.0,48.0,0
tt1125929,Taylor Hackford,49.0,138.0,Scout Taylor-Compton,908.0,Bai Ling,581.0,Gil Birmingham,416.0,17.0,636
tt1239462,Jérôme Deschamps,4.0,0.0,Yolande Moreau,44.0,André Wilms,9.0,Jérôme Deschamps,0.0,24.0,90
tt1272051,Inna Evlannikova,16.0,0.0,Sergey Garmash,21.0,Evgeniy Mironov,15.0,Aleksandr Bashirov,7.0,8.0,200
tt2193215,Ridley Scott,336.0,0.0,Michael Fassbender,13000.0,Brad Pitt,11000.0,Goran Visnjic,1000.0,431.0,24000
tt1233301,Jonathan English,91.0,9.0,Jason Flemyng,1000.0,Mackenzie Crook,870.0,Derek Jacobi,520.0,103.0,0
tt0066549,Sergey Bondarchuk,16.0,27.0,Rod Steiger,279.0,Dan O'Herlihy,128.0,Jack Hawkins,87.0,76.0,690
tt2952602,Teddy Chan,65.0,3.0,Siu-Wong Fan,79.0,Charlie Yeung,68.0,Wai-Keung Lau,55.0,26.0,0
tt1946381,Mario Van Peebles,7.0,535.0,Martin Kove,668.0,Mario Van Peebles,535.0,Jacob Vargas,399.0,11.0,437
tt0094947,Stephen Frears,51.0,350.0,Keanu Reeves,18000.0,Peter Capaldi,17000.0,Swoosie Kurtz,418.0,143.0,0
tt0337692,Walter Salles,252.0,179.0,Kristen Stewart,17000.0,Viggo Mortensen,10000.0,Kirsten Dunst,4000.0,128.0,27000
tt0092007,Leonard Nimoy,106.0,12000.0,Leonard Nimoy,12000.0,Nichelle Nichols,664.0,Walter Koenig,643.0,219.0,0
tt0479143,Sylvester Stallone,285.0,13000.0,Sylvester Stallone,13000.0,Burt Young,683.0,Mike Tyson,461.0,962.0,0
tt2058673,Ericson Core,163.0,19.0,Ray Winstone,1000.0,Edgar Ramírez,897.0,Delroy Lindo,848.0,163.0,37000
tt0120082,Wes Craven,195.0,0.0,Omar Epps,865.0,Jada Pinkett Smith,851.0,Kevin Williamson,221.0,488.0,0
tt2140037,Gavin O'Connor,123.0,149.0,Natalie Portman,20000.0,Noah Emmerich,617.0,Boyd Holbrook,439.0,56.0,0
tt2239832,Tim Story,52.0,167.0,Romany Malco,966.0,Regina Hall,807.0,David Walton,676.0,38.0,3000
tt0190138,Jonathan Lynn,129.0,36.0,Bruce Willis,13000.0,Matthew Perry,2000.0,Natasha Henstridge,900.0,318.0,0
tt0087277,Herbert Ross,60.0,71.0,Dianne Wiest,967.0,Chris Penn,455.0,Lori Singer,304.0,113.0,0
tt0302886,Todd Phillips,123.0,480.0,Will Ferrell,8000.0,Leah Remini,909.0,Patrick Fischler,497.0,404.0,0
tt0101889,Terry Gilliam,84.0,0.0,Jeff Bridges,12000.0,David Hyde Pierce,443.0,Harry Shearer,161.0,170.0,12000
tt0130018,Danny Cannon,125.0,41.0,Muse Watson,45000.0,Mekhi Phifer,1000.0,Bill Cobbs,970.0,418.0,891
tt0122459,Bonnie Hunt,106.0,597.0,Minnie Driver,893.0,Jim Belushi,854.0,Bonnie Hunt,597.0,275.0,0
tt1007028,Kevin Smith,247.0,0.0,Gerry Bednob,218.0,Jeff Anderson,216.0,Jennifer Schwalbach Smith,92.0,243.0,0
tt0171580,Neil LaBute,156.0,119.0,Morgan Freeman,11000.0,Pruitt Taylor Vince,592.0,Kathleen Wilhoite,265.0,263.0,455
tt1234548,Grant Heslov,271.0,293.0,Kevin Spacey,18000.0,Jeff Bridges,12000.0,Stephen Root,939.0,268.0,15000
tt0238948,George Gallo,45.0,269.0,Daniel Roebuck,1000.0,Eddie Griffin,489.0,Garcelle Beauvais,384.0,50.0,204
tt0172493,James Mangold,133.0,446.0,Angelina Jolie Pitt,11000.0,Clea DuVall,1000.0,Vanessa Redgrave,898.0,385.0,0
tt0335559,Robert Luketic,84.0,126.0,Topher Grace,2000.0,Gary Cole,989.0,Nathan Lane,886.0,140.0,876
tt0158811,Tim Hill,70.0,25.0,Josh Charles,1000.0,F. Murray Abraham,670.0,David Arquette,611.0,100.0,619
tt0078504,Sidney Lumet,32.0,0.0,Lena Horne,738.0,Diana Ross,295.0,Theresa Merritt,227.0,150.0,0
tt0217756,Brian Robbins,51.0,48.0,Oliver Platt,1000.0,Ellen Albertini Dow,957.0,Martin Landau,940.0,101.0,650
tt0196857,Ron Shelton,73.0,41.0,Willie Garson,512.0,Robert Wagner,481.0,Lolita Davidovich,197.0,59.0,153
tt1742650,Douglas McGrath,169.0,41.0,Olivia Munn,2000.0,Busy Philipps,1000.0,Jessica Szohr,847.0,68.0,0
tt0464154,Alexandre Aja,365.0,192.0,Adam Scott,3000.0,Kelly Brook,859.0,Jessica Szohr,847.0,374.0,13000
tt0363473,Kevin Spacey,113.0,18000.0,Kevin Spacey,18000.0,Bob Hoskins,5000.0,Brenda Blethyn,286.0,248.0,0
tt0120645,Steve Boyum,18.0,9.0,Paul Walker,23000.0,M.C. Gainey,284.0,A.J. Langer,254.0,37.0,839
tt0112389,Richard Williams,10.0,18.0,Donald Pleasence,742.0,Kenneth Williams,83.0,Clive Revill,73.0,47.0,408
tt0356443,Mary McGuckian,16.0,6.0,Robert De Niro,22000.0,F. Murray Abraham,670.0,Geraldine Chaplin,382.0,50.0,181
tt1433108,George Tillman Jr.,196.0,88.0,Dwayne Johnson,12000.0,Tom Berenger,854.0,Mike Epps,706.0,157.0,12000
tt0347149,Hayao Miyazaki,212.0,6000.0,Christian Bale,23000.0,Blythe Danner,713.0,Jean Simmons,422.0,330.0,13000
tt1156398,Ruben Fleischer,445.0,181.0,Emma Stone,15000.0,Bill Murray,13000.0,Derek Graf,11.0,553.0,26000
tt0360717,Peter Jackson,446.0,0.0,Naomi Watts,6000.0,Thomas Kretschmann,918.0,Evan Parke,84.0,2618.0,0
tt0120484,Frank Coraci,108.0,153.0,Adam Sandler,11000.0,Clint Howard,1000.0,Peter Dante,427.0,300.0,0
tt0080684,Irvin Kershner,223.0,883.0,Harrison Ford,11000.0,Kenny Baker,504.0,Anthony Daniels,441.0,900.0,17000
tt0112442,Michael Bay,63.0,0.0,Will Smith,10000.0,Tchéky Karyo,345.0,Theresa Randle,244.0,203.0,0
tt0102510,David Zucker,43.0,119.0,George Kennedy,3000.0,Priscilla Presley,348.0,O.J. Simpson,144.0,87.0,0
tt0195714,James Wong,211.0,70.0,Daniel Roebuck,1000.0,Brendan Fehr,847.0,Kerr Smith,591.0,674.0,0
tt1124035,George Clooney,421.0,0.0,Ryan Gosling,33000.0,Philip Seymour Hoffman,22000.0,Jennifer Ehle,1000.0,288.0,22000
tt0134847,David Twohy,214.0,123.0,Vin Diesel,14000.0,Radha Mitchell,991.0,Cole Hauser,787.0,805.0,5000
tt0244970,Tony Goldwyn,92.0,956.0,Hugh Jackman,20000.0,Ellen Barkin,551.0,Catherine Dent,99.0,167.0,0
tt1798709,Spike Jonze,574.0,0.0,Scarlett Johansson,19000.0,Brian Johnson,128.0,Matt Letscher,105.0,748.0,148000
tt1083452,Dexter Fletcher,216.0,452.0,Hugh Jackman,20000.0,Taron Egerton,732.0,Tim McInnerny,141.0,119.0,15000
tt0206314,John Dahl,140.0,131.0,Paul Walker,23000.0,Jessica Bowman,81.0,Dell Yount,62.0,339.0,0
tt1376213,Jonathan Newman,28.0,3.0,Ioan Gruffudd,2000.0,Keeley Hawes,228.0,Oliver Stark,88.0,32.0,0
tt0149691,Wayne Wang,36.0,61.0,Natalie Portman,20000.0,Eva Amurri Martino,797.0,Shawn Hatosy,407.0,103.0,638
tt0360139,Andy Cadiff,65.0,3.0,Annabella Sciorra,448.0,Stark Sands,143.0,Terence Maynard,120.0,129.0,0
tt0198386,Michael Dinner,53.0,12.0,Seymour Cassel,327.0,Dan Hedaya,281.0,Lainie Kazan,249.0,47.0,153
tt1506999,Steven Soderbergh,394.0,0.0,Channing Tatum,17000.0,Michael Fassbender,13000.0,Michael Angarano,947.0,397.0,0
tt0093300,Joseph Sargent,80.0,114.0,Judith Barsi,912.0,Mario Van Peebles,535.0,Lynn Whitfield,434.0,383.0,0
tt0116999,Jerry Zaks,45.0,4.0,Leonardo DiCaprio,29000.0,Robert De Niro,22000.0,Meryl Streep,11000.0,71.0,1000
tt1091751,Fred Durst,47.0,258.0,Tasha Smith,721.0,Dash Mihok,463.0,Garrett Morris,424.0,19.0,376
tt0172396,Neil Jordan,90.0,277.0,Stephen Rea,327.0,Ian Hart,261.0,James Bolam,57.0,165.0,0
tt0102005,Simon Wincer,30.0,23.0,Vanessa Williams,1000.0,Tia Carrere,1000.0,Don Johnson,982.0,81.0,0
tt0478134,Paul Haggis,232.0,549.0,James Franco,11000.0,Charlize Theron,9000.0,Barry Corbin,883.0,224.0,0
tt1035736,Anne Fontaine,165.0,105.0,Alessandro Nivola,527.0,Benoît Poelvoorde,86.0,Marie Gillain,64.0,65.0,0
tt2271563,Jon Cassar,45.0,78.0,Demi Moore,2000.0,Landon Liboiron,1000.0,Michael Wincott,720.0,49.0,0
tt1179258,Stephen Frears,155.0,350.0,Tom Burke,201.0,Iben Hjejle,123.0,Gaye Brown,30.0,43.0,0
tt2397255,,6.0,,Cole Hauser,787.0,Sarah Carter,748.0,Derek Luke,543.0,23.0,532
tt0241025,Mira Nair,118.0,300.0,Romola Garai,805.0,Roger Lloyd Pack,539.0,Lillete Dubey,73.0,148.0,767
tt1403130,Teddy Chan,55.0,3.0,Bingbing Fan,556.0,Simon Yam,155.0,Nicholas Tse,107.0,33.0,765
tt0450385,Mikael Håfström,314.0,101.0,Drew Powell,129.0,Kim Thomson,25.0,Alexandra Silber,23.0,580.0,11000
tt0094012,Mel Brooks,103.0,0.0,Joan Rivers,1000.0,Dick Van Patten,605.0,Michael Winslow,542.0,273.0,13000
tt3007512,Russell Crowe,183.0,0.0,Cem Yilmaz,523.0,Ryan Corr,468.0,Steve Bastoni,234.0,185.0,18000
tt0099653,Jerry Zucker,77.0,109.0,Demi Moore,2000.0,Tony Goldwyn,956.0,Phil Leeds,71.0,252.0,0
tt0129387,Bobby Farrelly,171.0,101.0,Sarah Silverman,931.0,Lin Shaye,852.0,Richard Tyson,743.0,611.0,0
tt0111070,John Pasquin,64.0,11.0,Judge Reinhold,901.0,Eric Lloyd,775.0,Peter Boyle,595.0,111.0,0
tt0265662,John Lee Hancock,92.0,102.0,Dennis Quaid,2000.0,Jay Hernandez,1000.0,Angus T. Jones,1000.0,174.0,0
tt0492956,Andy Fickman,112.0,99.0,Dwayne Johnson,12000.0,Kyra Sedgwick,941.0,Madison Pettis,835.0,83.0,0
tt0112579,Clint Eastwood,69.0,16000.0,Clint Eastwood,16000.0,Meryl Streep,11000.0,Debra Monk,86.0,192.0,0
tt0255798,Luke Greenfield,75.0,42.0,Louis Lombardi,436.0,Michael Papajohn,241.0,Colleen Haskell,182.0,132.0,1000
tt0083987,Richard Attenborough,95.0,0.0,Candice Bergen,545.0,Amrish Puri,429.0,John Gielgud,249.0,256.0,12000
tt2980648,Lasse Hallström,180.0,529.0,Manish Dayal,820.0,Charlotte Le Bon,201.0,Juhi Chawla,171.0,185.0,55000
tt0113957,Irwin Winkler,53.0,34.0,Ken Howard,649.0,Jeremy Northam,327.0,Ray McKinnon,287.0,166.0,0
tt0277027,Jessie Nelson,129.0,24.0,Dianne Wiest,967.0,Loretta Devine,912.0,Richard Schiff,506.0,431.0,15000
tt3210686,Christopher Spencer,61.0,25.0,Roma Downey,329.0,Amber Rose Revah,134.0,Darwin Shaw,55.0,174.0,15000
tt0320691,Len Wiseman,226.0,235.0,Sophia Myles,955.0,Kevin Grevioux,593.0,Shane Brolly,105.0,806.0,0
tt0398017,Mikael Håfström,116.0,101.0,Denis O'Hare,896.0,RZA,561.0,Xzibit,218.0,375.0,0
tt1130080,Steven Soderbergh,248.0,0.0,Matt Damon,13000.0,Joel McHale,734.0,Thomas F. Wilson,690.0,175.0,0
tt0108101,Richard Attenborough,23.0,0.0,Anthony Hopkins,12000.0,James Frain,1000.0,Julian Fellowes,266.0,87.0,2000
tt0367652,Mike Bigelow,98.0,2.0,Carlos Ponce,591.0,Eddie Griffin,489.0,Charles Keating,137.0,166.0,887
tt2387559,Ken Scott,168.0,31.0,Jack Reynor,390.0,Bobby Moynihan,311.0,Matthew Daddario,110.0,95.0,0
tt1976009,Paul McGuigan,159.0,118.0,Daniel Radcliffe,11000.0,Spencer Wilding,1000.0,Daniel Mays,287.0,91.0,11000
tt1995390,Susanna White,134.0,24.0,Radivoje Bukvic,150.0,Pawel Szajda,104.0,Grigoriy Dobrygin,100.0,21.0,0
tt0239948,Dennis Dugan,97.0,221.0,Amanda Detmer,240.0,Neil Diamond,226.0,Kyle Gass,110.0,201.0,739
tt2023453,David Bowers,88.0,42.0,Zachary Gordon,975.0,Rachael Harris,569.0,Karan Brar,517.0,35.0,0
tt0162677,Spike Lee,85.0,0.0,Mira Sorvino,978.0,Jennifer Esposito,911.0,Mike Starr,854.0,354.0,0
tt0261392,Kevin Smith,181.0,0.0,Will Ferrell,8000.0,Shannon Elizabeth,1000.0,Jason Mewes,898.0,867.0,0
tt0399201,Michael Bay,257.0,0.0,Scarlett Johansson,19000.0,Steve Buscemi,12000.0,Djimon Hounsou,3000.0,899.0,0
tt0221218,Daniel Sackheim,95.0,12.0,Chris Noth,962.0,Bruce Dern,844.0,Trevor Morgan,595.0,200.0,804
tt0475290,Ethan Coen,423.0,1000.0,Scarlett Johansson,19000.0,Channing Tatum,17000.0,Alden Ehrenreich,1000.0,302.0,23000
tt0236348,Harry Elfont,93.0,4.0,Rosario Dawson,3000.0,Paulo Costanzo,486.0,Aries Spears,83.0,242.0,0
tt2312718,Gary Fleder,203.0,39.0,Jason Statham,26000.0,James Franco,11000.0,Frank Grillo,798.0,154.0,15000
tt0192255,Uli Edel,38.0,34.0,Richard E. Grant,554.0,Jim Carter,439.0,Alice Krige,368.0,38.0,0
tt0356721,David O. Russell,183.0,737.0,Naomi Watts,6000.0,Lily Tomlin,718.0,Isabelle Huppert,678.0,381.0,0
tt0107978,Fred Dekker,75.0,87.0,CCH Pounder,1000.0,Rip Torn,826.0,Mako,691.0,180.0,716
tt0263728,Brian Trenchard-Smith,18.0,53.0,Michael Biehn,2000.0,Udo Kier,595.0,Franco Nero,576.0,111.0,158
tt0065611,Blake Edwards,22.0,688.0,Rock Hudson,638.0,Vernon Dobtcheff,50.0,Jeremy Kemp,42.0,50.0,104
tt0160236,Hugh Wilson,41.0,37.0,Brendan Fraser,3000.0,Alex Rocco,968.0,Eric Idle,795.0,77.0,272
tt2938956,Camille Delamarre,148.0,11.0,Ed Skrein,805.0,Noémie Lenoir,173.0,Radivoje Bukvic,150.0,121.0,0
tt0375920,Laurence Dunmore,111.0,2.0,Johnny Depp,40000.0,Jack Davenport,1000.0,Richard Coyle,567.0,260.0,0
tt0389557,Paul Verhoeven,231.0,719.0,Michiel Huisman,2000.0,Sebastian Koch,380.0,Christian Berkel,104.0,232.0,0
tt0424205,Christian Carion,115.0,13.0,Gary Lewis,203.0,Dany Boon,172.0,Ian Richardson,140.0,147.0,11000
tt2097307,David Palmer,176.0,21.0,Bradley Cooper,14000.0,Tom Arnold,618.0,Beau Bridges,552.0,104.0,0
tt0951216,Callie Khouri,98.0,144.0,Stephen Root,939.0,Ted Danson,875.0,Roger Cross,290.0,54.0,687
tt1726592,Rowan Joffe,149.0,17.0,Colin Firth,14000.0,Ben Crompton,257.0,Anne-Marie Duff,231.0,105.0,11000
tt0076740,William Friedkin,84.0,607.0,Roy Scheider,813.0,Joe Spinell,85.0,Amidou,35.0,116.0,0
tt1423995,John Curran,138.0,43.0,Robert De Niro,22000.0,Milla Jovovich,14000.0,Frances Conroy,827.0,135.0,0
tt0796335,Laurent Tirard,78.0,2.0,Romain Duris,809.0,Ludivine Sagnier,521.0,Fabrice Luchini,80.0,27.0,815
tt1206543,Scott Cooper,288.0,108.0,Christian Bale,23000.0,Sam Shepard,820.0,Dendrie Taylor,120.0,231.0,17000
tt0465538,Tony Gilroy,299.0,209.0,Tom Wilkinson,1000.0,Denis O'Hare,896.0,Sydney Pollack,521.0,363.0,0
tt0117119,Peter Segal,27.0,88.0,Wilford Brimley,957.0,Bradley Whitford,821.0,Sela Ward,812.0,71.0,758
tt0137363,Mark Pellington,155.0,89.0,Jeff Bridges,12000.0,Spencer Treat Clark,541.0,Hope Davis,442.0,591.0,0
tt1634003,Juan José Campanella,82.0,195.0,Pablo Rago,20.0,Diego Ramos,10.0,Gabriel Almirón,0.0,22.0,0
tt1859650,Woody Allen,275.0,11000.0,Ornella Muti,385.0,Judy Davis,223.0,Alessandra Mastronardi,159.0,163.0,18000
tt0083943,Clint Eastwood,43.0,16000.0,Clint Eastwood,16000.0,Warren Clarke,281.0,Kenneth Colley,216.0,98.0,0
tt0158983,Trey Parker,163.0,406.0,Minnie Driver,893.0,Eric Idle,795.0,Trey Parker,406.0,928.0,0
tt0795368,Frank Oz,168.0,0.0,Peter Dinklage,22000.0,Ewen Bremner,557.0,Kris Marshall,548.0,199.0,0
tt0108308,Stuart Gillard,60.0,8.0,Paige Turco,533.0,John Aylward,219.0,Matt Hill,199.0,87.0,1000
tt0180734,Brian Robbins,85.0,48.0,Keanu Reeves,18000.0,D.B. Sweeney,558.0,DeWayne Warren,39.0,131.0,0
tt1045658,David O. Russell,539.0,737.0,Jennifer Lawrence,34000.0,Robert De Niro,22000.0,Bradley Cooper,14000.0,692.0,117000
tt0463998,Richard LaGravenese,84.0,98.0,Hunter Parrish,2000.0,Scott Glenn,826.0,Imelda Staunton,579.0,235.0,10000
tt1405500,Tyler Perry,75.0,0.0,Omari Hardwick,1000.0,Loretta Devine,912.0,Kimberly Elise,637.0,73.0,0
tt0293662,Louis Leterrier,171.0,255.0,Jason Statham,26000.0,Qi Shu,1000.0,Matt Schulze,447.0,460.0,0
tt1023111,Jeff Wadlow,140.0,65.0,Djimon Hounsou,3000.0,Neil Brown Jr.,427.0,Leslie Hope,149.0,184.0,0
tt0144814,Katt Shea,85.0,52.0,Jason London,711.0,Rachel Blanchard,490.0,Eddie Kaye Thomas,484.0,253.0,897
tt0313038,,5.0,,Chris Harrison,98.0,,,,,33.0,141
tt1176740,Sam Mendes,217.0,0.0,Catherine O'Hara,925.0,Jim Gaffigan,472.0,Carmen Ejogo,374.0,115.0,7000
tt1027862,Joshua Michael Stern,131.0,0.0,Madeline Carroll,1000.0,Judge Reinhold,901.0,Nathan Lane,886.0,79.0,1000
tt0179098,Brad Silberling,111.0,52.0,Jake Gyllenhaal,15000.0,Holly Hunter,1000.0,Bob Clendenin,347.0,147.0,365
tt1340800,Tomas Alfredson,466.0,140.0,Benedict Cumberbatch,19000.0,Colin Firth,14000.0,Gary Oldman,10000.0,517.0,24000
tt0143746,John Duigan,16.0,18.0,Elaine Hendrix,670.0,Jill Hennessy,419.0,Sarah Wynter,186.0,40.0,284
tt1321860,Jodie Foster,276.0,0.0,Jennifer Lawrence,34000.0,Cherry Jones,242.0,Riley Thomas Stewart,220.0,148.0,17000
tt0083642,Colin Higgins,11.0,19.0,Dolly Parton,1000.0,Barry Corbin,883.0,Dom DeLuise,842.0,48.0,0
tt0120907,David Cronenberg,196.0,0.0,Jennifer Jason Leigh,1000.0,Sarah Polley,900.0,Callum Rennie,716.0,527.0,6000
tt0082971,Steven Spielberg,234.0,14000.0,Harrison Ford,11000.0,Karen Allen,783.0,William Hootkins,488.0,771.0,16000
tt0104431,Chris Columbus,37.0,0.0,Macaulay Culkin,3000.0,Kieran Culkin,1000.0,Devin Ratray,1000.0,189.0,0
tt0075860,Steven Spielberg,171.0,14000.0,Bob Balaban,559.0,Teri Garr,481.0,Melinda Dillon,252.0,339.0,0
tt0454919,Jim Sonzero,148.0,2.0,Ian Somerhalder,16000.0,Christina Milian,1000.0,Rick Gonzalez,807.0,258.0,0
tt0092644,Tony Scott,50.0,12000.0,Dean Stockwell,936.0,Judge Reinhold,901.0,Ronny Cox,605.0,95.0,0
tt0305669,Adam Shankman,121.0,163.0,Angus T. Jones,1000.0,Kimberly J. Brown,409.0,Steve Harris,338.0,236.0,800
tt0102926,Jonathan Demme,185.0,438.0,Anthony Hopkins,12000.0,Scott Glenn,826.0,Anthony Heald,173.0,916.0,40000
tt0105793,Penelope Spheeris,61.0,122.0,Tia Carrere,1000.0,Lara Flynn Boyle,619.0,Kurt Fuller,617.0,176.0,0
tt1116184,Jeff Tremaine,156.0,79.0,Bam Margera,608.0,Steve-O,362.0,Chris Pontius,218.0,81.0,0
tt0077766,Jeannot Szwarc,75.0,82.0,Roy Scheider,813.0,Murray Hamilton,366.0,Joseph Mascolo,85.0,265.0,0
tt1014775,Raja Gosnell,100.0,67.0,Jamie Lee Curtis,2000.0,Nick Zano,641.0,Ali Hillis,597.0,99.0,0
tt1457767,James Wan,511.0,0.0,Mackenzie Foy,6000.0,Lili Taylor,960.0,Hayley McFarland,697.0,807.0,131000
tt0368578,Brian Levant,75.0,32.0,Nia Long,826.0,Tracy Morgan,642.0,Jay Mohr,563.0,149.0,773
tt2103254,Ben Falcone,148.0,265.0,Gary Cole,989.0,Mark Duplass,830.0,Ben Falcone,265.0,144.0,11000
tt0486822,D.J. Caruso,253.0,154.0,Sarah Roemer,884.0,Aaron Yoo,617.0,Jose Pablo Cantillo,501.0,491.0,0
tt0332379,Richard Linklater,204.0,0.0,Miranda Cosgrove,2000.0,Sarah Silverman,931.0,Mike White,487.0,479.0,0
tt0113855,Paul W.S. Anderson,72.0,545.0,Christopher Lambert,1000.0,Cary-Hiroyuki Tagawa,1000.0,Bridgette Wilson-Sampras,545.0,283.0,0
tt0324554,Paul McGuigan,98.0,118.0,Jessica Paré,489.0,Christopher Cousins,93.0,Mark Camacho,40.0,298.0,0
tt0381707,Keenen Ivory Wayans,62.0,322.0,Busy Philipps,1000.0,Jaime King,960.0,Brittany Daniel,861.0,251.0,0
tt1033575,Alexander Payne,549.0,729.0,Shailene Woodley,8000.0,Nick Krause,727.0,Beau Bridges,552.0,439.0,22000
tt0311289,Andrew Davis,106.0,99.0,Tim Blake Nelson,596.0,Zane Holtz,265.0,Ski Carr,165.0,331.0,0
tt1294226,Julie Anne Robinson,123.0,30.0,Kelly Preston,742.0,Bobby Coleman,360.0,Melissa Ordway,318.0,185.0,10000
tt2024544,Steve McQueen,597.0,0.0,Quvenzhané Wallis,2000.0,Scoot McNairy,660.0,Taran Killam,500.0,695.0,83000
tt0303933,Charles Stone III,64.0,30.0,Leonard Roberts,962.0,Nick Cannon,593.0,Jason Weaver,284.0,185.0,2000
tt1391137,Tyler Perry,40.0,0.0,Michael Jai White,2000.0,Cicely Tyson,907.0,Tasha Smith,721.0,68.0,0
tt0099487,Tim Burton,111.0,13000.0,Johnny Depp,40000.0,Dianne Wiest,967.0,Conchata Ferrell,658.0,588.0,16000
tt2674426,Thea Sharrock,151.0,17.0,Sam Claflin,11000.0,Emilia Clarke,10000.0,Brendan Coyle,418.0,130.0,51000
tt2215285,Tyler Perry,31.0,0.0,John Amos,982.0,Tom Arnold,618.0,Romeo Miller,582.0,50.0,0
tt0067116,William Friedkin,138.0,607.0,Roy Scheider,813.0,Fernando Rey,165.0,Tony Lo Bianco,109.0,280.0,0
tt4651520,Jon Lucas,81.0,24.0,Mila Kunis,15000.0,Jay Hernandez,1000.0,Jada Pinkett Smith,851.0,46.0,18000
tt0466342,Aaron Seltzer,99.0,64.0,Alyson Hannigan,3000.0,Carmen Electra,869.0,Fred Willard,729.0,613.0,806
tt0280030,Robin Budd,80.0,2.0,Roger Rees,1000.0,Rob Paulsen,677.0,Spencer Breslin,434.0,79.0,302
tt1020072,Ava DuVernay,364.0,151.0,David Oyelowo,1000.0,Tom Wilkinson,1000.0,Oprah Winfrey,852.0,212.0,22000
tt0283426,Steve Trenbirth,85.0,0.0,Haley Joel Osment,3000.0,Phil Collins,455.0,Tony Jay,384.0,58.0,227
tt0357507,Stephen Kay,140.0,19.0,Barry Watson,526.0,Skye McCole Bartusiak,392.0,Charles Mesure,349.0,389.0,1000
tt0477071,Mennan Yapo,184.0,9.0,Nia Long,826.0,Amber Valletta,626.0,Marc Macaulay,107.0,337.0,0
tt0220099,Jun Falkenstein,89.0,25.0,Kath Soucie,304.0,John Fiedler,253.0,Ken Sansom,16.0,53.0,347
tt1148204,Jaume Collet-Serra,265.0,174.0,Jimmy Bennett,87000.0,CCH Pounder,1000.0,Aryana Engineer,602.0,383.0,20000
tt3369806,Boaz Yakin,61.0,132.0,Jay Hernandez,1000.0,Joseph Julian Soria,465.0,Edgar Arreola,455.0,87.0,33000
tt1319598,,3.0,,Lamman Rucker,607.0,David Mann,378.0,Denise Boutte,295.0,20.0,211
tt0799949,Jason Friedberg,112.0,82.0,David Carradine,926.0,Carmen Electra,869.0,Fred Willard,729.0,666.0,0
tt0082198,John Milius,166.0,468.0,William Smith,919.0,Mako,691.0,Sandahl Bergman,183.0,337.0,0
tt1895587,Tom McCarthy,474.0,310.0,Billy Crudup,745.0,Jamey Sheridan,168.0,Brian d'Arcy James,77.0,409.0,80000
tt0947802,Neil LaBute,165.0,119.0,Jay Hernandez,1000.0,Justin Chambers,931.0,Robert Pine,332.0,135.0,0
tt0433386,Takashi Shimizu,131.0,70.0,Sarah Michelle Gellar,4000.0,Sarah Roemer,884.0,Matthew Knight,464.0,284.0,930
tt0120703,Kevin Rodney Sullivan,29.0,8.0,Richard Lawson,508.0,James Pickens Jr.,270.0,Barry Shabaka Henley,232.0,51.0,0
tt0101452,Peter Hewitt,43.0,12.0,Keanu Reeves,18000.0,George Carlin,769.0,Alex Winter,636.0,117.0,0
tt0483726,Barry Levinson,111.0,272.0,Robin Williams,49000.0,Tina Fey,2000.0,Amy Poehler,1000.0,236.0,0
tt0078869,Gary Nelson,90.0,20.0,Robert Forster,889.0,Maximilian Schell,877.0,Yvette Mimieux,160.0,230.0,4000
tt1440728,Anton Corbijn,333.0,210.0,Violante Placido,978.0,Thekla Reuten,191.0,Filippo Timi,101.0,463.0,10000
tt0120094,Gregory Nava,37.0,16.0,Jon Seda,565.0,Constance Marie,441.0,Jacob Vargas,399.0,155.0,0
tt1666186,Jason Friedberg,122.0,82.0,Diedrich Bader,759.0,Dave Foley,401.0,Anneliese van der Pol,354.0,187.0,16000
tt0449467,Alejandro G. Iñárritu,285.0,0.0,Brad Pitt,11000.0,Harriet Walter,119.0,Dermot Crowley,51.0,908.0,0
tt1371150,Shawn Levy,156.0,189.0,Tina Fey,2000.0,Abigail Spencer,1000.0,Jane Fonda,949.0,145.0,14000
tt0918927,John Patrick Shanley,293.0,53.0,Philip Seymour Hoffman,22000.0,Meryl Streep,11000.0,Carrie Preston,652.0,321.0,0
tt0372588,Trey Parker,233.0,406.0,Jeremy Shada,860.0,Maurice LaMarche,523.0,Trey Parker,406.0,700.0,0
tt1572315,John Luessenhop,282.0,34.0,Gunnar Hansen,383.0,Keram Malicki-Sánchez,333.0,Shaun Sipos,322.0,255.0,16000
tt0112722,Jon Amiel,57.0,36.0,William McNamara,10000.0,Holly Hunter,1000.0,Harry Connick Jr.,631.0,140.0,0
tt0795461,Malcolm D. Lee,153.0,92.0,Marisa Saks,31000.0,Snoop Dogg,881.0,Molly Shannon,636.0,177.0,13000
tt0064782,Joshua Logan,20.0,32.0,Clint Eastwood,16000.0,Lee Marvin,756.0,Ray Walston,417.0,106.0,0
tt1013753,Gus Van Sant,324.0,835.0,James Franco,11000.0,Denis O'Hare,896.0,Lucas Grabeel,755.0,281.0,10000
tt3231054,Kevin Reynolds,122.0,58.0,Peter Firth,141.0,Jan Cornet,76.0,María Botto,47.0,117.0,21000
tt0288477,Steve Beck,156.0,17.0,Isaiah Washington,534.0,Ron Eldard,385.0,Francesca Rettondini,78.0,474.0,0
tt1268799,Todd Strauss-Schulson,161.0,12.0,Patton Oswalt,786.0,Thomas Lennon,651.0,Paula Garcés,587.0,93.0,21000
tt0120890,John McNaughton,69.0,39.0,Bill Murray,13000.0,Robert Wagner,481.0,Jeff Perry,254.0,389.0,0
tt0814335,Nelson McCormick,121.0,29.0,Sela Ward,812.0,Paige Turco,533.0,Skyler Samuels,429.0,119.0,0
tt1226753,John Madden,258.0,108.0,Tom Wilkinson,1000.0,Jesper Christensen,100.0,Romi Aboulafia,22.0,165.0,0
tt0146882,Stephen Frears,174.0,350.0,Drake Bell,1000.0,Lili Taylor,960.0,Lisa Bonet,619.0,602.0,10000
tt0479968,Eric Valette,141.0,2.0,Johnny Lewis,741.0,Jason Beghe,297.0,Margaret Cho,270.0,189.0,0
tt0116260,John Schlesinger,31.0,154.0,Joe Mantegna,1000.0,Beverly D'Angelo,816.0,Philip Baker Hall,497.0,77.0,613
tt0200465,Roger Donaldson,222.0,79.0,Jason Statham,26000.0,Saffron Burrows,811.0,Daniel Mays,287.0,189.0,0
tt0338013,Michel Gondry,273.0,1000.0,Kate Winslet,14000.0,Kirsten Dunst,4000.0,Tom Wilkinson,1000.0,1514.0,52000
tt1414382,Andy Fickman,91.0,99.0,Jamie Lee Curtis,2000.0,James Wolk,938.0,Christine Lakin,518.0,136.0,0
tt0421073,David Ayer,190.0,453.0,Keanu Reeves,18000.0,Chris Evans,11000.0,Noel Gugliemi,2000.0,189.0,0
tt1213663,Edgar Wright,427.0,1000.0,Michael Smiley,177.0,Thomas Law,55.0,Jasper Levine,24.0,401.0,49000
tt0479500,Andrew Fleming,93.0,26.0,Kay Panabaker,720.0,Laura Harring,669.0,Tate Donovan,650.0,102.0,590
tt0433362,Michael Spierig,292.0,35.0,Jay Laga'aia,125.0,Damien Garvey,37.0,Tiffany Lamb,16.0,281.0,0
tt0815236,Jim Field Smith,180.0,14.0,Mike Vogel,2000.0,Kim Shaw,934.0,Geoff Stults,756.0,131.0,0
tt1067774,Thomas Bezucha,94.0,15.0,Leighton Meester,3000.0,Luke Bracey,775.0,Brett Cullen,350.0,44.0,6000
tt0441796,William Brent Bell,112.0,19.0,Adam Goldberg,1000.0,Frankie Muniz,934.0,Samaire Armstrong,806.0,281.0,0
tt0102744,Simon Wincer,20.0,23.0,Alan Rickman,25000.0,Tom Selleck,19000.0,Ben Mendelsohn,748.0,97.0,0
tt1213012,Anthony Bell,84.0,0.0,Kevin Sussman,681.0,Larry Miller,611.0,Christine Lakin,518.0,84.0,0
tt0475944,Renny Harlin,120.0,212.0,Laura Ramsey,960.0,Kyle Schmid,917.0,Toby Hemingway,637.0,334.0,3000
tt0430634,Jessica Bendinger,90.0,31.0,Jeff Bridges,12000.0,Vanessa Lengies,804.0,John Patrick Amedori,733.0,124.0,0
tt1100119,Robert Rodriguez,103.0,0.0,Jimmy Bennett,87000.0,Leo Howard,570.0,Jake Short,470.0,37.0,431
tt0114681,Gus Van Sant,59.0,835.0,Kurtwood Smith,1000.0,Wayne Knight,967.0,Holland Taylor,458.0,162.0,1000
tt3531824,Henry Joost,86.0,24.0,Samira Wiley,646.0,Marc John Jefferies,441.0,Emily Meade,374.0,35.0,0
tt0800308,Ed Harris,190.0,0.0,Viggo Mortensen,10000.0,James Gammon,311.0,Tom Bower,107.0,202.0,0
tt0120877,John Carpenter,114.0,0.0,Sheryl Lee,2000.0,Cary-Hiroyuki Tagawa,1000.0,Maximilian Schell,877.0,403.0,0
tt0249327,,6.0,,Pablo Sevilla,0.0,,,,,51.0,124
tt0054215,Alfred Hitchcock,290.0,13000.0,Janet Leigh,606.0,Vera Miles,332.0,John Gavin,285.0,1040.0,18000
tt1046163,Howard Deutch,80.0,41.0,Dane Cook,1000.0,Taran Killam,500.0,Riki Lindhome,490.0,100.0,0
tt2318092,Shana Feste,98.0,19.0,Alex Pettyfer,15000.0,Bruce Greenwood,989.0,Rhys Wakefield,942.0,76.0,0
tt0791304,Garry Marshall,88.0,0.0,Hector Elizondo,995.0,Zachary Gordon,975.0,Jane Fonda,949.0,125.0,681
tt0083254,Steve Rash,13.0,15.0,Mako,691.0,Adam Arkin,374.0,Billy Barty,281.0,34.0,501
tt0089457,Richard Donner,52.0,503.0,Matthew Broderick,2000.0,John Wood,92.0,Leo McKern,83.0,185.0,0
tt0124879,Mark Steven Johnson,60.0,160.0,Oliver Platt,1000.0,Jan Hooks,367.0,Dana Ivey,271.0,219.0,0
tt0490204,Mike Binder,154.0,57.0,Adam Sandler,11000.0,Don Cheadle,3000.0,John de Lancie,905.0,231.0,0
tt0758758,Sean Penn,274.0,0.0,Kristen Stewart,17000.0,William Hurt,882.0,Hal Holbrook,826.0,760.0,76000
tt0462519,Todd Phillips,110.0,480.0,Jon Heder,970.0,Sarah Silverman,931.0,Jacinda Barrett,579.0,97.0,484
tt0938330,Michael J. Bassett,173.0,83.0,Radha Mitchell,991.0,Deborah Kara Unger,494.0,Martin Donovan,206.0,220.0,25000
tt0116367,Robert Rodriguez,165.0,0.0,Quentin Tarantino,16000.0,Salma Hayek,4000.0,Cheech Marin,844.0,592.0,12000
tt0407121,Frank Nissen,45.0,0.0,Kath Soucie,304.0,Brenda Blethyn,286.0,John Fiedler,253.0,32.0,264
tt0113321,Jodie Foster,45.0,0.0,Robert Downey Jr.,21000.0,Holly Hunter,1000.0,Steve Guttenberg,801.0,76.0,0
tt0373074,Stephen Chow,377.0,0.0,Shengyi Huang,264.0,Chi Ling Chiu,62.0,Qiu Yuen,59.0,354.0,0
tt0118315,,,,Leah Remini,909.0,Mark Feuerstein,417.0,Sharon Lawrence,215.0,6.0,4
tt0276033,Peter Hastings,43.0,0.0,Haley Joel Osment,3000.0,Alex Rocco,968.0,Stephen Root,939.0,75.0,422
tt0419887,Marc Forster,201.0,395.0,Mustafa Haidari,283.0,Shaun Toub,206.0,Khalid Abdalla,161.0,230.0,0
tt0315733,Alejandro G. Iñárritu,192.0,0.0,Naomi Watts,6000.0,Eddie Marsan,979.0,Danny Huston,430.0,559.0,0
tt0338325,Paul Abascal,77.0,2.0,Cole Hauser,787.0,Tom Hollander,555.0,Kelly Carlson,472.0,138.0,269
tt1099212,Catherine Hardwicke,350.0,308.0,Kristen Stewart,17000.0,Taylor Lautner,12000.0,Anna Kendrick,10000.0,1535.0,19000
tt0295289,Chris Koch,81.0,13.0,Thomas Lennon,651.0,Lochlyn Munro,555.0,James Brolin,499.0,92.0,401
tt0217630,Amy Heckerling,81.0,143.0,Andy Dick,302.0,Robert Miano,216.0,Zak Orth,153.0,158.0,1000
tt1232207,Michael Moore,222.0,909.0,Ronald Reagan,1000.0,Michael Moore,909.0,Bernie Sanders,173.0,188.0,10000
tt0059245,George Stevens,27.0,126.0,Martin Landau,940.0,Carroll Baker,208.0,José Ferrer,202.0,100.0,1000
tt1741273,Billy Ray,155.0,53.0,Julia Roberts,8000.0,Michael Kelly,963.0,Joe Cole,233.0,81.0,0
tt1213644,Jason Friedberg,111.0,82.0,Carmen Electra,869.0,Tony Cox,624.0,Ike Barinholtz,329.0,359.0,0
tt0913354,Nimród Antal,107.0,190.0,Andrew Fiscella,137000.0,Fred Ward,459.0,Lorna Raver,163.0,110.0,0
tt0120483,Jon Amiel,34.0,36.0,Bill Murray,13000.0,Peter Gallagher,828.0,Joanne Whalley,507.0,100.0,0
tt0770703,Mark Mylod,151.0,20.0,Chris Evans,11000.0,Ari Graynor,904.0,Ed Begley Jr.,783.0,91.0,0
tt1592525,James Mather,289.0,4.0,Joseph Gilgun,788.0,Vincent Regan,447.0,Jacky Ido,80.0,236.0,10000
tt0326856,Barry Levinson,76.0,272.0,Amy Poehler,1000.0,Ariel Gade,87.0,Sam Lerner,62.0,176.0,713
tt1121931,Mark Neveldine,150.0,83.0,Jason Statham,26000.0,Clifton Collins Jr.,968.0,David Carradine,926.0,223.0,0
tt0109348,Woody Allen,67.0,11000.0,Jim Broadbent,1000.0,Chazz Palminteri,979.0,Dianne Wiest,967.0,86.0,979
tt0430431,Michael O. Sajbel,36.0,6.0,James Callis,541.0,Tiffany Dupont,249.0,Nimrat Kaur,85.0,177.0,0
tt0258068,Phillip Noyce,149.0,176.0,Brendan Fraser,3000.0,Tzi Ma,268.0,Holmes Osborne,83.0,199.0,983
tt0384680,Gore Verbinski,156.0,563.0,Nicolas Cage,12000.0,Hope Davis,442.0,Michael Rispoli,385.0,316.0,0
tt0281322,Walter Hill,64.0,394.0,Fisher Stevens,922.0,Wes Studi,855.0,Jon Seda,565.0,88.0,977
tt0995039,David Koepp,210.0,192.0,Aasif Mandvi,346.0,Dequina Moore,41.0,Jordan Carlos,31.0,147.0,0
tt1160368,Renny Harlin,113.0,212.0,Taylor Cole,969.0,Ashley Scott,794.0,Nick Gomez,347.0,113.0,0
tt1228987,Matt Reeves,390.0,198.0,Chloë Grace Moretz,17000.0,Dylan Minnette,1000.0,Kodi Smit-McPhee,884.0,366.0,25000
tt0109015,Charles T. Kanganis,5.0,18.0,Victor Wong,400.0,Dustin Nguyen,220.0,Don Stark,181.0,26.0,444
tt0799934,Michel Gondry,248.0,1000.0,Quinton Aaron,734.0,Mia Farrow,563.0,Melonie Diaz,270.0,235.0,0
tt0413015,Stephen Frears,137.0,350.0,Bob Hoskins,5000.0,Christopher Guest,378.0,Sarah Solemani,99.0,180.0,0
tt1712261,John Hillcoat,214.0,214.0,Kate Winslet,14000.0,Norman Reedus,12000.0,Clifton Collins Jr.,968.0,106.0,0
tt0118954,Woody Allen,104.0,11000.0,Woody Allen,11000.0,Lynn Cohen,474.0,Judy Davis,223.0,131.0,0
tt0144640,Damon Santostefano,81.0,4.0,Matthew Perry,2000.0,Oliver Platt,1000.0,David Ramsey,677.0,121.0,311
tt2503944,John Wells,175.0,53.0,Bradley Cooper,14000.0,Omar Sy,1000.0,Riccardo Scamarcio,580.0,129.0,25000
tt0098625,Neil Jordan,20.0,277.0,Robert De Niro,22000.0,Demi Moore,2000.0,James Russo,383.0,42.0,855
tt0116242,Woody Allen,69.0,11000.0,Natasha Lyonne,1000.0,Gaby Hoffmann,612.0,Jeff DeRocker,2.0,140.0,0
tt0795368,Frank Oz,168.0,0.0,Peter Dinklage,22000.0,Ewen Bremner,557.0,Kris Marshall,548.0,199.0,0
tt0804461,James Wan,166.0,0.0,Aisha Tyler,856.0,Kelly Preston,742.0,Edi Gathegi,725.0,299.0,0
tt0780511,Kirk Jones,160.0,52.0,Robert De Niro,22000.0,James Frain,1000.0,Brendan Sexton III,148.0,117.0,10000
tt0270846,Bob Clark,32.0,84.0,Scott Baio,650.0,Vanessa Angel,384.0,Peter Wingfield,177.0,129.0,0
tt0399327,Les Mayfield,72.0,10.0,Miguel Ferrer,688.0,Susie Essman,99.0,Gigi Rice,69.0,76.0,676
tt0462229,Les Mayfield,53.0,10.0,Callum Rennie,716.0,Will Patton,537.0,Cedric the Entertainer,436.0,26.0,233
tt0345074,Michael Lembeck,76.0,54.0,Debbie Reynolds,786.0,Nia Vardalos,567.0,Dash Mihok,463.0,117.0,924
tt0065054,Bob Fosse,15.0,189.0,Sammy Davis Jr.,683.0,Ricardo Montalban,641.0,Ben Vereen,388.0,64.0,548
tt1791528,Paul Thomas Anderson,401.0,0.0,Martin Dew,204.0,Katherine Waterston,178.0,Serena Scott Thomas,175.0,242.0,18000
tt0763304,Dave Borthwick,31.0,3.0,Jimmy Fallon,787.0,Kylie Minogue,690.0,Jon Stewart,593.0,114.0,346
tt1532958,Benson Lee,65.0,9.0,Chris Brown,997.0,Caity Lotz,941.0,Laz Alonso,826.0,25.0,0
tt1714204,,26.0,,LeVar Burton,1000.0,Eric McCormack,440.0,Scott Wolf,376.0,29.0,0
tt1190617,David Zucker,45.0,119.0,Chriss Anglin,885.0,Geoffrey Arend,816.0,Gary Coleman,633.0,205.0,797
tt2002718,Robert Rodriguez,260.0,0.0,Alexa PenaVega,2000.0,Demián Bichir,749.0,Marko Zaror,99.0,164.0,48000
tt0310357,Glen Morgan,129.0,17.0,Laura Harring,669.0,Ty Olsson,429.0,Jackie Burroughs,86.0,213.0,0
tt0489282,Fred Wolf,58.0,29.0,Kevin Alejandro,1000.0,Ashley Scott,794.0,Jeff Garlin,522.0,120.0,847
tt0151568,Mike Leigh,103.0,608.0,Jim Broadbent,1000.0,Dexter Fletcher,452.0,Lesley Manville,149.0,202.0,608
tt1810683,Alejandro Monteverde,45.0,38.0,Tom Wilkinson,1000.0,Cary-Hiroyuki Tagawa,1000.0,Michael Rapaport,975.0,122.0,15000
tt1571222,David Cronenberg,345.0,0.0,Michael Fassbender,13000.0,Viggo Mortensen,10000.0,Sarah Gadon,691.0,190.0,36000
tt0405296,Richard Linklater,232.0,0.0,Robert Downey Jr.,21000.0,Keanu Reeves,18000.0,Rory Cochrane,407.0,293.0,0
tt1629757,Michael Apted,116.0,150.0,Gerard Butler,18000.0,Abigail Spencer,1000.0,Leven Rambin,956.0,75.0,13000
tt0369226,Uwe Boll,148.0,892.0,Catherine Lough Haggquist,310.0,Darren Shahlavi,294.0,Karin Konoval,81.0,521.0,1000
tt0976222,Todd Graff,79.0,650.0,Scott Porter,690.0,Charlie Saxton,224.0,Ryan Donowho,181.0,39.0,1000
tt0337876,Jonathan Glazer,167.0,143.0,Cameron Bright,829.0,Anne Heche,681.0,Danny Huston,430.0,361.0,0
tt2937898,J.C. Chandor,350.0,78.0,David Oyelowo,1000.0,Ashley Williams,969.0,Albert Brooks,745.0,180.0,0
tt1092082,Paul Gross,25.0,329.0,Landon Liboiron,1000.0,Michael Greyeyes,912.0,Caroline Dhavernas,544.0,102.0,971
tt1054588,Marc Abraham,99.0,18.0,Dylan Authors,20.0,Bill Lake,18.0,Victoria Learn,9.0,45.0,0
tt0368794,Todd Haynes,231.0,162.0,Christian Bale,23000.0,Heath Ledger,13000.0,Tyrone Benskin,228.0,230.0,0
tt1366365,Mabrouk El Mechri,119.0,19.0,Henry Cavill,15000.0,Bruce Willis,13000.0,Óscar Jaenada,619.0,113.0,0
tt0844286,Rian Johnson,182.0,0.0,Zachary Gordon,975.0,Maximilian Schell,877.0,Nora Zehetner,446.0,105.0,0
tt0383028,Charlie Kaufman,245.0,0.0,Philip Seymour Hoffman,22000.0,Jennifer Jason Leigh,1000.0,Samantha Morton,631.0,274.0,13000
tt0119698,Hayao Miyazaki,174.0,6000.0,Minnie Driver,893.0,Jada Pinkett Smith,851.0,Billy Crudup,745.0,570.0,11000
tt0310778,Jean-Paul Rappeneau,69.0,22.0,Isabelle Adjani,572.0,Peter Coyote,548.0,Virginie Ledoyen,413.0,53.0,235
tt0080492,Nancy Walker,26.0,42.0,Steve Guttenberg,801.0,Randy Jones,174.0,Caitlyn Jenner,161.0,74.0,1000
tt0421238,John Hillcoat,168.0,214.0,Ray Winstone,1000.0,Noah Taylor,509.0,Danny Huston,430.0,232.0,0
tt3719896,Angelo Pizzo,27.0,14.0,Donny Boaz,2000.0,Finn Wittrock,769.0,Brent Anderson,400.0,20.0,0
tt0266747,Richard Benjamin,28.0,121.0,Damon Wayans,836.0,Jane Krakowski,624.0,Paula Garcés,587.0,66.0,241
tt0238380,Kurt Wimmer,146.0,110.0,Christian Bale,23000.0,Emily Watson,876.0,Sean Pertwee,722.0,1137.0,20000
tt0889588,Roger Spottiswoode,67.0,55.0,Radha Mitchell,991.0,Guang Li,10.0,Matthew Walker,2.0,33.0,1000
tt0138946,James Gray,93.0,115.0,Charlize Theron,9000.0,Ellen Burstyn,1000.0,Faye Dunaway,977.0,138.0,401
tt1520498,Matthew Diamond,28.0,12.0,Chazz Palminteri,979.0,Garrett Clayton,532.0,Toni Braxton,231.0,83.0,831
tt3707106,Angelina Jolie Pitt,131.0,11000.0,Brad Pitt,11000.0,Angelina Jolie Pitt,11000.0,Melvil Poupaud,188.0,61.0,0
tt0348121,Katsuhiro Ôtomo,105.0,78.0,William Hootkins,488.0,Robin Atkin Downes,336.0,Rosalind Ayres,101.0,79.0,973
tt0354595,David Anspaugh,21.0,25.0,Gerard Butler,18000.0,Costas Mandylor,723.0,Jimmy Jean-Louis,407.0,46.0,445
tt1175709,Andrew Jarecki,140.0,46.0,Ryan Gosling,33000.0,Kirsten Dunst,4000.0,Frank Langella,902.0,67.0,0
tt0110944,Kevin Reynolds,9.0,58.0,Esai Morales,699.0,Jason Scott Lee,533.0,Sandrine Holt,324.0,25.0,399
tt0940709,Stephen Chow,83.0,0.0,Jiao Xu,46.0,Yuqi Zhang,33.0,Chi Chung Lam,3.0,66.0,1000
tt0120882,Jean-Marie Poiré,8.0,8.0,Christian Clavier,106.0,Philippe Nahon,56.0,Marie-Anne Chazel,11.0,16.0,136
tt1013860,Kevin Munroe,138.0,14.0,Marco St. John,403.0,Laura Spencer,368.0,Anita Briem,311.0,75.0,0
tt0274711,Daniel Algrant,42.0,3.0,Al Pacino,14000.0,Richard Schiff,506.0,Mark Webber,442.0,81.0,217
tt0166038,,,,Peter Vaughan,310.0,George Coulouris,11.0,Ewen Solon,9.0,,0
tt1274300,Julie Taymor,92.0,278.0,Djimon Hounsou,3000.0,Reeve Carney,602.0,Tom Conti,181.0,36.0,0
tt3319920,Alejandro Amenábar,140.0,448.0,Emma Watson,9000.0,Aaron Ashmore,750.0,Julian Richings,648.0,62.0,0
tt1128219,Jane Clark,,23.0,Necar Zadegan,344.0,Traci Dinwiddie,281.0,Elea Oberon,51.0,,30
tt0882978,Daniel Lee,29.0,10.0,Andy Lau,483.0,Sammo Kam-Bo Hung,472.0,Andy On,60.0,29.0,314
tt0489664,Mike Barker,29.0,5.0,Gerard Butler,18000.0,Nicholas Lea,867.0,Callum Rennie,716.0,118.0,0
tt1488181,Wayne Thornley,39.0,0.0,Leonard Nimoy,12000.0,Phil LaMarr,857.0,Noureen DeWulf,700.0,11.0,1000
tt3037162,Gnana Rajasekaran,2.0,0.0,Mani Bharathi,109.0,Michael Lieber,36.0,Kevin McGowan,7.0,1.0,58
tt1134666,Tom Walsh,2.0,2.0,Joey D. Vieira,729.0,Maggie Wheeler,282.0,Jacqueline Lovell,53.0,3.0,70
tt1781827,Jonathan Jakubowicz,,23.0,Robert De Niro,22000.0,Jurnee Smollett-Bell,2000.0,Edgar Ramírez,897.0,1.0,0
tt3247714,James McTeigue,64.0,160.0,Milla Jovovich,14000.0,Roger Rees,1000.0,Robert Forster,889.0,101.0,0
tt2005374,Scott Walker,120.0,17.0,Nicolas Cage,12000.0,Radha Mitchell,991.0,Jodi Lyn O'Keefe,897.0,133.0,11000
tt0446755,John Curran,143.0,43.0,Toby Jones,2000.0,Sally Hawkins,594.0,Alan David,7.0,220.0,0
tt0765432,Uli Edel,160.0,34.0,Moritz Bleibtreu,486.0,Alexandra Maria Lara,471.0,Martina Gedeck,155.0,110.0,0
tt0099348,Kevin Costner,92.0,0.0,Mary McDonnell,933.0,Michael Spears,839.0,Maury Chaykin,232.0,382.0,0
tt1284575,Jake Kasdan,286.0,52.0,Justin Timberlake,3000.0,John Michael Higgins,957.0,Phyllis Smith,384.0,296.0,16000
tt0098273,Harold Becker,43.0,17.0,Al Pacino,14000.0,Michael O'Neill,599.0,Ellen Barkin,551.0,112.0,0
tt0356470,Mark Rosman,69.0,15.0,Dan Byrd,1000.0,Lin Shaye,852.0,Julie Gonzalo,528.0,232.0,0
tt0117571,Wes Craven,242.0,0.0,David Arquette,611.0,W. Earl Brown,422.0,Roger Jackson,157.0,869.0,11000
tt0245674,Steve Beck,149.0,17.0,Shannon Elizabeth,1000.0,Embeth Davidtz,795.0,F. Murray Abraham,670.0,478.0,0
tt0081505,Stanley Kubrick,253.0,0.0,Scatman Crothers,888.0,Shelley Duvall,629.0,Joe Turkel,413.0,1320.0,37000
tt0088763,Robert Zemeckis,198.0,0.0,Lea Thompson,1000.0,Thomas F. Wilson,690.0,J.J. Cohen,459.0,809.0,39000
tt0185371,William Malone,147.0,37.0,Jeffrey Combs,885.0,Peter Gallagher,828.0,Bridgette Wilson-Sampras,545.0,536.0,0
tt1385912,Tyler Perry,36.0,0.0,Eric Mendenhall,607.0,Mary J. Blige,269.0,Hope Olaide Wilson,256.0,59.0,1000
tt4280822,Rob Hawk,6.0,97.0,Kari J. Kramer,731.0,Erin O'Brien,634.0,Cabrina Collesides,319.0,6.0,1000
tt0889573,Josh Gordon,181.0,8.0,Caroline Dhavernas,544.0,Scott Elrod,449.0,Kelli Barrett,110.0,120.0,0
tt0305711,Shawn Levy,97.0,189.0,Taran Killam,500.0,David Agranov,308.0,David Moscow,306.0,205.0,0
tt1270262,Lee Tamahori,167.0,93.0,Mem Ferda,31000.0,Dominic Cooper,3000.0,Ludivine Sagnier,521.0,125.0,14000
tt1697237,,,,Nicole 'Snooki' Polizzi,341.0,Jenni 'Jwoww' Farley,230.0,Paul 'Pauly D' DelVecchio,211.0,,0
tt0205461,Britt Allcroft,47.0,2.0,Mara Wilson,1000.0,Colm Feore,539.0,Peter Fonda,402.0,119.0,663
tt0455407,Breck Eisner,308.0,42.0,Radha Mitchell,991.0,Glenn Morshower,894.0,John Aylward,219.0,251.0,0
tt0245429,Hayao Miyazaki,246.0,6000.0,Bunta Sugawara,17.0,Ryûnosuke Kamiki,10.0,Miyu Irino,7.0,902.0,28000
tt3341072,Alan Yuen,23.0,0.0,Andy Lau,483.0,Michael Wong,91.0,Terence Yin,30.0,12.0,332
tt0086993,Roger Donaldson,29.0,79.0,Liam Neeson,14000.0,Anthony Hopkins,12000.0,Laurence Olivier,1000.0,95.0,1000
tt0816442,Brian Percival,252.0,33.0,Emily Watson,876.0,Sophie Nélisse,526.0,Roger Allam,326.0,236.0,53000
tt1135985,Sean Anders,102.0,51.0,Katrina Bowden,948.0,Michael Cudlitz,822.0,Alice Greczyn,630.0,103.0,0
tt1216492,Anand Tucker,134.0,14.0,Adam Scott,3000.0,Kaitlin Olson,547.0,Dominique McElligott,356.0,181.0,13000
tt0058085,Anthony Mann,30.0,75.0,James Mason,617.0,Mel Ferrer,134.0,Stephen Boyd,102.0,91.0,560
tt0810922,Michael Dowse,136.0,31.0,Topher Grace,2000.0,Michael Biehn,2000.0,Dan Fogler,562.0,83.0,0
tt1870529,Daniel Barnz,102.0,33.0,Holly Hunter,1000.0,Rosie Perez,919.0,Dante Brown,505.0,37.0,0
tt0107719,Emile Ardolino,10.0,22.0,Darci Kistler,2.0,Kyra Nichols,0.0,Margaret Tracey,0.0,15.0,238
tt0116745,Robert Altman,31.0,500.0,Steve Buscemi,12000.0,Jennifer Jason Leigh,1000.0,Miranda Richardson,530.0,44.0,228
tt4193394,James Schamus,63.0,44.0,Logan Lerman,8000.0,Sarah Gadon,691.0,Tracy Letts,85.0,3.0,599
tt0384806,Andrew Douglas,220.0,15.0,Jimmy Bennett,87000.0,Chloë Grace Moretz,17000.0,Ryan Reynolds,16000.0,518.0,0
tt0268126,Spike Jonze,241.0,0.0,Nicolas Cage,12000.0,Meryl Streep,11000.0,Roger Willie,836.0,710.0,0
tt0418819,George A. Romero,252.0,0.0,Tony Nappo,654.0,Shawn Roberts,529.0,Pedro Miguel Arce,233.0,662.0,0
tt2957680,Danny Pang,23.0,15.0,Louis Koo,82.0,Angelica Lee,39.0,Ching Wan Lau,27.0,4.0,124
tt0120669,Terry Gilliam,156.0,0.0,Johnny Depp,40000.0,Michael Jeter,693.0,Ellen Barkin,551.0,648.0,15000
tt1058017,Ricky Gervais,192.0,0.0,Jennifer Garner,3000.0,Tina Fey,2000.0,Martin Starr,985.0,287.0,13000
tt2004420,Nicholas Stoller,351.0,89.0,Craig Roberts,920.0,Carla Gallo,798.0,Ike Barinholtz,329.0,397.0,21000
tt0110475,Chuck Russell,57.0,55.0,Peter Greene,789.0,Amy Yasbeck,424.0,Reg E. Cathey,360.0,213.0,0
tt0094737,Penny Marshall,99.0,545.0,Tom Hanks,15000.0,Jon Lovitz,11000.0,John Heard,697.0,204.0,0
tt0443453,Larry Charles,343.0,119.0,Luenell,332.0,Ken Davitian,165.0,Chester,6.0,1198.0,0
tt0250494,Robert Luketic,163.0,126.0,Linda Cardellini,2000.0,Raquel Welch,788.0,Alanna Ubach,584.0,548.0,0
tt0088170,Leonard Nimoy,110.0,12000.0,Leonard Nimoy,12000.0,Nichelle Nichols,664.0,Walter Koenig,643.0,192.0,0
tt0404032,Scott Derrickson,233.0,301.0,Tom Wilkinson,1000.0,Colm Feore,539.0,JR Bourne,457.0,522.0,0
tt0205000,Mike Mitchell,91.0,31.0,Amy Poehler,1000.0,Eddie Griffin,489.0,Bree Turner,489.0,202.0,0
tt2467046,Vic Armstrong,169.0,179.0,Nicolas Cage,12000.0,Lea Thompson,1000.0,Quinton Aaron,734.0,374.0,31000
tt0356680,Thomas Bezucha,142.0,15.0,Craig T. Nelson,723.0,Paul Schneider,552.0,Tyrone Giordano,172.0,475.0,0
tt0337579,Kevin Rodney Sullivan,50.0,8.0,Harry Lennix,748.0,Sean Patrick Thomas,656.0,Kenan Thompson,521.0,69.0,265
tt0307987,Terry Zwigoff,195.0,72.0,Bernie Mac,1000.0,Tony Cox,624.0,Alex Borstein,566.0,485.0,10000
tt0118655,Jay Roach,129.0,116.0,Will Ferrell,8000.0,Charles Napier,503.0,Robert Wagner,481.0,425.0,0
tt3760922,Kirk Jones,156.0,52.0,Nia Vardalos,567.0,Louis Mandylor,312.0,Joey Fatone,261.0,103.0,19000
tt1650043,David Bowers,103.0,42.0,Zachary Gordon,975.0,Rachael Harris,569.0,Fran Kranz,557.0,45.0,0
tt0093773,John McTiernan,217.0,323.0,Shane Black,1000.0,Bill Duke,1000.0,Carl Weathers,794.0,629.0,13000
tt0086879,Milos Forman,134.0,869.0,Jeffrey Jones,692.0,F. Murray Abraham,670.0,Tom Hulce,521.0,549.0,16000
tt0926129,Nelson McCormick,146.0,29.0,Ming-Na Wen,2000.0,Scott Porter,690.0,Collins Pennie,458.0,260.0,1000
tt0377092,Mark Waters,159.0,70.0,Tina Fey,2000.0,Amy Poehler,1000.0,Neil Flynn,625.0,554.0,0
tt0328589,Audrey Wells,111.0,22.0,Raoul Bova,727.0,Lindsay Duncan,171.0,Mario Monicelli,148.0,317.0,0
tt0280707,Robert Altman,187.0,500.0,Kristin Scott Thomas,1000.0,Bob Balaban,559.0,Tom Hollander,555.0,651.0,0
tt0362359,,20.0,,Peter Gallagher,828.0,Melinda Clarke,787.0,Tate Donovan,650.0,281.0,0
tt0091738,Francis Ford Coppola,44.0,0.0,Nicolas Cage,12000.0,Kathleen Turner,899.0,Joan Allen,805.0,96.0,0
tt2562232,Alejandro G. Iñárritu,588.0,0.0,Emma Stone,15000.0,Naomi Watts,6000.0,Merritt Wever,529.0,1101.0,114000
tt2334873,Woody Allen,415.0,11000.0,Sally Hawkins,594.0,Charlie Tahan,268.0,Andrew Dice Clay,218.0,384.0,36000
tt0475276,Paul Greengrass,279.0,521.0,Christian Clemenson,97.0,David Alan Basche,68.0,Susan Blommaert,64.0,828.0,0
tt0322589,Bille Woodruff,97.0,23.0,Christian Monzon,2000.0,Mekhi Phifer,1000.0,Romeo Miller,582.0,144.0,0
tt0097441,Edward Zwick,60.0,380.0,Denzel Washington,18000.0,Morgan Freeman,11000.0,Matthew Broderick,2000.0,365.0,0
tt0117723,Rick Friedberg,27.0,8.0,Hulk Hogan,844.0,Barry Bostwick,456.0,Nicollette Sheridan,341.0,76.0,588
tt0080749,John Carpenter,212.0,0.0,Jamie Lee Curtis,2000.0,Hal Holbrook,826.0,Janet Leigh,606.0,335.0,7000
tt1596346,Sean McNamara,110.0,80.0,Dennis Quaid,2000.0,Chris Brochu,795.0,Craig T. Nelson,723.0,114.0,15000
tt0065528,Mike Nichols,45.0,0.0,Bob Newhart,643.0,Bob Balaban,559.0,Martin Balsam,191.0,124.0,0
tt1197628,Jody Hill,190.0,62.0,Collette Wolfe,390.0,Celia Weston,258.0,Dan Bakkedahl,59.0,248.0,0
tt0087078,Richard Fleischer,77.0,130.0,Mako,691.0,Olivia d'Abo,476.0,Grace Jones,406.0,109.0,2000
tt0081398,Martin Scorsese,151.0,17000.0,Robert De Niro,22000.0,Cathy Moriarty,394.0,Frank Vincent,356.0,494.0,0
tt0899106,Brandon Camp,111.0,7.0,Judy Greer,2000.0,Sasha Alexander,980.0,Frances Conroy,827.0,77.0,0
tt0090357,Barry Levinson,64.0,272.0,Nicholas Rowe,155.0,Roger Ashton-Griffiths,144.0,Freddie Jones,124.0,86.0,0
tt1016075,Kevin Tancharoen,134.0,64.0,Kelsey Grammer,808.0,Kay Panabaker,720.0,Megan Mullally,637.0,82.0,0
tt1542344,Danny Boyle,450.0,0.0,James Franco,11000.0,Treat Williams,642.0,Kate Burton,223.0,440.0,63000
tt0196216,Woody Allen,128.0,11000.0,Woody Allen,11000.0,Jon Lovitz,11000.0,Michael Rapaport,975.0,192.0,812
tt0210616,Nicholas Hytner,68.0,13.0,Amanda Schull,757.0,Susan May Pratt,220.0,Ethan Stiefel,111.0,210.0,0
tt2279339,Jessie Nelson,97.0,24.0,Olivia Wilde,10000.0,Alex Borstein,566.0,Timothée Chalamet,85.0,68.0,0
tt0337917,Bart Freundlich,54.0,38.0,Kristen Stewart,17000.0,Corbin Bleu,632.0,Kevin G. Schmidt,362.0,49.0,591
tt0264796,Irwin Winkler,99.0,34.0,Ian Somerhalder,16000.0,Hayden Christensen,4000.0,Kristin Scott Thomas,1000.0,359.0,0
tt2080374,Danny Boyle,412.0,0.0,Kate Winslet,14000.0,Michael Fassbender,13000.0,Michael Stuhlbarg,816.0,307.0,23000
tt1032815,Chris Columbus,107.0,0.0,Alan Ruck,946.0,Marie Avgeropoulos,800.0,Shawn Roberts,529.0,80.0,0
tt0403702,Miguel Arteta,192.0,44.0,Steve Buscemi,12000.0,Ari Graynor,904.0,Fred Willard,729.0,105.0,0
tt0082648,William A. Fraker,25.0,28.0,Jason Robards,372.0,Richard Farnsworth,262.0,Michael Horse,102.0,41.0,346
tt0236784,John Boorman,104.0,128.0,Daniel Radcliffe,11000.0,Jamie Lee Curtis,2000.0,Mark Margolis,1000.0,213.0,813
tt0082085,Brian De Palma,120.0,0.0,Nancy Allen,517.0,Dennis Franz,376.0,John McMartin,101.0,149.0,2000
tt2167202,Courtney Solomon,146.0,31.0,Rebecca Budig,210.0,Paul Freeman,193.0,Bruce Payne,179.0,109.0,4000
tt0119349,Ang Lee,124.0,0.0,Joan Allen,805.0,Kate Burton,223.0,Henry Czerny,177.0,287.0,0
tt2465146,Rob Reiner,107.0,0.0,Yaya DaCosta,712.0,Annie Parisse,341.0,Frankie Valli,197.0,48.0,3000
tt0098519,Jeff Kanew,11.0,6.0,Craig T. Nelson,723.0,Shelley Long,422.0,Kellie Martin,371.0,35.0,0
tt0340012,István Szabó,93.0,109.0,Miriam Margolyes,405.0,Shaun Evans,204.0,Juliet Stevenson,202.0,112.0,562
tt0091635,Adrian Lyne,38.0,213.0,David Margulies,567.0,Karen Young,67.0,Kim Chan,45.0,118.0,0
tt0082288,Matthew Robbins,60.0,25.0,Ian McDiarmid,1000.0,Ralph Richardson,115.0,Albert Salmi,94.0,102.0,0
tt0824758,Michael Hoffman,184.0,97.0,David Masterson,577.0,Kerry Condon,416.0,Anne-Marie Duff,231.0,82.0,0
tt0109707,Tim Burton,148.0,13000.0,Johnny Depp,40000.0,Bill Murray,13000.0,Martin Landau,940.0,420.0,0
tt1967545,Jason Reitman,217.0,655.0,J.K. Simmons,24000.0,Kate Winslet,14000.0,Brooke Smith,405.0,111.0,0
tt0416044,Sergey Bodrov,160.0,44.0,Tadanobu Asano,627.0,Khulan Chuluun,12.0,Honglei Sun,9.0,165.0,0
tt1032755,Guy Ritchie,209.0,0.0,Tom Hardy,27000.0,Gerard Butler,18000.0,Tom Wilkinson,1000.0,192.0,12000
tt0084316,Hal Needham,40.0,379.0,Barry Bostwick,456.0,Michael Beck,278.0,Henry Silva,251.0,54.0,0
tt0116477,Kenneth Branagh,85.0,0.0,Julie Christie,597.0,Brian Blessed,591.0,Richard Briers,401.0,224.0,0
tt1071812,Bruce Beresford,83.0,78.0,Bruce Greenwood,989.0,Suzie Steen,258.0,Aden Young,238.0,53.0,0
tt2649554,Jeff Nichols,263.0,337.0,Kirsten Dunst,4000.0,Sam Shepard,820.0,Paul Sparks,201.0,156.0,0
tt0313792,Woody Allen,128.0,11000.0,Woody Allen,11000.0,Stockard Channing,944.0,Fisher Stevens,922.0,155.0,827
tt2058107,Jonathan Teplitzky,186.0,6.0,Jeremy Irvine,25000.0,Colin Firth,14000.0,Sam Reid,212.0,119.0,18000
tt1842530,,14.0,,Poppy Montgomery,654.0,Dylan Walsh,426.0,Dallas Roberts,405.0,44.0,0
tt1149362,Michael Haneke,292.0,0.0,Ulrich Tukur,63.0,Burghart Klaußner,43.0,Leonie Benesch,16.0,193.0,0
tt4517738,Zack Ward,15.0,662.0,Zack Ward,662.0,Anna Harr,290.0,James Cullen Bressack,161.0,6.0,378
tt0092240,Mike Marvin,70.0,28.0,Clint Howard,1000.0,Randy Quaid,695.0,Nick Cassavetes,415.0,100.0,0
tt0235737,D.J. Caruso,79.0,154.0,Adam Goldberg,1000.0,Meat Loaf,783.0,Anthony LaPaglia,576.0,180.0,2000
tt2172935,Nimród Antal,103.0,190.0,James Hetfield,364.0,Mackenzie Gray,253.0,Lars Ulrich,151.0,56.0,19000
tt0865554,Gregor Jordan,97.0,34.0,Austin Nichols,663.0,Brad Renfro,551.0,Lou Taylor Pucci,394.0,93.0,1000
tt1321865,,108.0,,Edgar Ramírez,897.0,Nora von Waldstätten,30.0,Katharina Schüttler,30.0,36.0,0
tt1024744,Tran Anh Hung,59.0,157.0,Takuya Kimura,84.0,Simón Andreu,35.0,Shawn Yue,32.0,20.0,342
tt0120775,Lance Hool,10.0,0.0,Tom Berenger,854.0,Joaquim de Almeida,578.0,Mark Moses,353.0,42.0,271
tt0088993,George A. Romero,184.0,0.0,Greg Nicotero,1000.0,John Amplas,177.0,Joseph Pilato,83.0,419.0,3000
tt3212232,Chuck Russell,23.0,55.0,Sam Trammell,1000.0,Rebecca De Mornay,872.0,Amanda Schull,757.0,50.0,0
tt0386741,Christian Volckman,112.0,2.0,Romola Garai,805.0,Catherine McCormack,306.0,Kevork Malikyan,69.0,90.0,0
tt2271563,Jon Cassar,45.0,78.0,Demi Moore,2000.0,Landon Liboiron,1000.0,Michael Wincott,720.0,49.0,0
tt0089893,Richard Fleischer,59.0,130.0,Ernie Reyes Jr.,444.0,Brigitte Nielsen,312.0,Sandahl Bergman,183.0,95.0,0
tt1748179,Rodrigo Cortés,195.0,89.0,Robert De Niro,22000.0,Toby Jones,2000.0,Craig Roberts,920.0,140.0,10000
tt0829482,Greg Mottola,256.0,99.0,Emma Stone,15000.0,Joe Lo Truglio,833.0,Kevin Corrigan,778.0,555.0,0
tt1142800,Tyler Perry,44.0,0.0,Vanessa Ferlito,923.0,Keshia Knight Pulliam,619.0,Derek Luke,543.0,45.0,804
tt1403241,David Hayter,59.0,512.0,Jason Momoa,11000.0,Jennifer Hale,918.0,Stephen McHattie,413.0,34.0,0
tt1023481,Jon M. Chu,97.0,209.0,Cassie Ventura,158.0,Mari Koda,152.0,Luis Rosado,129.0,108.0,0
tt0443536,Cory Edwards,142.0,19.0,Anne Hathaway,11000.0,Chazz Palminteri,979.0,Jim Belushi,854.0,247.0,0
tt0395169,Terry George,187.0,83.0,Don Cheadle,3000.0,Sophie Okonedo,460.0,Hakeem Kae-Kazim,242.0,609.0,12000
tt0465494,Xavier Gens,193.0,87.0,Henry Ian Cusick,866.0,Dougray Scott,794.0,Ulrich Thomsen,280.0,376.0,0
tt1425922,Kasi Lemmons,40.0,148.0,Jennifer Hudson,549.0,Mary J. Blige,269.0,Vondie Curtis-Hall,170.0,17.0,0
tt1085492,Brian A Miller,46.0,32.0,Bruce Willis,13000.0,50 Cent,1000.0,Jessica Lowndes,1000.0,101.0,0
tt0164003,Matt Dillon,38.0,0.0,Kirk Fox,109.0,Shawn Andrews,67.0,Rob Campbell,50.0,67.0,204
tt0230600,Alejandro Amenábar,239.0,448.0,Fionnula Flanagan,482.0,Elaine Cassidy,203.0,Eric Sykes,83.0,1109.0,20000
tt0090605,James Cameron,250.0,0.0,Michael Biehn,2000.0,Carrie Henn,626.0,Jenette Goldstein,604.0,1076.0,18000
tt0058385,George Cukor,82.0,165.0,Jeremy Brett,453.0,Rex Harrison,272.0,Theodore Bikel,244.0,258.0,0
tt0119345,Jim Gillespie,140.0,13.0,Muse Watson,45000.0,Sarah Michelle Gellar,4000.0,Anne Heche,681.0,419.0,0
tt1924435,Luke Greenfield,129.0,42.0,Rob Riggle,839.0,Damon Wayans Jr.,756.0,James D'Arcy,613.0,147.0,14000
tt0375063,Alexander Payne,285.0,729.0,Virginia Madsen,912.0,Patrick Gallagher,306.0,M.C. Gainey,284.0,835.0,0
tt0486551,Jay Chandrasekhar,91.0,422.0,Chris Moss,33000.0,Owain Yeoman,459.0,Jay Chandrasekhar,422.0,177.0,0
tt0077651,John Carpenter,318.0,0.0,Jamie Lee Curtis,2000.0,Donald Pleasence,742.0,P.J. Soles,598.0,1191.0,12000
tt0299977,Yimou Zhang,283.0,611.0,Jet Li,5000.0,Tony Chiu Wai Leung,643.0,Maggie Cheung,576.0,841.0,0
tt0326900,John Hoffman,52.0,9.0,Liam Aiken,818.0,Molly Shannon,636.0,Kevin Nealon,503.0,48.0,309
tt2083355,Malcolm D. Lee,56.0,92.0,Harold Perrineau,1000.0,Sanaa Lathan,886.0,Eddie Cibrian,849.0,64.0,7000
tt0475394,Joe Carnahan,186.0,248.0,Ryan Reynolds,16000.0,Common,988.0,Alex Rocco,968.0,482.0,3000
tt1477076,Kevin Greutert,178.0,52.0,Costas Mandylor,723.0,Gina Holden,346.0,Betsy Russell,298.0,279.0,12000
tt0243736,Michael Lehmann,140.0,36.0,Emmanuelle Vaugier,1000.0,Vinessa Shaw,580.0,Paulo Costanzo,486.0,207.0,2000
tt1104001,Joseph Kosinski,469.0,364.0,Jeff Bridges,12000.0,Olivia Wilde,10000.0,James Frain,1000.0,665.0,30000
tt0120770,John Fortenberry,63.0,12.0,Will Ferrell,8000.0,Chris Kattan,357.0,Dan Hedaya,281.0,239.0,0
tt1152398,Daniel Barnz,148.0,33.0,Alex Pettyfer,15000.0,Mary-Kate Olsen,976.0,Erik Knudsen,583.0,129.0,16000
tt0454841,Alexandre Aja,265.0,192.0,Dan Byrd,1000.0,Greg Nicotero,1000.0,Vinessa Shaw,580.0,855.0,0
tt0325258,Sam Weisman,75.0,39.0,Kevin Grevioux,593.0,Jenna Boyd,517.0,Mary McCormack,428.0,117.0,320
tt2097298,Niki Caro,113.0,51.0,Morgan Saylor,427.0,Valente Rodriguez,234.0,Diana Maria Riva,89.0,83.0,21000
tt0979434,Erik White,62.0,17.0,Brandon T. Jackson,918.0,Loretta Devine,912.0,Shad Moss,826.0,30.0,0
tt0466856,Chris Robinson,54.0,49.0,T.I.,680.0,Adam Boyer,503.0,Malika,104.0,92.0,874
tt1981677,Jason Moore,223.0,36.0,Anna Kendrick,10000.0,Hana Mae Lee,751.0,Ben Platt,746.0,250.0,36000
tt0234829,Michael Tollin,50.0,19.0,Marc Blucas,973.0,Brian Dennehy,954.0,Bruce Davison,505.0,107.0,476
tt0120324,Sam Raimi,125.0,0.0,Gary Cole,989.0,Bridget Fonda,888.0,Chelcie Ross,244.0,416.0,0
tt0283632,Robert Harmon,81.0,11.0,Alexander Gould,1000.0,Ethan Embry,982.0,Marc Blucas,973.0,271.0,814
tt0462395,Trent Cooper,37.0,0.0,Thomas F. Wilson,690.0,Larry the Cable Guy,400.0,Megyn Price,323.0,112.0,110
tt0159421,Gary Halvorson,44.0,11.0,Vanessa Williams,1000.0,Kevin Clash,436.0,Caroll Spinney,142.0,37.0,339
tt1210042,Antoine Fuqua,197.0,847.0,Don Cheadle,3000.0,Lili Taylor,960.0,Armando Riesco,625.0,138.0,4000
tt0056800,Nicholas Ray,15.0,117.0,Ava Gardner,715.0,David Niven,490.0,John Ireland,86.0,50.0,419
tt1288558,Fede Alvarez,543.0,201.0,Lou Taylor Pucci,394.0,Elizabeth Blackmore,150.0,Ellen Sandweiss,58.0,789.0,70000
tt0865559,Donald Petrie,112.0,80.0,Nia Vardalos,567.0,Harland Williams,503.0,Rachel Dratch,399.0,75.0,0
tt0465142,Paul Weitz,153.0,80.0,Judy Greer,2000.0,Dennis Quaid,2000.0,Chris Klein,841.0,217.0,300
tt0094074,Sidney J. Furie,94.0,22.0,Jim Broadbent,1000.0,Margot Kidder,593.0,William Hootkins,488.0,259.0,1000
tt0770810,Ian Iqbal Rashid,62.0,8.0,DeRay Davis,328.0,Clé Bennett,122.0,Conrad Coates,66.0,18.0,238
tt0404390,Wayne Kramer,157.0,47.0,Paul Walker,23000.0,Chazz Palminteri,979.0,Ivana Milicevic,834.0,419.0,0
tt0375104,Rowdy Herrington,35.0,9.0,Aidan Quinn,767.0,Jeremy Northam,327.0,Paul Freeman,193.0,64.0,352
tt0091934,Jim Goddard,21.0,3.0,Victor Wong,400.0,Paul Freeman,193.0,Clyde Kusatsu,161.0,28.0,154
tt0443543,Neil Burger,236.0,168.0,Rufus Sewell,3000.0,Eddie Marsan,979.0,Jake Wood,96.0,645.0,15000
tt0083001,Noel Marshall,50.0,4.0,Tippi Hedren,634.0,Melanie Griffith,537.0,Zakes Mokae,60.0,27.0,0
tt0312549,Joel Schumacher,106.0,541.0,Brenda Fricker,214.0,David Murray,96.0,Gerard McSorley,71.0,113.0,0
tt2515030,Andrea Di Stefano,106.0,30.0,Josh Hutcherson,14000.0,Brady Corbet,287.0,Carlos Bardem,55.0,39.0,0
tt0405336,Richard Kelly,173.0,219.0,Janeane Garofalo,1000.0,Curtis Armstrong,876.0,Chris Andrew Ciulla,215.0,238.0,0
tt0944834,Guillaume Ivernel,41.0,0.0,Rob Paulsen,677.0,Jess Harnell,262.0,Mary Mouser,168.0,39.0,0
tt0075909,Jack Smight,41.0,22.0,George Peppard,669.0,Jan-Michael Vincent,642.0,Paul Winfield,255.0,71.0,903
tt1433822,Todd Lincoln,145.0,57.0,Julianna Guill,465.0,Rick Gomez,152.0,Tim Williams,62.0,108.0,0
tt0102492,Howard Zieff,31.0,6.0,Macaulay Culkin,3000.0,Jamie Lee Curtis,2000.0,Griffin Dunne,165.0,115.0,0
tt0422295,Steven Shainberg,105.0,30.0,Robert Downey Jr.,21000.0,Ty Burrell,3000.0,Matt Servitto,260.0,97.0,0
tt0443543,Neil Burger,236.0,168.0,Rufus Sewell,3000.0,Eddie Marsan,979.0,Jake Wood,96.0,645.0,15000
tt0094291,Oliver Stone,114.0,0.0,Hal Holbrook,826.0,Tamara Tunie,508.0,James Karen,168.0,219.0,0
tt0114388,Ang Lee,69.0,0.0,Alan Rickman,25000.0,Kate Winslet,14000.0,Tom Wilkinson,1000.0,196.0,0
tt0416508,Julian Jarrold,150.0,11.0,Anne Hathaway,11000.0,Julie Walters,838.0,Laurence Fox,281.0,151.0,0
tt0815244,Joe Nussbaum,72.0,18.0,Danny Strong,714.0,Matt Long,701.0,Samm Levine,433.0,50.0,0
tt0315983,Vadim Perelman,158.0,26.0,Frances Fisher,638.0,Kim Dickens,624.0,Ron Eldard,385.0,469.0,0
tt0097165,Peter Weir,96.0,608.0,Robin Williams,49000.0,Josh Charles,1000.0,Kurtwood Smith,1000.0,491.0,23000
tt0109686,Peter Farrelly,84.0,137.0,Lauren Holly,879.0,Mike Starr,854.0,Teri Garr,481.0,438.0,0
tt0098635,Rob Reiner,114.0,0.0,Bruno Kirby,227.0,Gretchen Palmer,73.0,Harley Jane Kozak,62.0,273.0,0
tt0084855,Sidney Lumet,79.0,0.0,Charlotte Rampling,844.0,James Mason,617.0,Jack Warden,359.0,154.0,0
tt0215129,Todd Phillips,103.0,480.0,Ethan Suplee,1000.0,Rachel Blanchard,490.0,Paulo Costanzo,486.0,302.0,0
tt0139699,Brian Robbins,67.0,48.0,Paul Walker,23000.0,Ron Lester,255.0,Mark Walters,35.0,267.0,0
tt1655442,Michel Hazanavicius,576.0,405.0,Bérénice Bejo,996.0,Ed Lauter,897.0,Beth Grant,628.0,583.0,30000
tt1139668,David S. Goyer,178.0,687.0,Gary Oldman,10000.0,Atticus Shaffer,787.0,Rachel Brosnahan,389.0,230.0,0
tt1748122,Wes Anderson,487.0,0.0,Bruce Willis,13000.0,Bill Murray,13000.0,Bob Balaban,559.0,377.0,71000
tt0420294,Jonathan Liebesman,196.0,473.0,Matt Bomer,20000.0,Jordana Brewster,4000.0,Lew Temple,597.0,366.0,0
tt1002563,Cyrus Nowrasteh,24.0,19.0,Clive Russell,241.0,Vincent Walsh,118.0,Finn Ireland,107.0,30.0,0
tt0295427,Perry Andelin Blake,56.0,11.0,Jennifer Esposito,911.0,Kenan Thompson,521.0,James Brolin,499.0,307.0,1000
tt0457430,Guillermo del Toro,406.0,0.0,Ivana Baquero,634.0,Maribel Verdú,269.0,Sergi López,250.0,1083.0,27000
tt3513704,,3.0,,Joel Courtney,1000.0,Jessika Van,921.0,Riley Smith,762.0,57.0,0
tt0250720,John Whitesell,51.0,14.0,Leslie Bibb,1000.0,Angus T. Jones,1000.0,Paul Sorvino,635.0,53.0,393
tt0255819,John Singleton,41.0,309.0,Mo'Nique,939.0,Snoop Dogg,881.0,Angell Conwell,522.0,81.0,1000
tt1265990,Christian E. Christiansen,138.0,26.0,Leighton Meester,3000.0,Danneel Ackles,1000.0,Frances Fisher,638.0,115.0,0
tt0245686,Dennie Gordon,78.0,29.0,Brittany Daniel,861.0,Erik Per Sullivan,593.0,Fred Ward,459.0,205.0,0
tt0101764,Sheldon Lettich,40.0,23.0,Bolo Yeung,633.0,Alonna Shaw,67.0,Kamel Krifa,51.0,72.0,0
tt0425112,Edgar Wright,285.0,1000.0,Bill Bailey,175.0,Joe Cornish,115.0,Billie Whitelaw,108.0,687.0,17000
tt0430770,Diane English,124.0,15.0,Jada Pinkett Smith,851.0,Debi Mazar,680.0,Debra Messing,650.0,125.0,0
tt0497465,Woody Allen,275.0,11000.0,Scarlett Johansson,19000.0,Kevin Dunn,581.0,Christopher Evan Welch,252.0,365.0,14000
tt0837106,Peter Flinth,34.0,5.0,Gustaf Skarsgård,908.0,Michael Nyqvist,690.0,Vincent Perez,292.0,54.0,0
tt4651520,Jon Lucas,81.0,24.0,Mila Kunis,15000.0,Jay Hernandez,1000.0,Jada Pinkett Smith,851.0,46.0,18000
tt0204175,Robert Iscove,67.0,7.0,Alyson Hannigan,3000.0,Amanda Detmer,240.0,Tsianina Joelson,95.0,134.0,487
tt0283139,Peter Kosminsky,103.0,7.0,Patrick Fugit,835.0,Cole Hauser,787.0,Marc Donato,450.0,171.0,0
tt1131734,Karyn Kusama,300.0,45.0,J.K. Simmons,24000.0,Amy Sedaris,396.0,Cynthia Stevenson,271.0,294.0,6000
tt0186045,Nick Gomez,84.0,22.0,Will Ferrell,8000.0,Jamie Lee Curtis,2000.0,Tracey Walter,324.0,148.0,492
tt0093818,Woody Allen,64.0,11000.0,Mike Starr,854.0,Don Pardo,410.0,Julie Kavner,233.0,91.0,0
tt2467046,Vic Armstrong,169.0,179.0,Nicolas Cage,12000.0,Lea Thompson,1000.0,Quinton Aaron,734.0,374.0,31000
tt1403981,Allen Coulter,158.0,47.0,Robert Pattinson,21000.0,Lena Olin,541.0,Ruby Jerins,238.0,361.0,24000
tt0319524,Clare Kilner,46.0,6.0,Dylan Baker,812.0,Alexandra Holden,326.0,Trent Ford,258.0,95.0,371
tt0095687,Richard Benjamin,15.0,121.0,Jon Lovitz,11000.0,Alyson Hannigan,3000.0,Tony Jay,384.0,55.0,818
tt0107818,Jonathan Demme,68.0,438.0,Denzel Washington,18000.0,Tom Hanks,15000.0,Jason Robards,372.0,261.0,0
tt0139809,Josef Rusnak,111.0,9.0,Gretchen Mol,599.0,Craig Bierko,380.0,Brad William Henke,363.0,302.0,0
tt0380277,Lance Rivera,21.0,3.0,Farrah Fawcett,1000.0,Vincent Pastore,584.0,Jenifer Lewis,578.0,20.0,177
tt0079550,Ronald Neame,42.0,38.0,Martin Landau,940.0,Karl Malden,416.0,Brian Keith,316.0,90.0,392
tt0134630,Bruce Paltrow,65.0,28.0,Lochlyn Munro,555.0,Marian Seldes,403.0,Huey Lewis,215.0,123.0,573
tt0278823,Woody Allen,109.0,11000.0,Woody Allen,11000.0,Debra Messing,650.0,Treat Williams,642.0,148.0,762
tt0165710,Adam Rifkin,42.0,89.0,Natasha Lyonne,1000.0,Lin Shaye,852.0,Shannon Tweed,322.0,194.0,0
tt0091203,Russell Mulcahy,112.0,85.0,Christopher Lambert,1000.0,Jon Polito,309.0,Celia Imrie,186.0,316.0,0
tt0469623,Susanne Bier,146.0,369.0,Alison Lohman,1000.0,Omar Benson Miller,418.0,Robin Weigert,295.0,88.0,0
tt0120207,Kenneth Johnson,36.0,34.0,Charles Napier,503.0,Annabeth Gish,489.0,Hill Harper,465.0,62.0,0
tt1951181,James Gray,230.0,115.0,Jeremy Renner,10000.0,Dagmara Dominczyk,316.0,Angela Sarafyan,310.0,70.0,0
tt0384686,James Ivory,64.0,133.0,Vanessa Redgrave,898.0,Natasha Richardson,708.0,Lynn Redgrave,258.0,78.0,356
tt1924429,Danny Boyle,393.0,0.0,Rosario Dawson,3000.0,Spencer Wilding,1000.0,Tuppence Middleton,888.0,212.0,23000
tt0367085,Jessy Terrero,75.0,29.0,Mo'Nique,939.0,Snoop Dogg,881.0,Tom Arnold,618.0,150.0,0
tt1064932,Dany Boon,78.0,172.0,Dany Boon,172.0,Kad Merad,55.0,Michel Galabru,27.0,49.0,3000
tt0436364,Vicente Amorim,67.0,6.0,Viggo Mortensen,10000.0,Jodie Whittaker,304.0,Steven Mackintosh,227.0,42.0,921
tt1191111,Gaspar Noé,216.0,929.0,Paz de la Huerta,488.0,Emily Alyn Lind,289.0,Olly Alexander,116.0,192.0,23000
tt1545106,Amy Heckerling,54.0,143.0,Taylor Negron,1000.0,Justin Kirk,945.0,Ivan Sergei,613.0,42.0,0
tt1028532,Lasse Hallström,84.0,529.0,Cary-Hiroyuki Tagawa,1000.0,Sarah Roemer,884.0,Joan Allen,805.0,304.0,115000
tt2249221,Jérôme Salle,69.0,22.0,Orlando Bloom,5000.0,Tanya van Graan,170.0,Conrad Kemp,44.0,43.0,0
tt2398231,Tommy Lee Jones,208.0,0.0,Barry Corbin,883.0,Tim Blake Nelson,596.0,Miranda Otto,567.0,132.0,0
tt0247444,Jesse Vaughan,32.0,10.0,Vivica A. Fox,890.0,Jenifer Lewis,578.0,Kevin Pollak,574.0,40.0,939
tt1958961,,20.0,,Steven Van Zandt,422.0,Trond Fausa,57.0,Tommy Karlsen,15.0,79.0,16000
tt0273435,Atom Egoyan,78.0,460.0,David Alpay,232.0,Marie-Josée Croze,150.0,Charles Aznavour,125.0,180.0,824
tt0206113,William Bindley,21.0,4.0,Bruce Dern,844.0,Jake Lloyd,626.0,William Shockley,518.0,26.0,282
tt0376196,Wayne Beach,40.0,7.0,Mekhi Phifer,1000.0,LL Cool J,1000.0,Fisher Stevens,922.0,24.0,191
tt0281364,Gérard Krawczyk,40.0,7.0,Carole Bouquet,235.0,Ryôko Hirosue,46.0,Michel Muller,17.0,91.0,0
tt0439815,James Gunn,251.0,571.0,Dustin Milligan,499.0,Gregg Henry,298.0,Tania Saulnier,102.0,352.0,0
tt0086960,Martin Brest,94.0,102.0,Judge Reinhold,901.0,Ronny Cox,605.0,James Russo,383.0,175.0,0
tt0099785,Chris Columbus,102.0,0.0,Macaulay Culkin,3000.0,Devin Ratray,1000.0,Catherine O'Hara,925.0,305.0,20000
tt0094137,Leonard Nimoy,21.0,12000.0,Tom Selleck,19000.0,Ted Danson,875.0,Steve Guttenberg,801.0,42.0,3000
tt0084805,Sydney Pollack,94.0,521.0,Bill Murray,13000.0,Sydney Pollack,521.0,Teri Garr,481.0,194.0,0
tt0092099,Tony Scott,173.0,12000.0,Tom Cruise,10000.0,Tom Skerritt,1000.0,Adrian Pasdar,555.0,388.0,19000
tt0190332,Ang Lee,287.0,0.0,Chen Chang,103.0,Pei-Pei Cheng,21.0,Sihung Lung,5.0,1641.0,0
tt0169547,Sam Mendes,176.0,0.0,Kevin Spacey,18000.0,Peter Gallagher,828.0,Ara Celi,158.0,2715.0,22000
tt1504320,Tom Hooper,479.0,0.0,Colin Firth,14000.0,Jennifer Ehle,1000.0,Derek Jacobi,520.0,636.0,64000
tt0096320,Ivan Reitman,27.0,425.0,Kelly Preston,742.0,Tony Jay,384.0,Hugh O'Brian,247.0,79.0,0
tt3921180,,20.0,,Bex Taylor-Klaus,460.0,Bobby Campo,292.0,Jason Wiles,260.0,68.0,0
tt0954990,Udayan Prasad,60.0,4.0,Kristen Stewart,17000.0,Eddie Redmayne,13000.0,William Hurt,882.0,36.0,1000
tt0088939,Steven Spielberg,70.0,14000.0,Oprah Winfrey,852.0,Rae Dawn Chong,581.0,Dana Ivey,271.0,199.0,6000
tt1153040,JK Youn,43.0,2.0,Nicole Dionne,94.0,Ji-won Ha,80.0,Kyung-gu Sol,13.0,25.0,558
tt2638144,Timur Bekmambetov,1.0,335.0,Morgan Freeman,11000.0,Ayelet Zurer,744.0,Moises Arias,635.0,1.0,0
tt2084970,Morten Tyldum,454.0,77.0,Benedict Cumberbatch,19000.0,Rory Kinnear,393.0,Allen Leech,305.0,608.0,165000
tt0081375,Howard Zieff,25.0,6.0,Eileen Brennan,1000.0,Albert Brooks,745.0,Alan Oppenheimer,271.0,60.0,855
tt0080549,Michael Apted,46.0,150.0,Sissy Spacek,874.0,Beverly D'Angelo,816.0,Levon Helm,572.0,84.0,0
tt1196141,Thor Freudenthal,111.0,87.0,Chloë Grace Moretz,17000.0,Zachary Gordon,975.0,Rachael Harris,569.0,103.0,0
tt2023587,Andrés Muschietti,393.0,127.0,Javier Botet,1000.0,Megan Charpentier,340.0,Isabelle Nélisse,250.0,304.0,57000
tt0077651,John Carpenter,318.0,0.0,Jamie Lee Curtis,2000.0,Donald Pleasence,742.0,P.J. Soles,598.0,1191.0,12000
tt0085995,Harold Ramis,55.0,11000.0,Beverly D'Angelo,816.0,Randy Quaid,695.0,Jane Krakowski,624.0,183.0,0
tt3063516,Jeff Tremaine,157.0,79.0,Jackson Nicoll,925.0,Georgina Cates,38.0,Grasie Mercedes,27.0,162.0,26000
tt0436697,Stephen Frears,280.0,350.0,Roger Allam,326.0,Sylvia Syms,48.0,Alex Jennings,39.0,421.0,0
tt0094721,Tim Burton,109.0,13000.0,Catherine O'Hara,925.0,Jeffrey Jones,692.0,Glenn Shadix,217.0,306.0,15000
tt0906108,Tyler Perry,41.0,0.0,Michael Jai White,2000.0,Tasha Smith,721.0,Lamman Rucker,607.0,100.0,1000
tt0110367,Gillian Armstrong,27.0,44.0,Christian Bale,23000.0,Kirsten Dunst,4000.0,Eric Stoltz,902.0,132.0,0
tt1596365,James Watkins,462.0,43.0,Daniel Radcliffe,11000.0,Roger Allam,326.0,Jessica Raine,259.0,509.0,29000
tt0455857,Simon West,152.0,165.0,Madeline Carroll,1000.0,Tessa Thompson,431.0,Brian Geraghty,383.0,468.0,0
tt0265298,Shawn Levy,69.0,189.0,Frankie Muniz,934.0,Donald Faison,927.0,Lee Majors,799.0,99.0,896
tt0077416,Michael Cimino,140.0,517.0,Robert De Niro,22000.0,Meryl Streep,11000.0,John Savage,652.0,1026.0,11000
tt0120885,Barry Levinson,130.0,272.0,Robert De Niro,22000.0,Kirsten Dunst,4000.0,John Michael Higgins,957.0,218.0,12000
tt0306841,Jim Fall,66.0,13.0,Clayton Snyder,925.0,Adam Lamberg,738.0,Alex Borstein,566.0,172.0,0
tt0882977,Ric Roman Waugh,238.0,29.0,Dwayne Johnson,12000.0,Harold Perrineau,1000.0,Nadine Velazquez,874.0,122.0,12000
tt3850590,Michael Dougherty,198.0,66.0,Adam Scott,3000.0,Conchata Ferrell,658.0,Allison Tolman,562.0,181.0,27000
tt0133751,Robert Rodriguez,154.0,0.0,Jordana Brewster,4000.0,Salma Hayek,4000.0,Clea DuVall,1000.0,502.0,0
tt0108551,Brian Gibson,19.0,13.0,Rae'Ven Kelly,90.0,Virginia Capers,22.0,Dororthy Thorton,2.0,59.0,0
tt0118887,James Mangold,131.0,446.0,Robert De Niro,22000.0,Sylvester Stallone,13000.0,Janeane Garofalo,1000.0,207.0,2000
tt0277371,Joel Gallen,97.0,11.0,Chris Evans,11000.0,JoAnna Garcia Swisher,983.0,Mia Kirshner,971.0,393.0,0
tt1855199,David Ayer,355.0,453.0,Jake Gyllenhaal,15000.0,Anna Kendrick,10000.0,America Ferrera,953.0,336.0,38000
tt1243974,Cameron Crowe,138.0,488.0,Emma Stone,15000.0,Bradley Cooper,14000.0,Bill Murray,13000.0,172.0,11000
tt0192614,Rob Cohen,102.0,357.0,Paul Walker,23000.0,Leslie Bibb,1000.0,William Petersen,883.0,193.0,0
tt2980516,James Marsh,419.0,120.0,Eddie Redmayne,13000.0,Emily Watson,876.0,Simon McBurney,149.0,388.0,90000
tt0328099,John Whitesell,37.0,14.0,Greg Grunberg,833.0,Regina Hall,807.0,Blair Underwood,685.0,87.0,0
tt0198021,Matt Williams,78.0,18.0,Natalie Portman,20000.0,James Frain,1000.0,Stockard Channing,944.0,240.0,0
tt0056172,David Lean,181.0,767.0,Claude Rains,607.0,José Ferrer,202.0,Jack Hawkins,87.0,559.0,11000
tt1311067,Rob Zombie,220.0,0.0,Scout Taylor-Compton,908.0,Tyler Mane,764.0,Margot Kidder,593.0,491.0,3000
tt2305051,Jean-Marc Vallée,349.0,212.0,Michiel Huisman,2000.0,Kevin Rankin,820.0,Gaby Hoffmann,612.0,252.0,38000
tt0844708,Dennis Iliadis,241.0,29.0,Tony Goldwyn,956.0,Monica Potter,878.0,Martha MacIsaac,616.0,279.0,0
tt0372532,Clare Kilner,103.0,6.0,Jack Davenport,1000.0,Debra Messing,650.0,Holland Taylor,458.0,250.0,0
tt0220506,Rick Rosenthal,151.0,28.0,Jamie Lee Curtis,2000.0,Thomas Ian Nicholas,864.0,Bianca Kajlich,731.0,614.0,0
tt0800320,Louis Leterrier,344.0,255.0,Liam Neeson,14000.0,Jason Flemyng,1000.0,Alexa Davalos,850.0,637.0,15000
tt0093779,Rob Reiner,185.0,0.0,Robin Wright,18000.0,Carol Kane,636.0,André the Giant,594.0,718.0,33000
tt0427309,Denzel Washington,112.0,18000.0,Denzel Washington,18000.0,Jurnee Smollett-Bell,2000.0,John Heard,697.0,118.0,0
tt0780504,Nicolas Winding Refn,676.0,0.0,Ryan Gosling,33000.0,Albert Brooks,745.0,Russ Tamblyn,228.0,1264.0,81000
tt0361467,Sara Sugarman,74.0,10.0,Adam Garcia,811.0,Carol Kane,636.0,Glenne Headly,231.0,105.0,810
tt0120772,Nicholas Hytner,65.0,13.0,Liam Aiken,818.0,Tim Daly,511.0,Kali Rocha,106.0,132.0,849
tt0463854,Juan Carlos Fresnadillo,274.0,35.0,Jeremy Renner,10000.0,Harold Perrineau,1000.0,Catherine McCormack,306.0,713.0,0
tt2247476,Thomas Carter,50.0,49.0,Jessie T. Usher,116.0,Matthew Daddario,110.0,Ser'Darius Blain,100.0,64.0,0
tt0317132,Wayne Wang,96.0,61.0,Cicely Tyson,907.0,Luke Benward,807.0,Eva Marie Saint,649.0,88.0,1000
tt0199725,Gina Prince-Bythewood,68.0,107.0,Alfre Woodard,1000.0,Sanaa Lathan,886.0,Omar Epps,865.0,116.0,0
tt0119229,George Armitage,111.0,5.0,Minnie Driver,893.0,Michael Cudlitz,822.0,Mitchell Ryan,141.0,296.0,0
tt0881891,Phil Traill,128.0,3.0,Bradley Cooper,14000.0,Katy Mixon,982.0,Beth Grant,628.0,143.0,0
tt0229260,Joe Berlinger,160.0,31.0,Kim Director,193.0,Erica Leerhsen,184.0,Kurt Loder,162.0,457.0,949
tt0115963,Andrew Fleming,93.0,26.0,Christine Taylor,838.0,Rachel True,328.0,Brenda Strong,266.0,195.0,6000
tt0416320,Woody Allen,278.0,11000.0,Scarlett Johansson,19000.0,Mark Gatiss,567.0,Penelope Wilton,400.0,735.0,0
tt0493949,Elizabeth Allen Rosenbaum,81.0,20.0,Sierra McCormick,512.0,Hutch Dano,316.0,Jason Spevack,125.0,52.0,0
tt0107943,James Ivory,58.0,133.0,Anthony Hopkins,12000.0,Peter Vaughan,310.0,Ben Chaplin,258.0,156.0,0
tt0118749,Paul Thomas Anderson,153.0,0.0,Don Cheadle,3000.0,Nicole Ari Parker,360.0,Nina Hartley,170.0,560.0,0
tt0107711,Robert Harmon,25.0,11.0,Kieran Culkin,1000.0,Rosanna Arquette,605.0,Joss Ackland,232.0,55.0,466
tt0434215,Michael Mayer,46.0,15.0,Alison Lohman,1000.0,Danny Pino,786.0,Tim McGraw,461.0,76.0,1000
tt0800069,Martin Weisz,161.0,7.0,Jeff Kober,919.0,Daniella Alonso,557.0,Jacob Vargas,399.0,211.0,0
tt0192731,John Ottman,108.0,83.0,Loretta Devine,912.0,Joey Lawrence,786.0,Jacinda Barrett,579.0,227.0,243
tt0283084,Jay Russell,69.0,13.0,William Hurt,882.0,Sissy Spacek,874.0,Jonathan Jackson,613.0,127.0,0
tt0419946,John Bonito,78.0,8.0,Kelly Carlson,472.0,Firass Dirani,239.0,Drew Powell,129.0,284.0,0
tt4139124,Peter Atencio,129.0,10.0,Nia Long,826.0,Will Forte,622.0,Keegan-Michael Key,415.0,84.0,0
tt1555064,Shana Feste,135.0,19.0,Leighton Meester,3000.0,Cinda McCain,646.0,Tim McGraw,461.0,114.0,0
tt0134619,David Nutter,96.0,119.0,Bruce Greenwood,989.0,Ethan Embry,982.0,Katharine Isabelle,918.0,237.0,673
tt1817273,Derek Cianfrance,417.0,310.0,Ryan Gosling,33000.0,Ben Mendelsohn,748.0,Angelo Anthony Pizza,619.0,376.0,47000
tt2402157,Roger Donaldson,172.0,79.0,Luke Bracey,775.0,Akie Kotabe,614.0,Will Patton,537.0,152.0,0
tt0120662,Stephan Elliott,88.0,11.0,Jason Priestley,471.0,Patrick Bergin,308.0,Geneviève Bujold,159.0,415.0,327
tt0887912,Kathryn Bigelow,388.0,0.0,Jeremy Renner,10000.0,Christian Camargo,602.0,Brian Geraghty,383.0,876.0,16000
tt0087262,Mark L. Lester,45.0,73.0,Heather Locklear,695.0,George C. Scott,654.0,David Keith,563.0,96.0,0
tt1764234,Andrew Dominik,414.0,181.0,Brad Pitt,11000.0,Sam Shepard,820.0,Ben Mendelsohn,748.0,369.0,20000
tt1972571,Anton Corbijn,291.0,210.0,Philip Seymour Hoffman,22000.0,Nina Hoss,164.0,Homayoun Ershadi,123.0,158.0,13000
tt0240515,Tom Green,97.0,374.0,Rip Torn,826.0,Harland Williams,503.0,Eddie Kaye Thomas,484.0,619.0,0
tt0475998,Mike Nawrocki,37.0,12.0,Yuri Lowenthal,354.0,Cam Clarke,173.0,Phil Vischer,23.0,22.0,175
tt0892375,Catherine Owens,68.0,0.0,Bono,468.0,The Edge,67.0,Larry Mullen Jr.,44.0,31.0,116
tt0144964,Douglas Aarniokoski,90.0,36.0,Christopher Lambert,1000.0,Adrian Paul,786.0,Adam Copeland,377.0,355.0,356
tt0417225,Bryan Barber,81.0,16.0,Cicely Tyson,907.0,Faizon Love,585.0,Bobb'e J. Thompson,526.0,91.0,489
tt1563738,Lone Scherfig,221.0,92.0,Anne Hathaway,11000.0,Jim Sturgess,5000.0,Rafe Spall,358.0,181.0,49000
tt1172233,Drew Barrymore,230.0,0.0,Daniel Stern,796.0,Jimmy Fallon,787.0,Alia Shawkat,727.0,118.0,10000
tt0211465,Brian Koppelman,57.0,34.0,Vin Diesel,14000.0,Tom Noonan,442.0,Kevin Gage,366.0,135.0,566
tt0310910,James Foley,119.0,164.0,Louis Lombardi,436.0,Brian Van Holt,324.0,Leland Orser,308.0,144.0,622
tt0164108,Albert Brooks,97.0,745.0,Jeff Bridges,12000.0,Bradley Whitford,821.0,Albert Brooks,745.0,140.0,251
tt0352277,Irwin Winkler,119.0,34.0,Kevin McNally,427.0,Keith Allen,66.0,Sandra Nelson,65.0,226.0,1000
tt0097965,Woody Allen,42.0,11000.0,Woody Allen,11000.0,Larry David,860.0,Mia Farrow,563.0,55.0,877
tt0120598,Steve Gomer,24.0,9.0,Trevor Morgan,595.0,Kyla Pratt,417.0,Shirley Douglas,47.0,53.0,436
tt1258972,RZA,208.0,561.0,Rick Yune,746.0,RZA,561.0,Daniel Wu,353.0,224.0,29000
tt0119304,Dean Parisot,42.0,23.0,Catherine O'Hara,925.0,Jake Busey,660.0,Shelley Duvall,629.0,88.0,247
tt0195778,Mark Piznarski,44.0,4.0,Bruce Greenwood,989.0,Chris Klein,841.0,Elaine Hendrix,670.0,162.0,648
tt0088846,Terry Gilliam,230.0,0.0,Robert De Niro,22000.0,Bob Hoskins,5000.0,Jim Broadbent,1000.0,513.0,16000
tt0361696,Sean McNamara,46.0,80.0,Oliver James,1000.0,Rebecca De Mornay,872.0,Jason Ritter,782.0,212.0,1000
tt0281432,,18.0,,David Ogden Stiers,443.0,Nicole de Boer,319.0,Chris Bruno,186.0,77.0,576
tt0118715,Joel Coen,249.0,0.0,Philip Seymour Hoffman,22000.0,Jeff Bridges,12000.0,Steve Buscemi,12000.0,1028.0,35000
tt0462200,Craig Brewer,197.0,153.0,Justin Timberlake,3000.0,Michael Raymond-James,788.0,S. Epatha Merkerson,539.0,200.0,0
tt0279331,Ron Shelton,71.0,41.0,Khandi Alexander,556.0,Dash Mihok,463.0,Michael Michele,274.0,125.0,455
tt0829459,Michael Winterbottom,190.0,187.0,Angelina Jolie Pitt,11000.0,Archie Panjabi,883.0,Dan Futterman,254.0,118.0,923
tt0202402,David Raynr,50.0,9.0,James Franco,11000.0,Jodi Lyn O'Keefe,897.0,Marla Sokoloff,612.0,89.0,816
tt0285462,Mort Nathan,63.0,2.0,Vivica A. Fox,890.0,Lin Shaye,852.0,Bob Gunton,461.0,132.0,1000
tt0278500,Oliver Parker,104.0,32.0,Colin Firth,14000.0,Tom Wilkinson,1000.0,Rupert Everett,692.0,141.0,0
tt0140340,Dan Curtis,,45.0,Jennifer Jason Leigh,1000.0,Campbell Scott,393.0,Estelle Parsons,224.0,56.0,515
tt0453494,Wil Shriner,49.0,6.0,Logan Lerman,8000.0,Neil Flynn,625.0,Tim Blake Nelson,596.0,66.0,647
tt0780536,Martin McDonagh,300.0,454.0,Elizabeth Berrington,65.0,Anna Madeley,49.0,Eric Godon,39.0,513.0,32000
tt1699755,Tina Gordon Chism,43.0,24.0,Tyler James Williams,931.0,S. Epatha Merkerson,539.0,Diahann Carroll,426.0,33.0,0
tt1031969,Peter Cattaneo,132.0,11.0,Emma Stone,15000.0,Bradley Cooper,14000.0,Josh Gad,1000.0,104.0,0
tt1142433,Vicky Jenson,97.0,96.0,J.K. Simmons,24000.0,Zach Gilford,971.0,Bobby Coleman,360.0,53.0,0
tt2091473,Gus Van Sant,242.0,835.0,Matt Damon,13000.0,Hal Holbrook,826.0,Terry Kinney,363.0,102.0,10000
tt1178663,Woody Allen,218.0,11000.0,Larry David,860.0,Michael McKean,658.0,Conleth Hill,386.0,169.0,10000
tt0163676,Mary Lambert,49.0,52.0,Matthew Settle,477.0,Susan Ward,397.0,A.J. Buckley,275.0,85.0,157
tt0419294,Tommy Lee Jones,172.0,0.0,Levon Helm,572.0,Dwight Yoakam,324.0,Guillermo Arriaga,289.0,199.0,0
tt0120716,Peter Kassovitz,68.0,0.0,Robin Williams,49000.0,Mark Margolis,1000.0,Michael Jeter,693.0,89.0,0
tt0373469,Shane Black,223.0,1000.0,Robert Downey Jr.,21000.0,Corbin Bernsen,1000.0,Larry Miller,611.0,336.0,0
tt0138510,Rodman Flender,59.0,6.0,Vivica A. Fox,890.0,Fred Willard,729.0,Elden Henson,577.0,198.0,0
tt0166924,David Lynch,252.0,0.0,Naomi Watts,6000.0,Robert Forster,889.0,Laura Harring,669.0,1768.0,16000
tt0397044,Katja von Garnier,106.0,18.0,Olivier Martinez,837.0,Agnes Bruckner,400.0,Chris Geere,220.0,190.0,0
tt1182350,Woody Allen,223.0,11000.0,Anthony Hopkins,12000.0,Naomi Watts,6000.0,Ewen Bremner,557.0,108.0,0
tt1334260,Mark Romanek,328.0,132.0,Andrew Garfield,10000.0,Charlie Rowe,882.0,Charlotte Rampling,844.0,320.0,33000
tt0488352,,9.0,,Anna Silk,857.0,Tom Hollander,555.0,Alessandro Nivola,527.0,39.0,733
tt0800241,Brad Anderson,150.0,122.0,Thomas Kretschmann,918.0,Eduardo Noriega,278.0,Mac McDonald,25.0,162.0,0
tt0090848,Michael Chapman,21.0,70.0,Curtis Armstrong,876.0,Pamela Reed,324.0,Mike Muscat,90.0,62.0,843
tt0142201,Antonio Banderas,28.0,0.0,Meat Loaf,783.0,Elizabeth Perkins,664.0,Noah Emmerich,617.0,71.0,391
tt0808279,Michael Haneke,250.0,0.0,Naomi Watts,6000.0,Siobhan Fallon Hogan,294.0,Brady Corbet,287.0,436.0,0
tt3153582,Khalil Sullins,17.0,5.0,Thomas Stroppel,192.0,Kalim Chandler,134.0,Amber Marie Bollinger,46.0,13.0,708
tt0165773,Atom Egoyan,95.0,460.0,Bob Hoskins,5000.0,Elaine Cassidy,203.0,Gerard McSorley,71.0,83.0,284
tt0017136,Fritz Lang,260.0,756.0,Brigitte Helm,136.0,Gustav Fröhlich,23.0,Rudolf Klein-Rogge,18.0,413.0,12000
tt0414852,Pierre Morel,141.0,180.0,David Belle,510.0,Cyril Raffaelli,297.0,Dany Verissimo-Petit,58.0,157.0,0
tt0114660,Gary Fleder,52.0,39.0,Steve Buscemi,12000.0,Bill Cobbs,970.0,Treat Williams,642.0,144.0,0
tt3508840,Hsiao-Hsien Hou,205.0,141.0,Qi Shu,1000.0,Chen Chang,103.0,Satoshi Tsumabuki,56.0,87.0,0
tt0252299,Gregor Jordan,109.0,34.0,Dean Stockwell,936.0,Scott Glenn,826.0,Leon,730.0,111.0,664
tt0376968,Andrey Zvyagintsev,103.0,445.0,Konstantin Lavronenko,20.0,Vladimir Garin,13.0,Nataliya Vdovina,9.0,172.0,0
tt0785035,Tony Jaa,110.0,0.0,Nirut Sirichanya,64.0,Petchtai Wongkamlao,45.0,Sarunyu Wongkrachang,7.0,72.0,0
tt1020558,Neil Marshall,195.0,197.0,Michael Fassbender,13000.0,JJ Feild,794.0,Dave Legeno,570.0,201.0,0
tt0117653,Russell Mulcahy,14.0,85.0,Christopher Heyerdahl,825.0,Gina Bellman,476.0,Conrad Dunn,40.0,29.0,154
tt0805570,Ryûhei Kitamura,177.0,129.0,Bradley Cooper,14000.0,Brooke Shields,1000.0,Leslie Bibb,1000.0,209.0,0
tt1551641,Darrell Roodt,17.0,36.0,Jennifer Hudson,549.0,Wendy Crewson,248.0,Aubrey Poo,2.0,15.0,705
tt1535612,Dito Montiel,62.0,68.0,Channing Tatum,17000.0,Al Pacino,14000.0,Tracy Morgan,642.0,41.0,0
tt0252223,Stefan Ruzowitzky,19.0,24.0,Eddie Izzard,776.0,Udo Kier,595.0,Edward Fox,125.0,40.0,193
tt0484111,Jake Paltrow,50.0,17.0,Stephen Graham,1000.0,Gael Le Cornec,165.0,Keith Allen,66.0,39.0,445
tt0469640,Juraj Jakubisko,25.0,15.0,Anna Friel,735.0,Hans Matheson,627.0,Franco Nero,576.0,32.0,0
tt1487931,Anthony Silverston,39.0,0.0,Liam Neeson,14000.0,Steve Buscemi,12000.0,Loretta Devine,912.0,12.0,0
tt1971325,Gabe Ibáñez,136.0,19.0,Birgitte Hjort Sørensen,1000.0,Robert Forster,889.0,Melanie Griffith,537.0,134.0,13000
tt0406728,Gerry Lively,26.0,93.0,Bruce Payne,179.0,Lucy Gaskell,55.0,Steven Elder,51.0,108.0,473
tt3856124,Daniele Luchetti,4.0,6.0,Maximilian Dirr,61.0,Rodrigo De la Serna,57.0,Ferdinando Vetere,50.0,4.0,18
tt1075419,Tung-Shing Yee,53.0,3.0,Bingbing Fan,556.0,Daniel Wu,353.0,Yasuaki Kurata,19.0,53.0,821
tt0210217,Julien Temple,22.0,67.0,Samantha Morton,631.0,Dexter Fletcher,452.0,Linus Roache,303.0,32.0,277
tt0107048,Harold Ramis,147.0,11000.0,Bill Murray,13000.0,Chris Elliott,571.0,Willie Garson,512.0,609.0,38000
tt2268016,Gregory Jacobs,222.0,13.0,Matt Bomer,20000.0,Channing Tatum,17000.0,Kevin Nash,642.0,135.0,41000
tt0117509,Baz Luhrmann,106.0,1000.0,Leonardo DiCaprio,29000.0,Harold Perrineau,1000.0,Brian Dennehy,954.0,506.0,10000
tt1668200,Gilles Paquet-Brenner,136.0,15.0,Kristin Scott Thomas,1000.0,Aidan Quinn,767.0,Arben Bajraktaraj,121.0,73.0,0
tt2584018,Peter Cousens,5.0,5.0,Sharon Leal,467.0,David Rasche,220.0,Bart Shatto,124.0,13.0,998
tt0105695,Clint Eastwood,131.0,16000.0,Clint Eastwood,16000.0,Morgan Freeman,11000.0,Frances Fisher,638.0,495.0,10000
tt0342735,Lars von Trier,140.0,3000.0,Bryce Dallas Howard,3000.0,Jeremy Davies,769.0,Jean-Marc Barr,236.0,81.0,1000
tt1010048,Danny Boyle,418.0,0.0,Anil Kapoor,668.0,Saurabh Shukla,56.0,Ayush Mahesh Khedekar,40.0,1017.0,13000
tt0093010,Adrian Lyne,94.0,213.0,Fred Gwynne,886.0,Lois Smith,276.0,Anne Archer,249.0,201.0,3000
tt0100405,Garry Marshall,82.0,0.0,Julia Roberts,8000.0,Hector Elizondo,995.0,Jason Alexander,700.0,271.0,11000
tt0691996,John Blanchard,,0.0,Martin Short,770.0,Andrea Martin,179.0,Joe Flaherty,176.0,,0
tt0092493,John Cornell,32.0,5.0,Paul Hogan,442.0,Linda Kozlowski,162.0,John Meillon,57.0,62.0,489
tt2503954,Vidhu Vinod Chopra,22.0,34.0,María Valverde,892.0,Chris Marquette,355.0,Chad Bishop,277.0,20.0,0
tt0096969,Oliver Stone,72.0,0.0,Tom Cruise,10000.0,Tom Berenger,854.0,Stephen Baldwin,560.0,173.0,4000
tt0106611,Jon Turteltaub,39.0,226.0,Doug E. Doug,953.0,Leon,730.0,Malik Yoba,496.0,97.0,0
tt1179891,Patrick Lussier,264.0,71.0,Jensen Ackles,10000.0,Jaime King,960.0,Edi Gathegi,725.0,268.0,0
tt0431021,Ole Bornedal,264.0,30.0,Kyra Sedgwick,941.0,Madison Davenport,459.0,Natasha Calis,309.0,162.0,17000
tt0083944,Ted Kotcheff,145.0,270.0,Sylvester Stallone,13000.0,Brian Dennehy,954.0,Chris Mulkey,535.0,376.0,0
tt0775539,Sylvain White,86.0,41.0,Chris Brown,997.0,Laz Alonso,826.0,Harry Lennix,748.0,162.0,0
tt0076752,Lewis Gilbert,112.0,43.0,Caroline Munro,456.0,Desmond Llewelyn,244.0,Barbara Bach,238.0,275.0,0
tt0426697,,17.0,,Amy Bruni,155.0,Steve Gonsalves,130.0,Jason Hawes,84.0,57.0,373
tt0146336,Jamie Blanks,101.0,9.0,Alicia Witt,975.0,Loretta Devine,912.0,Julian Richings,648.0,426.0,0
tt0094947,Stephen Frears,51.0,350.0,Keanu Reeves,18000.0,Peter Capaldi,17000.0,Swoosie Kurtz,418.0,143.0,0
tt1885265,Tyler Perry,42.0,0.0,Eddie Cibrian,849.0,Phylicia Rashad,597.0,Jamie Kennedy,490.0,43.0,0
tt0103247,Randal Kleiser,10.0,116.0,Seymour Cassel,327.0,Klaus Maria Brandauer,172.0,Susan Hogan,25.0,31.0,0
tt0167427,Bruce McCulloch,43.0,54.0,Will Ferrell,8000.0,Elaine Hendrix,670.0,Molly Shannon,636.0,160.0,2000
tt1007029,Phyllida Lloyd,331.0,58.0,Meryl Streep,11000.0,Jim Broadbent,1000.0,Olivia Colman,583.0,350.0,18000
tt0298388,Mike Nawrocki,38.0,12.0,Phil Vischer,23.0,Mike Nawrocki,12.0,Shelby Vischer,8.0,78.0,184
tt0107840,John Singleton,12.0,309.0,Janet Jackson,592.0,Khandi Alexander,556.0,Maya Angelou,279.0,31.0,0
tt0278295,Kevin Bray,40.0,10.0,Mike Epps,706.0,Roger Guenveur Smith,266.0,Gino Salvano,111.0,33.0,530
tt0114825,Wes Craven,34.0,0.0,John Witherspoon,723.0,W. Earl Brown,422.0,Allen Payne,364.0,53.0,1000
tt0076009,John Boorman,82.0,128.0,Linda Blair,931.0,Richard Burton,726.0,Ned Beatty,467.0,252.0,889
tt0429573,Courtney Solomon,125.0,31.0,Sissy Spacek,874.0,James D'Arcy,613.0,Vernon Dobtcheff,50.0,747.0,0
tt0270980,David Zucker,56.0,119.0,Carmen Electra,869.0,Tyler Labine,779.0,Molly Shannon,636.0,123.0,411
tt0971209,David Twohy,160.0,123.0,Chris Hemsworth,26000.0,Milla Jovovich,14000.0,Marley Shelton,690.0,215.0,4000
tt1305583,Rick Famuyiwa,71.0,44.0,America Ferrera,953.0,Lance Gross,849.0,Lupe Ontiveros,625.0,20.0,1000
tt0118301,Alan Cohn,37.0,0.0,Alyson Hannigan,3000.0,Linda Cardellini,2000.0,Poppy Montgomery,654.0,106.0,645
tt0120857,Franco Zeffirelli,62.0,160.0,Lily Tomlin,718.0,Joan Plowright,330.0,Paolo Seganti,55.0,157.0,970
tt0117894,Tom Holland,73.0,85.0,Joe Mantegna,1000.0,Bethany Joy Lenz,855.0,Kari Wuhrer,514.0,122.0,0
tt0076451,Martin Scorsese,59.0,17000.0,Robert De Niro,22000.0,Liza Minnelli,740.0,Mary Kay Place,213.0,75.0,932
tt0109504,Spike Lee,25.0,0.0,Alfre Woodard,1000.0,Delroy Lindo,848.0,Isaiah Washington,534.0,39.0,905
tt0770772,Chris Rock,97.0,0.0,Steve Buscemi,12000.0,Eliza Coupe,490.0,Wendell Pierce,458.0,55.0,488
tt0211443,James Isaac,205.0,52.0,Peter Mensah,1000.0,Kane Hodder,935.0,Lexa Doig,489.0,673.0,0
tt0265298,Shawn Levy,69.0,189.0,Frankie Muniz,934.0,Donald Faison,927.0,Lee Majors,799.0,99.0,896
tt0308055,Emilio Estevez,195.0,0.0,Anthony Hopkins,12000.0,Nick Cannon,593.0,Brian Geraghty,383.0,270.0,0
tt0192111,Mark Waters,61.0,70.0,Monica Potter,878.0,Ivana Milicevic,834.0,China Chow,169.0,104.0,613
tt1663143,Josh Schwartz,77.0,90.0,Thomas McDonell,962.0,Jackson Nicoll,925.0,Osric Chau,635.0,32.0,0
tt0401383,Julian Schnabel,259.0,232.0,Emmanuelle Seigner,413.0,Mathieu Amalric,412.0,Isaach De Bankolé,177.0,175.0,13000
tt0404203,Todd Field,251.0,143.0,Kate Winslet,14000.0,Noah Emmerich,617.0,Jane Adams,280.0,320.0,5000
tt0176783,Davis Guggenheim,63.0,49.0,Norman Reedus,12000.0,Sharon Lawrence,215.0,Noam Jenkins,191.0,112.0,853
tt0120613,Tony Goldwyn,47.0,956.0,Viggo Mortensen,10000.0,Julie Kavner,233.0,Tovah Feldshuh,113.0,114.0,860
tt0437232,Phillip Noyce,108.0,176.0,Derek Luke,543.0,Terry Pheto,113.0,Bonnie Henna,15.0,59.0,447
tt0218619,Stephen Carpenter,64.0,12.0,Melissa Sagemiller,159.0,Angela Featherstone,102.0,Candace Kroslak,102.0,181.0,231
tt0113463,James Ivory,20.0,133.0,Seth Gilliam,423.0,Todd Boyce,15.0,Nigel Whitmey,5.0,27.0,127
tt0808244,Stephan Elliott,135.0,11.0,Colin Firth,14000.0,Kristin Scott Thomas,1000.0,Kris Marshall,548.0,79.0,2000
tt0077296,James Fargo,2.0,109.0,Christopher Lee,16000.0,Joseph Cotten,469.0,Behrouz Vossoughi,324.0,8.0,76
tt2473794,Mike Leigh,262.0,608.0,Lesley Manville,149.0,Ruth Sheen,44.0,Karl Johnson,43.0,165.0,0
tt1156143,Alain Resnais,129.0,752.0,Mathieu Amalric,412.0,Sara Forestier,74.0,Edouard Baer,59.0,31.0,512
tt0280653,Costa-Gavras,69.0,333.0,Sebastian Koch,380.0,Mathieu Kassovitz,326.0,Ulrich Mühe,284.0,55.0,0
tt1460743,Chao-Bin Su,50.0,2.0,Woo-sung Jung,149.0,Shawn Yue,32.0,Kelly Lin,21.0,34.0,1000
tt0981072,Neil Burger,57.0,168.0,John Heard,697.0,Katherine LaNasa,329.0,Mark L. Young,322.0,36.0,702
tt0466893,Kenneth Lonergan,116.0,50.0,Matt Damon,13000.0,Kieran Culkin,1000.0,John Gallagher Jr.,338.0,119.0,0
tt1185266,Bo Zenga,45.0,10.0,Steve Howey,826.0,Kenan Thompson,521.0,Diora Baird,378.0,66.0,934
tt0817177,Rob Reiner,87.0,0.0,Madeline Carroll,1000.0,Rebecca De Mornay,872.0,Aidan Quinn,767.0,104.0,14000
tt0388795,Ang Lee,357.0,0.0,Jake Gyllenhaal,15000.0,Heath Ledger,13000.0,Anne Hathaway,11000.0,2254.0,13000
tt1291150,Jonathan Liebesman,348.0,473.0,Noel Fisher,833.0,Danny Woodburn,809.0,Jeremy Howard,429.0,491.0,62000
tt0112697,Amy Heckerling,88.0,143.0,Donald Faison,927.0,Dan Hedaya,281.0,Elisa Donovan,201.0,248.0,0
tt0297884,Todd Haynes,181.0,162.0,Dennis Quaid,2000.0,Celia Weston,258.0,Michael Gaston,135.0,378.0,0
tt2637294,Steve Pink,107.0,38.0,Adam Scott,3000.0,Gillian Jacobs,837.0,Collette Wolfe,390.0,96.0,0
tt0092337,,53.0,,Krystyna Janda,20.0,Olaf Lubaszenko,3.0,Olgierd Lukaszewicz,2.0,37.0,0
tt0180073,Philip Kaufman,132.0,133.0,Kate Winslet,14000.0,Stephen Marcus,230.0,Amelia Warner,170.0,314.0,0
tt1931533,Martin McDonagh,401.0,454.0,Abbie Cornish,2000.0,Gabourey Sidibe,906.0,Michael Stuhlbarg,816.0,284.0,52000
tt0182000,Kasi Lemmons,58.0,148.0,Colm Feore,539.0,Tamara Tunie,508.0,Aunjanue Ellis,400.0,59.0,329
tt4048942,,1.0,,Jacek Koman,70.0,Marian Dziedziel,2.0,Jaroslaw Boberek,2.0,2.0,64
tt0363163,Oliver Hirschbiegel,192.0,101.0,Thomas Kretschmann,918.0,Bruno Ganz,653.0,Alexandra Maria Lara,471.0,564.0,14000
tt0369702,Alejandro Amenábar,157.0,448.0,Belén Rueda,273.0,Lola Dueñas,114.0,Tamar Novas,93.0,140.0,0
tt1441395,Jonathan Glazer,454.0,143.0,Scarlett Johansson,19000.0,Paul Brannigan,50.0,Alison Chand,21.0,616.0,29000
tt0093105,Barry Levinson,62.0,272.0,Robin Williams,49000.0,J.T. Walsh,263.0,Bruno Kirby,227.0,131.0,0
tt1584131,Hyung-rae Shim,4.0,26.0,Jason Mewes,898.0,Stephanie Danielson,391.0,Michael Rispoli,385.0,17.0,502
tt1702443,Jon M. Chu,84.0,209.0,Usher Raymond,569.0,Sean Kingston,69.0,Boys II Men,41.0,233.0,62000
tt0947798,Darren Aronofsky,669.0,0.0,Natalie Portman,20000.0,Mila Kunis,15000.0,Mark Margolis,1000.0,1140.0,106000
tt1234721,José Padilha,492.0,294.0,Gary Oldman,10000.0,Abbie Cornish,2000.0,Jennifer Ehle,1000.0,630.0,60000
tt0071562,Francis Ford Coppola,149.0,0.0,Robert De Niro,22000.0,Al Pacino,14000.0,Robert Duvall,3000.0,650.0,14000
tt0206275,Thomas Carter,101.0,49.0,Sean Patrick Thomas,656.0,Terry Kinney,363.0,Fredro Starr,237.0,320.0,0
tt0095742,Renny Harlin,102.0,212.0,Tuesday Knight,130.0,Rodney Eastman,125.0,Brooke Bundy,54.0,260.0,0
tt4257926,Patricia Riggen,63.0,36.0,Jennifer Garner,3000.0,Brighton Sharbino,3000.0,Martin Henderson,579.0,55.0,16000
tt0242423,Danny Leiner,106.0,8.0,Jennifer Garner,3000.0,Mary Lynn Rajskub,934.0,Marla Sokoloff,612.0,469.0,0
tt0096487,Christopher Cain,50.0,58.0,Jack Palance,549.0,Patrick Wayne,439.0,Brian Keith,316.0,120.0,0
tt2170593,Theodore Melfi,275.0,51.0,Bill Murray,13000.0,Naomi Watts,6000.0,Reg E. Cathey,360.0,171.0,33000
tt1826590,Steve Pink,90.0,38.0,Joe Lo Truglio,833.0,Regina Hall,807.0,Bryan Callen,460.0,42.0,0
tt0147800,Gil Junger,133.0,19.0,Joseph Gordon-Levitt,23000.0,Heath Ledger,13000.0,Andrew Keegan,835.0,549.0,10000
tt0241760,Ed Decter,49.0,13.0,Zooey Deschanel,11000.0,Eddie Griffin,489.0,Gene Simmons,301.0,159.0,1000
tt0107659,Gene Quintano,19.0,0.0,Jon Lovitz,11000.0,Lin Shaye,852.0,Bill Nunn,182.0,72.0,0
tt4052882,Jaume Collet-Serra,186.0,174.0,Óscar Jaenada,619.0,Brett Cullen,350.0,Sedona Legge,2.0,139.0,0
tt0289879,Eric Bress,185.0,19.0,Logan Lerman,8000.0,Eric Stoltz,902.0,Cameron Bright,829.0,1100.0,15000
tt0184907,Chris Koch,42.0,13.0,Chris Elliott,571.0,Mark Webber,442.0,Jean Smart,329.0,91.0,0
tt0937375,Preston A. Whitmore II,37.0,17.0,Mekhi Phifer,1000.0,Chris Brown,997.0,Loretta Devine,912.0,32.0,0
tt0118665,Bob Clark,45.0,84.0,Kathleen Turner,899.0,Dom DeLuise,842.0,Ruby Dee,782.0,168.0,0
tt0120609,Kirk Wong,57.0,6.0,Bokeem Woodbine,904.0,Elliott Gould,471.0,Antonio Sabato Jr.,459.0,168.0,934
tt0116493,Bronwen Hughes,25.0,15.0,Gregory Smith,694.0,Eartha Kitt,558.0,Charlotte Sullivan,388.0,42.0,833
tt0099253,John Lafia,59.0,5.0,Jenny Agutter,659.0,Beth Grant,628.0,Greg Germann,435.0,166.0,0
tt2011159,Sam Miller,58.0,12.0,Leslie Bibb,1000.0,Kate del Castillo,345.0,Henry Simmons,334.0,84.0,0
tt0884328,Frank Darabont,330.0,0.0,Toby Jones,2000.0,Alexa Davalos,850.0,Jeffrey DeMunn,745.0,1066.0,20000
tt0470752,Alex Garland,489.0,232.0,Elina Alminas,149.0,Sonoya Mizuno,145.0,Corey Johnson,123.0,611.0,109000
tt0120601,Spike Jonze,242.0,0.0,Willie Garson,512.0,Orson Bean,216.0,Mary Kay Place,213.0,840.0,0
tt0269341,Mark Brown,40.0,7.0,Mo'Nique,939.0,Vivica A. Fox,890.0,Tamala Jones,405.0,31.0,593
tt2183034,Dave Green,112.0,13.0,Teo Halm,803.0,Ella Wahlestedt,587.0,Jason Gray-Stanford,140.0,149.0,0
tt0250224,John Stockwell,84.0,134.0,Kirsten Dunst,4000.0,Jay Hernandez,1000.0,Rolando Molina,525.0,169.0,0
tt0498380,Clint Eastwood,251.0,16000.0,Yuki Matsuzaki,378.0,Kazunari Ninomiya,85.0,Shidô Nakamura,78.0,316.0,5000
tt0469263,Michael Polish,113.0,35.0,J.K. Simmons,24000.0,Virginia Madsen,912.0,Bruce Dern,844.0,128.0,862
tt0120531,Daisy von Scherler Mayer,23.0,18.0,LL Cool J,1000.0,Jada Pinkett Smith,851.0,Dave Chappelle,744.0,20.0,204
tt3170832,Lenny Abrahamson,421.0,412.0,Joan Allen,805.0,Jacob Tremblay,681.0,Cas Anvar,491.0,351.0,72000
tt0120654,Bob Saget,32.0,799.0,Don Rickles,721.0,Jack Warden,359.0,Traylor Howard,294.0,117.0,679
tt0111127,John Waters,52.0,0.0,Kathleen Turner,899.0,Sam Waterston,849.0,Traci Lords,650.0,107.0,3000
tt0144168,Andrew Fleming,81.0,26.0,Ryan Reynolds,16000.0,Will Ferrell,8000.0,Kirsten Dunst,4000.0,210.0,0
tt1639008,Niels Arden Oplev,,76.0,Michael Nyqvist,690.0,David Dencik,94.0,Lena Endre,75.0,,22
tt0172726,Craig Bolotin,39.0,7.0,Rosario Dawson,3000.0,Vanessa Williams,1000.0,Robert Ri'chard,730.0,39.0,251
tt0120577,Mark Christopher,63.0,15.0,Salma Hayek,4000.0,Ellen Albertini Dow,957.0,Sela Ward,812.0,181.0,0
tt0258470,Blair Hayes,47.0,2.0,Jake Gyllenhaal,15000.0,Geoffrey Arend,816.0,Marley Shelton,690.0,181.0,0
tt0188453,Jez Butterworth,111.0,16.0,Mark Gatiss,567.0,Mathieu Kassovitz,326.0,Ben Chaplin,258.0,159.0,618
tt1711425,Jon Lucas,168.0,24.0,Justin Chon,552.0,Josie Loren,528.0,Sarah Wright,499.0,84.0,11000
tt0401711,Olivier Assayas,165.0,107.0,Steve Buscemi,12000.0,Miranda Richardson,530.0,Catalina Sandino Moreno,280.0,123.0,0
tt0416185,Rod Lurie,104.0,37.0,Harry Lennix,748.0,Kathryn Morris,573.0,Peter Coyote,548.0,59.0,689
tt1814621,Paul Weitz,150.0,80.0,Tina Fey,2000.0,Sarita Choudhury,257.0,Christopher Evan Welch,252.0,87.0,5000
tt0191636,Patrice Leconte,61.0,83.0,Emir Kusturica,2000.0,Daniel Auteuil,370.0,Yves Jacques,8.0,69.0,186
tt1352824,Atom Egoyan,226.0,460.0,Liam Neeson,14000.0,Meghan Heffern,153.0,Natalie Lisinska,73.0,166.0,0
tt0116269,Paul Mazursky,21.0,150.0,Chazz Palminteri,979.0,Ryan O'Neal,385.0,Paul Mazursky,150.0,19.0,69
tt0765010,Jim Sheridan,217.0,260.0,Natalie Portman,20000.0,Jake Gyllenhaal,15000.0,Ethan Suplee,1000.0,201.0,10000
tt0419749,Sidney Lumet,94.0,0.0,Peter Dinklage,22000.0,Vin Diesel,14000.0,Alex Rocco,968.0,108.0,0
tt1659337,Stephen Chbosky,364.0,139.0,Logan Lerman,8000.0,Ezra Miller,3000.0,Kate Walsh,850.0,457.0,131000
tt0104215,Jon Hess,19.0,29.0,Burt Young,683.0,Ian Gomez,155.0,Thomas Ian Griffith,147.0,23.0,107
tt0420609,Douglas McGrath,129.0,41.0,Toby Jones,2000.0,Isabella Rossellini,812.0,Hope Davis,442.0,102.0,0
tt0218378,Michael Winterbottom,71.0,187.0,Milla Jovovich,14000.0,Sarah Polley,900.0,Shirley Henderson,887.0,92.0,141
tt1524575,Mark Neveldine,93.0,83.0,Djimon Hounsou,3000.0,Alison Lohman,1000.0,Dougray Scott,794.0,53.0,0
tt1478964,Joe Cornish,399.0,115.0,John Boyega,1000.0,Luke Treadaway,305.0,Jodie Whittaker,304.0,297.0,18000
tt1714209,Angelina Jolie Pitt,110.0,11000.0,Jelena Jovanova,306.0,Nikola Djuricko,164.0,Branko Djuric,116.0,180.0,0
tt1911644,Brad Anderson,285.0,122.0,Michael Imperioli,873.0,Tara Platt,461.0,Roma Maffia,383.0,266.0,23000
tt4939066,John H. Lee,2.0,32.0,Liam Neeson,14000.0,Dean Dawson,81.0,Jung-jae Lee,29.0,1.0,139
tt0305396,John Stainton,61.0,0.0,Steve Irwin,477.0,Aden Young,238.0,Steve Bastoni,234.0,106.0,332
tt1045772,Glenn Ficarra,242.0,43.0,Dameon Clarke,170.0,Louis Herthum,157.0,Annie Golden,113.0,162.0,11000
tt0082484,Jean-Jacques Annaud,62.0,218.0,Rae Dawn Chong,581.0,Everett McGill,201.0,Gary Schwartz,91.0,96.0,0
tt0168786,Denzel Washington,121.0,18000.0,Denzel Washington,18000.0,Kevin Connolly,638.0,Derek Luke,543.0,159.0,0
tt0283530,Michael Hoffman,83.0,97.0,Gabriel Millman,13000.0,Embeth Davidtz,795.0,Rob Morrow,355.0,139.0,0
tt0108399,Tony Scott,122.0,12000.0,Brad Pitt,11000.0,Gary Oldman,10000.0,Michael Rapaport,975.0,460.0,15000
tt1216520,Benedek Fliegauf,88.0,28.0,Eva Green,6000.0,Matt Smith,2000.0,Hannah Murray,1000.0,35.0,0
tt0104348,James Foley,120.0,164.0,Kevin Spacey,18000.0,Al Pacino,14000.0,Jude Ciccolella,99.0,365.0,0
tt0954947,Michael Winterbottom,225.0,187.0,Liam Aiken,818.0,Ned Beatty,467.0,Jay R. Ferguson,204.0,176.0,0
tt0083722,Paul Schrader,130.0,261.0,Ed Begley Jr.,783.0,Ruby Dee,782.0,John Heard,697.0,106.0,0
tt1232783,Stewart Hendler,167.0,10.0,Julian Morris,1000.0,Margo Harshman,668.0,Rumer Willis,472.0,126.0,0
tt0029442,John Cromwell,7.0,19.0,David Niven,490.0,Mary Astor,185.0,Ronald Colman,135.0,44.0,337
tt0805564,Craig Gillespie,226.0,44.0,Ryan Gosling,33000.0,Kelli Garner,730.0,Paul Schneider,552.0,299.0,19000
tt0914798,Mark Herman,185.0,39.0,Richard Johnson,77.0,Sheila Hancock,32.0,Cara Horgan,18.0,398.0,38000
tt0168629,Lars von Trier,177.0,3000.0,Catherine Deneuve,963.0,Udo Kier,595.0,Björk,322.0,690.0,0
tt0119843,Gillian Armstrong,28.0,44.0,Tom Wilkinson,1000.0,Richard Roxburgh,653.0,Clive Russell,241.0,50.0,329
tt0116378,Abel Ferrara,48.0,220.0,Isabella Rossellini,812.0,Vincent Gallo,787.0,Gretchen Mol,599.0,48.0,344
tt1294213,Brian Koppelman,116.0,34.0,Jenna Fischer,966.0,David Costabile,681.0,Richard Schiff,506.0,60.0,0
tt0985694,Ethan Maniquis,391.0,20.0,Robert De Niro,22000.0,Don Johnson,982.0,Cheech Marin,844.0,392.0,44000
tt1194417,George Hickenlooper,117.0,60.0,Kevin Spacey,18000.0,Eric Schweig,322.0,Christian Campbell,168.0,51.0,0
tt0095489,Don Bluth,24.0,383.0,Judith Barsi,912.0,Gabriel Damon,320.0,Bill Erwin,191.0,133.0,5000
tt0386064,Je-kyu Kang,86.0,16.0,Min-sik Choi,717.0,Bin Won,517.0,Dong-gun Jang,489.0,224.0,0
tt0473102,William Dear,41.0,50.0,Clifton Collins Jr.,968.0,Cheech Marin,844.0,Bruce McGill,655.0,33.0,0
tt0070047,William Friedkin,304.0,607.0,Ellen Burstyn,1000.0,Linda Blair,931.0,Lee J. Cobb,259.0,1058.0,18000
tt0073195,Steven Spielberg,385.0,14000.0,Roy Scheider,813.0,Robert Shaw,559.0,Murray Hamilton,366.0,962.0,21000
tt0163651,Paul Weitz,145.0,80.0,Alyson Hannigan,3000.0,Shannon Elizabeth,1000.0,Natasha Lyonne,1000.0,789.0,0
tt1816518,Stéphane Aubier,99.0,2.0,Mackenzie Foy,6000.0,Megan Mullally,637.0,Lambert Wilson,186.0,32.0,0
tt0091129,Michael Ritchie,29.0,23.0,Victor Wong,400.0,Randall 'Tex' Cobb,255.0,Charlotte Lewis,148.0,69.0,0
tt1621045,Tim Story,77.0,167.0,Chris Brown,997.0,Romany Malco,966.0,Regina Hall,807.0,62.0,0
tt0303714,Tim Story,91.0,167.0,Sean Patrick Thomas,656.0,Jason George,528.0,Cedric the Entertainer,436.0,156.0,770
tt0084726,Nicholas Meyer,148.0,120.0,Leonard Nimoy,12000.0,Kirstie Alley,980.0,Nichelle Nichols,664.0,359.0,0
tt0109040,Tom Shadyac,61.0,293.0,Sean Young,759.0,Udo Kier,595.0,David Margulies,567.0,242.0,0
tt0086567,John Badham,84.0,139.0,Matthew Broderick,2000.0,Barry Corbin,883.0,Ally Sheedy,793.0,152.0,0
tt0090329,Peter Weir,83.0,608.0,Harrison Ford,11000.0,Viggo Mortensen,10000.0,Lukas Haas,733.0,175.0,0
tt1591479,Mike McCoy,216.0,16.0,Alex Veadov,93.0,Jason Cottle,17.0,Rorke Denver,11.0,349.0,15000
tt0462590,Anne Fletcher,107.0,98.0,Channing Tatum,17000.0,Alyson Stoner,2000.0,Josh Henderson,920.0,271.0,0
tt0115641,Mike Judge,63.0,406.0,Bruce Willis,13000.0,Demi Moore,2000.0,John Doman,616.0,154.0,0
tt0119396,Quentin Tarantino,140.0,16000.0,Robert De Niro,22000.0,Sid Haig,1000.0,Robert Forster,889.0,462.0,0
tt0481536,Jon Hurwitz,153.0,22.0,Danneel Ackles,1000.0,Eric Winter,954.0,Beverly D'Angelo,816.0,165.0,0
tt1706593,Josh Trank,414.0,128.0,Michael Kelly,963.0,Alex Russell,465.0,Ashley Hinshaw,371.0,471.0,32000
tt0086619,Barbra Streisand,16.0,0.0,Miriam Margolyes,405.0,Amy Irving,194.0,Steven Hill,122.0,68.0,0
tt0081633,Terry Gilliam,139.0,0.0,Shelley Duvall,629.0,Michael Palin,561.0,Kenny Baker,504.0,177.0,0
tt0275022,Tamra Davis,111.0,33.0,Britney Spears,1000.0,Katherine Boecher,188.0,Dave Allen,135.0,578.0,0
tt1636826,Nima Nourizadeh,229.0,166.0,Dax Flame,971.0,Kirby Bliss Blanton,329.0,Oliver Cooper,281.0,261.0,29000
tt0066206,Franklin J. Schaffner,112.0,76.0,George C. Scott,654.0,Karl Malden,416.0,Bill Hickman,78.0,258.0,0
tt0265459,Mark Romanek,207.0,132.0,Robin Williams,49000.0,Gary Cole,989.0,Connie Nielsen,933.0,605.0,0
tt1082868,John Erick Dowdle,198.0,66.0,Andrew Fiscella,137000.0,Jay Hernandez,1000.0,Dania Ramirez,1000.0,369.0,0
tt0406759,David Moreau,172.0,0.0,Chloë Grace Moretz,17000.0,Alessandro Nivola,527.0,Obba Babatundé,451.0,156.0,0
tt0359517,Christopher Erskin,45.0,4.0,Vanessa Williams,1000.0,Shannon Elizabeth,1000.0,Shad Moss,826.0,49.0,243
tt0278488,Jesse Dylan,34.0,58.0,Hector Elizondo,995.0,Fred Willard,729.0,T.J. Thyne,722.0,102.0,0
tt0104940,Brian Henson,75.0,53.0,Steven Mackintosh,227.0,Jerry Nelson,94.0,Steve Whitmire,84.0,147.0,0
tt0381061,Martin Campbell,400.0,258.0,Eva Green,6000.0,Tobias Menzies,1000.0,Ivana Milicevic,834.0,2301.0,0
tt0120679,Julie Taymor,128.0,278.0,Salma Hayek,4000.0,Roger Rees,1000.0,Valeria Golino,898.0,271.0,0
tt2215719,Dan Cutforth,68.0,4.0,Lexie Contursi,28.0,Ashley Ashida Dixon,9.0,Anthony Burrell,8.0,50.0,0
tt2582846,Josh Boone,326.0,131.0,Shailene Woodley,8000.0,Sam Trammell,1000.0,Nat Wolff,733.0,548.0,93000
tt0128442,John Dahl,128.0,131.0,Matt Damon,13000.0,Martin Landau,940.0,Gretchen Mol,599.0,290.0,0
tt2784678,Chris Rock,161.0,0.0,Rosario Dawson,3000.0,Romany Malco,966.0,J.B. Smoove,555.0,93.0,0
tt0079758,John Frankenheimer,70.0,287.0,Talia Shire,452.0,Richard Dysart,122.0,Robert Foxworth,79.0,75.0,902
tt0164181,David Koepp,164.0,192.0,Illeana Douglas,347.0,Kathryn Erbe,301.0,Lusia Strus,282.0,374.0,0
tt1442449,,68.0,,Peter Mensah,1000.0,Kelvin Taylor,939.0,Viva Bianca,898.0,302.0,31000
tt2431286,Stephen Frears,354.0,350.0,Steve Coogan,1000.0,Mare Winningham,482.0,Peter Hermann,322.0,233.0,37000
tt0365885,Mike Binder,125.0,57.0,Alicia Witt,975.0,Erika Christensen,931.0,Joan Allen,805.0,219.0,549
tt0077269,Franklin J. Schaffner,55.0,76.0,Laurence Olivier,1000.0,Anne Meara,837.0,Steve Guttenberg,801.0,123.0,0
tt0429591,Elizabeth Allen Rosenbaum,66.0,20.0,Tammin Sursok,836.0,Joanna 'JoJo' Levesque,826.0,Dichen Lachman,717.0,150.0,0
tt3622592,Jake Schreier,191.0,14.0,Nat Wolff,733.0,Cara Delevingne,558.0,Meg Crosbie,376.0,160.0,0
tt0332712,Cheryl Dunye,33.0,17.0,Michael Imperioli,873.0,Marsha Thomason,691.0,Bai Ling,581.0,18.0,151
tt1821549,Alexander Payne,433.0,729.0,Devin Ratray,1000.0,Bruce Dern,844.0,Will Forte,622.0,274.0,28000
tt0114608,Ernest R. Dickerson,66.0,226.0,CCH Pounder,1000.0,Jada Pinkett Smith,851.0,Gary Farmer,580.0,104.0,0
tt0273799,Tim Hill,37.0,25.0,Noel Fisher,833.0,Amber Valletta,626.0,Larry Miller,611.0,69.0,371
tt1625346,Jason Reitman,325.0,655.0,Charlize Theron,9000.0,Patton Oswalt,786.0,Collette Wolfe,390.0,203.0,0
tt0479884,Mark Neveldine,170.0,83.0,Jason Statham,26000.0,Edi Gathegi,725.0,Jose Pablo Cantillo,501.0,444.0,0
tt0119326,Lionel C. Martin,11.0,3.0,Bernie Mac,1000.0,Gilbert Gottfried,560.0,Lark Voorhies,324.0,15.0,439
tt0120722,Richard LaGravenese,24.0,98.0,Holly Hunter,1000.0,Eddie Cibrian,849.0,Jenette Goldstein,604.0,88.0,242
tt1407061,Sanaa Hamri,70.0,43.0,Common,988.0,Laz Alonso,826.0,Mehcad Brooks,696.0,36.0,0
tt1084950,Jonathan Demme,232.0,438.0,Anne Hathaway,11000.0,Rosemarie DeWitt,536.0,Bill Irwin,471.0,281.0,0
tt0082934,Bob Rafelson,34.0,30.0,Anjelica Huston,1000.0,Michael Lerner,230.0,John Colicos,85.0,48.0,1000
tt0335119,Peter Webber,160.0,73.0,Scarlett Johansson,19000.0,Colin Firth,14000.0,Tom Wilkinson,1000.0,296.0,0
tt0082096,Wolfgang Petersen,96.0,249.0,Jürgen Prochnow,362.0,Martin Semmelrogge,21.0,Herbert Grönemeyer,18.0,426.0,11000
tt0318974,John Lee Hancock,106.0,102.0,Dennis Quaid,2000.0,Marc Blucas,973.0,Jordi Mollà,877.0,267.0,701
tt0279781,Wallace Wolodarsky,53.0,32.0,Heather Matarazzo,529.0,Barry Watson,526.0,Harland Williams,503.0,105.0,507
tt2194499,Richard Curtis,274.0,628.0,Tom Hughes,565.0,Tom Hollander,555.0,Lindsay Duncan,171.0,391.0,105000
tt0385004,Yimou Zhang,248.0,611.0,Takeshi Kaneshiro,755.0,Andy Lau,483.0,Zhengyong Zhang,4.0,420.0,0
tt1764183,Nicholas Jarecki,288.0,27.0,Nate Parker,664.0,Curtiss Cook,591.0,Reg E. Cathey,360.0,145.0,0
tt2436386,Dean Israelite,177.0,16.0,Gary Weeks,452.0,Jonny Weston,328.0,Sofia Black-D'Elia,265.0,177.0,0
tt1042877,Darnell Martin,81.0,67.0,Cedric the Entertainer,436.0,Veronika Dash,223.0,Tammy Blanchard,192.0,90.0,0
tt0156323,Scott Alexander,29.0,25.0,Sarah Silverman,931.0,Dave Chappelle,744.0,Sherman Hemsley,654.0,69.0,262
tt0106950,Stuart Gordon,58.0,216.0,Christopher Lambert,1000.0,Kurtwood Smith,1000.0,Clifton Collins Jr.,968.0,68.0,1000
tt0470765,Christopher Guest,144.0,378.0,John Michael Higgins,957.0,Catherine O'Hara,925.0,Ed Begley Jr.,783.0,150.0,650
tt0120533,Woody Allen,114.0,11000.0,Melanie Griffith,537.0,Aleksa Palladino,255.0,Greg Mottola,99.0,161.0,652
tt0439289,Ryan Murphy,132.0,708.0,Jill Clayburgh,433.0,Joseph Cross,398.0,Dagmara Dominczyk,316.0,188.0,0
tt0339034,Robert Iscove,60.0,7.0,Anika Noni Rose,525.0,Kelly Clarkson,281.0,Brian Dietzen,251.0,304.0,0
tt0116414,Spike Lee,30.0,0.0,Michael Imperioli,873.0,Debi Mazar,680.0,Gretchen Mol,599.0,33.0,251
tt0199626,Jane Campion,138.0,319.0,Jennifer Jason Leigh,1000.0,Nick Damici,65.0,Susan Gardner,48.0,354.0,656
tt1103275,James Gray,190.0,115.0,Isabella Rossellini,812.0,Vinessa Shaw,580.0,Samantha Ivers,103.0,98.0,0
tt0253200,Fred Schepisi,61.0,40.0,Bob Hoskins,5000.0,Ray Winstone,1000.0,JJ Feild,794.0,99.0,305
tt0468492,Joon-ho Bong,363.0,584.0,Doona Bae,629.0,Kang-ho Song,398.0,Ah-sung Ko,74.0,279.0,7000
tt0082958,Roger Spottiswoode,2.0,55.0,Robert Duvall,3000.0,Treat Williams,642.0,Paul Gleason,212.0,10.0,135
tt0129332,Antonia Bird,131.0,61.0,Jeremy Davies,769.0,Jeffrey Jones,692.0,David Arquette,611.0,316.0,0
tt0423977,Jon Poll,146.0,20.0,Robert Downey Jr.,21000.0,Megan Park,569.0,Hope Davis,442.0,124.0,0
tt2358891,Paolo Sorrentino,280.0,667.0,Toni Servillo,211.0,Sabrina Ferilli,98.0,Serena Grandi,70.0,124.0,29000
tt0238924,Peter Care,78.0,0.0,Kieran Culkin,1000.0,Michael Harding,165.0,Jake Richardson,77.0,122.0,677
tt1682180,Chan-wook Park,469.0,0.0,Mia Wasikowska,3000.0,Alden Ehrenreich,1000.0,Harmony Korine,520.0,235.0,27000
tt0212712,Kar-Wai Wong,194.0,0.0,Li Gong,878.0,Tony Chiu Wai Leung,643.0,Maggie Cheung,576.0,210.0,0
tt0804505,Ira Sachs,121.0,60.0,David Richmond-Peck,60.0,Erin Boyes,46.0,Timothy Webber,18.0,50.0,314
tt0361715,Carroll Ballard,38.0,19.0,Eamonn Walker,706.0,Hope Davis,442.0,Campbell Scott,393.0,43.0,0
tt1235796,Neil Jordan,123.0,277.0,Tony Curran,845.0,Stephen Rea,327.0,Alicja Bachleda,289.0,57.0,0
tt0222851,Takeshi Kitano,81.0,0.0,Omar Epps,865.0,Tatyana Ali,685.0,James Shigeta,403.0,133.0,0
tt0271259,Anthony Russo,72.0,94.0,Michael Jeter,693.0,Isaiah Washington,534.0,Andy Davoli,146.0,90.0,423
tt0118901,Sidney Lumet,25.0,0.0,Kyra Sedgwick,941.0,Anne Bancroft,754.0,Albert Brooks,745.0,12.0,88
tt0815178,Vadim Perelman,78.0,26.0,Eva Amurri Martino,797.0,Lynn Cohen,474.0,Brett Cullen,350.0,78.0,1000
tt1730687,Lawrence Kasdan,57.0,759.0,Dianne Wiest,967.0,Mark Duplass,830.0,Sam Shepard,820.0,25.0,0
tt0399095,Marco Kreuzpaintner,69.0,7.0,Zack Ward,662.0,Kate del Castillo,345.0,Alicja Bachleda,289.0,75.0,0
tt0367082,Lajos Koltai,73.0,45.0,Marcell Nagy,9.0,Péter Fancsikai,2.0,Bálint Péntek,0.0,45.0,607
tt0120618,Alan Rudolph,42.0,18.0,Bruce Willis,13000.0,Albert Finney,883.0,Omar Epps,865.0,133.0,458
tt1428556,Yimou Zhang,101.0,611.0,Honglei Sun,9.0,Ni Yan,4.0,Dahong Ni,3.0,20.0,784
tt0284978,Vincenzo Natali,82.0,165.0,David Hewlett,686.0,Jeremy Northam,327.0,Kari Matchett,280.0,124.0,0
tt1124052,Chuan Lu,149.0,14.0,Ye Liu,52.0,Yuanyuan Gao,32.0,Ryu Kohata,3.0,62.0,0
tt2224026,Tim Johnson,165.0,12.0,Jim Parsons,17000.0,Matt Jones,523.0,April Winchell,183.0,214.0,26000
tt1876517,Lijun Sun,5.0,0.0,Jon Heder,970.0,Tom Arnold,618.0,Rebecca Black,188.0,12.0,211
tt1477109,Takashi Yamazaki,44.0,7.0,Takuya Kimura,84.0,Meisa Kuroki,33.0,Hiroyuki Ikeuchi,16.0,49.0,0
tt1486193,Renny Harlin,74.0,212.0,Richard Coyle,567.0,Kenneth Cranham,111.0,Ana Imnadze,18.0,61.0,0
tt1187064,Christopher Smith,156.0,76.0,Rachael Carpani,181.0,Michael Dorman,168.0,Emma Lung,42.0,293.0,13000
tt3453052,Timothy Hines,1.0,0.0,Christopher Lambert,1000.0,Kelly LeBrock,445.0,Alexandra Callas,247.0,10.0,26000
tt1929263,Randall Wallace,82.0,130.0,Jacob Vargas,399.0,Connor Corum,116.0,Rob Moran,79.0,153.0,23000
tt0208092,Guy Ritchie,151.0,0.0,Jason Statham,26000.0,Brad Pitt,11000.0,Jason Flemyng,1000.0,726.0,27000
tt2598580,David Winters,3.0,49.0,Gary Daniels,551.0,Matt Marr,85.0,Ginger Jensen,84.0,7.0,634
tt0098084,Mary Lambert,98.0,52.0,Miko Hughes,969.0,Fred Gwynne,886.0,Denise Crosby,426.0,248.0,0
tt0107474,Akira Kurosawa,25.0,0.0,Tatsuo Matsumura,15.0,Tetsu Watanabe,6.0,Akira Terao,4.0,40.0,355
tt1034302,Jamie Thraves,35.0,2.0,Paddy Considine,680.0,Caroline Dhavernas,544.0,Charlotte Sullivan,388.0,27.0,443
tt3682770,Mabel Cheung,6.0,3.0,Wei Tang,215.0,Ching Wan Lau,27.0,Hailu Qin,2.0,6.0,4
tt0087363,Joe Dante,183.0,287.0,Phoebe Cates,767.0,Harry Carey Jr.,281.0,Zach Galligan,233.0,245.0,14000
tt0076759,George Lucas,282.0,0.0,Harrison Ford,11000.0,Peter Cushing,1000.0,Kenny Baker,504.0,1470.0,33000
tt1860213,Dan Mazer,158.0,11.0,Robert De Niro,22000.0,Zoey Deutch,851.0,Jason Mantzoukas,411.0,166.0,11000
tt0059113,David Lean,89.0,767.0,Julie Christie,597.0,Klaus Kinski,396.0,Geraldine Chaplin,382.0,255.0,7000
tt1921149,Stephen Daldry,101.0,335.0,Wagner Moura,585.0,Selton Mello,68.0,Daniel Zettel,14.0,26.0,0
tt0962726,Kenny Ortega,128.0,197.0,Lucas Grabeel,755.0,Matt Prokop,734.0,Corbin Bleu,632.0,171.0,0
tt0964517,David O. Russell,410.0,737.0,Christian Bale,23000.0,Jack McGee,238.0,Melissa McMeekin,141.0,389.0,36000
tt0493430,Jeff Tremaine,104.0,79.0,Bam Margera,608.0,Steve-O,362.0,Chris Pontius,218.0,196.0,641
tt0104952,Jonathan Lynn,54.0,36.0,Fred Gwynne,886.0,Bruce McGill,655.0,Lane Smith,633.0,201.0,7000
tt1355630,R.J. Cutler,141.0,15.0,Chloë Grace Moretz,17000.0,Mireille Enos,1000.0,Stacy Keach,602.0,132.0,15000
tt2968804,Brian Trenchard-Smith,30.0,53.0,Zoe Ventoura,84.0,Damien Garvey,37.0,Christopher Sommers,32.0,33.0,774
tt0097815,David S. Ward,57.0,42.0,Corbin Bernsen,1000.0,Tom Berenger,854.0,Rene Russo,808.0,97.0,0
tt0964587,Oliver Parker,56.0,32.0,Lily Cole,785.0,Rupert Everett,692.0,Tamsin Egerton,621.0,102.0,0
tt0183649,Joel Schumacher,216.0,541.0,Radha Mitchell,991.0,John Enos III,465.0,Richard T. Jones,328.0,629.0,0
tt0281358,Adam Shankman,80.0,163.0,Lauren German,683.0,Peter Coyote,548.0,Paz de la Huerta,488.0,962.0,19000
tt0112818,Tim Robbins,77.0,0.0,Lois Smith,276.0,Celia Weston,258.0,Robert Prosky,191.0,190.0,0
tt0139134,Roger Kumble,101.0,16.0,Sarah Michelle Gellar,4000.0,Sean Patrick Thomas,656.0,Eric Mabius,637.0,749.0,0
tt1233227,Kevin Greutert,156.0,52.0,Costas Mandylor,723.0,Shawnee Smith,651.0,George Newbern,647.0,194.0,0
tt0082517,Mel Brooks,48.0,0.0,Madeline Kahn,1000.0,Sid Caesar,898.0,Dom DeLuise,842.0,131.0,0
tt0416212,Gina Prince-Bythewood,109.0,107.0,Nate Parker,664.0,Alicia Keys,551.0,Jennifer Hudson,549.0,56.0,0
tt0250310,Rob Pritts,62.0,5.0,Vincent Pastore,584.0,Vinessa Shaw,580.0,Peter Berg,532.0,100.0,365
tt0105217,Brian De Palma,33.0,0.0,Steven Bauer,636.0,Gabrielle Carteris,330.0,Gregg Henry,298.0,80.0,541
tt0077531,Norman Jewison,20.0,278.0,Sylvester Stallone,13000.0,Peter Boyle,595.0,Rod Steiger,279.0,35.0,745
tt0091276,Tobe Hooper,52.0,365.0,Louise Fletcher,425.0,Bud Cort,394.0,William Bassett,225.0,64.0,902
tt2381111,John Crowley,351.0,34.0,Julie Walters,838.0,Fiona Glascott,55.0,Eva Birthistle,54.0,212.0,36000
tt0072684,Stanley Kubrick,124.0,0.0,Ryan O'Neal,385.0,Steven Berkoff,293.0,Hardy Krüger,111.0,369.0,0
tt0253798,Brendan Malloy,37.0,2.0,Lee Majors,799.0,Jason London,711.0,Thomas Lennon,651.0,90.0,0
tt0213790,Reginald Hudlin,58.0,71.0,Will Ferrell,8000.0,John Witherspoon,723.0,Tim Meadows,553.0,79.0,671
tt1441951,Dustin Hoffman,175.0,0.0,Luke Newberry,358.0,Sheridan Smith,156.0,Pauline Collins,123.0,126.0,13000
tt0246989,Gregory Poirier,75.0,5.0,Shannon Elizabeth,1000.0,Jake Busey,660.0,David Ogden Stiers,443.0,121.0,449
tt0264616,Bill Paxton,161.0,0.0,Matthew McConaughey,11000.0,Powers Boothe,472.0,Matt O'Leary,303.0,463.0,5000
tt2404425,Simon Curtis,203.0,64.0,Ryan Reynolds,16000.0,Frances Fisher,638.0,Elizabeth McGovern,553.0,147.0,34000
tt0362269,Bill Condon,188.0,386.0,Liam Neeson,14000.0,Oliver Platt,1000.0,Dylan Baker,812.0,204.0,0
tt0106308,Sam Raimi,221.0,0.0,Patricia Tallman,901.0,Bridget Fonda,888.0,Embeth Davidtz,795.0,604.0,10000
tt0240900,Dewey Nicks,66.0,4.0,Jaime King,960.0,Gedde Watanabe,448.0,Jim Rash,424.0,107.0,405
tt0108550,Lasse Hallström,80.0,529.0,Johnny Depp,40000.0,Leonardo DiCaprio,29000.0,Kevin Tighe,472.0,292.0,14000
tt0377992,Philip Saville,25.0,10.0,Henry Ian Cusick,866.0,Alan Van Sprang,147.0,Scott Handy,109.0,74.0,0
tt0383694,Mike Leigh,169.0,608.0,Eddie Marsan,979.0,Sally Hawkins,594.0,Imelda Staunton,579.0,165.0,0
tt0280720,Daisy von Scherler Mayer,70.0,18.0,Michael McKean,658.0,Dash Mihok,463.0,Jimi Mistry,183.0,128.0,550
tt0114113,Mira Nair,15.0,300.0,Anjelica Huston,1000.0,Chazz Palminteri,979.0,Vincent Gallo,787.0,19.0,174
tt2042568,Ethan Coen,535.0,1000.0,Justin Timberlake,3000.0,Max Casella,275.0,Alex Karpovsky,272.0,313.0,26000
tt0184791,Tim Blake Nelson,92.0,596.0,Mekhi Phifer,1000.0,Andrew Keegan,835.0,John Heard,697.0,153.0,0
tt0102782,William A. Graham,14.0,8.0,Milla Jovovich,14000.0,Wayne Pygram,163.0,Lisa Pelikan,40.0,39.0,967
tt0066090,Martin Ritt,13.0,58.0,Frank Finlay,338.0,Anthony Zerbe,275.0,Samantha Eggar,104.0,36.0,608
tt0368222,John Turturro,87.0,0.0,Kate Winslet,14000.0,Steve Buscemi,12000.0,Eddie Izzard,776.0,69.0,0
tt0424908,Agnieszka Holland,78.0,238.0,Phyllida Law,60.0,David Kennedy,35.0,Angus Barnett,22.0,86.0,0
tt0084516,Tobe Hooper,223.0,365.0,Heather O'Rourke,887.0,Zelda Rubinstein,770.0,Craig T. Nelson,723.0,321.0,11000
tt1233192,Rowan Joffe,136.0,17.0,Sam Riley,845.0,Sean Harris,641.0,Geoff Bell,405.0,59.0,0
tt1132626,David Hackl,160.0,43.0,Julie Benz,3000.0,Costas Mandylor,723.0,Scott Patterson,357.0,262.0,0
tt0065895,Giuliano Montaldo,28.0,4.0,John Cassavetes,917.0,Gena Rowlands,545.0,Britt Ekland,199.0,12.0,85
tt1592873,Lisa Azuelos,54.0,15.0,Nora Dunn,142.0,Lina Esco,79.0,Alix Freihage,19.0,111.0,18000
tt0382765,Ray Lawrence,75.0,10.0,John Howard,172.0,Deborra-Lee Furness,71.0,Max Cullen,48.0,115.0,302
tt0449999,Karan Johar,20.0,160.0,Shah Rukh Khan,8000.0,John Abraham,1000.0,Preity Zinta,860.0,264.0,659
tt0122541,Oliver Parker,105.0,32.0,Minnie Driver,893.0,Rupert Everett,692.0,Jeremy Northam,327.0,132.0,646
tt1709143,Ruairi Robinson,120.0,7.0,Romola Garai,805.0,Olivia Williams,766.0,Tom Cullen,507.0,160.0,0
tt0273517,Jaume Balagueró,108.0,57.0,Lena Olin,541.0,Giancarlo Giannini,451.0,Francesc Pagès,132.0,349.0,1000
tt0062622,Stanley Kubrick,285.0,0.0,Keir Dullea,273.0,Gary Lockwood,117.0,Glenn Beck,73.0,1736.0,24000
tt0083866,Steven Spielberg,215.0,14000.0,Henry Thomas,861.0,Dee Wallace,725.0,Peter Coyote,548.0,515.0,34000
tt0419843,Jon Kasdan,81.0,21.0,Kristen Stewart,17000.0,Elena Anaya,1000.0,Dustin Milligan,499.0,74.0,1000
tt0313300,Léa Pool,17.0,4.0,William Hurt,882.0,Marc Donato,450.0,Raoul Max Trujillo,194.0,28.0,392
tt0108320,Floyd Mutrux,5.0,11.0,Ricky Schroder,665.0,Kelli Williams,446.0,Seymour Cassel,327.0,31.0,119
tt4051832,,3.0,,Antonia Thomas,381.0,Johnny Flynn,102.0,Hannah Britland,44.0,18.0,0
tt1573072,Sajid Khan,10.0,0.0,Arjun Rampal,564.0,Boman Irani,154.0,Riteish Deshmukh,119.0,43.0,250
tt0473700,Christopher Cain,43.0,58.0,Jon Gries,482.0,Taylor Handley,362.0,Trent Ford,258.0,111.0,411
tt1566501,Dean Wright,43.0,0.0,Santiago Cabrera,639.0,Eduardo Verástegui,377.0,Catalina Sandino Moreno,280.0,57.0,0
tt3547740,Eric Lartigau,94.0,7.0,Karin Viard,68.0,Eric Elmosnino,29.0,François Damiens,24.0,27.0,0
tt0119217,Gus Van Sant,161.0,835.0,Robin Williams,49000.0,Matt Damon,13000.0,Minnie Driver,893.0,682.0,31000
tt3658772,Shintaro Shimosawa,38.0,29.0,Al Pacino,14000.0,Anthony Hopkins,12000.0,Glen Powell,571.0,50.0,0
tt0489270,Darren Lynn Bousman,210.0,163.0,Costas Mandylor,723.0,Shawnee Smith,651.0,Leigh Whannell,482.0,614.0,0
tt0083131,Ivan Reitman,52.0,425.0,Bill Murray,13000.0,Harold Ramis,11000.0,Judge Reinhold,901.0,134.0,0
tt0204946,Peyton Reed,139.0,235.0,Kirsten Dunst,4000.0,Lindsay Sloane,464.0,Clare Kramer,229.0,385.0,0
tt4094724,James DeMonaco,165.0,65.0,Frank Grillo,798.0,Joseph Julian Soria,465.0,Mykelti Williamson,393.0,94.0,0
tt0160862,Robert Iscove,96.0,7.0,Paul Walker,23000.0,Clea DuVall,1000.0,Kieran Culkin,1000.0,389.0,0
tt0929632,Lee Daniels,323.0,304.0,Mo'Nique,939.0,Gabourey Sidibe,906.0,Mariah Carey,736.0,275.0,12000
tt0890870,Darren Lynn Bousman,190.0,163.0,Costas Mandylor,723.0,Shawnee Smith,651.0,Angus Macfadyen,448.0,319.0,0
tt0375210,Geoffrey Sax,173.0,13.0,Deborah Kara Unger,494.0,Keegan Connor Tracy,392.0,Mike Dopud,368.0,403.0,0
tt0455612,Tyler Perry,46.0,0.0,Boris Kodjoe,1000.0,Cicely Tyson,907.0,Blair Underwood,685.0,137.0,676
tt0090863,Martin Scorsese,59.0,17000.0,Tom Cruise,10000.0,Bill Cobbs,970.0,Mary Elizabeth Mastrantonio,638.0,115.0,0
tt0056197,Ken Annakin,53.0,19.0,Richard Burton,726.0,Richard Beymer,249.0,Eddie Albert,196.0,192.0,0
tt0104868,Stephen Herek,22.0,65.0,Lane Smith,633.0,Shaun Weiss,613.0,Elden Henson,577.0,46.0,0
tt0391198,Takashi Shimizu,203.0,70.0,Sarah Michelle Gellar,4000.0,Clea DuVall,1000.0,Ted Raimi,634.0,911.0,4000
tt0116483,Dennis Dugan,77.0,221.0,Adam Sandler,11000.0,Kevin Nealon,503.0,Frances Bay,491.0,289.0,0
tt0263488,Victor Salva,190.0,108.0,Eileen Brennan,1000.0,Patricia Belcher,322.0,Jonathan Breck,270.0,985.0,0
tt0096928,Stephen Herek,81.0,65.0,Keanu Reeves,18000.0,George Carlin,769.0,Al Leong,730.0,181.0,0
tt0063385,Carol Reed,56.0,82.0,Oliver Reed,695.0,Ron Moody,275.0,Jack Wild,139.0,138.0,0
tt1412386,John Madden,264.0,108.0,Tom Wilkinson,1000.0,Penelope Wilton,400.0,Celia Imrie,186.0,266.0,48000
tt0265632,Chuck Sheetz,44.0,6.0,Diedrich Bader,759.0,Andrew Lawrence,563.0,Dabney Coleman,345.0,38.0,227
tt0089530,George Miller,117.0,750.0,Tina Turner,794.0,Bruce Spence,531.0,Angelo Rossitto,60.0,193.0,0
tt0088944,Mark L. Lester,124.0,73.0,Bill Duke,1000.0,Vernon Wells,745.0,Rae Dawn Chong,581.0,437.0,0
tt3882082,William Brent Bell,159.0,19.0,Lauren Cohan,4000.0,Rupert Evans,334.0,Stephanie Lemelin,130.0,155.0,20000
tt1314655,John Erick Dowdle,273.0,66.0,Bojana Novakovic,2000.0,Bokeem Woodbine,904.0,Geoffrey Arend,816.0,319.0,16000
tt0293815,Marcus Raboy,26.0,7.0,John Witherspoon,723.0,Mike Epps,706.0,Katt Williams,615.0,66.0,981
tt3195644,Leigh Whannell,242.0,482.0,Lin Shaye,852.0,Hayley Kiyoko,542.0,Leigh Whannell,482.0,183.0,29000
tt0089461,Michael Schultz,55.0,78.0,Mike Starr,854.0,Vanity,841.0,Keshia Knight Pulliam,619.0,109.0,0
tt0208092,Guy Ritchie,151.0,0.0,Jason Statham,26000.0,Brad Pitt,11000.0,Jason Flemyng,1000.0,726.0,27000
tt0104692,Brett Leonard,48.0,32.0,Jeff Fahey,535.0,Austin O'Brien,211.0,Troy Evans,120.0,96.0,0
tt0981227,Peter Sollett,166.0,6.0,Ari Graynor,904.0,Alexis Dziena,715.0,Aaron Yoo,617.0,129.0,0
tt0120655,Kevin Smith,206.0,0.0,Matt Damon,13000.0,Janeane Garofalo,1000.0,George Carlin,769.0,1015.0,10000
tt0280460,Bob Dolman,92.0,7.0,Erika Christensen,931.0,Eva Amurri Martino,797.0,Sal Lopez,73.0,147.0,744
tt0086491,Joe Dante,78.0,287.0,Albert Brooks,745.0,Al Leong,730.0,Vic Morrow,257.0,121.0,0
tt0098206,Rowdy Herrington,83.0,9.0,Ben Gazzara,623.0,Kevin Tighe,472.0,Kelly Lynch,466.0,201.0,0
tt0110399,Keenen Ivory Wayans,8.0,322.0,Jada Pinkett Smith,851.0,Salli Richardson-Whitfield,543.0,Charles S. Dutton,534.0,26.0,368
tt0283026,John Polson,86.0,21.0,Erika Christensen,931.0,Shiri Appleby,855.0,Jason Ritter,782.0,217.0,720
tt0424993,Greg Coolidge,85.0,27.0,Dane Cook,1000.0,Danny Woodburn,809.0,Jessica Simpson,534.0,151.0,0
tt0127723,Harry Elfont,76.0,4.0,Ethan Embry,982.0,Lauren Ambrose,945.0,Charlie Korsmo,678.0,247.0,0
tt0086066,Francis Ford Coppola,60.0,0.0,Tom Cruise,10000.0,William Smith,919.0,Tom Waits,699.0,308.0,10000
tt2788732,David Lowery,78.0,38.0,Bryce Dallas Howard,3000.0,Oona Laurence,424.0,Isiah Whitlock Jr.,190.0,6.0,21000
tt0085407,David Cronenberg,112.0,0.0,Tom Skerritt,1000.0,Herbert Lom,278.0,Anthony Zerbe,275.0,182.0,0
tt2752772,Ciarán Foy,189.0,11.0,Laila Haley,1000.0,James Ransone,412.0,Jaden Klein,220.0,126.0,13000
tt1876451,Salim Akil,82.0,70.0,Omari Hardwick,1000.0,Curtis Armstrong,876.0,Mike Epps,706.0,48.0,0
tt0242998,Jamie Blanks,120.0,9.0,Marley Shelton,690.0,Jessica Capshaw,533.0,Johnny Whitworth,448.0,371.0,0
tt1220198,Olatunde Osunsanmi,183.0,58.0,Milla Jovovich,14000.0,Will Patton,537.0,Hakeem Kae-Kazim,242.0,330.0,15000
tt0420087,Robert Altman,211.0,500.0,Meryl Streep,11000.0,Virginia Madsen,912.0,Lily Tomlin,718.0,280.0,683
tt0107079,Leon Ichaso,14.0,5.0,Khandi Alexander,556.0,Clarence Williams III,475.0,Steve Harris,338.0,35.0,331
tt0089348,Joseph Zito,54.0,17.0,Billy Drago,371.0,Richard Lynch,324.0,Eddie Jones,53.0,90.0,0
tt0403455,Malcolm D. Lee,55.0,92.0,Jurnee Smollett-Bell,2000.0,Brandon T. Jackson,918.0,Shad Moss,826.0,75.0,997
tt0128445,Wes Anderson,179.0,0.0,Bill Murray,13000.0,Connie Nielsen,933.0,Olivia Williams,766.0,640.0,5000
tt1564585,Colin Strause,221.0,25.0,David Zayas,929.0,Donald Faison,927.0,Brittany Daniel,861.0,944.0,13000
tt2555736,John Madden,158.0,108.0,Tina Desai,220.0,Celia Imrie,186.0,Ronald Pickup,111.0,100.0,21000
tt0846308,Patricia Rozema,73.0,22.0,Julia Ormond,918.0,Jane Krakowski,624.0,Willow Smith,558.0,24.0,851
tt0380623,Mark Rosman,65.0,15.0,Ben Feldman,1000.0,Chris Noth,962.0,Vanessa Lengies,804.0,104.0,767
tt0100168,Spike Lee,23.0,0.0,Denzel Washington,18000.0,Nicholas Turturro,269.0,Charlie Murphy,203.0,30.0,720
tt0240468,Steve Oedekerk,63.0,176.0,Steve Oedekerk,176.0,Simon Rhee,67.0,Jennifer Tung,39.0,518.0,0
tt0100814,Ron Underwood,132.0,31.0,Reba McEntire,651.0,Ariana Richards,610.0,Michael Gross,536.0,248.0,11000
tt0295700,Rob Schmidt,191.0,36.0,Kevin Zegers,2000.0,Lindy Booth,683.0,Julian Richings,648.0,540.0,0
tt0081071,Walter Hill,52.0,394.0,Dennis Quaid,2000.0,David Carradine,926.0,Randy Quaid,695.0,78.0,680
tt0142192,James Foley,91.0,164.0,Byron Mann,258.0,Paul Ben-Victor,218.0,Kim Chan,45.0,131.0,328
tt1935179,Jeff Nichols,368.0,337.0,Matthew McConaughey,11000.0,Tye Sheridan,1000.0,Sam Shepard,820.0,261.0,27000
tt0499554,Robert Ben Garant,89.0,134.0,Wendi McLendon-Covey,655.0,Thomas Lennon,651.0,Carlos Alazraqui,307.0,73.0,441
tt2515086,Morgan Spurlock,83.0,293.0,Harry Styles,773.0,Zayn Malik,734.0,Niall Horan,547.0,68.0,0
tt1092633,Neal Brennan,83.0,23.0,Rob Riggle,839.0,Noureen DeWulf,700.0,Charles Napier,503.0,59.0,0
tt0314166,Tuck Tucker,33.0,14.0,Jennifer Jason Leigh,1000.0,Vincent Schiavelli,811.0,Paul Sorvino,636.0,43.0,227
tt1655420,Simon Curtis,386.0,64.0,Eddie Redmayne,13000.0,Toby Jones,2000.0,Julia Ormond,918.0,216.0,17000
tt0365485,Richard Shepard,191.0,47.0,Adam Scott,3000.0,Philip Baker Hall,497.0,Hope Davis,442.0,234.0,808
tt0119572,Theodore Witcher,16.0,28.0,Leonard Roberts,962.0,Nia Long,826.0,Larenz Tate,582.0,28.0,1000
tt4178092,Joel Edgerton,297.0,0.0,Busy Philipps,1000.0,Allison Tolman,562.0,Wendell Pierce,458.0,279.0,15000
tt0399862,Jim Hanon,47.0,2.0,Chase Ellison,772.0,Chad Allen,232.0,Jack Guzman,30.0,148.0,1000
tt0192071,Tommy O'Haver,63.0,13.0,Mila Kunis,15000.0,Kirsten Dunst,4000.0,Carmen Electra,869.0,180.0,0
tt0151804,Mike Judge,144.0,406.0,Gary Cole,989.0,Stephen Root,939.0,Diedrich Bader,759.0,621.0,16000
tt0157503,Michael Patrick Jann,77.0,31.0,Kirsten Dunst,4000.0,Kirstie Alley,980.0,Ellen Barkin,551.0,321.0,0
tt1126590,Tim Burton,325.0,13000.0,Christoph Waltz,11000.0,Danny Huston,430.0,Jon Polito,309.0,147.0,20000
tt0124198,Peter Berg,100.0,532.0,Jon Favreau,4000.0,Daniel Stern,796.0,Jeanne Tripplehorn,711.0,481.0,0
tt0368975,Joe Nussbaum,52.0,18.0,Steve Carell,7000.0,Alexa PenaVega,2000.0,Hunter Parrish,2000.0,75.0,0
tt0086984,Brian De Palma,98.0,0.0,Melanie Griffith,537.0,Dennis Franz,376.0,Gregg Henry,298.0,178.0,0
tt1470023,Jorma Taccone,163.0,434.0,Jasper Cole,1000.0,Will Forte,622.0,Powers Boothe,472.0,125.0,0
tt0301199,Stephen Frears,137.0,350.0,Sophie Okonedo,460.0,Benedict Wong,372.0,Sergi López,250.0,203.0,0
tt1333125,Elizabeth Banks,180.0,0.0,Hugh Jackman,20000.0,Kate Winslet,14000.0,Seth MacFarlane,3000.0,352.0,25000
tt1243957,Florian Henckel von Donnersmarck,321.0,207.0,Johnny Depp,40000.0,Angelina Jolie Pitt,11000.0,Rufus Sewell,3000.0,374.0,25000
tt0785007,Jeff Lowell,100.0,4.0,Stephen Root,939.0,William Morgan Sheppard,702.0,Wendi McLendon-Covey,655.0,53.0,518
tt1307068,Lorene Scafaria,265.0,63.0,Steve Carell,7000.0,Mark Moses,353.0,Rob Huebel,172.0,221.0,25000
tt1477837,Miguel Arteta,212.0,44.0,Kurtwood Smith,1000.0,Stephen Root,939.0,Alia Shawkat,727.0,85.0,0
tt0460627,,68.0,,Michaela Conlin,1000.0,T.J. Thyne,722.0,Tamara Taylor,476.0,173.0,0
tt0120586,Tony Kaye,162.0,194.0,Ethan Suplee,1000.0,Beverly D'Angelo,816.0,Stacy Keach,602.0,1420.0,35000
tt1748227,Marcus Dunstan,147.0,87.0,Daniel Sharman,1000.0,Johanna Braddy,581.0,Lee Tergesen,444.0,99.0,14000
tt0350194,Timothy Björklund,33.0,0.0,Nathan Lane,886.0,Kelsey Grammer,808.0,Jerry Stiller,719.0,26.0,49
tt0120802,François Girard,94.0,63.0,Johannes Silberschneider,24.0,Clotilde Mollet,3.0,Carlo Cecchi,2.0,247.0,0
tt0166896,David Lynch,143.0,0.0,Sissy Spacek,874.0,Richard Farnsworth,262.0,Everett McGill,201.0,414.0,0
tt0231448,Scott Kalvert,38.0,9.0,Norman Reedus,12000.0,James Franco,11000.0,Frankie Muniz,934.0,92.0,398
tt2170299,Jason Bateman,126.0,0.0,Beth Grant,628.0,Philip Baker Hall,497.0,Patricia Belcher,322.0,119.0,0
tt0425413,David Schwimmer,168.0,0.0,Dylan Moran,427.0,Iddo Goldberg,269.0,India de Beaufort,231.0,143.0,0
tt0082507,Allan Arkush,19.0,13.0,Bernadette Peters,753.0,Randy Quaid,695.0,Christopher Guest,378.0,31.0,425
tt2883434,Mike Binder,91.0,57.0,Jennifer Ehle,1000.0,Gillian Jacobs,837.0,Jillian Estell,664.0,57.0,0
tt0279286,Eric Bross,46.0,49.0,Jerry Stiller,719.0,Tamala Jones,405.0,Dave Foley,401.0,79.0,0
tt0462504,Werner Herzog,198.0,0.0,Christian Bale,23000.0,Toby Huss,342.0,François Chau,294.0,205.0,0
tt1772288,Dan Fogelman,139.0,102.0,Al Pacino,14000.0,Jennifer Garner,3000.0,Melissa Benoist,970.0,100.0,0
tt1588334,Jay Duplass,182.0,157.0,Judy Greer,2000.0,Evan Ross,616.0,Rae Dawn Chong,581.0,112.0,0
tt1226236,Luca Guadagnino,181.0,64.0,Flavio Parenti,144.0,Waris Ahluwalia,110.0,Alba Rohrwacher,72.0,114.0,0
tt1985017,John Putch,23.0,60.0,Robert Picardo,823.0,Diedrich Bader,759.0,Esai Morales,699.0,122.0,0
tt0107983,Peter Medak,30.0,34.0,Gary Oldman,10000.0,Michael Wincott,721.0,Lena Olin,541.0,88.0,561
tt0165854,Steven Soderbergh,111.0,0.0,Peter Fonda,402.0,Lesley Ann Warren,296.0,William Lucking,132.0,240.0,944
tt0375679,Paul Haggis,287.0,549.0,Don Cheadle,3000.0,Loretta Devine,912.0,Jennifer Esposito,911.0,1624.0,18000
tt0200720,Terence Davies,96.0,25.0,Eric Stoltz,902.0,Anthony LaPaglia,576.0,Elizabeth McGovern,553.0,181.0,345
tt0093483,Harley Cokeliss,27.0,4.0,Cliff Robertson,754.0,Tracey Walter,324.0,Dennis Burkley,311.0,37.0,208
tt0438315,Victor Salva,44.0,108.0,Scott Mechlowicz,634.0,Tim DeKay,436.0,Agnes Bruckner,400.0,175.0,0
tt1411664,Tom Brady,49.0,105.0,Don Johnson,982.0,Kevin Nealon,503.0,Nicholas Turturro,269.0,64.0,0
tt0215545,Spike Lee,57.0,0.0,Gillian White,1000.0,Michael Rapaport,975.0,Jada Pinkett Smith,851.0,186.0,1000
tt3387542,Jason Zada,185.0,4.0,Eoin Macken,533.0,Stephanie Vogt,35.0,Gen Seto,4.0,127.0,10000
tt0083113,Franklin J. Schaffner,2.0,76.0,Frank Langella,902.0,William Hootkins,488.0,John Gielgud,249.0,21.0,106
tt1791682,Noah Baumbach,270.0,387.0,Naomi Watts,6000.0,Maria Dizzia,139.0,Dree Hemingway,64.0,96.0,0
tt1554091,Chris Weitz,94.0,129.0,Demián Bichir,749.0,Eddie 'Piolin' Sotelo,252.0,Robert Peters,221.0,81.0,0
tt0278731,David Cronenberg,157.0,0.0,Miranda Richardson,530.0,John Neville,387.0,Lynn Redgrave,258.0,213.0,0
tt0171356,Eric Blakeney,49.0,3.0,Liam Neeson,14000.0,Oliver Platt,1000.0,Mitch Pileggi,826.0,91.0,242
tt0309912,Douglas McGrath,80.0,41.0,Charlie Hunnam,16000.0,Anne Hathaway,11000.0,Jim Broadbent,1000.0,103.0,0
tt1491044,Ariel Vromen,221.0,34.0,Chris Evans,11000.0,James Franco,11000.0,Robert Davi,683.0,144.0,20000
tt0092337,,53.0,,Krystyna Janda,20.0,Olaf Lubaszenko,3.0,Olgierd Lukaszewicz,2.0,37.0,0
tt0432637,Rakesh Roshan,20.0,53.0,Naseeruddin Shah,307.0,Rekha,200.0,Sharat Saxena,45.0,110.0,533
tt0173716,John Waters,90.0,0.0,Alicia Witt,975.0,Melanie Griffith,537.0,Kevin Nealon,503.0,150.0,795
tt1726669,William Friedkin,376.0,607.0,Matthew McConaughey,11000.0,Scott A. Martin,414.0,Carol Sutton,251.0,216.0,12000
tt1285309,Derrick Borte,144.0,17.0,Demi Moore,2000.0,Gary Cole,989.0,Robert Pralgo,688.0,88.0,0
tt0285861,Richard Kwietniowski,82.0,23.0,Philip Seymour Hoffman,22000.0,Minnie Driver,893.0,Maury Chaykin,232.0,83.0,0
tt0784972,Bob Odenkirk,51.0,0.0,Jenna Fischer,966.0,Lee Majors,799.0,Will Forte,622.0,46.0,319
tt0765120,Kar-Wai Wong,192.0,0.0,Natalie Portman,20000.0,Norah Jones,329.0,Adriane Lenox,20.0,117.0,0
tt0120709,John Turturro,36.0,0.0,Beverly D'Angelo,816.0,Ben Gazzara,623.0,George DiCenzo,54.0,40.0,74
tt0291502,Guy Ritchie,71.0,0.0,Bruce Greenwood,990.0,Jeanne Tripplehorn,711.0,David Thornton,119.0,215.0,725
tt0884224,Joshua Seftel,79.0,0.0,Bashar Rahal,603.0,Sergej Trifunovic,175.0,Ned Bellamy,91.0,112.0,883
tt0286112,Stephen Chow,246.0,0.0,Wei Zhao,478.0,Karen Mok,83.0,Kwok-Kwan Chan,51.0,243.0,0
tt0330099,Vincent Gallo,115.0,787.0,Vincent Gallo,787.0,Cheryl Tiegs,96.0,Anna Vareschi,0.0,226.0,952
tt0120018,Claude Chabrol,34.0,324.0,Isabelle Huppert,678.0,François Cluzet,541.0,Michel Serrault,28.0,21.0,33
tt2752688,Jon Stewart,129.0,593.0,Numan Acar,374.0,Claire Foy,362.0,Haluk Bilginer,241.0,37.0,5000
tt0129923,Bigas Luna,22.0,163.0,Olivier Martinez,837.0,Aitana Sánchez-Gijón,130.0,Romane Bohringer,34.0,14.0,85
tt1372686,Ralph Fiennes,196.0,0.0,Gerard Butler,18000.0,Ashraf Barhom,451.0,Lubna Azabal,131.0,118.0,12000
tt0373024,Dan Harris,73.0,24.0,Kip Pardue,374.0,Ryan Donowho,181.0,Larry Fessenden,83.0,56.0,345
tt0253126,Mel Smith,43.0,302.0,Minnie Driver,893.0,Danny Dyer,798.0,Mary McCormack,428.0,44.0,117
tt1262981,Bobcat Goldthwait,129.0,800.0,Robin Williams,49000.0,Daryl Sabara,640.0,Henry Simmons,334.0,129.0,0
tt0464196,Christopher Smith,200.0,76.0,Danny Dyer,798.0,Toby Stephens,769.0,Laura Harris,345.0,194.0,0
tt0443496,Stuart Gordon,79.0,216.0,Joe Mantegna,1000.0,Dulé Hill,922.0,Jeffrey Combs,885.0,119.0,661
tt1183923,Jake Scott,112.0,26.0,Kristen Stewart,17000.0,Ally Sheedy,793.0,Kerry Cahill,146.0,56.0,0
tt0110857,Alan Metter,17.0,3.0,Christopher Lee,16000.0,Michael Winslow,542.0,G.W. Bailey,421.0,103.0,321
tt1210039,Jeb Stuart,20.0,11.0,Ricky Schroder,665.0,Nate Parker,664.0,Lee Norris,553.0,3.0,503
tt2553908,Rafa Lara,12.0,21.0,Jorge Luis Moreno,78.0,Andrés Montiel,61.0,William Miller,36.0,3.0,874
tt2113659,Michael Radford,59.0,53.0,Chris Noth,962.0,Jared Gilman,545.0,James Brolin,499.0,18.0,0
tt0118577,Arthur Hiller,29.0,71.0,Eric Idle,795.0,Harvey Weinstein,474.0,Ryan O'Neal,385.0,85.0,89
tt1007018,Michael Meredith,23.0,7.0,Jeff Bridges,12000.0,Justin Timberlake,3000.0,Ted Danson,875.0,11.0,370
tt1247662,Julio DePietro,22.0,0.0,Adrian Martinez,806.0,Scott Porter,690.0,Aaron Yoo,617.0,20.0,1000
tt1220220,Katherine Dieckmann,43.0,8.0,Stephanie Szostak,1000.0,Minnie Driver,893.0,Anthony Edwards,495.0,23.0,546
tt1128071,William Dear,16.0,50.0,Madison Pettis,835.0,Corbin Bleu,632.0,Sandra Echeverría,422.0,4.0,58
tt2325977,Kim Farrant,84.0,93.0,Nicholas Hamilton,147.0,Reef Ireland,52.0,Sean Keenan,51.0,57.0,0
tt1210071,Marcus Raboy,4.0,7.0,Mike Epps,706.0,Tamala Jones,405.0,Glenn Plummer,240.0,10.0,402
tt0887719,Scott Marshall,20.0,7.0,Drew Fuller,906.0,Drew Waters,848.0,Larry Miller,611.0,34.0,160
tt0488604,Álex de la Iglesia,71.0,275.0,Jim Carter,439.0,Leonor Watling,161.0,Danny Sapani,102.0,94.0,0
tt1320291,Andrew Traucki,102.0,10.0,Damian Walshe-Howling,122.0,Gyton Grantley,109.0,Adrienne Pickering,72.0,89.0,0
tt0349416,Michael Clancy,27.0,0.0,Zooey Deschanel,11000.0,Rip Torn,826.0,Kelly Preston,742.0,68.0,376
tt0496436,Patrick Lussier,62.0,71.0,Teryl Rothery,298.0,Craig Fairbrass,258.0,Adrian Holmes,126.0,82.0,509
tt1568139,Robert Adetuyi,5.0,8.0,Shane Pollard,485.0,Mishael Morgan,152.0,Chase Armitage,111.0,11.0,0
tt1097643,Kari Skogland,76.0,13.0,Jim Sturgess,5000.0,Kevin Zegers,2000.0,Michael McElhatton,415.0,38.0,0
tt2722786,Taedong Park,8.0,0.0,Drake Bell,1000.0,Tom Arnold,618.0,Amanda Troop,196.0,2.0,186
tt0479341,Paul Schrader,75.0,261.0,Veronica Ferres,30000.0,Ayelet Zurer,744.0,Derek Jacobi,520.0,31.0,589
tt3074732,Benedikt Erlingsson,66.0,4.0,Ingvar Eggert Sigurðsson,63.0,Charlotte Bøving,10.0,Sigríður María Egilsdóttir,5.0,7.0,1000
tt1319716,Gurinder Chadha,31.0,98.0,Sendhil Ramamurthy,1000.0,Mark Addy,891.0,Shabana Azmi,95.0,16.0,695
tt1147687,Jason Connery,32.0,110.0,Ray Winstone,1000.0,Henry Rollins,898.0,Jason London,711.0,60.0,486
tt0213985,Vic Sarin,17.0,24.0,Jimi Mistry,183.0,Jesse Moss,136.0,John Light,46.0,27.0,746
tt1070781,Jim Issa,4.0,5.0,Elaine Hendrix,670.0,Luke Perry,608.0,Jon Gries,482.0,3.0,119
tt0901487,Jee-woon Kim,152.0,419.0,Kang-ho Song,398.0,Woo-sung Jung,149.0,Dal-su Oh,7.0,74.0,0
tt1913166,Douglas Aarniokoski,129.0,36.0,Boris Kodjoe,1000.0,Katrina Bowden,948.0,Kathleen Turner,899.0,75.0,0
tt1376195,William Phillips,15.0,3.0,Tyler Mane,764.0,Callum Rennie,716.0,Dustin Milligan,499.0,27.0,850
tt1091722,Greg Mottola,248.0,99.0,Kristen Stewart,17000.0,Martin Starr,985.0,Wendie Malick,452.0,220.0,0
tt0343996,Andy Garcia,52.0,0.0,Danny Pino,786.0,Victor Rivers,228.0,Enrique Murciano,195.0,165.0,957
tt0195945,Steve Carr,55.0,41.0,John Witherspoon,723.0,Mike Epps,706.0,Rolando Molina,525.0,84.0,0
tt2923316,Sarik Andreasyan,30.0,9.0,Hayden Christensen,4000.0,Jordana Brewster,4000.0,Akon,262.0,42.0,0
tt0062512,Lewis Gilbert,130.0,43.0,Donald Pleasence,742.0,Burt Kwouk,462.0,Desmond Llewelyn,244.0,267.0,0
tt2556874,Julian Gilbey,29.0,7.0,Mem Ferda,31000.0,Alfie Allen,1000.0,Malese Jow,1000.0,12.0,1000
tt1602620,Michael Haneke,447.0,0.0,Isabelle Huppert,678.0,Emmanuelle Riva,432.0,Jean-Louis Trintignant,319.0,190.0,33000
tt0095889,Gary Sherman,66.0,17.0,Tom Skerritt,1000.0,Heather O'Rourke,887.0,Zelda Rubinstein,770.0,114.0,616
tt1612319,Valeri Milev,18.0,6.0,Daniella Alonso,557.0,Roger Cross,290.0,Jesse Garcia,200.0,26.0,898
tt0057193,Stanley Kramer,61.0,176.0,Jonathan Winters,924.0,Sid Caesar,898.0,Spencer Tracy,760.0,344.0,0
tt0441909,Pedro Almodóvar,232.0,0.0,Carmen Maura,148.0,Lola Dueñas,114.0,Antonio de la Torre,82.0,228.0,0
tt0082509,Gerald Potterton,62.0,0.0,John Vernon,187.0,Joe Flaherty,176.0,Don Francks,123.0,147.0,0
tt1161418,Jared Hess,106.0,100.0,Jizelle Jade,33000.0,Michael Angarano,947.0,Héctor Jiménez,327.0,54.0,0
tt0114279,Richard Loncraine,56.0,12.0,Robert Downey Jr.,21000.0,Jim Broadbent,1000.0,Kristin Scott Thomas,1000.0,88.0,0
tt1694021,David Hackl,48.0,43.0,Scott Glenn,826.0,Michaela McManus,476.0,Luisa D'Oliveira,129.0,38.0,0
tt1198101,Anurag Basu,41.0,116.0,Bárbara Mori,594.0,Steven Michael Quezada,412.0,Kabir Bedi,303.0,106.0,0
tt1527186,Lars von Trier,439.0,3000.0,Alexander Skarsgård,10000.0,Kirsten Dunst,4000.0,Charlotte Rampling,844.0,551.0,50000
tt0803061,Kriv Stenders,54.0,25.0,Noah Taylor,509.0,Keisha Castle-Hughes,446.0,Luke Ford,110.0,80.0,10000
tt2176013,Yash Chopra,50.0,147.0,Shah Rukh Khan,8000.0,Katrina Kaif,3000.0,Vic Waghorn,1000.0,286.0,12000
tt0078748,Ridley Scott,392.0,0.0,Tom Skerritt,1000.0,Yaphet Kotto,581.0,Bolaji Badejo,513.0,1110.0,23000
tt0072271,Tobe Hooper,277.0,365.0,Gunnar Hansen,383.0,Edwin Neal,371.0,Marilyn Burns,177.0,826.0,0
tt1017451,Floria Sigismondi,259.0,50.0,Kristen Stewart,17000.0,Scout Taylor-Compton,908.0,Johnny Lewis,741.0,129.0,0
tt0067093,Norman Jewison,66.0,278.0,Topol,402.0,Paul Michael Glaser,343.0,Rosalind Harris,51.0,150.0,0
tt0059800,Terence Young,129.0,92.0,Desmond Llewelyn,244.0,Earl Cameron,189.0,Lois Maxwell,177.0,275.0,0
tt1701990,Joseph Kahn,115.0,33.0,Josh Hutcherson,14000.0,Shanley Caswell,383.0,Parker Bagley,123.0,76.0,0
tt1405810,Ferzan Ozpetek,81.0,798.0,Riccardo Scamarcio,580.0,Alessandro Preziosi,26.0,Lunetta Savino,16.0,29.0,0
tt0117603,F. Gary Gray,29.0,473.0,Vivica A. Fox,890.0,Jada Pinkett Smith,851.0,Blair Underwood,685.0,70.0,0
tt0168501,Malcolm D. Lee,32.0,92.0,Harold Perrineau,1000.0,Sanaa Lathan,886.0,Jarrod Bunch,862.0,79.0,0
tt0094862,Tom Holland,142.0,85.0,Catherine Hicks,311.0,Alex Vincent,189.0,Dinah Manoff,118.0,281.0,0
tt0386032,Michael Moore,263.0,909.0,Michael Moore,909.0,Tucker Albrizzi,203.0,Bill Clinton,184.0,429.0,0
tt2975578,James DeMonaco,285.0,65.0,Noel Gugliemi,2000.0,Zach Gilford,971.0,Roberta Valderrama,908.0,244.0,15000
tt0186975,Kris Isacsson,64.0,0.0,Rosario Dawson,3000.0,Lauren German,683.0,Shawn Hatosy,407.0,173.0,580
tt0366551,Danny Leiner,150.0,8.0,Ethan Embry,982.0,Fred Willard,729.0,Paula Garcés,587.0,316.0,0
tt0208874,Rod Lurie,136.0,37.0,Jeff Bridges,12000.0,Gary Oldman,10000.0,William Petersen,883.0,370.0,1000
tt0181984,Ben Younger,132.0,46.0,Vin Diesel,14000.0,Nia Long,826.0,Herbert Russell,701.0,246.0,0
tt0086465,John Landis,71.0,644.0,Don Ameche,392.0,Denholm Elliott,249.0,Ralph Bellamy,199.0,159.0,0
tt0454082,Glen Morgan,186.0,17.0,Oliver Hudson,607.0,Crystal Lowe,318.0,Andrea Martin,179.0,278.0,0
tt0349169,Daniel Taplitz,39.0,2.0,Jennifer Esposito,911.0,Tate Taylor,150.0,Patrick Cranshaw,127.0,26.0,266
tt0097499,Kenneth Branagh,46.0,0.0,Brian Blessed,591.0,Derek Jacobi,520.0,Danny Webb,130.0,108.0,0
tt0775529,Tamara Jenkins,201.0,84.0,Philip Seymour Hoffman,22000.0,David Zayas,929.0,Gbenga Akinnagbe,338.0,127.0,0
tt0323572,Linda Mendoza,32.0,17.0,Carlos Ponce,591.0,Freddy Rodríguez,579.0,Maria Conchita Alonso,571.0,41.0,419
tt0202677,Christopher McQuarrie,117.0,188.0,Kristin Lehman,187.0,Nicky Katt,127.0,Dylan Kussman,35.0,327.0,1000
tt0280760,Burr Steers,136.0,23.0,Kieran Culkin,1000.0,Rory Culkin,710.0,Bill Irwin,471.0,238.0,838
tt0110759,Hart Bochner,15.0,157.0,Jon Favreau,4000.0,Matt Ross,248.0,Chris Young,219.0,52.0,0
tt0482629,Michael O. Sajbel,46.0,6.0,Bill Cobbs,970.0,Drew Fuller,906.0,Mircea Monroe,633.0,81.0,0
tt0092325,,1.0,,Ronn Moss,177.0,Katherine Kelly Lang,170.0,Hunter Tylo,140.0,54.0,748
tt0087451,Stewart Raffill,41.0,12.0,Anjelica Huston,1000.0,John Carradine,300.0,Robert Urich,297.0,56.0,0
tt0441007,Davis Guggenheim,65.0,49.0,Emma Bell,702.0,John Doman,616.0,Carly Schroeder,261.0,27.0,313
tt0427968,Bart Freundlich,100.0,38.0,Billy Crudup,745.0,Garry Shandling,591.0,Dagmara Dominczyk,316.0,63.0,215
tt1104733,Andrew Fleming,129.0,26.0,Steve Coogan,1000.0,Amy Poehler,1000.0,David Arquette,611.0,76.0,1000
tt0120879,Todd Haynes,103.0,162.0,Christian Bale,23000.0,Eddie Izzard,776.0,Janet McTeer,277.0,314.0,0
tt5215952,Hong-jin Na,77.0,43.0,Jung-min Hwang,45.0,Jun Kunimura,5.0,Woo-hee Chun,0.0,24.0,0
tt1922612,Kevin Tancharoen,67.0,64.0,Lea Michele,2000.0,Heather Morris,892.0,Kevin McHale,748.0,21.0,0
tt0290879,Chatrichalerm Yukol,31.0,6.0,Sarunyu Wongkrachang,7.0,Chatchai Plengpanich,6.0,Mai Charoenpura,6.0,47.0,124
tt0100827,Dario Argento,76.0,930.0,John Amos,982.0,Adrienne Barbeau,602.0,Sally Kirkland,433.0,45.0,375
tt3202120,Eric Lavaine,17.0,0.0,Lambert Wilson,186.0,Julie Engelbrecht,41.0,Lionel Abelanski,5.0,1.0,348
tt0286261,Mike Leigh,81.0,608.0,Lesley Manville,149.0,Ruth Sheen,44.0,Gary McDonald,25.0,94.0,484
tt1185344,Marc Forby,26.0,3.0,Q'orianka Kilcher,679.0,Will Patton,537.0,Shaun Evans,204.0,14.0,0
tt0420835,Peter Cattaneo,24.0,11.0,Jacqueline McKenzie,185.0,Vince Colosimo,62.0,Peter Callan,18.0,6.0,135
tt3276924,Scott Mann,44.0,8.0,Robert De Niro,22000.0,Joshua Mikel,1000.0,D.B. Sweeney,558.0,57.0,0
tt0920458,Ole Christian Madsen,80.0,28.0,Lars Mikkelsen,573.0,Thure Lindhardt,197.0,Christian Berkel,104.0,44.0,0
tt0434424,Meiert Avis,41.0,0.0,Fisher Stevens,922.0,Kip Pardue,374.0,Perrey Reeves,230.0,45.0,128
tt1259574,Julian Jarrold,91.0,11.0,Andrew Garfield,10000.0,Warren Clarke,281.0,John Henshaw,35.0,44.0,0
tt1183672,André Téchiné,66.0,25.0,Catherine Deneuve,963.0,Ronit Elkabetz,168.0,Émilie Dequenne,98.0,14.0,120
tt1068678,Emily Young,19.0,6.0,Sarah Michelle Gellar,4000.0,Erika Christensen,931.0,Jonathan Tucker,664.0,42.0,3000
tt0090555,Peter Faiman,35.0,4.0,Paul Hogan,442.0,Linda Kozlowski,162.0,David Gulpilil,93.0,93.0,0
tt1679332,Martyn Pick,19.0,4.0,Sean Pertwee,722.0,Steven Waddington,212.0,Donald Sumpter,151.0,64.0,0
tt0325596,Roland Suso Richter,33.0,3.0,Stephen Graham,1000.0,Sarah Polley,900.0,Stephen Rea,327.0,57.0,458
tt1418646,Jeremy Sims,17.0,8.0,Harrison Gilbertson,174.0,Gyton Grantley,109.0,Steve Le Marquand,59.0,39.0,0
tt1661420,Maïwenn,163.0,236.0,Riccardo Scamarcio,580.0,Maïwenn,236.0,Karin Viard,68.0,33.0,0
tt0211933,Joby Harold,133.0,8.0,Hayden Christensen,4000.0,Fisher Stevens,922.0,Denis O'Hare,896.0,196.0,0
tt0458290,,47.0,,Dee Bradley Baker,668.0,James Arnold Taylor,296.0,Tom Kane,265.0,73.0,2000
tt1641841,Ekachai Uekrongtham,66.0,3.0,Michael Jai White,2000.0,Mike Dopud,368.0,Celina Jade,305.0,38.0,0
tt0093437,Joel Schumacher,147.0,541.0,Dianne Wiest,967.0,Jami Gertz,847.0,Jason Patric,673.0,339.0,19000
tt1263670,Scott Cooper,273.0,108.0,Jeff Bridges,12000.0,Beth Grant,628.0,Debrianna Mansini,175.0,226.0,0
tt0079826,Mark Rydell,32.0,43.0,David Keith,563.0,Frederic Forrest,236.0,Alan Bates,122.0,52.0,1000
tt1171222,David E. Talbert,52.0,68.0,Djimon Hounsou,3000.0,Christina Milian,1000.0,Boris Kodjoe,1000.0,41.0,0
tt0062711,Roger Vadim,107.0,35.0,Jane Fonda,949.0,David Hemmings,178.0,Milo O'Shea,170.0,186.0,0
tt0099816,Nils Gaup,6.0,8.0,Bjørn Sundquist,35.0,Louisa Milwood-Haigh,6.0,Stian Smestad,3.0,14.0,278
tt0126886,Alexander Payne,175.0,729.0,Matthew Broderick,2000.0,Chris Klein,841.0,Molly Hagan,133.0,441.0,0
tt0433416,Mira Nair,167.0,300.0,Jacinda Barrett,579.0,Brooke Smith,405.0,Tabu,341.0,117.0,0
tt1666801,Ari Sandel,132.0,17.0,Bella Thorne,35000.0,Romany Malco,966.0,Skyler Samuels,429.0,116.0,8000
tt0118589,Vondie Curtis-Hall,66.0,170.0,Mariah Carey,736.0,Max Beesley,218.0,Valarie Pettiford,202.0,308.0,0
tt1457765,Tom Elkins,79.0,14.0,Abigail Spencer,1000.0,Cicely Tyson,907.0,Brad James,559.0,57.0,0
tt0387596,Woo-Suk Kang,15.0,0.0,Yu-mi Jeong,28.0,Sung-kee Ahn,15.0,Kyung-gu Sol,13.0,17.0,387
tt0810784,Jane Campion,222.0,319.0,Abbie Cornish,2000.0,Paul Schneider,552.0,Samuel Roukin,179.0,110.0,0
tt1188996,Karan Johar,210.0,160.0,Shah Rukh Khan,8000.0,Jimmy Shergill,327.0,Christopher B. Duncan,81.0,235.0,27000
tt0087277,Herbert Ross,60.0,71.0,Dianne Wiest,967.0,Chris Penn,455.0,Lori Singer,304.0,113.0,0
tt2017038,J.C. Chandor,346.0,78.0,Robert Redford,0.0,,,,,312.0,18000
tt0164085,John Sayles,46.0,407.0,Mary Elizabeth Mastrantonio,638.0,Casey Siemaszko,107.0,Vanessa Martinez,39.0,140.0,196
tt0795434,Vipul Amrutlal Shah,15.0,11.0,Katrina Kaif,3000.0,Clive Standen,687.0,Riteish Deshmukh,119.0,47.0,341
tt0460989,Ken Loach,169.0,644.0,Padraic Delaney,97.0,Orla Fitzgerald,8.0,Martin Lucey,6.0,222.0,0
tt2178470,Ayan Mukerji,25.0,0.0,Ranbir Kapoor,964.0,Madhuri Dixit,551.0,Aditya Roy Kapoor,417.0,102.0,0
tt0087538,John G. Avildsen,81.0,80.0,Martin Kove,668.0,William Zabka,641.0,William Bassett,225.0,235.0,0
tt0043949,Mervyn LeRoy,54.0,54.0,Peter Ustinov,440.0,Deborah Kerr,426.0,Robert Taylor,346.0,90.0,1000
tt0963194,Darren Lynn Bousman,147.0,163.0,Alexa PenaVega,2000.0,Paris Hilton,716.0,Paul Sorvino,636.0,259.0,8000
tt0493264,Serdar Akar,16.0,11.0,Necati Sasmaz,205.0,Bergüzar Korel,197.0,Ghassan Massoud,173.0,159.0,467
tt0110912,Quentin Tarantino,215.0,16000.0,Bruce Willis,13000.0,Eric Stoltz,902.0,Phil LaMarr,857.0,2195.0,45000
tt0079588,James Frawley,63.0,21.0,Madeline Kahn,1000.0,Jim Henson,985.0,Dom DeLuise,842.0,92.0,0
tt2872718,Dan Gilroy,534.0,66.0,Jake Gyllenhaal,15000.0,Michael Papajohn,241.0,James Huang,85.0,552.0,65000
tt0331953,Jay Chandrasekhar,66.0,422.0,Brittany Daniel,861.0,Lindsay Price,499.0,Jay Chandrasekhar,422.0,201.0,713
tt0059742,Robert Wise,119.0,338.0,Eleanor Parker,354.0,Angela Cartwright,209.0,Nicholas Hammond,195.0,406.0,15000
tt0088161,Ron Howard,43.0,2000.0,Tom Hanks,15000.0,Howard Morris,161.0,Patrick Cronin,51.0,99.0,0
tt0449059,Jonathan Dayton,270.0,36.0,Steve Carell,7000.0,Steven Christopher Parker,150.0,Jill Talley,27.0,889.0,15000
tt0092005,Rob Reiner,99.0,0.0,Marshall Bell,217.0,Frances Lee McCain,107.0,Casey Siemaszko,107.0,584.0,24000
tt0289043,Danny Boyle,224.0,0.0,Noah Huntley,133.0,Megan Burns,32.0,David Schneider,27.0,1441.0,11000
tt0365957,Chris Stokes,58.0,548.0,Jennifer Freeman,389.0,Marques Houston,363.0,Steve Harvey,360.0,247.0,0
tt0079116,Don Siegel,53.0,152.0,Clint Eastwood,16000.0,Patrick McGoohan,466.0,Fred Ward,459.0,142.0,0
tt0297037,Rick Famuyiwa,37.0,44.0,Boris Kodjoe,1000.0,Sanaa Lathan,886.0,Wendell Pierce,458.0,60.0,0
tt0117891,Martin Lawrence,11.0,0.0,Faizon Love,585.0,Lynn Whitfield,434.0,Della Reese,388.0,14.0,559
tt1306980,Jonathan Levine,327.0,129.0,Joseph Gordon-Levitt,23000.0,Anna Kendrick,10000.0,Bryce Dallas Howard,3000.0,378.0,40000
tt0482599,Masayuki Ochiai,135.0,5.0,James Kyson,449.0,David Denman,332.0,Daisy Betts,297.0,148.0,0
tt0083767,George A. Romero,127.0,0.0,Ted Danson,875.0,Hal Holbrook,826.0,Adrienne Barbeau,602.0,211.0,0
tt1800246,Tom Gormican,164.0,19.0,Mackenzie Davis,363.0,Lola Glaudini,342.0,Josh Pais,117.0,100.0,0
tt0082763,Ken Shapiro,14.0,2.0,Brian Doyle-Murray,484.0,Dabney Coleman,345.0,Mary Kay Place,213.0,48.0,495
tt4254584,Justin Tipping,6.0,2.0,Tina Gilton,861.0,Natalie Stephany Aguilar,163.0,Justin Hall,102.0,6.0,240
tt0107616,Kenneth Branagh,41.0,0.0,Keanu Reeves,18000.0,Denzel Washington,18000.0,Brian Blessed,591.0,165.0,0
tt0064757,Peter R. Hunt,143.0,13.0,Telly Savalas,803.0,George Lazenby,314.0,Desmond Llewelyn,244.0,452.0,0
tt4474310,,9.0,,Nick Wechsler,666.0,Philip Winchester,579.0,Jeff Marlow,460.0,25.0,0
tt0111686,Wes Craven,109.0,0.0,Miko Hughes,969.0,Heather Langenkamp,449.0,Tracy Middendorf,112.0,271.0,0
tt0164114,John Schultz,59.0,13.0,Stephen Collins,452.0,Mark Webber,442.0,Keri Lynn Pratt,292.0,147.0,0
tt0437800,Doug Atchison,95.0,3.0,Curtis Armstrong,876.0,Sean Michael Afable,801.0,Tzi Ma,268.0,172.0,0
tt0120693,Tamra Davis,40.0,33.0,Dave Chappelle,744.0,Harland Williams,503.0,Clarence Williams III,475.0,164.0,0
tt1095174,Jonas Elmer,121.0,3.0,J.K. Simmons,24000.0,Frances Conroy,827.0,Harry Connick Jr.,631.0,78.0,0
tt0365737,Stephen Gaghan,358.0,79.0,Matt Damon,13000.0,Amr Waked,903.0,Kayvan Novak,414.0,625.0,0
tt0144084,Mary Harron,288.0,126.0,Christian Bale,23000.0,Justin Theroux,1000.0,Samantha Mathis,517.0,1061.0,18000
tt0279113,Miguel Arteta,107.0,44.0,Jake Gyllenhaal,15000.0,Zooey Deschanel,11000.0,Tim Blake Nelson,596.0,298.0,938
tt0479647,Erik Canuel,28.0,31.0,Colm Feore,539.0,Richard Howland,290.0,Sarain Boylan,50.0,90.0,758
tt1300851,Troy Duffy,91.0,78.0,Norman Reedus,12000.0,Julie Benz,3000.0,Clifton Collins Jr.,968.0,188.0,0
tt0896923,James Ivory,55.0,133.0,Alexandra Maria Lara,471.0,Omar Metwally,277.0,Diego Velazquez,86.0,25.0,638
tt2390361,Nicole Holofcener,231.0,132.0,Christopher Nicholas Smith,434.0,Ben Falcone,265.0,Michaela Watkins,216.0,142.0,12000
tt1282140,Will Gluck,262.0,87.0,Emma Stone,15000.0,Dan Byrd,1000.0,Fred Armisen,424.0,264.0,19000
tt0110137,Matty Rich,7.0,10.0,Jada Pinkett Smith,851.0,Joe Morton,780.0,Larenz Tate,582.0,11.0,160
tt0189998,E. Elias Merhige,196.0,54.0,Eddie Izzard,776.0,Udo Kier,595.0,Catherine McCormack,306.0,339.0,0
tt1604171,Joe Nussbaum,83.0,18.0,Cameron Monaghan,1000.0,Thomas McDonell,962.0,Aimee Teegarden,741.0,32.0,0
tt0117283,Matt Reeves,18.0,198.0,Mark Margolis,1000.0,Michael Rapaport,975.0,Carol Kane,636.0,55.0,125
tt0165831,Steve Rash,11.0,15.0,Barry Corbin,883.0,Nia Long,826.0,Jake Busey,660.0,34.0,77
tt0206420,Fina Torres,72.0,26.0,Harold Perrineau,1000.0,John de Lancie,905.0,Mark Feuerstein,417.0,86.0,859
tt0104454,James Ivory,51.0,133.0,Anthony Hopkins,12000.0,Vanessa Redgrave,898.0,Samuel West,136.0,86.0,788
tt5016504,,18.0,,Dominic Cooper,3000.0,Joseph Gilgun,788.0,Ruth Negga,648.0,85.0,18000
tt2401878,Duke Johnson,328.0,26.0,Jennifer Jason Leigh,1000.0,Tom Noonan,442.0,David Thewlis,0.0,140.0,0
tt1431181,Mike Leigh,248.0,608.0,Jim Broadbent,1000.0,Imelda Staunton,579.0,Phil Davis,386.0,141.0,0
tt0283832,François Ozon,128.0,341.0,Catherine Deneuve,963.0,Isabelle Huppert,678.0,Emmanuelle Béart,569.0,162.0,0
tt0102915,Mark L. Lester,45.0,73.0,Cary-Hiroyuki Tagawa,1000.0,Tia Carrere,1000.0,Vernee Watson,112.0,102.0,0
tt0118863,David Dobkin,49.0,71.0,Janeane Garofalo,1000.0,Vince Vieluf,261.0,Kevin Rahm,168.0,109.0,515
tt0804497,Anna Boden,163.0,16.0,Zoë Kravitz,943.0,Jeremy Davies,769.0,Jim Gaffigan,472.0,150.0,20000
tt1371155,Nigel Cole,163.0,13.0,Bob Hoskins,5000.0,Robbie Kay,629.0,Sally Hawkins,594.0,73.0,0
tt0829098,Anand Tucker,90.0,14.0,Colin Firth,14000.0,Jim Broadbent,1000.0,Gina McKee,291.0,34.0,429
tt0119937,Steve James,23.0,23.0,Kurtwood Smith,1000.0,Laurel Holloman,273.0,Amy Locane,200.0,37.0,0
tt0086582,Michael Winner,17.0,136.0,Faye Dunaway,977.0,Marina Sirtis,649.0,John Gielgud,249.0,15.0,79
tt0485601,Tomm Moore,118.0,45.0,Sean Lennon,61.0,Mick Lally,5.0,Evan McGuire,4.0,71.0,11000
tt1980929,John Carney,283.0,109.0,James Corden,480.0,Karen Pittman,12.0,Mary Catherine Garrison,7.0,182.0,43000
tt0398027,David Jacobson,74.0,12.0,Hunter Parrish,2000.0,Bruce Dern,844.0,Rory Culkin,710.0,110.0,412
tt0283503,Michael Corrente,41.0,30.0,Jerry Ferrara,480.0,Tony Devon,257.0,Alexa Havins,209.0,48.0,226
tt2241676,Edward Hall,17.0,0.0,Rufus Sewell,3000.0,Hayley Atwell,2000.0,Charlotte Rampling,844.0,12.0,434
tt0314676,Keith Gordon,66.0,200.0,Robert Downey Jr.,21000.0,Robin Wright,18000.0,Alfre Woodard,1000.0,79.0,494
tt0119494,David Leland,36.0,2.0,Anna Friel,735.0,Catherine McCormack,306.0,Steven Mackintosh,227.0,27.0,75
tt0457572,Andrew Currie,140.0,8.0,Alexia Fast,553.0,Henry Czerny,177.0,Kesun Loder,33.0,98.0,0
tt0373445,Andrew Wilson,32.0,387.0,Will Ferrell,8000.0,Eddie Griffin,489.0,Jacob Vargas,399.0,27.0,143
tt1235189,Jonathan Lynn,68.0,36.0,Rupert Grint,10000.0,Rupert Everett,692.0,Geoff Bell,405.0,86.0,0
tt0964539,Marc Schölermann,79.0,3.0,John de Lancie,905.0,Larry Drake,513.0,Johnny Whitworth,448.0,107.0,3000
tt1238834,,9.0,,Tom Hardy,27000.0,Jack O'Connell,698.0,Kevin McNally,427.0,33.0,0
tt0360323,Robert Moresco,26.0,53.0,Brian Dennehy,954.0,Brad Renfro,551.0,Dash Mihok,463.0,34.0,294
tt0342272,Thomas Vinterberg,100.0,346.0,Michael Angarano,947.0,Chris Owen,526.0,William Hootkins,488.0,58.0,532
tt2494384,Claudia Llosa,56.0,43.0,Ian Tracey,144.0,Zen McGrath,63.0,William Shimell,47.0,11.0,675
tt0094625,Katsuhiro Ôtomo,150.0,78.0,Mitsuo Iwata,6.0,Takeshi Kusao,5.0,Tesshô Genda,4.0,430.0,0
tt0473188,John Herzfeld,30.0,17.0,Paul Walker,23000.0,Olivia Wilde,10000.0,Jason Flemyng,1000.0,31.0,0
tt0460505,Charles Binamé,20.0,2.0,Stephen McHattie,413.0,Roy Dupuis,265.0,Julie LeBreton,23.0,31.0,520
tt2112277,Keith Parmer,21.0,2.0,Rachel Ann Mullins,31000.0,Josh Henderson,920.0,Grant Bowler,600.0,24.0,438
tt2102502,Dennie Gordon,11.0,29.0,Leehom Wang,163.0,Ruby Lin,20.0,Jack Kao,11.0,2.0,81
tt0421994,Ol Parker,85.0,21.0,Celia Imrie,186.0,Ben Miles,119.0,Darren Boyd,112.0,149.0,0
tt4196848,Bruce Beresford,5.0,78.0,Mckenna Grace,502.0,Lucy Fry,206.0,Natalie Coughlin,189.0,5.0,205
tt0324133,François Ozon,160.0,341.0,Charlotte Rampling,844.0,Ludivine Sagnier,521.0,Jean-Claude Lecas,15.0,288.0,0
tt2628316,James Nunn,25.0,16.0,Spencer Wilding,1000.0,Mark Wingett,524.0,Kacey Clarke,376.0,13.0,0
tt0094764,David Webb Peoples,21.0,73.0,Delroy Lindo,848.0,Joan Chen,643.0,Anna Katarina,26.0,43.0,999
tt4060866,Michael Winnick,15.0,155.0,Scott Takeda,981.0,Helena Mattsson,505.0,Craig Sheffer,391.0,14.0,689
tt0097239,Bruce Beresford,61.0,78.0,Morgan Freeman,11000.0,Jessica Tandy,509.0,Patti LuPone,325.0,134.0,3000
tt0120169,George Tillman Jr.,34.0,88.0,Vanessa Williams,1000.0,Mekhi Phifer,1000.0,Vivica A. Fox,890.0,30.0,508
tt0113326,Stanley Tong,62.0,7.0,Françoise Yip,186.0,Anita Mui,147.0,Garvin Cross,36.0,81.0,0
tt2936180,David Oelhoffen,102.0,2.0,Viggo Mortensen,10000.0,Reda Kateb,154.0,Ángela Molina,40.0,19.0,2000
tt0427944,Jason Reitman,239.0,655.0,J.K. Simmons,24000.0,Cameron Bright,829.0,Todd Louiso,88.0,323.0,0
tt0498353,Eli Roth,252.0,0.0,Jay Hernandez,1000.0,Lauren German,683.0,Stanislav Ianevski,658.0,384.0,0
tt1174732,Lone Scherfig,278.0,92.0,Dominic Cooper,3000.0,Olivia Williams,766.0,Ellie Kendrick,221.0,237.0,12000
tt0338427,Anand Tucker,124.0,14.0,Frances Conroy,827.0,Bridgette Wilson-Sampras,545.0,Clyde Kusatsu,161.0,268.0,1000
tt0087428,Tony Richardson,9.0,62.0,Joely Richardson,584.0,Beau Bridges,552.0,Nastassja Kinski,518.0,61.0,345
tt0272207,Joe Carnahan,127.0,248.0,Jason Patric,673.0,Chi McBride,466.0,Alan Van Sprang,147.0,214.0,1000
tt0263734,Paul Gross,9.0,329.0,Molly Parker,611.0,Paul Gross,329.0,Kari Matchett,280.0,83.0,0
tt1001562,Charles Robert Carner,35.0,18.0,Ivana Milicevic,834.0,Jenny McCarthy,749.0,Richard Bull,742.0,20.0,140
tt0410454,Russell Holt,6.0,0.0,Eric Johnson,373.0,Brenda Strong,266.0,Tiffany Dupont,249.0,33.0,31
tt1225822,Mike Judge,192.0,406.0,J.K. Simmons,24000.0,Mila Kunis,15000.0,Clifton Collins Jr.,968.0,106.0,0
tt0319829,Larry Charles,51.0,119.0,Jeff Bridges,12000.0,Cheech Marin,844.0,Bruce Dern,844.0,95.0,655
tt0269329,Claude Miller,38.0,27.0,Sandrine Kiberlain,71.0,Edouard Baer,59.0,Roschdy Zem,59.0,26.0,26
tt0345061,Michael Winterbottom,133.0,187.0,Samantha Morton,631.0,Om Puri,163.0,Natalie Mendoza,158.0,150.0,0
tt1772422,Sacha Bennett,4.0,22.0,Bob Hoskins,5000.0,Jenny Agutter,659.0,Vincent Regan,447.0,3.0,223
tt0375679,Paul Haggis,287.0,549.0,Don Cheadle,3000.0,Loretta Devine,912.0,Jennifer Esposito,911.0,1624.0,18000
tt1602098,Rodrigo García,222.0,127.0,Mia Wasikowska,3000.0,Michael McElhatton,415.0,Mark Williams,373.0,98.0,0
tt2147225,Jeta Amata,6.0,20.0,Akon,262.0,Nathin Butler,65.0,Razaaq Adoti,36.0,4.0,389
tt0833553,Siddharth Anand,16.0,5.0,Saif Ali Khan,532.0,Mary Goggin,249.0,Vic Aviles,60.0,37.0,108
tt0808417,Vincent Paronnaud,242.0,10.0,Catherine Deneuve,963.0,Gena Rowlands,545.0,Danielle Darrieux,106.0,158.0,14000
tt1085779,Joe Dante,147.0,287.0,Bruce Dern,844.0,Teri Polo,708.0,Haley Bennett,664.0,69.0,0
tt1063669,Dennis Gansel,93.0,23.0,Max Riemelt,287.0,Elyas M'Barek,150.0,Jennifer Ulrich,93.0,96.0,25000
tt1974419,Nicolas Winding Refn,253.0,0.0,Keanu Reeves,18000.0,Bella Heathcote,860.0,Charles Baker,500.0,73.0,0
tt1289406,Daniel Barber,224.0,12.0,Joseph Gilgun,788.0,Jack O'Connell,698.0,Sean Harris,641.0,224.0,0
tt0413300,Sam Raimi,392.0,0.0,J.K. Simmons,24000.0,James Franco,11000.0,Kirsten Dunst,4000.0,1902.0,0
tt0203408,Robert Marcarelli,39.0,0.0,George Coe,488.0,William Hootkins,488.0,Ayla Kell,440.0,206.0,129
tt0467406,Jason Reitman,387.0,655.0,J.K. Simmons,24000.0,Jennifer Garner,3000.0,Rainn Wilson,973.0,881.0,10000
tt3488328,Ernie Barbarash,36.0,249.0,Darren Shahlavi,294.0,Aki Aleong,284.0,Brahim Achabbakhe,96.0,29.0,0
tt0066995,Guy Hamilton,120.0,82.0,Desmond Llewelyn,244.0,Lois Maxwell,177.0,Jill St. John,175.0,276.0,0
tt0068646,Francis Ford Coppola,208.0,0.0,Al Pacino,14000.0,Marlon Brando,10000.0,Robert Duvall,3000.0,2238.0,43000
tt0085549,Adrian Lyne,51.0,213.0,Michael Nouri,225.0,Cynthia Rhodes,174.0,Lee Ving,92.0,128.0,0
tt1022603,Marc Webb,331.0,464.0,Joseph Gordon-Levitt,23000.0,Chloë Grace Moretz,17000.0,Zooey Deschanel,11000.0,494.0,40000
tt0107822,Jane Campion,83.0,319.0,Holly Hunter,1000.0,Ian Mune,18.0,Geneviève Lemon,11.0,241.0,0
tt1915581,Steven Soderbergh,324.0,0.0,Channing Tatum,17000.0,Alex Pettyfer,15000.0,Matthew McConaughey,11000.0,281.0,54000
tt0282209,Jonathan Liebesman,140.0,474.0,Sullivan Stapleton,1000.0,Emma Caulfield,970.0,Angus Sampson,82.0,369.0,2000
tt0070328,Guy Hamilton,136.0,82.0,Yaphet Kotto,581.0,Geoffrey Holder,547.0,Clifton James,189.0,251.0,0
tt0156812,Jay Russell,79.0,13.0,Clint Howard,1000.0,Frankie Muniz,934.0,Cody Linley,430.0,149.0,0
tt0832266,Adam Brooks,160.0,20.0,Ryan Reynolds,16000.0,Sakina Jaffrey,109.0,Paulina Gerzon,61.0,168.0,0
tt1640484,Salim Akil,52.0,70.0,Gary Dourdan,1000.0,Loretta Devine,912.0,Laz Alonso,826.0,59.0,0
tt1343092,Baz Luhrmann,490.0,1000.0,Leonardo DiCaprio,29000.0,Elizabeth Debicki,509.0,Steve Bisley,76.0,753.0,115000
tt0433383,George Clooney,351.0,0.0,Robert Downey Jr.,21000.0,Tate Donovan,650.0,Alex Borstein,566.0,526.0,0
tt0379725,Bennett Miller,271.0,152.0,Philip Seymour Hoffman,22000.0,Michael J. Burg,68.0,Kwesi Ameyaw,27.0,416.0,0
tt0112851,Robert Rodriguez,93.0,0.0,Quentin Tarantino,16000.0,Steve Buscemi,12000.0,Salma Hayek,4000.0,202.0,0
tt0218378,Michael Winterbottom,71.0,187.0,Milla Jovovich,14000.0,Sarah Polley,900.0,Shirley Henderson,887.0,92.0,141
tt2802850,,54.0,,Kirsten Dunst,4000.0,Adam Goldberg,1000.0,Oliver Platt,1000.0,173.0,61000
tt0074812,Michael Anderson,112.0,23.0,Farrah Fawcett,1000.0,Jenny Agutter,659.0,Peter Ustinov,440.0,242.0,0
tt0071807,Guy Hamilton,118.0,82.0,Christopher Lee,16000.0,Hervé Villechaize,387.0,Desmond Llewelyn,244.0,258.0,2000
tt0094612,Craig R. Baxley,35.0,22.0,Bill Duke,1000.0,Vanity,841.0,Carl Weathers,794.0,65.0,978
tt0435625,Neil Marshall,342.0,197.0,MyAnna Buring,513.0,Shauna Macdonald,239.0,Craig Conway,159.0,1100.0,10000
tt0245280,Don Kempf,14.0,0.0,Bill Murray,13000.0,Michael Jordan,366.0,Bob Costas,69.0,13.0,407
tt2752758,Matt Bettinelli-Olpin,137.0,14.0,Zach Gilford,971.0,Allison Miller,479.0,Vanessa Ray,270.0,120.0,0
tt0116324,David O. Russell,50.0,737.0,Lily Tomlin,718.0,Mary Tyler Moore,524.0,David Patrick Kelly,380.0,105.0,824
tt0395584,Rob Zombie,261.0,0.0,Sid Haig,1000.0,Ken Foree,649.0,Lew Temple,597.0,687.0,0
tt0118276,,96.0,,Sarah Michelle Gellar,4000.0,Alyson Hannigan,3000.0,Emma Caulfield,970.0,665.0,6000
tt3850214,Rick Famuyiwa,180.0,44.0,Kimberly Elise,637.0,Rick Fox,256.0,Kiersey Clemons,190.0,89.0,23000
tt0160401,Michael Rymer,28.0,48.0,LL Cool J,1000.0,Omar Epps,865.0,Nia Long,826.0,29.0,375
tt1074638,Sam Mendes,750.0,0.0,Albert Finney,883.0,Helen McCrory,563.0,Rory Kinnear,393.0,1498.0,80000
tt0251736,Rob Zombie,202.0,0.0,Sid Haig,1000.0,Matthew McGrory,340.0,Erin Daniels,303.0,922.0,0
tt0072626,Sharron Miller,8.0,0.0,Bernard Fox,246.0,Elizabeth MacRae,29.0,Charles Aidman,23.0,21.0,44
tt1019452,Ethan Coen,341.0,1000.0,Michael Stuhlbarg,816.0,Fred Melamed,105.0,Peter Breitmayer,98.0,324.0,10000
tt1194263,Aaron Schneider,160.0,11.0,Bill Murray,13000.0,Robert Duvall,3000.0,Bill Cobbs,970.0,97.0,0
tt0098622,Steve Miner,31.0,49.0,Julian Sands,687.0,Richard E. Grant,554.0,Lori Singer,304.0,79.0,0
tt3125324,Gina Prince-Bythewood,71.0,107.0,Minnie Driver,893.0,Nate Parker,664.0,Darryl Stephens,658.0,37.0,0
tt1315981,Tom Ford,281.0,192.0,Colin Firth,14000.0,Teddy Sears,343.0,Keri Lynn Pratt,292.0,247.0,16000
tt0095497,Martin Scorsese,114.0,17000.0,Irvin Kershner,883.0,Barbara Hershey,618.0,Roberts Blossom,159.0,308.0,0
tt0125971,Michael Corrente,72.0,30.0,Jonathan Brandis,761.0,George Wendt,412.0,Shawn Hatosy,407.0,100.0,0
tt0361411,Gurinder Chadha,119.0,98.0,Indira Varma,729.0,Martin Henderson,579.0,Anupam Kher,397.0,276.0,0
tt0252444,Phillip Noyce,74.0,176.0,Roy Billing,116.0,David Gulpilil,93.0,Deborah Mailman,46.0,249.0,0
tt0785077,Don Michael Paul,25.0,70.0,Jeffrey Jones,692.0,Faizon Love,585.0,Lil' Wayne,442.0,46.0,446
tt0105459,Tony Maylam,39.0,6.0,Michael J. Pollard,206.0,Alun Armstrong,192.0,Alastair Duncan,38.0,75.0,0
tt1592154,,27.0,,Melinda Clarke,787.0,Xander Berkeley,485.0,Aaron Stanford,346.0,83.0,0
tt0250371,Mitch Davis,27.0,7.0,Anne Hathaway,11000.0,Nathaniel Lees,43.0,Miriama Smith,35.0,85.0,650
tt0204993,,11.0,,Jensen Ackles,10000.0,Ashley Scott,794.0,John Savage,652.0,160.0,0
tt0420332,Yash Chopra,29.0,147.0,Shah Rukh Khan,8000.0,Preity Zinta,860.0,Anupam Kher,397.0,119.0,2000
tt1012804,David Mamet,158.0,342.0,Alice Braga,1000.0,Randy Couture,518.0,Jose Pablo Cantillo,501.0,119.0,0
tt1336617,Jay Duplass,223.0,157.0,Matt Walsh,490.0,Tim Guinee,259.0,Katie Aselton,224.0,126.0,0
tt0160216,Kevin Brodie,25.0,0.0,Bruce McGill,655.0,Cheryl Ladd,476.0,Jack Warden,359.0,20.0,157
tt0298744,Paul Schrader,97.0,261.0,Ed Begley Jr.,783.0,Michael McKean,658.0,Kurt Fuller,617.0,147.0,357
tt0432402,George Hickenlooper,117.0,60.0,Hayden Christensen,4000.0,Jimmy Fallon,787.0,Beth Grant,628.0,106.0,3000
tt1242460,Lynne Ramsay,389.0,159.0,Ezra Miller,3000.0,Siobhan Fallon Hogan,294.0,Ashley Gerasimovich,77.0,301.0,38000
tt2739338,John Stephenson,9.0,0.0,Samantha Barks,2000.0,Hans Matheson,627.0,Lesley Manville,149.0,34.0,962
tt1034324,Tim Chambers,34.0,2.0,Ellen Burstyn,1000.0,Marley Shelton,690.0,Jennifer Butler,455.0,12.0,797
tt0085868,Curtis Hanson,7.0,161.0,Tom Cruise,10000.0,Shelley Long,422.0,Rick Rossovich,172.0,16.0,168
tt1121977,Rodrigo García,161.0,127.0,Naomi Watts,6000.0,Jimmy Smits,941.0,Carla Gallo,798.0,65.0,0
tt0076175,Dick Richards,6.0,6.0,Catherine Deneuve,963.0,Terence Hill,750.0,Jack O'Halloran,375.0,26.0,122
tt0108500,Jean-Marie Poiré,16.0,8.0,Christian Clavier,106.0,Isabelle Nanty,54.0,Valérie Lemercier,39.0,78.0,0
tt1421051,Sofia Coppola,301.0,0.0,Nathalie Fay,227.0,Chris Pontius,218.0,Erin Wasson,106.0,198.0,0
tt1220628,Bob Gosse,52.0,10.0,Geoff Stults,756.0,Susie Abromeit,216.0,Derek Wayne Johnson,184.0,72.0,0
tt0118836,Alex Zamm,12.0,43.0,Taylor Negron,1000.0,Raquel Welch,788.0,Larry Miller,611.0,62.0,724
tt1403177,Spencer Susser,134.0,58.0,Joseph Gordon-Levitt,23000.0,Natalie Portman,20000.0,Rainn Wilson,973.0,99.0,19000
tt2402105,Richard Shepard,151.0,47.0,Richard E. Grant,554.0,Mark Wingett,524.0,Richard Graham,13.0,66.0,0
tt0302674,Gus Van Sant,103.0,835.0,Matt Damon,13000.0,Casey Affleck,0.0,,,290.0,0
tt0301390,Thaddeus O'Sullivan,39.0,5.0,Olivia Williams,766.0,Luke Newberry,358.0,Eleanor Bron,52.0,25.0,97
tt1658801,Peter Sollett,133.0,6.0,Steve Carell,7000.0,Josh Charles,1000.0,Luke Grimes,935.0,25.0,0
tt1361313,Shari Springer Berman,104.0,30.0,Lynn Cohen,474.0,Marian Seldes,403.0,Dan Hedaya,281.0,29.0,916
tt2328813,Aleksey German,121.0,23.0,Leonid Yarmolnik,4.0,Yuriy Tsurilo,4.0,Valentin Golubenko,0.0,28.0,1000
tt1106860,Stephen Milburn Anderson,27.0,0.0,Chris Hemsworth,26000.0,Mike Starr,854.0,Paul Sanchez,410.0,38.0,694
tt0419256,Richard E. Grant,49.0,554.0,Emily Watson,876.0,Julie Walters,838.0,Miranda Richardson,530.0,50.0,311
tt0144117,Troy Duffy,100.0,78.0,Norman Reedus,12000.0,David Della Rocco,333.0,Bob Marley,184.0,876.0,16000
tt3469440,David Lam,12.0,4.0,Michael Wong,91.0,Louis Koo,82.0,Stephen Au,4.0,1.0,55
tt1756851,Francis Ford Coppola,112.0,0.0,Alden Ehrenreich,1000.0,Bruce Dern,844.0,Joanne Whalley,507.0,70.0,0
tt2243621,Vladlen Barbe,10.0,0.0,Erin Fitzgerald,99.0,Wendee Lee,62.0,Ivan Okhlobystin,26.0,9.0,453
tt4061848,Richard Rich,2.0,24.0,Debi Derryberry,122.0,Kate Higgins,35.0,Cindy Robinson,29.0,6.0,41
tt0089767,Clint Eastwood,38.0,16000.0,Clint Eastwood,16000.0,Chris Penn,455.0,Sydney Penny,240.0,138.0,0
tt0942903,Robert C. Cooper,18.0,49.0,Ben Browder,878.0,Christopher Judge,847.0,Julian Sands,687.0,42.0,389
tt0106677,Richard Linklater,152.0,0.0,Milla Jovovich,14000.0,Adam Goldberg,1000.0,Cole Hauser,787.0,408.0,10000
tt0810900,Kenny Ortega,44.0,197.0,Lucas Grabeel,755.0,Corbin Bleu,632.0,Olesya Rulin,578.0,162.0,586
tt4412528,Kim Nguyen,6.0,16.0,Gordon Pinsent,149.0,Justin Edward Seale,147.0,John Ralston,63.0,6.0,187
tt3687310,Jackie Earle Haley,46.0,0.0,Rex Baker,15000.0,Edi Gathegi,725.0,Travis Aaron Wade,493.0,38.0,0
tt0130444,Max Färberböck,63.0,4.0,Heike Makatsch,177.0,Johanna Wokalek,66.0,Maria Schrader,36.0,51.0,687
tt0406650,Arie Posin,74.0,3.0,Rory Culkin,710.0,John Heard,697.0,Tim DeKay,436.0,129.0,1000
tt0323939,Damian Nieman,25.0,0.0,Glenn Plummer,240.0,Jason Cerbone,83.0,Mark De Alessandro,83.0,65.0,413
tt1582507,Mark Tonderai,224.0,13.0,Jennifer Lawrence,34000.0,Nolan Gerard Funk,924.0,Gil Bellows,261.0,160.0,10000
tt1255953,Denis Villeneuve,226.0,777.0,Lubna Azabal,131.0,Mélissa Désormeaux-Poulin,66.0,Ahmad Massad,58.0,156.0,37000
tt0323807,Gabriele Muccino,36.0,125.0,Laura Morante,60.0,Silvio Muccino,29.0,Giulia Michelini,11.0,21.0,282
tt1003034,Ian Fitzgibbon,54.0,11.0,Jim Broadbent,1000.0,Brendan Coyle,418.0,Michael McElhatton,415.0,31.0,663
tt0861739,José Padilha,142.0,294.0,Wagner Moura,585.0,Fernanda Machado,39.0,André Ramiro,15.0,107.0,11000
tt3322940,John R. Leonetti,271.0,40.0,Alfre Woodard,1000.0,Annabelle Wallis,421.0,Gabriel Bateman,300.0,291.0,45000
tt1148165,Rachel Perkins,33.0,3.0,Deborah Mailman,46.0,Magda Szubanski,46.0,Jessica Mauboy,38.0,31.0,479
tt0101507,John Singleton,64.0,309.0,John Cothran,27.0,Lloyd Avery II,26.0,Na'Blonka Durden,15.0,183.0,0
tt0093378,Luis Valdez,18.0,7.0,Esai Morales,699.0,Rosanna DeSoto,63.0,Danielle von Zerneck,51.0,63.0,0
tt0082405,Alan Alda,6.0,0.0,Rita Moreno,804.0,Len Cariou,167.0,Sandy Dennis,146.0,33.0,337
tt0080661,Brian De Palma,121.0,0.0,Angie Dickinson,754.0,David Margulies,567.0,Nancy Allen,517.0,201.0,0
tt0106223,Stephen Sommers,14.0,208.0,Curtis Armstrong,876.0,Frances Conroy,827.0,Anne Heche,689.0,54.0,391
tt0139239,Doug Liman,137.0,218.0,Sarah Polley,900.0,Jay Mohr,563.0,Scott Wolf,376.0,418.0,0
tt0436331,Nicole Holofcener,111.0,132.0,Greg Germann,435.0,Marin Hinkle,230.0,Jake Cherry,180.0,166.0,515
tt0066769,Robert Wise,57.0,338.0,David Wayne,116.0,Paula Kelly,112.0,Eric Christmas,45.0,171.0,0
tt0200469,Louis Morneau,97.0,38.0,Leon,730.0,Bob Gunton,461.0,Ned Bellamy,91.0,160.0,342
tt0161860,Caroline Link,73.0,11.0,Merab Ninidze,56.0,Juliane Köhler,36.0,Matthias Habich,8.0,84.0,802
tt1723811,Steve McQueen,486.0,0.0,Michael Fassbender,13000.0,Nicole Beharie,898.0,James Badge Dale,726.0,375.0,23000
tt0375912,Matthew Vaughn,149.0,905.0,Tom Hardy,27000.0,Sally Hawkins,594.0,Jamie Foreman,466.0,263.0,0
tt0457530,Sterling Van Wagenen,4.0,0.0,Emily Podleski,1000.0,Eric Johnson,373.0,Brenda Strong,266.0,21.0,19
tt1869716,Zal Batmanglij,200.0,129.0,Alexander Skarsgård,10000.0,Julia Ormond,918.0,Jason Ritter,782.0,119.0,12000
tt0359423,Michael Mayer,84.0,15.0,Robin Wright,18000.0,Matt Frewer,986.0,Sissy Spacek,874.0,135.0,1000
tt0168446,Hans Petter Moland,28.0,19.0,Charlotte Rampling,844.0,Sara-Marie Maltha,2.0,Stellan Skarsgård,0.0,35.0,260
tt0790712,Oren Moverman,217.0,38.0,Steve Buscemi,12000.0,Yaya DaCosta,712.0,Eamonn Walker,706.0,92.0,0
tt1414378,Ian Sharp,12.0,9.0,Ray Winstone,1000.0,Jed Brophy,433.0,Temuera Morrison,368.0,18.0,830
tt0421082,Anton Corbijn,183.0,210.0,Sam Riley,845.0,Samantha Morton,631.0,Alexandra Maria Lara,471.0,143.0,13000
tt0088247,James Cameron,204.0,0.0,Michael Biehn,2000.0,Brian Thompson,663.0,Paul Winfield,255.0,692.0,13000
tt0301357,Wolfgang Becker,153.0,31.0,Florian Lukas,65.0,Chulpan Khamatova,51.0,Burghart Klaußner,43.0,225.0,11000
tt1226271,Tom Hooper,145.0,0.0,Stephen Graham,1000.0,Mark Bazeley,54.0,Maurice Roëves,27.0,75.0,0
tt0089907,Dan O'Bannon,203.0,228.0,Linnea Quigley,431.0,Clu Gulager,426.0,Beverly Randolph,358.0,300.0,0
tt2049116,,10.0,,Maria Pia Calzone,18.0,Fortunato Cerlino,9.0,Marco D'Amore,5.0,25.0,0
tt0113749,Kevin Smith,93.0,0.0,Ethan Suplee,1000.0,Jason Mewes,898.0,Joey Lauren Adams,781.0,434.0,0
tt0077631,Randal Kleiser,124.0,116.0,Olivia Newton-John,1000.0,Stockard Channing,944.0,Sid Caesar,898.0,350.0,13000
tt0091763,Oliver Stone,120.0,0.0,Johnny Depp,40000.0,Tom Berenger,854.0,Kevin Dillon,576.0,505.0,9000
tt0361596,Michael Moore,288.0,909.0,Osama bin Laden,503.0,Stevie Wonder,328.0,Ricky Martin,282.0,1416.0,0
tt0064115,George Roy Hill,130.0,131.0,Katharine Ross,640.0,Ted Cassidy,566.0,Kenneth Mars,399.0,309.0,0
tt0058331,Robert Stevenson,145.0,55.0,Ed Wynn,382.0,Glynis Johns,279.0,Elsa Lanchester,266.0,259.0,0
tt0081283,Robert Redford,62.0,0.0,Adam Baldwin,2000.0,Elizabeth McGovern,553.0,Judd Hirsch,535.0,283.0,0
tt0327437,Frank Coraci,188.0,153.0,Jim Broadbent,1000.0,Steve Coogan,1000.0,Cécile De France,447.0,191.0,0
tt0055614,Jerome Robbins,120.0,34.0,Rita Moreno,804.0,George Chakiris,271.0,Richard Beymer,249.0,316.0,0
tt0080487,Harold Ramis,71.0,11000.0,Bill Murray,13000.0,Rodney Dangerfield,573.0,Brian Doyle-Murray,484.0,250.0,0
tt0250274,Gary Hardwick,52.0,10.0,Julie Benz,3000.0,Tatyana Ali,685.0,Jenifer Lewis,578.0,43.0,478
tt0161100,Rick Famuyiwa,18.0,44.0,Omar Epps,865.0,Tamala Jones,405.0,Richard T. Jones,328.0,50.0,990
tt0114814,Bryan Singer,162.0,0.0,Kevin Spacey,18000.0,Chazz Palminteri,979.0,Kevin Pollak,574.0,1182.0,28000
tt0097981,Stephen Hopkins,88.0,81.0,Lisa Wilcox,321.0,Kelly Jo Minter,101.0,Matthew Borlenghi,92.0,227.0,1000
tt0283111,Walt Becker,96.0,12.0,Ryan Reynolds,16000.0,Curtis Armstrong,876.0,Erik Estrada,583.0,258.0,0
tt1125849,Darren Aronofsky,391.0,0.0,Mark Margolis,1000.0,John D'Leo,245.0,Ajay Naidu,120.0,547.0,10000
tt0038499,King Vidor,32.0,54.0,Joseph Cotten,469.0,Lillian Gish,436.0,Jennifer Jones,332.0,87.0,403
tt0218839,Christopher Guest,119.0,378.0,John Michael Higgins,957.0,Catherine O'Hara,925.0,Michael McKean,658.0,340.0,0
tt0082340,John Carpenter,201.0,0.0,Donald Pleasence,742.0,Adrienne Barbeau,602.0,Tom Atkins,381.0,284.0,0
tt0096054,Spike Lee,22.0,0.0,Tisha Campbell-Martin,413.0,Ossie Davis,282.0,Bill Nunn,182.0,38.0,624
tt0462244,Fred Savage,52.0,0.0,Lochlyn Munro,555.0,Brian Doyle-Murray,484.0,Tamala Jones,405.0,32.0,256
tt0117786,Sammo Kam-Bo Hung,63.0,472.0,Sammo Kam-Bo Hung,472.0,Richard Norton,155.0,Rachel Blakely,64.0,70.0,355
tt0310281,Christopher Guest,97.0,378.0,Michael McKean,658.0,Christopher Guest,378.0,Laura Harris,345.0,272.0,0
tt0095690,Donald Petrie,34.0,80.0,Julia Roberts,8000.0,Lili Taylor,960.0,Conchata Ferrell,658.0,73.0,0
tt3910804,,10.0,,Jim Broadbent,1000.0,Tuppence Middleton,888.0,Lily James,502.0,44.0,11000
tt0120148,Peter Howitt,88.0,29.0,Jeanne Tripplehorn,711.0,Kevin McNally,427.0,John Lynch,161.0,278.0,0
tt0114609,Rusty Cundieff,25.0,38.0,Corbin Bernsen,1000.0,Clarence Williams III,475.0,David Alan Grier,360.0,52.0,985
tt0455590,Kevin Macdonald,252.0,162.0,David Oyelowo,1000.0,Simon McBurney,149.0,Abby Mukiibi Nkaaga,25.0,351.0,0
tt0097474,Dominique Othenin-Girard,137.0,2.0,Donald Pleasence,742.0,Tamara Glynn,256.0,Troy Evans,120.0,287.0,926
tt1704573,Richard Linklater,231.0,0.0,Matthew McConaughey,11000.0,Brandon Smith,106.0,Rick Dial,84.0,136.0,15000
tt0996382,Jean-Jacques Mantello,9.0,0.0,Charlotte Rampling,844.0,Daryl Hannah,0.0,,,5.0,28
tt0183659,Ed Harris,115.0,0.0,John Heard,697.0,Bud Cort,394.0,Amy Madigan,221.0,148.0,0
tt0137338,Risa Bramon Garcia,67.0,112.0,Janeane Garofalo,1000.0,Dave Chappelle,744.0,Gaby Hoffmann,612.0,182.0,0
tt1840417,Brian Klugman,216.0,49.0,J.K. Simmons,24000.0,Bradley Cooper,14000.0,Olivia Wilde,10000.0,130.0,21000
tt1702425,Matt Piedmont,133.0,4.0,Will Ferrell,8000.0,Adrian Martinez,806.0,Luis E. Carazo,546.0,70.0,9000
tt1174730,Raymond De Felitta,149.0,20.0,Ezra Miller,3000.0,Curtiss Cook,591.0,Dominik García-Lorido,130.0,101.0,0
tt1540133,John Michael McDonagh,261.0,51.0,Don Cheadle,3000.0,Fionnula Flanagan,482.0,Wale Ojo,28.0,131.0,17000
tt0844671,Deb Hagan,42.0,0.0,Drake Bell,1000.0,Alona Tal,1000.0,Haley Bennett,664.0,78.0,422
tt0159097,Sofia Coppola,152.0,0.0,Kirsten Dunst,4000.0,Kathleen Turner,899.0,Scott Glenn,826.0,520.0,0
tt0147004,Mark Herman,64.0,39.0,Jim Broadbent,1000.0,Annette Badland,497.0,Brenda Blethyn,286.0,160.0,915
tt1151922,Zach Cregger,76.0,138.0,Hugh M. Hefner,373.0,Windell Middlebrooks,308.0,Raquel Alessi,263.0,73.0,985
tt2870708,Zach Braff,149.0,0.0,Jim Parsons,17000.0,Josh Gad,1000.0,Michael Weston,379.0,93.0,0
tt0145893,Mark Tarlov,35.0,3.0,Sarah Michelle Gellar,4000.0,Dylan Baker,812.0,Lawrence Gilliard Jr.,353.0,190.0,901
tt0412253,,47.0,,Francis Capra,937.0,Jason Dohring,828.0,Enrico Colantoni,724.0,315.0,0
tt0248845,John Cameron Mitchell,108.0,263.0,John Cameron Mitchell,263.0,Miriam Shor,261.0,Andrea Martin,179.0,231.0,0
tt0107750,Sheldon Lettich,17.0,23.0,Antoni Corone,97.0,Ryan Bollman,91.0,Todd Susman,82.0,50.0,0
tt3432552,Jon Knautz,12.0,10.0,Rachel Alig,397.0,Monda Scott,77.0,Alexis Kendra,34.0,5.0,84
tt0323944,Billy Ray,129.0,53.0,Hayden Christensen,4000.0,Rosario Dawson,3000.0,Cas Anvar,491.0,190.0,0
tt0234354,David Atkins,84.0,8.0,Chelcie Ross,244.0,Lynne Thigpen,230.0,Polly Noonan,15.0,105.0,289
tt0270259,Patrick Stettner,61.0,5.0,Stockard Channing,944.0,Tony Devon,257.0,Frederick Weller,152.0,78.0,29
tt0065214,Sam Peckinpah,147.0,541.0,William Holden,682.0,Warren Oates,288.0,L.Q. Jones,242.0,287.0,0
tt1082886,Jonathan Levine,147.0,129.0,Mary-Kate Olsen,976.0,Aaron Yoo,617.0,Method Man,362.0,75.0,0
tt0079240,Michael Crichton,23.0,735.0,Lesley-Anne Down,187.0,Michael Elphick,34.0,Pamela Salem,20.0,50.0,643
tt0300214,Lynne Ramsay,75.0,159.0,Samantha Morton,631.0,Bryan Dick,104.0,Paul Popplewell,53.0,111.0,605
tt0101412,Sylvio Tabet,17.0,0.0,Michael Berryman,721.0,Kari Wuhrer,514.0,Marc Singer,284.0,16.0,125
tt1130964,Rick Bieber,16.0,11.0,Aidan Quinn,767.0,Kendrick Cross,529.0,Sammy Nagi Njuguna,316.0,29.0,0
tt0322289,Claude Chabrol,60.0,324.0,Benoît Magimel,173.0,Nathalie Baye,67.0,Mélanie Doutey,27.0,36.0,52
tt1226232,Shana Feste,63.0,19.0,Jennifer Ehle,1000.0,Zoë Kravitz,943.0,Cara Seymour,71.0,50.0,0
tt1541995,Wayne Wang,56.0,61.0,Bingbing Li,974.0,Russell Wong,595.0,Ji-hyun Jun,451.0,22.0,0
tt0457308,Joey Lauren Adams,36.0,781.0,Tim Blake Nelson,596.0,Diane Ladd,206.0,Ritchie Montgomery,90.0,29.0,224
tt0246134,Peter Cattaneo,47.0,11.0,James Nesbitt,773.0,Olivia Williams,766.0,Peter McNamara,419.0,34.0,30
tt0076245,Fred Zinnemann,38.0,160.0,Meryl Streep,11000.0,Jane Fonda,949.0,Vanessa Redgrave,898.0,44.0,733
tt0976247,S.R. Bindler,26.0,0.0,Matthew McConaughey,11000.0,Scott Glenn,826.0,Sarah Wright,499.0,37.0,850
tt0841119,Tony Kaye,47.0,194.0,Noam Chomsky,103.0,Pat Buchanan,2.0,Bill Baird,0.0,29.0,570
tt0331811,Greg Marcks,68.0,9.0,Henry Thomas,861.0,Barbara Hershey,618.0,Shawn Hatosy,407.0,133.0,0
tt0110490,Perry Lang,19.0,17.0,Catherine Bell,636.0,Kevin Tighe,472.0,Tim Guinee,259.0,38.0,176
tt1281374,Jake Goldberger,39.0,2.0,Pruitt Taylor Vince,592.0,M. Emmet Walsh,521.0,Robert Wahlberg,99.0,17.0,275
tt1667310,Stefan Ruzowitzky,162.0,24.0,Charlie Hunnam,16000.0,Olivia Wilde,10000.0,Sissy Spacek,874.0,86.0,0
tt1014774,Vic Sarin,37.0,24.0,Connie Nielsen,933.0,Aidan Quinn,767.0,John Bell,130.0,19.0,1000
tt1575694,William Kaufman,26.0,58.0,Drew Waters,848.0,Sean Cook,816.0,Cole Hauser,787.0,39.0,0
tt1366312,,10.0,,Romola Garai,805.0,Blake Ritson,432.0,Rupert Evans,334.0,50.0,0
tt0086541,David Cronenberg,179.0,0.0,Debbie Harry,391.0,Leslie Carlson,20.0,Reiner Schwarz,15.0,228.0,0
tt0283900,Cédric Klapisch,88.0,82.0,Romain Duris,809.0,Cécile De France,447.0,Iddo Goldberg,269.0,149.0,0
tt2182972,Kate Barker-Froyland,43.0,4.0,Anne Hathaway,11000.0,Shawn Parsons,485.0,Li Jun Li,444.0,21.0,0
tt0264935,Barbet Schroeder,136.0,58.0,Ryan Gosling,33000.0,Chris Penn,455.0,Agnes Bruckner,400.0,302.0,0
tt0795441,Martin Koolhoven,111.0,12.0,Yorick van Wageningen,163.0,Tygo Gernandt,20.0,Martijn Lakemeier,19.0,37.0,0
tt0938305,Charles Matthau,13.0,139.0,Billy Burke,2000.0,Michael Jai White,2000.0,Bill Duke,1000.0,11.0,0
tt0059825,John Frankenheimer,64.0,287.0,Jeanne Moreau,343.0,Paul Scofield,94.0,Michel Simon,28.0,124.0,0
tt1772408,Christopher M. Bessette,6.0,0.0,Mira Sorvino,978.0,John Billingsley,323.0,Trieu Tran,57.0,8.0,543
tt0427954,Prachya Pinkaew,112.0,64.0,Jon Foo,778.0,Nathan Jones,635.0,Johnny Nguyen,380.0,214.0,0
tt0120210,Gary Sinyor,12.0,0.0,Sean Pertwee,722.0,Frank Finlay,338.0,Samuel West,136.0,21.0,109
tt1220617,,15.0,,Simon Bird,229.0,Belinda Stewart-Wilson,223.0,James Buckley,220.0,42.0,0
tt0286499,Gurinder Chadha,161.0,98.0,Archie Panjabi,883.0,Parminder Nagra,528.0,Anupam Kher,397.0,438.0,0
tt0286179,John Sayles,68.0,407.0,Miguel Ferrer,688.0,Edie Falco,659.0,Timothy Hutton,501.0,81.0,160
tt0473024,Preston A. Whitmore II,25.0,17.0,Wesley Jonathan,592.0,Wayne Brady,378.0,Eva Marcille,255.0,36.0,244
tt2166214,Ashish R. Mohan,23.0,2.0,Asin,634.0,Mithun Chakraborty,284.0,Johnny Lever,61.0,31.0,365
tt1245112,Jaume Balagueró,222.0,57.0,Jonathan D. Mellor,37.0,Pablo Rosso,9.0,Andrea Ros,6.0,148.0,4000
tt1303803,Stewart Raffill,9.0,12.0,Kayla Jackson,25.0,Alexis Biesiada,11.0,Kayla Raparelli,10.0,6.0,277
tt0070735,George Roy Hill,119.0,131.0,Eileen Brennan,1000.0,Robert Shaw,559.0,Ray Walston,417.0,252.0,0
tt0082158,Hugh Hudson,90.0,46.0,Alice Krige,368.0,Ben Cross,303.0,John Gielgud,249.0,213.0,0
tt0422093,Darren Grant,62.0,0.0,Cicely Tyson,907.0,Kimberly Elise,637.0,Tamara Taylor,476.0,202.0,0
tt0117631,Scott Hicks,71.0,96.0,Noah Taylor,509.0,Armin Mueller-Stahl,294.0,Nicholas Bell,35.0,104.0,0
tt2229499,Joseph Gordon-Levitt,364.0,23000.0,Joseph Gordon-Levitt,23000.0,Scarlett Johansson,19000.0,Tony Danza,694.0,314.0,33000
tt0068699,Clint Eastwood,72.0,16000.0,Clint Eastwood,16000.0,Richard Bull,742.0,John Hillerman,258.0,169.0,0
tt0162346,Terry Zwigoff,122.0,72.0,Scarlett Johansson,19000.0,Steve Buscemi,12000.0,T.J. Thyne,722.0,488.0,5000
tt0280778,Richard Eyre,100.0,14.0,Kate Winslet,14000.0,Jim Broadbent,1000.0,Kris Marshall,548.0,144.0,0
tt0080771,William Sachs,24.0,14.0,Stephen Macht,113.0,Avery Schreiber,110.0,Angelo Rossitto,60.0,44.0,438
tt0372824,Christophe Barratier,112.0,25.0,Jean-Baptiste Maunier,517.0,François Berléand,86.0,Gérard Jugnot,57.0,110.0,0
tt0330602,Émile Gaudreault,67.0,9.0,Paul Sorvino,636.0,Luke Kirby,210.0,Claudia Ferri,71.0,67.0,352
tt0335563,James Cox,91.0,10.0,Alexis Dziena,715.0,Louis Lombardi,436.0,Franky G,93.0,153.0,1000
tt0097216,Spike Lee,103.0,0.0,Ruby Dee,782.0,John Savage,652.0,Danny Aiello,388.0,418.0,0
tt0242508,James Toback,27.0,56.0,Sarah Michelle Gellar,4000.0,Eric Stoltz,902.0,Joey Lauren Adams,781.0,69.0,113
tt1508675,Aki Kaurismäki,205.0,592.0,Jean-Pierre Léaud,232.0,Kati Outinen,67.0,Jean-Pierre Darroussin,36.0,41.0,0
tt0290673,Gaspar Noé,192.0,929.0,Philippe Nahon,56.0,Albert Dupontel,46.0,Jo Prestia,9.0,664.0,13000
tt2914838,Hitoshi Matsumoto,72.0,17.0,Lindsay Kay Hayward,31.0,Hitoshi Matsumoto,17.0,Shinobu Terajima,16.0,12.0,543
tt0405508,Rakeysh Omprakash Mehra,33.0,85.0,Anupam Kher,397.0,Steven Mackintosh,227.0,Madhavan,199.0,321.0,0
tt3297554,Collin Schiffli,22.0,4.0,Kim Shaw,934.0,John Heard,697.0,David Dastmalchian,290.0,8.0,679
tt1251743,George Ratliff,48.0,3.0,Jim Gaffigan,472.0,Cree Kelly,39.0,Mike Eshaq,38.0,31.0,1000
tt0811106,David Wain,65.0,136.0,Jon Hamm,4000.0,Ken Marino,543.0,Ron Silver,139.0,117.0,915
tt0202559,Shane Meadows,29.0,222.0,Bob Hoskins,5000.0,Paddy Considine,680.0,Shane Meadows,222.0,47.0,484
tt1614989,Morten Tyldum,284.0,77.0,Aksel Hennie,286.0,Synnøve Macody Lund,52.0,Julie R. Ølgaard,27.0,121.0,23000
tt1525366,Jon Wright,187.0,4.0,Russell Tovey,796.0,Richard Coyle,567.0,Bronagh Gallagher,114.0,70.0,11000
tt0384488,Michael McGowan,47.0,12.0,Campbell Scott,393.0,Adam Butcher,259.0,Gordon Pinsent,149.0,52.0,989
tt2667960,Liv Ullmann,88.0,440.0,Samantha Morton,631.0,Jessica Chastain,0.0,Colin Farrell,0.0,14.0,0
tt0081534,Jeannot Szwarc,41.0,82.0,Teresa Wright,208.0,Bill Erwin,191.0,George Voskovec,32.0,249.0,0
tt1618430,Rohan Sippy,24.0,4.0,Abhishek Bachchan,374.0,Bipasha Basu,282.0,Prateik,47.0,27.0,421
tt2226417,James Wan,318.0,0.0,Lin Shaye,852.0,Barbara Hershey,618.0,Leigh Whannell,482.0,269.0,35000
tt0432348,Darren Lynn Bousman,250.0,163.0,Emmanuelle Vaugier,1000.0,Tony Nappo,654.0,Shawnee Smith,651.0,864.0,0
tt1179933,Dan Trachtenberg,411.0,16.0,Bradley Cooper,14000.0,John Gallagher Jr.,338.0,Sumalee Montano,82.0,440.0,33000
tt0322802,Jeff Tremaine,106.0,79.0,Bam Margera,608.0,Steve-O,362.0,Chris Pontius,218.0,327.0,0
tt4786282,David F. Sandberg,159.0,26.0,Billy Burke,2000.0,Amiah Miller,509.0,Gabriel Bateman,300.0,95.0,0
tt1778304,Henry Joost,251.0,24.0,Johanna Braddy,581.0,Sprague Grayden,438.0,Christopher Nicholas Smith,434.0,314.0,24000
tt1204977,Stiles White,183.0,10.0,Lin Shaye,852.0,Shelley Hennig,707.0,Daren Kagasoff,704.0,159.0,18000
tt0093629,Chuck Russell,131.0,55.0,John Saxon,506.0,Heather Langenkamp,449.0,Jennifer Rubin,150.0,311.0,0
tt4178092,Joel Edgerton,297.0,0.0,Busy Philipps,1000.0,Allison Tolman,562.0,Wendell Pierce,458.0,279.0,15000
tt2378281,Eugenio Derbez,41.0,399.0,Eugenio Derbez,399.0,Jessica Lindsey,89.0,Hugo Stiglitz,83.0,81.0,14000
tt2109184,Henry Joost,248.0,24.0,Matt Shively,235.0,Brendon Eggertsen,119.0,Alisha Boe,113.0,247.0,26000
tt0046247,Henry Koster,42.0,28.0,Richard Burton,726.0,Jean Simmons,422.0,Victor Mature,275.0,69.0,0
tt0072081,Blake Edwards,33.0,688.0,Burt Kwouk,462.0,Herbert Lom,278.0,Catherine Schell,80.0,73.0,620
tt0101917,Rachel Talalay,91.0,54.0,Johnny Depp,40000.0,Tom Arnold,618.0,Yaphet Kotto,581.0,252.0,963
tt0340855,Patty Jenkins,185.0,260.0,Charlize Theron,9000.0,Bruce Dern,844.0,Pruitt Taylor Vince,592.0,533.0,0
tt0046672,Richard Fleischer,69.0,130.0,James Mason,617.0,Robert J. Wilke,53.0,Paul Lukas,51.0,108.0,0
tt2473682,Christopher Landon,220.0,52.0,Richard Cabral,510.0,Gloria Sandoval,358.0,Molly Ephraim,332.0,155.0,10000
tt0080678,David Lynch,117.0,0.0,Anthony Hopkins,12000.0,Anne Bancroft,754.0,Dexter Fletcher,452.0,356.0,9000
tt0790636,Jean-Marc Vallée,471.0,212.0,Matthew McConaughey,11000.0,Jennifer Garner,3000.0,Denis O'Hare,896.0,340.0,65000
tt2918436,David Gelb,152.0,26.0,Olivia Wilde,10000.0,Mark Duplass,830.0,Donald Glover,801.0,126.0,0
tt0209144,Christopher Nolan,274.0,22000.0,Callum Rennie,716.0,Thomas Lennon,651.0,Jorja Fox,379.0,2067.0,40000
tt2388715,Mike Flanagan,336.0,59.0,James Lafferty,972.0,Rory Cochrane,407.0,Garrett Ryan,202.0,339.0,23000
tt0424345,Kevin Smith,174.0,0.0,Ethan Suplee,1000.0,Jason Mewes,898.0,Brian O'Halloran,657.0,472.0,0
tt0249462,Stephen Daldry,151.0,335.0,Julie Walters,838.0,Gary Lewis,203.0,Jamie Draven,34.0,433.0,0
tt1727388,Nat Faxon,276.0,214.0,Steve Carell,7000.0,Liam James,468.0,Jim Rash,424.0,216.0,22000
tt0102065,George Jackson,12.0,0.0,William Schallert,901.0,Tisha Campbell-Martin,413.0,Helen Martin,287.0,11.0,232
tt0084296,George Miller,18.0,18.0,Tony Bonner,492.0,Jack Thompson,155.0,Tom Burlinson,75.0,56.0,0
tt0187819,Maurice Joyce,28.0,0.0,Frank Welker,2000.0,Constance Shulman,804.0,Alice Playten,73.0,18.0,122
tt0118632,Robert Duvall,95.0,3000.0,John Beasley,205.0,Todd Allen,130.0,June Carter Cash,77.0,157.0,1000
tt0082766,Frank Perry,74.0,24.0,Faye Dunaway,977.0,Xander Berkeley,485.0,Diana Scarwid,157.0,161.0,0
tt1637706,Jesse Peretz,179.0,37.0,Zooey Deschanel,11000.0,Adam Scott,3000.0,Steve Coogan,1000.0,115.0,11000
tt3499096,Stephen Hopkins,125.0,81.0,William Hurt,882.0,Tony Curran,845.0,David Kross,388.0,49.0,0
tt0119905,Ice Cube,22.0,0.0,Bernie Mac,1000.0,Monica Calhoun,597.0,Chrystale Wilson,498.0,26.0,575
tt0184791,Tim Blake Nelson,92.0,596.0,Mekhi Phifer,1000.0,Andrew Keegan,835.0,John Heard,697.0,153.0,0
tt2870612,John Erick Dowdle,196.0,66.0,Ben Feldman,1000.0,Edwin Hodge,200.0,Perdita Weeks,161.0,211.0,14000
tt2205401,Bille Woodruff,9.0,23.0,Boris Kodjoe,1000.0,Cameron Mills,694.0,Sharon Leal,467.0,33.0,0
tt0119080,Kasi Lemmons,31.0,148.0,Jurnee Smollett-Bell,2000.0,Lynn Whitfield,434.0,Diahann Carroll,426.0,209.0,599
tt3316960,Richard Glatzer,309.0,25.0,Kristen Stewart,17000.0,Hunter Parrish,2000.0,Seth Gilliam,423.0,195.0,45000
tt0046949,Michael Curtiz,15.0,345.0,Gene Tierney,535.0,Peter Ustinov,440.0,Jean Simmons,422.0,67.0,376
tt0082817,Bruce Malmuth,36.0,6.0,Sylvester Stallone,13000.0,Lindsay Wagner,970.0,Persis Khambatta,142.0,107.0,0
tt0097388,Rob Hedden,129.0,6.0,Kane Hodder,935.0,Peter Mark Richman,120.0,Scott Reeves,65.0,291.0,1000
tt0259446,Joel Zwick,168.0,38.0,Nia Vardalos,567.0,Louis Mandylor,312.0,Lainie Kazan,249.0,756.0,5000
tt2101441,Harmony Korine,444.0,520.0,James Franco,11000.0,Heather Morris,892.0,Rachel Korine,192.0,561.0,25000
tt0113253,Joe Chappelle,123.0,13.0,Donald Pleasence,742.0,Kim Darby,152.0,Mitchell Ryan,141.0,335.0,0
tt0245574,Alfonso Cuarón,173.0,0.0,Maribel Verdú,269.0,Daniel Giménez Cacho,43.0,María Aura,19.0,385.0,0
tt0365748,Edgar Wright,246.0,1000.0,Peter Serafinowicz,605.0,Dylan Moran,427.0,Rafe Spall,358.0,859.0,19000
tt1045655,Mickey Liddell,74.0,7.0,Jessica Lowndes,1000.0,Randy Wayne,984.0,Haley Bennett,664.0,113.0,562
tt0116905,John Sayles,68.0,407.0,Matthew McConaughey,11000.0,Clifton James,189.0,Miriam Colon,111.0,173.0,0
tt0095271,Dwight H. Little,144.0,27.0,Donald Pleasence,742.0,Kathleen Kinmont,120.0,Ellie Cornell,101.0,374.0,0
tt0090655,Fred Walton,96.0,17.0,Thomas F. Wilson,690.0,Deborah Foreman,190.0,Clayton Rohner,85.0,125.0,0
tt0083833,Barry Levinson,42.0,272.0,Steve Guttenberg,801.0,Daniel Stern,796.0,Ellen Barkin,551.0,87.0,0
tt0085862,Steve Carver,29.0,8.0,David Carradine,926.0,William Sanderson,400.0,Robert Beltran,268.0,65.0,0
tt1772240,Gonzalo López-Gallego,228.0,17.0,Warren Christie,520.0,Ryan Robbins,270.0,Andrew Airlie,205.0,323.0,0
tt0862846,Christine Jeffs,195.0,19.0,Clifton Collins Jr.,968.0,Mary Lynn Rajskub,934.0,Paul Dooley,260.0,134.0,0
tt1781922,John Erick Dowdle,203.0,66.0,Sterling Jerins,155.0,Claire Geare,78.0,Sahajak Boonthanakit,13.0,214.0,16000
tt0083630,Don Coscarelli,44.0,152.0,Vanna Bonta,21000.0,John Amos,982.0,Rip Torn,826.0,87.0,0
tt0053290,King Vidor,14.0,54.0,Gina Lollobrigida,746.0,George Sanders,333.0,Finlay Currie,70.0,33.0,270
tt4667094,Michael Tiddes,59.0,89.0,Fred Willard,729.0,Mike Epps,706.0,Russell Peters,355.0,53.0,11000
tt0795438,Bill Duke,45.0,1000.0,Eddie Cibrian,849.0,Jenifer Lewis,578.0,Wood Harris,409.0,21.0,738
tt0022879,Frank Borzage,42.0,57.0,Gary Cooper,998.0,Helen Hayes,164.0,Adolphe Menjou,99.0,46.0,213
tt4871980,Bille Woodruff,12.0,23.0,Donald Faison,927.0,Brandy Norwood,509.0,Lauren London,503.0,9.0,740
tt0259974,Mamoru Hosoda,29.0,99.0,Lara Jill Miller,93.0,Colleen O'Shaughnessey,45.0,Mona Marshall,44.0,65.0,207
tt0332375,Brian Dannelly,121.0,12.0,Macaulay Culkin,3000.0,Patrick Fugit,835.0,Eva Amurri Martino,797.0,324.0,0
tt0338135,Denys Arcand,135.0,66.0,Marie-Josée Croze,150.0,Stéphane Rousseau,28.0,Marina Hands,21.0,166.0,0
tt0075147,Richard Lester,27.0,44.0,Robert Shaw,559.0,Denholm Elliott,249.0,Nicol Williamson,136.0,90.0,672
tt0245120,J.S. Cardone,56.0,23.0,Brendan Fehr,847.0,Kerr Smith,591.0,Izabella Miko,560.0,131.0,327
tt0077572,Guy Hamilton,22.0,82.0,Harrison Ford,11000.0,Carl Weathers,794.0,Franco Nero,576.0,80.0,729
tt0098546,Jay Levey,59.0,3.0,Fran Drescher,859.0,Gedde Watanabe,448.0,Michael Richards,448.0,198.0,0
tt0456554,Nicholaus Goossen,61.0,4.0,Linda Cardellini,2000.0,Joel David Moore,936.0,Shirley Jones,556.0,202.0,0
tt0120831,Tamara Jenkins,60.0,84.0,Natasha Lyonne,1000.0,Kevin Corrigan,778.0,Jessica Walter,572.0,79.0,462
tt0064116,Sergio Leone,164.0,0.0,Claudia Cardinale,973.0,Woody Strode,423.0,Jack Elam,392.0,565.0,10000
tt0227005,Jon Favreau,81.0,4000.0,Jon Favreau,4000.0,Faizon Love,585.0,Jonathan Silverman,334.0,165.0,393
tt1182345,Duncan Jones,415.0,0.0,Kevin Spacey,18000.0,Matt Berry,572.0,Benedict Wong,372.0,485.0,47000
tt0415949,Scott Marshall,43.0,7.0,Miranda Cosgrove,2000.0,Jami Gertz,847.0,Carter Jenkins,701.0,41.0,249
tt1529567,Ronan Chapalain,7.0,0.0,Norbert Ferrer,55.0,Guillaume Denaiffe,0.0,Chloe Hollings,0.0,4.0,89
tt0120255,Atom Egoyan,120.0,460.0,Bruce Greenwood,990.0,Sarah Polley,900.0,Simon Baker,395.0,196.0,920
tt1588337,Xavier Beauvois,195.0,22.0,Lambert Wilson,186.0,Michael Lonsdale,135.0,Olivier Rabourdin,32.0,89.0,0
tt0914797,Randall Miller,109.0,19.0,Alan Rickman,25000.0,Freddy Rodríguez,579.0,Greg Collins,39.0,89.0,0
tt0084171,Jerry Belson,21.0,3.0,Cassandra Peterson,922.0,Tim Thomerson,162.0,Bess Armstrong,83.0,32.0,323
tt0110005,Peter Jackson,93.0,0.0,Kate Winslet,14000.0,Jed Brophy,433.0,Liz Mullane,88.0,265.0,0
tt4337690,Michael Polish,12.0,35.0,Hayden Christensen,4000.0,Bobby Batson,849.0,Cynthia Barrett,473.0,29.0,0
tt1531663,Dan Rush,155.0,7.0,Will Ferrell,8000.0,Scott Takeda,981.0,Stephen Root,939.0,86.0,0
tt0120906,Jake Kasdan,81.0,52.0,Kim Dickens,624.0,Ryan O'Neal,385.0,Angela Featherstone,102.0,151.0,507
tt0361862,Brad Anderson,204.0,122.0,Christian Bale,23000.0,Jennifer Jason Leigh,1000.0,Reg E. Cathey,360.0,458.0,21000
tt0102307,Paul Schrader,19.0,261.0,Dana Delany,722.0,Jane Adams,280.0,David Clennon,145.0,39.0,247
tt1216491,Michael Cuesta,163.0,52.0,Jeremy Renner,10000.0,Paz Vega,963.0,Robert Pralgo,688.0,99.0,13000
tt0935075,John Cameron Mitchell,248.0,263.0,Dianne Wiest,967.0,Jon Tenney,289.0,Tammy Blanchard,192.0,144.0,0
tt0320244,Fenton Bailey,39.0,13.0,Macaulay Culkin,3000.0,Mia Kirshner,971.0,Marilyn Manson,600.0,158.0,0
tt4062536,Jeremy Saulnier,322.0,57.0,Alia Shawkat,727.0,Mark Webber,442.0,Joe Cole,233.0,125.0,10000
tt0422861,Billy Kent,50.0,0.0,Liza Minnelli,740.0,Tim Russ,625.0,Winter Ave Zoli,276.0,56.0,255
tt2800038,James Manera,12.0,0.0,Joaquim de Almeida,578.0,Greg Germann,435.0,Kristoffer Polaha,361.0,56.0,0
tt0115734,Wes Anderson,83.0,0.0,Andrew Wilson,387.0,Darryl Cox,96.0,Lumi Cavazos,65.0,184.0,0
tt0115495,Kevin Spacey,37.0,18000.0,Viggo Mortensen,10000.0,Joe Mantegna,1000.0,Faye Dunaway,977.0,69.0,225
tt0459293,Feroz Abbas Khan,16.0,0.0,Akshaye Khanna,75.0,Bhoomika Chawla,45.0,Darshan Jariwala,14.0,25.0,133
tt0896866,Errol Morris,121.0,239.0,Jeffrey Frost,6.0,Megan Ambuhl Graner,0.0,Ken Davis,0.0,22.0,489
tt0081291,Dennis Hopper,24.0,0.0,Raymond Burr,311.0,Don Gordon,59.0,Jim Byrnes,51.0,27.0,274
tt1465522,Eli Craig,324.0,27.0,Katrina Bowden,948.0,Tyler Labine,779.0,Chelan Simmons,440.0,200.0,49000
tt1150947,Nicholas Fackler,27.0,6.0,Adam Scott,3000.0,Ellen Burstyn,1000.0,Martin Landau,940.0,15.0,777
tt0039927,Richard Wallace,9.0,5.0,Judith Anderson,197.0,Paul Fix,116.0,Laraine Day,100.0,23.0,44
tt0126261,Morgan J. Freeman,31.0,204.0,Ethan Suplee,1000.0,John Heard,697.0,Sara Gilbert,697.0,28.0,69
tt0357585,Matthew Hastings,35.0,3.0,Meghan Ory,889.0,Marc Trottier,680.0,Corey Sevier,383.0,66.0,174
tt3567288,M. Night Shyamalan,371.0,0.0,Ocean James,432.0,Patch Darragh,309.0,Olivia DeJonge,99.0,455.0,27000
tt0937237,Brian De Palma,133.0,0.0,Mike Figueroa,343.0,Daniel Stewart Sherman,29.0,Kel O'Neill,15.0,108.0,559
tt0305632,Klaus Menzel,13.0,34.0,Adam Garcia,811.0,Jacqueline Bisset,522.0,Alice Evans,227.0,44.0,40
tt0830900,,9.0,,Holly Hunter,1000.0,Dylan Minnette,1000.0,Bokeem Woodbine,904.0,47.0,634
tt1519461,Oren Peli,56.0,110.0,Glenn Campbell,46.0,Sandra Staggs,21.0,Jelena Nik,14.0,55.0,0
tt1437358,Jaume Balagueró,191.0,57.0,Luis Tosar,331.0,Tony Corvillo,93.0,Marta Etura,78.0,48.0,0
tt0465430,Paul Andrew Williams,80.0,46.0,Dave Legeno,570.0,Doug Bradley,337.0,Georgia Groome,141.0,82.0,639
tt1079444,Stephen Herek,19.0,65.0,Henry Ian Cusick,866.0,Callum Blue,738.0,Shenae Grimes-Beech,686.0,80.0,887
tt0488539,Bob Saget,19.0,799.0,Alyson Hannigan,3000.0,John Stamos,2000.0,Jim Belushi,854.0,47.0,419
tt1131732,Jim Amatulli,,0.0,Heather Locklear,695.0,Patricia Neal,617.0,Katie Leclerc,483.0,2.0,38
tt0491738,,38.0,,Corbin Bernsen,1000.0,Dulé Hill,922.0,Timothy Omundson,816.0,127.0,0
tt1798243,William H. Macy,44.0,0.0,Billy Crudup,745.0,Felicity Huffman,508.0,David Adam Flannery,394.0,60.0,0
tt1460798,Barrett Esposito,3.0,0.0,Chazz Palminteri,979.0,Cyndi Lauper,732.0,Danny Aiello,388.0,1.0,165
tt3703148,Mitch Davis,6.0,7.0,Gary Cole,989.0,Jon Heder,970.0,Cheryl Hines,541.0,15.0,0
tt2063015,Eric Bross,,49.0,Teri Polo,708.0,Esai Morales,699.0,Nicholas Gonzalez,601.0,3.0,58
tt1274586,Paul Schrader,64.0,261.0,Nicolas Cage,12000.0,Irène Jacob,316.0,Tomiwa Edun,179.0,47.0,0
tt1554921,Vicky Jewson,8.0,3.0,James Frain,1000.0,Sofia Black-D'Elia,266.0,Lisa Kay,126.0,3.0,190
tt0077294,Peter Hyams,64.0,0.0,David Huddleston,1000.0,Sam Waterston,849.0,Hal Holbrook,826.0,153.0,2000
tt1717210,Marc Bennett,2.0,3.0,Michael Rapaport,975.0,Natasha Henstridge,900.0,Costas Mandylor,723.0,2.0,35
tt4453560,Mike Mayhall,,14.0,David Raizor,784.0,Cody Howard,763.0,Martin Kove,668.0,,49
tt3838992,Kevin Smith,35.0,0.0,Johnny Depp,40000.0,Haley Joel Osment,3000.0,Natasha Lyonne,1000.0,4.0,0
tt4511566,Stanton Barrett,21.0,20.0,Mikal Vega,741.0,Michael Dudikoff,615.0,Ed Quinn,538.0,14.0,0
tt0284363,Jirí Menzel,99.0,44.0,Julia Jentsch,61.0,Ivan Barnev,12.0,Milan Lasica,4.0,27.0,1000
tt1244668,Fatih Akin,115.0,766.0,Udo Kier,595.0,Moritz Bleibtreu,486.0,Birol Ünel,269.0,26.0,0
tt0117666,Billy Bob Thornton,104.0,0.0,Robert Duvall,3000.0,Dwight Yoakam,324.0,J.T. Walsh,263.0,309.0,0
tt1687901,Nick Murphy,195.0,58.0,Isaac Hempstead Wright,874.0,Imelda Staunton,579.0,Joseph Mawle,537.0,112.0,10000
tt0450278,Eli Roth,303.0,0.0,Jay Hernandez,1000.0,Takashi Miike,1000.0,Rick Hoffman,581.0,1516.0,0
tt0423409,Michael Winterbottom,122.0,187.0,Steve Coogan,1000.0,Shirley Henderson,887.0,Dylan Moran,427.0,123.0,750
tt1675192,Jeff Nichols,359.0,337.0,Katy Mixon,982.0,Shea Whigham,463.0,Robert Longstreet,41.0,219.0,14000
tt0095484,Frank LaLoggia,130.0,7.0,Alex Rocco,968.0,Lukas Haas,733.0,Katherine Helmond,339.0,69.0,0
tt0446687,Jeremy Brock,64.0,16.0,Rupert Grint,10000.0,Julie Walters,838.0,Tamsin Egerton,621.0,70.0,864
tt2980708,Scott Foley,13.0,0.0,Donald Faison,927.0,Greg Grunberg,833.0,Dagmara Dominczyk,316.0,11.0,0
tt0092076,Tobe Hooper,159.0,365.0,Bill Johnson,237.0,Lou Perryman,28.0,Jim Siedow,14.0,258.0,0
tt0070518,Sam Peckinpah,54.0,541.0,James Coburn,773.0,Bob Dylan,476.0,Jason Robards,372.0,106.0,0
tt1602613,Nicolas Winding Refn,440.0,0.0,Ryan Gosling,33000.0,Kristin Scott Thomas,1000.0,Yayaying Rhatha Phongam,428.0,475.0,30000
tt0451673,Christophe Ali,7.0,0.0,Denis Lavant,226.0,Isild Le Besco,40.0,Emmanuelle Bercot,20.0,6.0,11
tt1547090,Gabriela Tagliavini,4.0,20.0,Maria Conchita Alonso,571.0,Kate del Castillo,345.0,Camryn Manheim,329.0,12.0,491
tt3099638,Shekar,1.0,0.0,Bhama,5.0,Diganth,0.0,Dileep Raj,0.0,1.0,2
tt0377752,Shona Auerbach,96.0,11.0,Gerard Butler,18000.0,Sharon Small,66.0,Jack McElhone,16.0,182.0,2000
tt0903131,Leonard Farlinger,8.0,0.0,Keith Carradine,584.0,Gary Farmer,580.0,Stephen McHattie,413.0,8.0,31
tt1646974,Michel Leclerc,87.0,3.0,Sara Forestier,74.0,Jacques Gamblin,52.0,Zinedine Soualem,9.0,21.0,0
tt2091427,Analeine Cal y Mayor,10.0,4.0,Zoë Kravitz,943.0,Douglas Smith,480.0,Kim Ly,140.0,3.0,199
tt0379976,Tom Kalin,121.0,4.0,Eddie Redmayne,13000.0,Elena Anaya,1000.0,Stephen Dillane,577.0,65.0,0
tt0839938,Robert Sarkies,43.0,0.0,William Kircher,109.0,Matthew Sunderland,10.0,Paul Glover,3.0,22.0,285
tt0087928,Hugh Wilson,45.0,37.0,Steve Guttenberg,801.0,Bubba Smith,760.0,Michael Winslow,542.0,133.0,0
tt0080453,Randal Kleiser,36.0,116.0,Brooke Shields,1000.0,Christopher Atkins,511.0,Leo McKern,83.0,140.0,0
tt0109831,Mike Newell,84.0,179.0,Kristin Scott Thomas,1000.0,James Fleet,398.0,Simon Callow,239.0,197.0,0
tt0083929,Amy Heckerling,118.0,143.0,Jennifer Jason Leigh,1000.0,Judge Reinhold,901.0,Vincent Schiavelli,811.0,228.0,0
tt0049513,John Huston,42.0,1000.0,Royal Dano,232.0,Richard Basehart,169.0,James Robertson Justice,68.0,115.0,0
tt0307901,Spike Lee,202.0,0.0,Philip Seymour Hoffman,22000.0,Rosario Dawson,3000.0,Aaron Stanford,346.0,454.0,0
tt3516878,,5.0,,Dan Fogler,562.0,Indiana Evans,560.0,KaDee Strickland,298.0,27.0,2000
tt0115736,Lana Wachowski,120.0,0.0,Christopher Meloni,3000.0,Kevin Michael Richardson,441.0,Peter Spellos,126.0,208.0,2000
tt0180093,Darren Aronofsky,234.0,0.0,Ellen Burstyn,1000.0,Mark Margolis,1000.0,Louise Lasser,167.0,1916.0,38000
tt0038116,Walter Lang,17.0,9.0,Dana Andrews,188.0,Jeanne Crain,135.0,Frank McHugh,37.0,55.0,501
tt0120274,Carlos Saura,35.0,98.0,Mía Maestro,341.0,Juan Luis Galiardo,26.0,Miguel Ángel Solá,4.0,40.0,539
tt0091886,Oliver Stone,48.0,0.0,Jim Belushi,854.0,John Savage,652.0,Juan Fernández,491.0,89.0,1000
tt3014666,Andrew Erwin,49.0,10.0,Alex Kendrick,589.0,Sarah Drew,416.0,Patricia Heaton,402.0,125.0,0
tt0246578,Richard Kelly,283.0,219.0,Jake Gyllenhaal,15000.0,Mary McDonnell,933.0,James Duval,701.0,2110.0,33000
tt0461336,Beto Gómez,16.0,5.0,Jaime Camil,274.0,Gerardo Taracena,154.0,Joaquín Cosio,122.0,14.0,0
tt0119448,Mike van Diem,54.0,4.0,Jan Decleir,25.0,Fedja van Huêt,20.0,Hans Kesting,3.0,68.0,689
tt0283003,Jonas Åkerlund,92.0,68.0,Patrick Fugit,835.0,Nicholas Gonzalez,601.0,Debbie Harry,391.0,199.0,3000
tt0808526,Todd Solondz,159.0,377.0,Rich Pecci,1000.0,Shirley Henderson,887.0,Charlotte Rampling,844.0,37.0,0
tt0451094,Chan-wook Park,202.0,0.0,Min-sik Choi,717.0,Yeong-ae Lee,126.0,Hye-jeong Kang,38.0,131.0,4000
tt1653911,René Féret,50.0,0.0,Nicolas Giraud,24.0,Clovis Fouin,12.0,Marie Féret,9.0,17.0,0
tt0291341,Barry Skolnick,54.0,0.0,Jason Statham,26000.0,Jason Flemyng,1000.0,Danny Dyer,798.0,84.0,0
tt0796212,Johnnie To,98.0,143.0,Simon Yam,155.0,Anthony Chau-Sang Wong,96.0,Josie Ho,76.0,26.0,528
tt1629705,Mateo Gil,92.0,3.0,Sam Shepard,820.0,Dominique McElligott,356.0,Stephen Rea,327.0,40.0,0
tt0300140,Lukas Moodysson,112.0,187.0,Oksana Akinshina,129.0,Artyom Bogucharskiy,2.0,Lyubov Agapova,0.0,206.0,0
tt0838247,Agnieszka Wojtowicz-Vosloo,138.0,0.0,Liam Neeson,14000.0,Josh Charles,1000.0,Chandler Canterbury,329.0,137.0,7000
tt3683702,Kabir Sadanand,9.0,0.0,Jimmy Shergill,327.0,Sana Saeed,82.0,Dimple Kapadia,62.0,7.0,62
tt0073486,Milos Forman,149.0,869.0,Scatman Crothers,888.0,Michael Berryman,721.0,Louise Fletcher,425.0,760.0,32000
tt4386242,Peter DeLuise,5.0,358.0,Katherine McNamara,19000.0,Dove Cameron,570.0,Braeden Lemasters,212.0,4.0,224
tt0075222,Mel Brooks,39.0,0.0,Sid Caesar,898.0,Dom DeLuise,842.0,Bernadette Peters,753.0,61.0,629
tt4387040,Raja Menon,39.0,6.0,Nimrat Kaur,85.0,Sameer Ali Khan,26.0,Purab Kohli,12.0,178.0,10000
tt0088727,,2.0,,Zack Ward,662.0,Jonathan Crombie,517.0,Megan Follows,505.0,74.0,0
tt2295722,Ernie Barbarash,29.0,249.0,Michael Jai White,2000.0,Michael J. Morris,298.0,Lateef Crowder,261.0,32.0,0
tt0857190,Nick Love,111.0,63.0,Hayley Atwell,2000.0,Ray Winstone,1000.0,Alan Ford,422.0,99.0,0
tt0203119,Jonathan Glazer,149.0,143.0,Ray Winstone,1000.0,James Fox,146.0,Amanda Redman,100.0,346.0,0
tt1291652,Daniel Espinosa,90.0,79.0,Fabian Bolin,309.0,Fares Fares,254.0,Matias Varela,93.0,25.0,0
tt0298228,Niki Caro,149.0,51.0,Keisha Castle-Hughes,446.0,Rawiri Paratene,20.0,Tammy Davis,8.0,346.0,0
tt1532957,R. Balki,12.0,12.0,Vidya Balan,464.0,Abhishek Bachchan,374.0,Paresh Rawal,106.0,49.0,504
tt0381940,Ivan Engler,64.0,0.0,Yangzom Brauen,29.0,Claude-Oliver Rudolph,9.0,Anna Katharina Schwabroh,7.0,62.0,2000
tt3332064,Joe Wright,256.0,456.0,Hugh Jackman,20000.0,Cara Delevingne,559.0,Nonso Anozie,394.0,186.0,24000
tt0475293,Kenny Ortega,57.0,197.0,Lucas Grabeel,755.0,Corbin Bleu,632.0,Olesya Rulin,578.0,726.0,0
tt5574490,,8.0,,Dorian Missick,1000.0,Daniella Alonso,557.0,Ellen Barkin,551.0,23.0,0
tt0119574,Richard Kwietniowski,50.0,23.0,Jason Priestley,471.0,Maury Chaykin,232.0,Danny Webb,130.0,48.0,61
tt0403358,Timur Bekmambetov,232.0,335.0,Konstantin Khabenskiy,114.0,Aleksey Chadov,28.0,Zhanna Friske,16.0,310.0,0
tt0104036,Neil Jordan,63.0,277.0,Jim Broadbent,1000.0,Miranda Richardson,530.0,Stephen Rea,327.0,148.0,0
tt0084522,Bob Clark,75.0,84.0,Art Hindle,110.0,Susan Clark,95.0,Tony Ganios,95.0,152.0,0
tt1134854,George A. Romero,274.0,0.0,Julian Richings,648.0,Shawn Roberts,529.0,Kathleen Munroe,231.0,159.0,0
tt0063350,George A. Romero,284.0,0.0,Judith O'Dea,125.0,Duane Jones,108.0,S. William Hinzman,56.0,580.0,0
tt0335266,Sofia Coppola,265.0,0.0,Scarlett Johansson,19000.0,Bill Murray,13000.0,Catherine Lambert,11.0,1848.0,17000
tt0075686,Woody Allen,154.0,11000.0,Woody Allen,11000.0,Carol Kane,636.0,Shelley Duvall,629.0,491.0,0
tt0044672,Cecil B. DeMille,44.0,309.0,Gloria Grahame,232.0,Dorothy Lamour,178.0,Cornel Wilde,132.0,107.0,625
tt1528100,Ridley Scott,314.0,0.0,Christian Bale,23000.0,María Valverde,892.0,Ben Mendelsohn,748.0,657.0,51000
tt0285742,Marc Forster,153.0,395.0,Heath Ledger,13000.0,Peter Boyle,595.0,Marcus Lyle Brown,80.0,522.0,0
tt1881002,Henry Hobson,256.0,9.0,Joely Richardson,584.0,J.D. Evermore,430.0,David A Cole,428.0,200.0,22000
tt0113627,Mike Figgis,123.0,81.0,Nicolas Cage,12000.0,Valeria Golino,898.0,Julian Sands,687.0,286.0,0
tt2081194,Duane Journey,46.0,2.0,Molly C. Quinn,707.0,Lara Flynn Boyle,619.0,Lochlyn Munro,555.0,11.0,0
tt0089907,Dan O'Bannon,203.0,228.0,Linnea Quigley,431.0,Clu Gulager,426.0,Beverly Randolph,358.0,300.0,0
tt0071524,Billy Wilder,34.0,0.0,Austin Pendleton,597.0,Harold Gould,222.0,David Wayne,116.0,50.0,661
tt3181822,Rob Cohen,149.0,357.0,Ryan Guzman,3000.0,Hill Harper,465.0,Adam Hicks,326.0,131.0,8000
tt0049875,Carol Reed,20.0,82.0,Gina Lollobrigida,746.0,Katy Jurado,119.0,Sidney James,69.0,35.0,283
tt0830900,,9.0,,Holly Hunter,1000.0,Dylan Minnette,1000.0,Bokeem Woodbine,904.0,47.0,634
tt0842926,Lisa Cholodenko,323.0,450.0,Josh Hutcherson,14000.0,Mia Wasikowska,3000.0,Yaya DaCosta,712.0,291.0,16000
tt0096256,John Carpenter,172.0,0.0,Meg Foster,355.0,Peter Jason,151.0,George 'Buck' Flower,133.0,333.0,27000
tt0057115,John Sturges,111.0,120.0,James Coburn,773.0,Donald Pleasence,742.0,Gordon Jackson,145.0,301.0,8000
tt0399877,William Arntz,74.0,0.0,Marlee Matlin,847.0,Elaine Hendrix,670.0,Armin Shimerman,428.0,486.0,2000
tt2034139,Ed Gass-Donnelly,161.0,8.0,Muse Watson,45000.0,Spencer Treat Clark,541.0,Ashley Bell,400.0,68.0,0
tt1065073,Richard Linklater,548.0,0.0,Ellar Coltrane,230.0,Lorelei Linklater,193.0,Libby Villari,127.0,836.0,92000
tt0457513,Woody Allen,177.0,11000.0,Scarlett Johansson,19000.0,Kevin McNally,427.0,Geoff Bell,405.0,248.0,0
tt0133152,Tim Burton,230.0,13000.0,Cary-Hiroyuki Tagawa,1000.0,Estella Warren,658.0,Erick Avari,567.0,1368.0,0
tt0290332,DJ Pooh,27.0,69.0,Angell Conwell,522.0,Dr. Dre,231.0,DJ Pooh,69.0,38.0,842
tt0199290,DJ Pooh,22.0,69.0,Mo'Nique,939.0,Mike Epps,706.0,Faizon Love,585.0,10.0,118
tt0318374,Wayne Kramer,157.0,47.0,Estella Warren,658.0,Paul Sorvino,636.0,Shawn Hatosy,407.0,215.0,762
tt0055184,John Huston,70.0,1000.0,Montgomery Clift,862.0,Kevin McCarthy,403.0,Thelma Ritter,268.0,121.0,0
tt0448075,Patrick Stettner,125.0,5.0,Robin Williams,49000.0,Joe Morton,780.0,Rory Culkin,710.0,156.0,576
tt0110189,James Melkonian,10.0,7.0,Vincent Pastore,584.0,William Hickey,246.0,Peter Appel,27.0,37.0,138
tt0872230,Wes Craven,160.0,0.0,Frank Grillo,798.0,Emily Meade,374.0,Zena Grey,255.0,136.0,0
tt0464141,J.A. Bayona,300.0,171.0,Geraldine Chaplin,382.0,Belén Rueda,273.0,Fernando Cayo,143.0,308.0,11000
tt2828996,Michael Tiddes,69.0,89.0,Ashley Rickards,986.0,Essence Atkins,713.0,Gabriel Iglesias,511.0,48.0,0
tt0292644,Roger Avary,143.0,675.0,Ian Somerhalder,16000.0,Faye Dunaway,977.0,Clifton Collins Jr.,968.0,425.0,0
tt0065112,Alfred Hitchcock,50.0,13000.0,Roscoe Lee Browne,204.0,John Vernon,187.0,Philippe Noiret,148.0,89.0,414
tt0454987,Bob Odenkirk,46.0,0.0,Dylan Baker,812.0,Chi McBride,466.0,Amy Hill,242.0,58.0,931
tt0113101,Allison Anders,51.0,99.0,Salma Hayek,4000.0,Alicia Witt,975.0,Lili Taylor,960.0,177.0,0
tt0274812,Steven Shainberg,163.0,30.0,Jeremy Davies,769.0,Stephen McHattie,413.0,Lesley Ann Warren,296.0,390.0,15000
tt0360916,Rick de Oliveira,52.0,2.0,Laura Ramsey,960.0,Alan Taylor,12.0,Benjamin Fletcher,0.0,62.0,131
tt0096219,Oliver Stone,40.0,0.0,Michael Wincott,721.0,Zach Grenier,246.0,Bill Johnson,237.0,78.0,816
tt0118111,Christopher Guest,50.0,378.0,Catherine O'Hara,925.0,Fred Willard,729.0,Larry Miller,611.0,202.0,0
tt0188863,Jeff Franklin,45.0,24.0,Ivana Milicevic,834.0,Tyra Banks,625.0,Bridgette Wilson-Sampras,545.0,85.0,309
tt0796375,John Dahl,121.0,131.0,Philip Baker Hall,497.0,Aaron Hughes,113.0,Jayne Eastwood,90.0,76.0,830
tt0318761,Mike Mills,114.0,101.0,Kelli Garner,730.0,Lou Taylor Pucci,394.0,Nancy O'Dell,71.0,91.0,708
tt0873886,Kevin Smith,270.0,0.0,Anna Gunn,1000.0,Michael Angarano,947.0,Stephen Root,939.0,287.0,16000
tt0366780,Dave McKean,116.0,21.0,Stephanie Leonidas,420.0,Gina McKee,291.0,Rob Brydon,161.0,151.0,0
tt0770802,Ron Fricke,115.0,330.0,Collin Alfredo St. Dic,48.0,Balinese Tari Legong Dancers,0.0,Puti Sri Candra Dewi,0.0,69.0,26000
tt0092615,Ruggero Deodato,15.0,101.0,Michael Berryman,721.0,Eva LaRue,576.0,Richard Lynch,324.0,35.0,550
tt1645080,Gavin Wiesen,122.0,19.0,Michael Angarano,947.0,Blair Underwood,685.0,Rita Wilson,322.0,71.0,0
tt3346224,Mora Stephens,35.0,5.0,Ray Winstone,1000.0,Alexandra Breckenridge,1000.0,Elena Satine,842.0,20.0,987
tt0273982,Mars Callahan,41.0,60.0,Chazz Palminteri,979.0,Ricky Schroder,665.0,Ernie Reyes Jr.,444.0,113.0,872
tt0126859,Mike Figgis,31.0,81.0,Kelly Macdonald,2000.0,Saffron Burrows,811.0,Julian Sands,687.0,70.0,111
tt2076220,Leos Carax,332.0,227.0,Kylie Minogue,690.0,Leos Carax,227.0,Denis Lavant,226.0,110.0,12000
tt2382396,David Gordon Green,232.0,234.0,Nicolas Cage,12000.0,Tye Sheridan,1000.0,Ronnie Gene Blevins,221.0,118.0,11000
tt0120122,Stefan Schwartz,43.0,13.0,Peter McNamara,419.0,Dan Futterman,254.0,Ralph Ineson,159.0,53.0,167
tt0095904,Renny Harlin,68.0,212.0,Viggo Mortensen,10000.0,Lane Smith,633.0,Hal Landon Jr.,195.0,38.0,314
tt0206226,Robert Lee King,51.0,0.0,Lauren Ambrose,945.0,Kathleen Robertson,774.0,Beth Broderick,209.0,93.0,614
tt0156639,Kevin Allen,33.0,8.0,Craig Ferguson,759.0,Frances Fisher,638.0,Mary McCormack,428.0,31.0,182
tt2876428,Jorge Ramírez Suárez,26.0,45.0,Hector Kotsifakis,623.0,Adriana Barraza,85.0,Arcelia Ramírez,69.0,7.0,0
tt1529572,David Schwimmer,109.0,0.0,Noah Emmerich,617.0,Jordan Trovillion,163.0,Zoe Levin,67.0,137.0,10000
tt0218182,Barry Levinson,34.0,272.0,Anna Friel,736.0,Brían F. O'Byrne,450.0,Pauline McLynn,70.0,26.0,132
tt0122906,Sam Miller,31.0,12.0,Rachel Griffiths,578.0,Alan Williams,29.0,Rob Jarvis,15.0,26.0,108
tt2103267,Anne Fontaine,141.0,105.0,Robin Wright,18000.0,Naomi Watts,6000.0,Ben Mendelsohn,748.0,87.0,0
tt0120878,Dan Ireland,19.0,137.0,Salma Hayek,4000.0,Danny Arroyo,575.0,Olivia d'Abo,476.0,40.0,98
tt0319769,Fernando León de Aranoa,64.0,58.0,Luis Tosar,331.0,Enrique Villén,27.0,Aida Folch,9.0,38.0,0
tt1464580,Jim Mickle,215.0,53.0,Connor Paolo,530.0,Michael Cerveris,238.0,Nick Damici,65.0,141.0,0
tt1252374,,5.0,,Doug Brochu,254.0,Tiffany Thornton,248.0,Brandon Mychal Smith,218.0,47.0,325
tt0119502,Stephen Kay,12.0,19.0,Keanu Reeves,18000.0,Marg Helgenberger,759.0,Gretchen Mol,599.0,28.0,161
tt2199543,Karim Aïnouz,70.0,19.0,Wagner Moura,585.0,Clemens Schick,29.0,Jesuíta Barbosa,9.0,10.0,278
tt1719071,Sam Levinson,46.0,8.0,George Kennedy,3000.0,Ezra Miller,3000.0,Demi Moore,2000.0,42.0,798
tt1422136,Julian Gilbey,135.0,7.0,Ed Speleers,762.0,Eamonn Walker,706.0,Sean Harris,641.0,97.0,0
tt0298482,Vincenzo Natali,38.0,165.0,David Hewlett,686.0,Angelo Tsarouchas,246.0,Marie-Josée Croze,150.0,50.0,688
tt3155604,Aleksandr Veledinskiy,8.0,0.0,Konstantin Khabenskiy,114.0,Elena Lyadova,45.0,Eugenia Khirivskaya,22.0,3.0,282
tt0068156,Peter H. Hunt,34.0,0.0,Blythe Danner,713.0,Ken Howard,649.0,Howard Caine,69.0,129.0,0
tt1844203,Ruba Nadda,36.0,55.0,Saad Siddiqui,223.0,Bonnie Lee Bouman,11.0,Fadia Nadda,5.0,20.0,657
tt0020960,Howard Hughes,35.0,177.0,Jean Harlow,431.0,Marian Marsh,12.0,James Hall,4.0,53.0,279
tt0491109,Edward Burns,6.0,0.0,Debra Messing,650.0,Rosemarie DeWitt,536.0,Peter Jacobson,183.0,19.0,296
tt3533916,Phil Joanou,39.0,21.0,Lily Rabe,763.0,Shannon Woodward,637.0,Kira McLean,359.0,29.0,0
tt1316536,Sean Byrne,182.0,18.0,Robin McLeavy,399.0,Jessica McNamee,129.0,Victoria Thaine,35.0,104.0,0
tt1854582,Chris Stokes,14.0,548.0,Kristen Quintrall,166.0,Rachel Sterling,134.0,Black Thomas,104.0,21.0,531
tt2395247,Mark Griffiths,3.0,4.0,Eric Mabius,637.0,Gina Holden,346.0,Brooke D'Orsay,271.0,4.0,170
tt2414822,Bruce Macdonald,3.0,103.0,Rachel Hendrix,544.0,Cheryl Ladd,476.0,Diana Vickers,111.0,15.0,365
tt2638144,Timur Bekmambetov,1.0,335.0,Morgan Freeman,11000.0,Ayelet Zurer,744.0,Moises Arias,635.0,1.0,0
tt0060665,Fred Zinnemann,62.0,160.0,Robert Shaw,559.0,Susannah York,269.0,Paul Scofield,94.0,167.0,2000
tt0074958,Sidney Lumet,161.0,0.0,Robert Duvall,3000.0,Faye Dunaway,977.0,William Holden,682.0,317.0,17000
tt0031381,Victor Fleming,157.0,149.0,Hattie McDaniel,503.0,George Reeves,384.0,Thomas Mitchell,248.0,706.0,16000
tt2403393,Richard Raymond,31.0,10.0,Tom Cullen,507.0,Reece Ritchie,236.0,Marama Corlett,196.0,10.0,0
tt0059418,Sam Peckinpah,53.0,541.0,James Coburn,773.0,Slim Pickens,575.0,Warren Oates,288.0,67.0,251
tt1056477,Alan Jacobs,1.0,2.0,Snoop Dogg,881.0,Laz Alonso,826.0,Nicholas Gonzalez,601.0,6.0,237
tt0042200,George Sidney,21.0,24.0,Keenan Wynn,277.0,Howard Keel,244.0,Betty Hutton,83.0,90.0,456
tt1341167,Christopher Morris,246.0,69.0,Kayvan Novak,414.0,Riz Ahmed,365.0,Alex Macqueen,106.0,148.0,17000
tt0373747,Andrucha Waddington,42.0,6.0,Fernanda Montenegro,119.0,Seu Jorge,69.0,Fernanda Torres,24.0,35.0,385
tt1303828,Peter Stebbings,78.0,89.0,Michael Kelly,963.0,Tony Nappo,654.0,Charlotte Sullivan,388.0,90.0,0
tt0040694,Vincente Minnelli,41.0,136.0,Gladys Cooper,89.0,Reginald Owen,78.0,Ellen Ross,48.0,54.0,359
tt0808285,Dagur Kári,61.0,29.0,Alice Olivia Clarke,117.0,Susan Blommaert,64.0,Stephen Henderson,64.0,14.0,0
tt0464049,Nicholas Hytner,112.0,13.0,Dominic Cooper,3000.0,Russell Tovey,796.0,James Corden,480.0,172.0,0
tt1401152,Jaume Collet-Serra,349.0,174.0,Liam Neeson,14000.0,Frank Langella,902.0,Aidan Quinn,767.0,332.0,29000
tt0068098,,55.0,,David Ogden Stiers,443.0,Jamie Farr,421.0,Mike Farrell,395.0,147.0,0
tt0064665,John Schlesinger,88.0,154.0,Brenda Vaccaro,183.0,Barnard Hughes,89.0,John McGiver,77.0,334.0,0
tt0119164,Peter Cattaneo,122.0,11.0,Tom Wilkinson,1000.0,Mark Addy,891.0,Lesley Sharp,121.0,174.0,0
tt0080339,Jim Abrahams,134.0,104.0,Peter Graves,628.0,Lloyd Bridges,575.0,Barbara Billingsley,318.0,427.0,16000
tt4340720,Kevin Carraway,11.0,2.0,Michael Jai White,2000.0,Max Ryan,872.0,Jon Osbeck,6.0,14.0,358
tt0113118,F. Gary Gray,20.0,473.0,Nia Long,826.0,John Witherspoon,723.0,Tony Cox,624.0,157.0,8000
tt0107554,Albert Hughes,28.0,117.0,Jada Pinkett Smith,851.0,Larenz Tate,582.0,Khandi Alexander,556.0,96.0,0
tt3228904,,22.0,,Ta'Rhonda Jones,912.0,Gabourey Sidibe,906.0,Malik Yoba,496.0,92.0,14000
tt0092796,Michael Gornick,95.0,10.0,George Kennedy,3000.0,Holt McCallany,273.0,Dorothy Lamour,178.0,118.0,1000
tt0065446,Sam Peckinpah,31.0,541.0,Slim Pickens,575.0,Jason Robards,372.0,L.Q. Jones,242.0,62.0,357
tt0061809,Richard Brooks,79.0,174.0,John Forsythe,255.0,Robert Blake,220.0,Will Geer,188.0,128.0,0
tt0053131,Fred Zinnemann,25.0,160.0,Colleen Dewhurst,157.0,Peter Finch,139.0,Beatrice Straight,75.0,83.0,930
tt0060490,Jack Smight,22.0,22.0,Janet Leigh,606.0,Robert Wagner,481.0,Shelley Winters,367.0,74.0,470
tt0068611,Alfred Hitchcock,110.0,13000.0,Bernard Cribbins,195.0,Jean Marsh,146.0,Clive Swift,118.0,199.0,0
tt4263482,Robert Eggers,425.0,22.0,Julian Richings,648.0,Kate Dickie,191.0,Ralph Ineson,159.0,452.0,43000
tt0131436,Michael Martin,19.0,0.0,Joe Estevez,625.0,Master P,118.0,Anthony Johnson,78.0,38.0,280
tt0117628,Edward Burns,43.0,0.0,John Mahoney,385.0,Frank Vincent,356.0,Michael McGlone,111.0,98.0,453
tt0120684,Bill Condon,127.0,386.0,Brendan Fraser,3000.0,Lynn Redgrave,258.0,Kevin J. O'Connor,248.0,229.0,0
tt1305806,Juan José Campanella,262.0,195.0,Ricardo Darín,827.0,Soledad Villamil,88.0,Guillermo Francella,50.0,231.0,33000
tt0088993,George A. Romero,184.0,0.0,Greg Nicotero,1000.0,John Amplas,177.0,Joseph Pilato,83.0,419.0,3000
tt1015474,Gideon Raff,33.0,47.0,Gideon Emery,430.0,Gloria Votsis,209.0,Derek Magyar,108.0,52.0,804
tt0092991,Sam Raimi,252.0,0.0,Ted Raimi,634.0,Dan Hicks,328.0,Kassie Wesley DePaiva,199.0,537.0,0
tt0258038,Louis C.K.,31.0,0.0,Wanda Sykes,560.0,J.B. Smoove,555.0,Robert Vaughn,542.0,131.0,0
tt2724064,Anthony C. Ferrante,139.0,48.0,Ian Ziering,984.0,John Heard,697.0,Cassandra Scerbo,689.0,236.0,93000
tt0175996,Salvador Carrasco,39.0,22.0,Elpidia Carrillo,174.0,Zaide Silvia Gutiérrez,16.0,Damián Delgado,10.0,494.0,140
tt1740707,André Øvredal,337.0,12.0,Otto Jespersen,29.0,Johanna Mørck,4.0,Glenn Erland Tosterud,4.0,199.0,38000
tt0480251,Robert Cary,30.0,0.0,Frances Conroy,827.0,Fred Willard,729.0,Kevin Sussman,681.0,24.0,360
tt1298649,Akiva Schaffer,265.0,82.0,Will Forte,622.0,Nicholas Braun,591.0,Rosemarie DeWitt,536.0,207.0,15000
tt0380817,Adam Rapp,50.0,9.0,Zooey Deschanel,11000.0,Will Ferrell,8000.0,Dallas Roberts,405.0,53.0,414
tt0367631,Angela Robinson,50.0,23.0,Jordana Brewster,4000.0,Geoff Stults,756.0,Scoot McNairy,660.0,135.0,1000
tt3103166,Warren P. Sonoda,9.0,28.0,Diahann Carroll,426.0,Mykel Shannon Jenkins,294.0,Lara Jean Chorostecki,131.0,15.0,0
tt1074191,Amanda Gusack,15.0,0.0,Alice Krige,368.0,Christian Campbell,168.0,Blaine Anderson,31.0,11.0,127
tt0138862,Avi Nesher,5.0,6.0,Fisher Stevens,922.0,Elizabeth Berkley,893.0,Robert Townsend,467.0,20.0,18
tt5116280,,1.0,,James Nesbitt,773.0,Ash Cook,133.0,Genevieve O'Reilly,119.0,4.0,405
tt1002561,Charles Adelman,4.0,0.0,Teri Polo,708.0,Kevin Pollak,574.0,Jere Burns,460.0,12.0,211
tt2166834,Jay Oliva,44.0,41.0,Michael Emerson,2000.0,Mark Valley,774.0,Grey Griffin,739.0,55.0,5000
tt5001130,Charles Ferguson,6.0,117.0,Jane Goodall,21.0,Jerry Brown,3.0,Peter Agnefjall,0.0,2.0,121
tt2379386,Uwe Boll,17.0,892.0,Bashar Rahal,603.0,Shelly Varod,145.0,Ralitsa Paskaleva,50.0,10.0,721
tt2761578,Mark Young,7.0,14.0,Alexa PenaVega,2000.0,Jake Busey,660.0,Lew Temple,597.0,10.0,482
tt2073661,Daniel Petrie Jr.,9.0,19.0,Chris Brochu,795.0,Jeff Fahey,535.0,Rita Wilson,322.0,13.0,570
tt1800337,Antonio Simoncini,3.0,0.0,Ray Winstone,1000.0,Joe Egan,53.0,Glen Murphy,37.0,18.0,606
tt0076141,Mel Brooks,55.0,0.0,Madeline Kahn,1000.0,Harvey Korman,628.0,Dick Van Patten,605.0,102.0,0
tt0428803,Luc Jacquet,169.0,10.0,Morgan Freeman,11000.0,Sofie Gråbøl,108.0,Romane Bohringer,34.0,331.0,0
tt1615147,J.C. Chandor,290.0,78.0,Kevin Spacey,18000.0,Demi Moore,2000.0,Ashley Williams,969.0,225.0,21000
tt1753460,Eldar Rapaport,10.0,0.0,Murray Bartlett,141.0,Adrian Gonzalez,69.0,Edward Conna,43.0,13.0,224
tt1024715,Clark Gregg,159.0,0.0,Anjelica Huston,1000.0,Matt Gerald,585.0,Jonah Bobo,539.0,72.0,0
tt2582802,Damien Chazelle,535.0,141.0,J.K. Simmons,24000.0,Melissa Benoist,970.0,Chris Mulkey,535.0,731.0,129000
tt0317248,Fernando Meirelles,214.0,353.0,Alice Braga,1000.0,Seu Jorge,69.0,Alexandre Rodrigues,40.0,749.0,28000
tt0188674,Justin Kerrigan,47.0,8.0,Danny Dyer,798.0,John Simm,472.0,Shaun Parkes,78.0,160.0,0
tt1850418,Nathan Frankowski,17.0,19.0,Corbin Bleu,632.0,Rus Blackwell,144.0,Luis Antonio,80.0,13.0,0
tt0783238,Karen Moncrieff,85.0,22.0,James Franco,11000.0,Bruce Davison,505.0,Piper Laurie,303.0,73.0,799
tt2106476,Thomas Vinterberg,349.0,346.0,Thomas Bo Larsen,74.0,Alexandra Rapaport,69.0,Hana Shuan,26.0,249.0,60000
tt0085334,Bob Clark,109.0,84.0,Zack Ward,662.0,Darren McGavin,577.0,Scott Schwartz,378.0,458.0,18000
tt0482463,Alejandro Monteverde,60.0,38.0,Armando Riesco,625.0,Ramon Rodriguez,464.0,Eduardo Verástegui,377.0,174.0,0
tt0083739,Mark L. Lester,101.0,73.0,Roddy McDowall,595.0,Perry King,251.0,Timothy Van Patten,129.0,75.0,934
tt2796678,Jennifer Finnigan,1.0,246.0,Geoff Stults,756.0,Kenan Thompson,521.0,Josh Hopkins,491.0,3.0,0
tt0144178,Eric Styles,16.0,4.0,Samantha Morton,631.0,Rupert Graves,443.0,Miriam Margolyes,405.0,18.0,100
tt1068646,Laurent Cantet,212.0,39.0,François Bégaudeau,15.0,Agame Malembo-Emene,2.0,Angélica Sancio,0.0,86.0,0
tt0063522,Roman Polanski,215.0,2000.0,John Cassavetes,917.0,Mia Farrow,563.0,Charles Grodin,449.0,447.0,13000
tt0056217,John Ford,107.0,673.0,Lee Marvin,756.0,Woody Strode,423.0,Vera Miles,332.0,214.0,0
tt1185836,Max Mayer,122.0,6.0,Peter Gallagher,828.0,Terry Walters,390.0,Amy Irving,194.0,70.0,0
tt0390221,Joshua Marston,155.0,13.0,Catalina Sandino Moreno,280.0,Wilson Guerrero,11.0,Yenny Paola Vega,6.0,172.0,0
tt1532503,Mike Mills,261.0,101.0,Goran Visnjic,1000.0,Lou Taylor Pucci,394.0,Mary Page Keller,157.0,142.0,15000
tt0426459,John Gulager,130.0,38.0,Krista Allen,164000.0,Eric Dane,2000.0,Henry Rollins,898.0,252.0,0
tt0077975,John Landis,94.0,644.0,John Belushi,1000.0,Karen Allen,783.0,Tim Matheson,559.0,257.0,0
tt0058150,Guy Hamilton,164.0,82.0,Honor Blackman,387.0,Gert Fröbe,202.0,Lois Maxwell,177.0,418.0,0
tt2099556,Brandon Cronenberg,188.0,43.0,Sarah Gadon,691.0,Douglas Smith,480.0,Caleb Landry Jones,463.0,47.0,0
tt0038650,Frank Capra,206.0,964.0,Donna Reed,488.0,Lionel Barrymore,275.0,Thomas Mitchell,248.0,706.0,41000
tt0117951,Danny Boyle,134.0,0.0,Kelly Macdonald,2000.0,Shirley Henderson,887.0,Ewen Bremner,557.0,514.0,21000
tt0236388,Spike Lee,53.0,0.0,Bernie Mac,1000.0,Cedric the Entertainer,436.0,Steve Harvey,360.0,83.0,290
tt1536044,Tod Williams,264.0,21.0,Sprague Grayden,438.0,Molly Ephraim,332.0,Micah Sloat,189.0,359.0,14000
tt0166396,Kirk Jones,94.0,52.0,James Nesbitt,773.0,David Kelly,588.0,Fionnula Flanagan,482.0,213.0,0
tt0310793,Michael Moore,215.0,909.0,Michael Moore,909.0,Dick Clark,504.0,Bill Clinton,184.0,888.0,4000
tt3125472,Yimou Zhang,85.0,611.0,Li Gong,878.0,Daoming Chen,10.0,Ni Yan,4.0,20.0,0
tt0089686,Jack Sholder,138.0,28.0,Clu Gulager,426.0,Robert Rusler,359.0,Marshall Bell,217.0,327.0,0
tt0091867,James Ivory,55.0,133.0,Julian Sands,687.0,Rupert Graves,443.0,Denholm Elliott,249.0,94.0,0
tt2184339,James DeMonaco,361.0,65.0,Rhys Wakefield,942.0,Adelaide Kane,810.0,Chris Mulkey,535.0,578.0,31000
tt1922777,Scott Derrickson,411.0,301.0,Danielle Kotch,1000.0,Victoria Leigh,419.0,James Ransone,412.0,524.0,58000
tt0327036,David Raynr,24.0,9.0,Nancy O'Dell,71.0,Mikki Padilla,65.0,Dayna Devon,12.0,35.0,63
tt0051459,Richard Brooks,70.0,174.0,Burl Ives,253.0,Judith Anderson,197.0,Jack Carson,110.0,141.0,0
tt0065462,Ted Post,78.0,57.0,Linda Harrison,220.0,Gregory Sierra,162.0,Victor Buono,158.0,150.0,0
tt0118570,Charles Martin Smith,35.0,188.0,Kevin Zegers,2000.0,Bill Cobbs,970.0,Michael Jeter,693.0,34.0,902
tt0235679,Kunihiko Yuyama,39.0,8.0,Veronica Taylor,88.0,Eric Stuart,82.0,Lisa Ortiz,49.0,55.0,38
tt0091080,Tom McLoughlin,158.0,41.0,Tony Goldwyn,956.0,Ron Palillo,316.0,Vincent Guastaferro,155.0,307.0,0
tt0050212,David Lean,122.0,767.0,William Holden,682.0,Sessue Hayakawa,119.0,Jack Hawkins,87.0,273.0,0
tt0100666,Patrick Read Johnson,16.0,32.0,Ariana Richards,610.0,Royal Dano,232.0,Tonya Lee Williams,175.0,54.0,710
tt0074512,Alfred Hitchcock,67.0,13000.0,Ed Lauter,897.0,Bruce Dern,844.0,William Devane,416.0,111.0,609
tt0053604,Billy Wilder,183.0,0.0,Fred MacMurray,516.0,Ray Walston,417.0,David White,180.0,241.0,0
tt0107254,Adam Marcus,112.0,18.0,Kane Hodder,935.0,Leslie Jordan,805.0,Erin Gray,307.0,317.0,949
tt0061107,Alfred Hitchcock,64.0,13000.0,Tamara Toumanova,18.0,Lila Kedrova,16.0,David Opatoshu,14.0,137.0,933
tt0425598,Michel Gondry,114.0,1000.0,Common,989.0,Dave Chappelle,744.0,Lauryn Hill,220.0,72.0,635
tt3205376,John Maclean,246.0,85.0,Michael Fassbender,13000.0,Kodi Smit-McPhee,884.0,Ben Mendelsohn,748.0,88.0,0
tt0089444,Michael Schultz,7.0,78.0,Blair Underwood,685.0,LisaGay Hamilton,178.0,Bobby Brown,77.0,16.0,889
tt1097013,Benny Boom,49.0,23.0,Omari Hardwick,1000.0,Donald Faison,927.0,Mike Epps,706.0,20.0,545
tt0053793,Richard Brooks,42.0,174.0,Shirley Jones,556.0,Jean Simmons,422.0,Edward Andrews,125.0,81.0,808
tt0055031,Stanley Kramer,73.0,176.0,Maximilian Schell,877.0,Montgomery Clift,862.0,Spencer Tracy,760.0,176.0,0
tt0160298,David Raynr,16.0,9.0,Donald Faison,927.0,Deon Richmond,209.0,Countess Vaughn,200.0,8.0,143
tt0437745,,38.0,,Matthew Senreich,11.0,Seth Green,0.0,Breckin Meyer,0.0,75.0,1000
tt0040724,Howard Hawks,91.0,393.0,Montgomery Clift,862.0,Walter Brennan,376.0,Harry Carey Jr.,281.0,162.0,0
tt0490196,Nnegest Likké,37.0,18.0,Mo'Nique,939.0,Jimmy Jean-Louis,407.0,Joyful Drake,233.0,101.0,837
tt2209418,Richard Linklater,405.0,0.0,Seamus Davey-Fitzpatrick,140.0,Ariane Labed,63.0,Athina Rachel Tsangari,48.0,270.0,62000
tt0094118,Christopher Leitch,29.0,4.0,John Astin,641.0,Robert Neary,168.0,Kim Darby,152.0,65.0,491
tt0095863,Don Coscarelli,81.0,152.0,Angus Scrimm,674.0,A. Michael Baldwin,174.0,James Le Gros,135.0,100.0,812
tt0399901,Michael Schultz,17.0,78.0,Loretta Devine,912.0,Kimberly Elise,637.0,Clifton Powell,469.0,23.0,187
tt0296166,Patricia Cardoso,75.0,15.0,America Ferrera,953.0,Lupe Ontiveros,625.0,George Lopez,453.0,109.0,595
tt3458030,,,,Rachel Griffiths,578.0,Jessica De Gouw,476.0,Luke Ford,110.0,1.0,367
tt0240200,Deepa Mehta,91.0,375.0,John Abraham,1000.0,Lisa Ray,329.0,Seema Biswas,31.0,147.0,0
tt0166175,Damien O'Donnell,82.0,70.0,Archie Panjabi,883.0,Jimi Mistry,183.0,Om Puri,163.0,161.0,1000
tt0174336,Peter M. Cohen,48.0,0.0,Callie Thorne,472.0,Brian Van Holt,324.0,David Heyman,51.0,81.0,131
tt0116743,Mira Nair,33.0,300.0,Indira Varma,729.0,Sarita Choudhury,257.0,Rekha,200.0,92.0,0
tt0878835,Nicole Holofcener,133.0,132.0,Oliver Platt,1000.0,Thomas Ian Nicholas,864.0,Ann Morgan Guilbert,547.0,53.0,0
tt0067992,Mel Stuart,104.0,21.0,Peter Ostrum,240.0,Jack Albertson,177.0,Julie Dawn Cole,124.0,349.0,0
tt0108517,Anthony Hickox,22.0,16.0,Julian Sands,687.0,Zach Galligan,233.0,Paula Marshall,222.0,49.0,217
tt0118541,Tom Schulman,30.0,45.0,Kristy Swanson,578.0,George Hamilton,341.0,Dyan Cannon,267.0,49.0,417
tt0077405,Terrence Malick,112.0,0.0,Sam Shepard,820.0,Stuart Margolin,350.0,Richard Libertini,180.0,181.0,0
tt0268690,Jill Sprecher,79.0,11.0,Matthew McConaughey,11000.0,Rob McElhenney,813.0,Amy Irving,194.0,115.0,430
tt0155776,Darren Stein,49.0,18.0,Julie Benz,3000.0,Judy Greer,2000.0,Jeff Conaway,844.0,183.0,0
tt0115632,Julian Schnabel,42.0,232.0,Gary Oldman,10000.0,Michael Wincott,721.0,Courtney Love,353.0,78.0,0
tt2347569,Noah Baumbach,345.0,387.0,Greta Gerwig,962.0,Grace Gummer,481.0,Vanessa Ray,270.0,139.0,11000
tt0468565,Gavin Hood,152.0,151.0,Terry Pheto,113.0,Nambitha Mpumlwana,64.0,Rapulana Seiphemo,29.0,177.0,0
tt0147612,Todd Solondz,148.0,377.0,Philip Seymour Hoffman,22000.0,Jon Lovitz,11000.0,Dylan Baker,812.0,499.0,0
tt0337996,George Gallo,23.0,269.0,Eddie Griffin,489.0,Joe Howard,26.0,Robert Noble,24.0,14.0,26
tt3099498,Kevin Smith,254.0,0.0,Johnny Depp,40000.0,Haley Joel Osment,3000.0,Michael Parks,387.0,261.0,20000
tt0364569,Chan-wook Park,305.0,0.0,Min-sik Choi,717.0,Ji-tae Yu,78.0,Hye-jeong Kang,38.0,809.0,43000
tt1462054,David Nixon,19.0,13.0,Robyn Lively,439.0,Michael Bolten,399.0,Christopher Schmidt,221.0,65.0,0
tt1640459,Jason Eisener,272.0,59.0,Gregory Smith,694.0,Robb Wells,324.0,Molly Dunsworth,104.0,230.0,37000
tt3367294,Enrique Begne,5.0,0.0,Kevin Pollak,574.0,Héctor Jiménez,327.0,Erick Elias,165.0,8.0,174
tt0116361,Matthew Bright,65.0,9.0,Bokeem Woodbine,904.0,Dan Hedaya,281.0,Robert Peters,221.0,196.0,0
tt0785025,Michael Landon Jr.,5.0,84.0,William Morgan Sheppard,702.0,Kevin Gage,366.0,Brianna Brown,331.0,18.0,76
tt1232776,Andrea Arnold,248.0,121.0,Michael Fassbender,13000.0,Harry Treadaway,260.0,Jason Maza,168.0,112.0,0
tt1667307,Whit Stillman,152.0,89.0,Greta Gerwig,962.0,Megalyn Echikunwoke,476.0,Zach Woods,322.0,54.0,0
tt0156205,,10.0,,Craig T. Nelson,723.0,Colm Feore,539.0,Megalyn Echikunwoke,476.0,33.0,518
tt1920849,Leslye Headland,156.0,21.0,Kirsten Dunst,4000.0,Adam Scott,3000.0,Andrew Rannells,416.0,129.0,0
tt4877736,,7.0,,Danny Pino,786.0,Megan Hilty,341.0,Zach Grenier,246.0,28.0,3000
tt0403118,Bobby Roth,1.0,40.0,Virginia Madsen,912.0,Aaron Ashmore,750.0,Lindsey Haun,249.0,27.0,47
tt1855401,Tim Heidecker,82.0,78.0,Michael Gross,536.0,William Atherton,317.0,Bob Ross,197.0,71.0,0
tt2039393,Rupert Wyatt,175.0,81.0,George Kennedy,3000.0,Cjon Saulsberry,571.0,Griffin Cleveland,81.0,145.0,0
tt0118327,,4.0,,Susan Hampshire,40.0,Amanda Mealing,37.0,Tim Healy,23.0,20.0,450
tt0420206,Marco Kreuzpaintner,40.0,7.0,Alicja Bachleda,289.0,Kostja Ullmann,38.0,Robert Stadlober,17.0,56.0,442
tt1282046,Kate Connor,8.0,27.0,Johnny Pacar,1000.0,Eric Stoltz,902.0,Brendan Fehr,847.0,8.0,348
tt1148200,Deon Taylor,63.0,26.0,Matt Cohen,487.0,Betsy Russell,298.0,Noah Segan,236.0,48.0,0
tt0162236,Jason Alexander,20.0,700.0,Gretchen Mol,599.0,Patti LuPone,325.0,Peter Onorati,56.0,25.0,117
tt1535616,Xavier Gens,174.0,87.0,Michael Biehn,2000.0,Lauren German,683.0,Rosanna Arquette,605.0,226.0,0
tt1346961,Conor McPherson,90.0,0.0,Aidan Quinn,767.0,Iben Hjejle,122.0,Jim Norton,77.0,31.0,580
tt1841642,Will Canon,58.0,8.0,Frank Grillo,798.0,Scott Mechlowicz,634.0,Aaron Yoo,617.0,39.0,0
tt0385890,Philip Zlotorynski,14.0,0.0,Neil Hopkins,231.0,Darren Keefe Reiher,27.0,David Douglas,19.0,24.0,48
tt1014759,Tim Burton,451.0,13000.0,Johnny Depp,40000.0,Alan Rickman,25000.0,Anne Hathaway,11000.0,736.0,24000
tt1390404,Lance Kawas,,66.0,Taylor Negron,1000.0,Michael Rapaport,975.0,Talia Shire,452.0,1.0,54
tt1151410,Francesca Gregorini,21.0,15.0,Tom Everett Scott,433.0,Amy Sedaris,396.0,Chris Kattan,357.0,14.0,448
tt1922679,Marcio Garcia,9.0,74.0,John Savage,652.0,Kristi Clainos,124.0,Emily Nelson,47.0,9.0,433
tt2398249,David Wain,98.0,136.0,Christopher Meloni,3000.0,Amy Poehler,1000.0,Jack McBrayer,975.0,85.0,0
tt2417650,Craig Moss,29.0,19.0,French Stewart,319.0,Ashley Martin,302.0,Olivia Alexander,73.0,13.0,2000
tt1754264,Michael Jai White,23.0,2000.0,Michael Jai White,2000.0,Alex Meraz,606.0,Jillian Murray,454.0,30.0,6000
tt0062138,John Boorman,87.0,128.0,Lee Marvin,756.0,Angie Dickinson,754.0,Carroll O'Connor,480.0,128.0,3000
tt1252289,Paolo Monico,2.0,3.0,Stephanie Szostak,1000.0,Sarah Rafferty,810.0,Salvatore Santone,382.0,1.0,32
tt2229377,Youssef Delara,17.0,8.0,Noel Gugliemi,2000.0,David Bianchi,715.0,Jason Priestley,471.0,9.0,406
tt1327601,Darin Scott,7.0,39.0,Julian Morris,1000.0,Shantel VanSanten,747.0,John Robinson,375.0,15.0,395
tt2048865,Christian Sesma,6.0,9.0,Bokeem Woodbine,904.0,Brooke Newton,779.0,Brett Wagner,648.0,8.0,398
tt0095354,Monte Hellman,9.0,96.0,Everett McGill,201.0,Jack Taylor,39.0,Fabio Testi,37.0,9.0,37
tt1661199,Kenneth Branagh,343.0,0.0,Hayley Atwell,2000.0,Derek Jacobi,520.0,Lily James,502.0,323.0,56000
tt1085382,Brian Caunter,11.0,0.0,Mike Starr,854.0,Stacy Keach,602.0,Frank Vincent,356.0,14.0,229
tt0482461,Chris D'Arienzo,34.0,7.0,Judy Greer,2000.0,Cybill Shepherd,536.0,Shea Whigham,463.0,20.0,480
tt0140888,Walter Salles,71.0,179.0,Fernanda Montenegro,119.0,Matheus Nachtergaele,14.0,Othon Bastos,11.0,257.0,0
tt0055312,Frank Capra,21.0,964.0,Ann-Margret,931.0,Glenn Ford,416.0,Thomas Mitchell,248.0,40.0,612
tt3511596,Isaac Florentine,28.0,81.0,Anthony L. Fernandez,640.0,Nick Chinlund,277.0,Scott Evans,214.0,31.0,968
tt0439478,Susan Seidelman,35.0,39.0,Dyan Cannon,267.0,Michael Nouri,225.0,Brenda Vaccaro,183.0,27.0,88
tt2837336,Michael Polish,30.0,35.0,Olivia Rose Keegan,216.0,Patrick Bauchau,158.0,Mia Barron,21.0,15.0,421
tt1152822,Heidi Ewing,73.0,4.0,Greg Crowe,875.0,James Ransone,412.0,Tempestt Bledsoe,394.0,23.0,0
tt0075005,Richard Donner,154.0,503.0,Lee Remick,264.0,Patrick Troughton,139.0,Billie Whitelaw,108.0,310.0,7000
tt0338095,Alexandre Aja,251.0,192.0,Cécile De France,447.0,Maïwenn,236.0,Oana Pellea,142.0,539.0,0
tt1509803,Leon Ford,57.0,18.0,Maeve Dermody,130.0,Patrick Brammall,96.0,Kelly Paterniti,39.0,32.0,0
tt3551400,Hank Braxtan,14.0,6.0,Q'orianka Kilcher,679.0,Gregory Cruz,234.0,Allegra Carpenter,29.0,17.0,369
tt0410097,Craig Brewer,159.0,153.0,Isaac Hayes,275.0,Paula Jai Parker,247.0,Elise Neal,165.0,206.0,0
tt0053291,Billy Wilder,181.0,0.0,Nehemiah Persoff,105.0,Joe E. Brown,103.0,George Raft,102.0,350.0,10000
tt0095179,John Carl Buechler,110.0,152.0,Kane Hodder,935.0,Terry Kiser,448.0,William Butler,181.0,270.0,0
tt0032138,Victor Fleming,213.0,149.0,Margaret Hamilton,695.0,Terry,421.0,Billie Burke,357.0,533.0,14000
tt0072431,Mel Brooks,129.0,0.0,Madeline Kahn,1000.0,Peter Boyle,595.0,Teri Garr,481.0,315.0,14000
tt0848557,George A. Romero,280.0,0.0,Megan Park,569.0,Shawn Roberts,529.0,Joe Dinicol,192.0,332.0,0
tt0456144,Rajkumar Hirani,15.0,124.0,Vidya Balan,464.0,Sanjay Dutt,426.0,Jimmy Shergill,327.0,106.0,349
tt0120402,Victor Nunez,61.0,9.0,Peter Fonda,402.0,Patricia Richardson,222.0,Vanessa Zima,42.0,57.0,381
tt0078872,Carroll Ballard,33.0,19.0,Teri Garr,481.0,Kelly Reno,81.0,Hoyt Axton,48.0,90.0,0
tt4080386,Rohit Jugraj,1.0,2.0,Bhavkhandan Singh Rakhra,258.0,Neeru Bajwa,85.0,Diljit Dosanjh,32.0,8.0,50
tt1095423,Thorbjørn Christoffersen,2.0,0.0,Iben Hjejle,122.0,Frank Hvam,33.0,Casper Christensen,13.0,6.0,77
tt0057007,John Ford,27.0,673.0,Lee Marvin,756.0,Cesar Romero,370.0,Jack Warden,359.0,65.0,573
tt0116729,Alex van Warmerdam,19.0,53.0,Rijk de Gooyer,20.0,Ariane Schluter,3.0,Henri Garcin,2.0,5.0,121
tt0035959,Victor Fleming,9.0,149.0,Spencer Tracy,760.0,Esther Williams,675.0,Irene Dunne,315.0,27.0,116
tt0071230,Mel Brooks,121.0,0.0,Madeline Kahn,1000.0,David Huddleston,1000.0,Harvey Korman,628.0,363.0,12000
tt0087298,Joseph Zito,166.0,17.0,Judie Aronson,158.0,Tom Everett,84.0,Kimberly Beck,74.0,326.0,0
tt2718492,Pawel Pawlikowski,269.0,84.0,Joanna Kulig,88.0,Agata Trzebuchowska,64.0,Agata Kulesza,46.0,123.0,17000
tt0093512,James Ivory,29.0,133.0,Rupert Graves,443.0,Denholm Elliott,249.0,Simon Callow,239.0,69.0,963
tt0453453,Frank Sebastiano,20.0,3.0,Joe Lo Truglio,833.0,Laurie Metcalf,549.0,Seymour Cassel,327.0,53.0,323
tt0138304,Rand Ravich,107.0,7.0,Johnny Depp,40000.0,Charlize Theron,9000.0,Clea DuVall,1000.0,260.0,1000
tt0389326,Stacy Peralta,74.0,147.0,Gerry Lopez,52.0,Gabrielle Reece,52.0,Laird John Hamilton,28.0,37.0,0
tt0480669,Nacho Vigalondo,173.0,76.0,Karra Elejalde,123.0,Nacho Vigalondo,76.0,Bárbara Goenaga,36.0,124.0,0
tt0851515,Hao Ning,5.0,0.0,Jack Kao,11.0,Bo Huang,4.0,Zheng Xu,4.0,4.0,30
tt0857295,Tony Giglio,66.0,6.0,Brianna Brown,331.0,Nick Searcy,272.0,Beth Broderick,209.0,47.0,254
tt0045152,Stanley Donen,169.0,134.0,Rita Moreno,804.0,Debbie Reynolds,786.0,Cyd Charisse,390.0,568.0,0
tt1227378,Joe Cross,13.0,65.0,Joe Cross,65.0,Joel Fuhrman,2.0,Amy Badberg,0.0,25.0,10000
tt2243537,Michael Tiddes,129.0,89.0,Essence Atkins,713.0,Alanna Ubach,584.0,J.B. Smoove,555.0,107.0,0
tt2247692,Dinesh D'Souza,30.0,67.0,Barack Obama,871.0,Zackary Steven Graham,118.0,Dinesh D'Souza,67.0,199.0,0
tt1311067,Rob Zombie,220.0,0.0,Scout Taylor-Compton,908.0,Tyler Mane,764.0,Margot Kidder,593.0,491.0,3000
tt0117887,Tom Hanks,75.0,15000.0,Tom Hanks,15000.0,Charlize Theron,9000.0,Ethan Embry,982.0,212.0,0
tt0085636,Tommy Lee Wallace,162.0,24.0,Tom Atkins,381.0,Dan O'Herlihy,128.0,Nancy Kyes,67.0,532.0,0
tt0067065,Don Taylor,74.0,11.0,Roddy McDowall,595.0,M. Emmet Walsh,521.0,Sal Mineo,450.0,92.0,819
tt0057163,Martin Ritt,65.0,58.0,Patricia Neal,617.0,Melvyn Douglas,189.0,Whit Bissell,124.0,120.0,1000
tt2609912,Leslie Small,26.0,15.0,David Jason Perez,1000.0,La'Princess Jackson,309.0,Dana Hanna,36.0,30.0,0
tt0102494,Gus Van Sant,63.0,835.0,Keanu Reeves,18000.0,Udo Kier,595.0,Flea,535.0,153.0,0
tt0333766,Zach Braff,205.0,0.0,Armando Riesco,625.0,Michael Weston,379.0,Jill Flint,294.0,978.0,0
tt0112471,Richard Linklater,121.0,0.0,Hanno Pöschl,15.0,Hans Weingartner,12.0,Dominik Castell,4.0,395.0,22000
tt0380732,Éric Tessier,9.0,0.0,Patrick Huard,50.0,Michel Côté,16.0,Jean Pierre Bergeron,6.0,5.0,39
tt0186253,Alison Maclean,74.0,7.0,Billy Crudup,745.0,Samantha Morton,631.0,Mark Webber,442.0,87.0,500
tt0384504,Alice Wu,54.0,13.0,Joan Chen,643.0,Ato Essandoh,265.0,Jessica Hecht,209.0,84.0,774
tt0940585,Sarah Gavron,80.0,34.0,Satish Kaushik,56.0,Christopher Simpson,41.0,Tannishtha Chatterjee,40.0,29.0,430
tt1990314,Jake Schreier,252.0,14.0,Frank Langella,902.0,Joshua Ormond,291.0,Ana Gasteyer,215.0,84.0,13000
tt0314412,Isabel Coixet,72.0,148.0,Sarah Polley,900.0,Julian Richings,648.0,Amanda Plummer,471.0,134.0,0
tt1714206,James Ponsoldt,220.0,53.0,Shailene Woodley,8000.0,Jennifer Jason Leigh,1000.0,Dayo Okeniyi,478.0,178.0,10000
tt0283465,Randall Miller,1.0,19.0,William Hurt,882.0,Elden Henson,577.0,Michael Bower,362.0,2.0,16
tt0815241,Larry Charles,197.0,119.0,Bill Maher,334.0,Tal Bachman,4.0,Steve Burg,0.0,345.0,24000
tt1294164,Joshua Tickell,14.0,9.0,Larry David,860.0,Sheryl Crow,130.0,George W. Bush,125.0,34.0,588
tt0472200,Tim Boxell,3.0,10.0,Bruce McGill,655.0,Diana Scarwid,157.0,Tom Bower,107.0,3.0,144
tt0364725,Rawson Marshall Thurber,191.0,43.0,Gary Cole,989.0,Stephen Root,939.0,Joel David Moore,936.0,392.0,0
tt0465407,Michael D. Sellers,18.0,0.0,Katharine Ross,640.0,Carly Schroeder,261.0,George Harris,249.0,18.0,140
tt1484522,Reed Cowan,28.0,0.0,Dustin Lance Black,191.0,Emily Pearson,12.0,Gavin Newsom,5.0,30.0,0
tt1049405,James Dodson,22.0,8.0,Larry Miller,611.0,Anupam Kher,397.0,Shriya Saran,315.0,26.0,0
tt0187696,Stefan Ruzowitzky,62.0,24.0,Benno Fürmann,127.0,Rüdiger Vogler,10.0,Sebastian Blomberg,10.0,110.0,560
tt0804529,Alex Rivera,47.0,8.0,Leonor Varela,426.0,Jacob Vargas,399.0,Tenoch Huerta,35.0,40.0,0
tt1512235,James Gunn,238.0,571.0,Linda Cardellini,2000.0,Rainn Wilson,973.0,Paul T. Taylor,370.0,203.0,19000
tt1663628,John Murlowski,2.0,20.0,Ashley Scott,794.0,Piper Mackenzie Harris,607.0,Lochlyn Munro,555.0,7.0,190
tt3300572,Benni Diez,95.0,2.0,Clifton Collins Jr.,968.0,Cecilia Pillado,625.0,David Masterson,577.0,23.0,0
tt3333870,Danny Perez,10.0,0.0,Natasha Lyonne,1000.0,Emmanuel Kabongo,677.0,Mark Webber,442.0,2.0,89
tt0116404,Spike Lee,28.0,0.0,Bernie Mac,1000.0,Harry Lennix,748.0,Andre Braugher,702.0,35.0,352
tt0486028,Robby Henson,25.0,9.0,Marc Blucas,973.0,Max Ryan,872.0,Justine Waddell,201.0,90.0,250
tt0387808,Mike Judge,121.0,406.0,Anthony 'Citric' Campos,586.0,Patrick Fischler,497.0,David Herman,233.0,434.0,79000
tt2945796,Zackary Adler,10.0,0.0,Simon Merrells,490.0,Kevin Leslie,159.0,Kris Sommerville,109.0,26.0,0
tt0480025,Shane Meadows,172.0,222.0,Stephen Graham,1000.0,Joseph Gilgun,788.0,Jack O'Connell,698.0,192.0,11000
tt2040578,Dominic Burns,20.0,15.0,Julian Glover,844.0,Sean Pertwee,722.0,Bianca Brigitte VanDamme,663.0,82.0,0
tt0036628,George Sidney,8.0,24.0,Esther Williams,675.0,Basil Rathbone,659.0,Red Skelton,226.0,28.0,144
tt1307926,Carmen Marron,8.0,29.0,Jossara Jinaro,847.0,Aimee Garcia,618.0,Rene Rosado,76.0,10.0,566
tt0118925,Tim McCanlies,15.0,23.0,Ethan Embry,982.0,Michael O'Neill,599.0,Alexandra Holden,326.0,63.0,500
tt0044030,George Sidney,14.0,24.0,Agnes Moorehead,960.0,Ava Gardner,715.0,Howard Keel,244.0,46.0,438
tt1470020,Mario Van Peebles,12.0,535.0,Tom Skerritt,1000.0,Cinda McCain,646.0,Luke Perry,608.0,9.0,279
tt1666335,Jason Stone,48.0,14.0,Topher Grace,2000.0,Ellen Burstyn,1000.0,Christopher Heyerdahl,826.0,28.0,0
tt0092695,Jerry Rees,17.0,115.0,Jon Lovitz,11000.0,Phil Hartman,516.0,Mindy Sterling,385.0,62.0,0
tt0032455,James Algar,99.0,11.0,Leopold Stokowski,16.0,Deems Taylor,0.0,,,230.0,3000
tt0067116,William Friedkin,138.0,607.0,Roy Scheider,813.0,Fernando Rey,165.0,Tony Lo Bianco,109.0,280.0,0
tt3111864,Jaco Booyens,,37.0,Nicole Smolen,210.0,Sebastian Aguilar,0.0,Ivette Alvarez,0.0,3.0,224
tt0083972,Steve Miner,235.0,49.0,Richard Brooker,72.0,Dana Kimmell,31.0,Catherine Parks,20.0,372.0,0
tt0089173,Danny Steinmann,160.0,13.0,Tiffany Helm,42.0,Melanie Kinnaman,27.0,Dominick Brascia,17.0,342.0,1000
tt0810928,Michael Landon Jr.,18.0,84.0,Henry Thomas,861.0,Louise Fletcher,425.0,A.J. Buckley,275.0,29.0,285
tt4056738,Jon Gunn,11.0,16.0,Alexa PenaVega,2000.0,Delroy Lindo,848.0,Madison Pettis,835.0,63.0,13000
tt1086841,Hayley Cloake,11.0,0.0,Brian Austin Green,676.0,Kayla Ewell,399.0,Linden Ashby,306.0,9.0,77
tt0038213,Tay Garnett,7.0,10.0,Jessica Tandy,509.0,Greer Garson,284.0,Lionel Barrymore,275.0,29.0,68
tt3032282,Shyam Madiraju,5.0,0.0,Jessica Lowndes,1000.0,Ethan Peck,800.0,Brad Schmidt,708.0,4.0,452
tt0449000,Harmage Singh Kalirai,10.0,11.0,Saeed Jaffrey,114.0,Zohra Segal,79.0,Shobu Kapoor,18.0,14.0,172
tt1995477,Rita Merson,5.0,5.0,Ryan Guzman,3000.0,James Wolk,938.0,Jason Ritter,782.0,6.0,107
tt0816539,Jon Knautz,95.0,10.0,Rachel Skarsten,371.0,Daniel Kash,52.0,Stefanie Drummond,42.0,46.0,870
tt0036868,William Wyler,97.0,355.0,Myrna Loy,749.0,Teresa Wright,208.0,Dana Andrews,188.0,235.0,0
tt0242193,Larry Clark,76.0,184.0,Kelli Garner,730.0,Nick Stahl,648.0,Brad Renfro,551.0,336.0,0
tt0279064,Petter Næss,67.0,16.0,Jørgen Langhelle,117.0,Per Christian Ellefsen,21.0,Sven Nordin,14.0,95.0,0
tt2460506,Robert Fontaine,4.0,7.0,Michael Derek,128.0,Arturo Castro,22.0,Brad Lee Wind,17.0,1.0,305
tt1038988,Jaume Balagueró,252.0,57.0,Manuela Velasco,120.0,Pablo Rosso,9.0,Carlos Lasarte,7.0,374.0,15000
tt1675312,Patricia Cardoso,,15.0,Rosie Perez,919.0,Martha Higareda,718.0,Cheyenne Haynes,650.0,4.0,162
tt2317796,Dan Perri,1.0,0.0,Travis Myers,749.0,David Proval,354.0,Carmen Argenziano,338.0,1.0,14
tt3561236,Neil Mcenery-West,33.0,0.0,Walter Hendrix III,846.0,Michael Chapman,366.0,Louise Brealey,260.0,21.0,275
tt2215673,Anthony O'Brien,19.0,7.0,James Ransone,412.0,Maria Doyle Kennedy,308.0,Shaun O'Hagan,106.0,17.0,380
tt0057076,Terence Young,167.0,92.0,Robert Shaw,559.0,Daniela Bianchi,201.0,Lois Maxwell,177.0,358.0,0
tt0098503,Michael Herz,49.0,6.0,Phoebe Legere,40.0,Jessica Dublin,30.0,Lisa Gaye,14.0,40.0,321
tt0094484,,1.0,,Carroll O'Connor,480.0,Alan Autry,360.0,Crystal R. Fox,213.0,24.0,763
tt0070707,Woody Allen,66.0,11000.0,Woody Allen,11000.0,John Beck,66.0,Mews Small,45.0,128.0,0
tt3235888,David Robert Mitchell,533.0,421.0,Maika Monroe,314.0,Ruby Harris,189.0,Jake Weary,159.0,631.0,45000
tt0068555,Woody Allen,50.0,11000.0,Woody Allen,11000.0,John Carradine,300.0,Lynn Redgrave,258.0,78.0,0
tt0056592,Robert Mulligan,127.0,89.0,Robert Duvall,3000.0,Brock Peters,226.0,William Windom,161.0,471.0,15000
tt0082694,George Miller,177.0,750.0,Vernon Wells,745.0,Bruce Spence,531.0,Kjell Nilsson,41.0,294.0,0
tt0111512,Chia-Liang Liu,77.0,32.0,Andy Lau,483.0,Anita Mui,147.0,Ho-Sung Pak,75.0,146.0,0
tt0056193,Stanley Kubrick,103.0,0.0,James Mason,618.0,Shelley Winters,367.0,Lois Maxwell,177.0,207.0,0
tt0171804,Kimberly Peirce,123.0,108.0,Alicia Goranson,173.0,Brendan Sexton III,148.0,Jeannetta Arnette,103.0,434.0,0
tt1767382,Chris Kentis,218.0,9.0,Eric Sheffer Stevens,120.0,Julia Taylor Ross,44.0,Adam Trese,32.0,154.0,0
tt0405094,Florian Henckel von Donnersmarck,215.0,207.0,Sebastian Koch,380.0,Ulrich Mühe,284.0,Martina Gedeck,155.0,407.0,39000
tt1630036,Alex Kendrick,34.0,589.0,Ben Davies,690.0,Alex Kendrick,589.0,T.C. Stallings,341.0,175.0,10000
tt0054997,Robert Rossen,100.0,31.0,George C. Scott,654.0,Jackie Gleason,491.0,Murray Hamilton,366.0,167.0,0
tt0032273,Jack Conway,12.0,6.0,Hedy Lamarr,1000.0,Spencer Tracy,760.0,Claudette Colbert,380.0,34.0,236
tt0286244,Sylvain Chomet,167.0,162.0,Michel Robin,23.0,Charles Linton,6.0,Béatrice Bonifassi,0.0,312.0,0
tt0120321,Chris Eyre,56.0,149.0,Michael Greyeyes,912.0,Irene Bedard,752.0,Gary Farmer,580.0,132.0,0
tt0305206,Shari Springer Berman,180.0,30.0,Josh Hutcherson,14000.0,James Urbaniak,119.0,Daniel Tay,92.0,226.0,0
tt0381681,Richard Linklater,211.0,0.0,Vernon Dobtcheff,50.0,Albert Delpy,8.0,Marie Pillet,3.0,492.0,13000
tt0245712,Alejandro G. Iñárritu,157.0,0.0,Adriana Barraza,85.0,Jorge Salinas,79.0,Goya Toledo,35.0,361.0,11000
tt0328538,Catherine Hardwicke,126.0,308.0,Holly Hunter,1000.0,Sarah Clarke,482.0,Kip Pardue,374.0,545.0,0
tt0039416,Elia Kazan,61.0,603.0,Dean Stockwell,936.0,Celeste Holm,297.0,John Garfield,167.0,113.0,0
tt1399683,Debra Granik,365.0,81.0,Jennifer Lawrence,34000.0,Shelley Waggener,248.0,Lauren Sweetser,179.0,297.0,20000
tt0379557,Kevin Macdonald,121.0,162.0,Nicholas Aaron,21.0,Brendan Mackey,5.0,Joe Simpson,3.0,156.0,0
tt0029852,Henry King,10.0,85.0,Tyrone Power,480.0,Don Ameche,392.0,John Carradine,300.0,29.0,60
tt0415978,Miranda July,151.0,244.0,Najarra Townsend,538.0,Brad William Henke,363.0,Miranda July,244.0,243.0,0
tt1645089,Charles Ferguson,171.0,117.0,Matt Damon,13000.0,George W. Bush,125.0,Barney Frank,18.0,129.0,63000
tt3787590,Max Joseph,158.0,31.0,Vanessa Lengies,804.0,Emily Ratajkowski,625.0,Jonny Weston,328.0,60.0,0
tt0165798,Jim Jarmusch,167.0,0.0,Henry Silva,251.0,Gano Grills,147.0,Richard Portnow,116.0,346.0,0
tt0433387,David Ayer,118.0,453.0,J.K. Simmons,24000.0,Christian Bale,23000.0,Noel Gugliemi,2000.0,222.0,0
tt3268668,Jerry Jameson,39.0,5.0,David Oyelowo,1000.0,Leonor Varela,426.0,Sydelle Noel,349.0,22.0,0
tt0290212,Steven Soderbergh,108.0,0.0,Julia Roberts,8000.0,Enrico Colantoni,724.0,Blair Underwood,685.0,172.0,134
tt0090327,Kevin Tenney,65.0,85.0,Kathleen Wilhoite,265.0,Tawny Kitaen,194.0,Rose Marie,186.0,74.0,0
tt0194624,,8.0,,Stephen Colbert,459.0,Amy Sedaris,396.0,Maria Thayer,344.0,62.0,558
tt0116477,Kenneth Branagh,85.0,0.0,Julie Christie,597.0,Brian Blessed,591.0,Richard Briers,401.0,224.0,0
tt0367027,John Cameron Mitchell,160.0,263.0,Sook-Yin Lee,71.0,Peter Stickles,51.0,Raphael Barker,37.0,206.0,0
tt1185616,Ari Folman,231.0,56.0,Ari Folman,56.0,Ronny Dayag,0.0,Zahava Solomon,0.0,156.0,0
tt0349159,Gary Rogers,7.0,0.0,Noah Danby,178.0,Kirby Heyborne,69.0,Bruce Newbold,40.0,30.0,32
tt0912593,Charles Ferguson,79.0,117.0,Campbell Scott,393.0,Dick Cheney,21.0,Donald Rumsfeld,17.0,55.0,0
tt3172532,Marielle Heller,168.0,22.0,Alexander Skarsgård,10000.0,David Fine,1000.0,Austin Lyon,80.0,72.0,0
tt0212662,,1.0,,Anne Hathaway,11000.0,Jon Tenney,289.0,Debrah Farentino,143.0,26.0,43
tt0925248,David Sington,107.0,90.0,John F. Kennedy,168.0,Buzz Aldrin,142.0,Neil Armstrong,65.0,44.0,0
tt1518812,Kelly Reichardt,200.0,129.0,Bruce Greenwood,991.0,Zoe Kazan,962.0,Shirley Henderson,887.0,98.0,0
tt0418753,Fenton Bailey,123.0,13.0,Hugh M. Hefner,373.0,Bill Maher,334.0,Linda Lovelace,218.0,64.0,592
tt0229340,Bob Giraldi,39.0,34.0,Danny Aiello,388.0,Manny Perez,159.0,Ajay Naidu,120.0,73.0,495
tt0118866,Jill Sprecher,41.0,11.0,Alanna Ubach,584.0,Bob Balaban,559.0,Jamie Kennedy,490.0,111.0,166
tt1695994,Huck Botko,46.0,10.0,Matt Bennett,189.0,Krysta Rodriguez,131.0,Zack Pearlman,126.0,13.0,974
tt0090095,Luc Besson,30.0,0.0,Christopher Lambert,1000.0,Isabelle Adjani,572.0,Jean-Hugues Anglade,164.0,45.0,739
tt0372334,David Duchovny,46.0,0.0,Robin Williams,49000.0,Mark Margolis,1000.0,Frank Langella,902.0,86.0,857
tt0780622,Mitchell Lichtenstein,221.0,53.0,Jess Weixler,386.0,Nathan Parsons,357.0,John Hensley,268.0,161.0,17000
tt0118736,Lance Mungia,51.0,4.0,Jeffrey Falcon,33.0,Stephane Gauger,3.0,Kim De Angelo,0.0,102.0,0
tt0249588,Kundan Shah,1.0,4.0,Karisma Kapoor,353.0,Bobby Deol,89.0,Shakti Kapoor,72.0,1.0,10
tt0388139,Michael Dowse,58.0,31.0,Paul Kaye,326.0,Neil Maskell,246.0,Kate Magowan,137.0,67.0,0
tt1276105,Hue Rhodes,45.0,0.0,Peter Dinklage,22000.0,Steve Buscemi,12000.0,Romany Malco,966.0,11.0,407
tt0120391,Shane Meadows,44.0,222.0,Bob Hoskins,5000.0,Annette Badland,497.0,Karl Collins,20.0,21.0,224
tt3018070,Roland Emmerich,74.0,776.0,Jeremy Irvine,25000.0,Caleb Landry Jones,463.0,Matt Craven,256.0,30.0,0
tt0796264,,20.0,,Joe Morton,780.0,Colin Ferguson,747.0,Salli Richardson-Whitfield,543.0,136.0,3000
tt1050739,Jugal Hansraj,6.0,32.0,Saif Ali Khan,532.0,Sanjay Mishra,85.0,Javed Jaffrey,24.0,17.0,39
tt0338497,Danny Provenzano,5.0,84.0,Vincent Pastore,584.0,Frank Vincent,356.0,Chuck Zito,267.0,18.0,61
tt1390539,Bill Muir,10.0,19.0,Alex Kendrick,589.0,Jansen Panettiere,488.0,Tiya Sircar,395.0,16.0,715
tt2474024,Richard LaGravenese,81.0,98.0,Anna Kendrick,10000.0,Jeremy Jordan,773.0,Charly Bivona,89.0,40.0,0
tt1105512,Noah Buschel,66.0,8.0,Merritt Wever,529.0,Amy Ryan,423.0,Paul Adelstein,399.0,23.0,195
tt0107953,Brian Yuzna,46.0,97.0,Melinda Clarke,787.0,Kent McCord,196.0,Sarah Douglas,163.0,130.0,810
tt0449061,Hunter Richards,34.0,11.0,Jason Statham,26000.0,Chris Evans,11000.0,Dane Cook,1000.0,90.0,0
tt0423169,Laurie Collyer,78.0,38.0,Brad William Henke,363.0,Kate Burton,223.0,Michelle Hurst,85.0,78.0,474
tt0265808,Bruce McCulloch,52.0,54.0,Martin Starr,985.0,Megan Mullally,637.0,Chris Penn,455.0,92.0,215
tt3118452,Aaron Hann,29.0,0.0,Jordi Vilasuso,160.0,Michael McLafferty,152.0,Kaiwi Lyman-Mersereau,94.0,59.0,0
tt1020530,James Watkins,161.0,43.0,Michael Fassbender,13000.0,Jack O'Connell,698.0,Lorraine Stanley,418.0,357.0,0
tt2226519,Catherine Hardwicke,18.0,308.0,Frances Fisher,638.0,James Kyson,449.0,Marlene Forte,395.0,24.0,604
tt1020885,Phil Claydon,107.0,6.0,MyAnna Buring,513.0,James Corden,480.0,Silvia Colloca,161.0,91.0,0
tt0783532,Ralph Ziman,30.0,5.0,Rapulana Seiphemo,29.0,Kenneth Nkosi,18.0,Robert Hobbs,12.0,23.0,1000
tt0363095,John Simpson,24.0,0.0,Colin Salmon,766.0,Lee Evans,312.0,Ian McNeice,268.0,41.0,205
tt1703199,Colin Minihan,116.0,6.0,Mackenzie Gray,253.0,Sean Rogerson,113.0,Ashleigh Gryzko,103.0,235.0,0
tt2126362,Conor McMahon,98.0,5.0,Peter McQuinn,121.0,Tommy Knight,94.0,Jemma Curran,47.0,53.0,0
tt0959329,Chris Shadley,25.0,0.0,Daniel Baldwin,413.0,William Lee Scott,167.0,Marc Macaulay,107.0,64.0,0
tt4704314,Simon Napier-Bell,,0.0,Alice Cooper,674.0,Tim Rice,27.0,Louis Walsh,8.0,,0
tt0066808,Woody Allen,40.0,11000.0,Woody Allen,11000.0,Charlotte Rae,430.0,Louise Lasser,167.0,105.0,0
tt1734586,Simon Yin,20.0,0.0,Paul Sheehan,473.0,Linus Roache,303.0,Kathy Uyen,46.0,9.0,115
tt0796355,Jeff Crook,8.0,5.0,Nicholas Gonzalez,601.0,Mario Cimarro,453.0,Ricardo Chavira,372.0,6.0,44
tt0098948,,19.0,,Steven Weber,685.0,Tim Daly,511.0,Amy Yasbeck,424.0,56.0,1000
tt0040525,Orson Welles,90.0,0.0,Rita Hayworth,1000.0,Everett Sloane,29.0,Ted de Corsia,18.0,175.0,0
tt1090671,Dave Payne,21.0,0.0,Mircea Monroe,633.0,Lew Temple,597.0,Robert Pine,332.0,31.0,153
tt0165361,James Cox,12.0,10.0,Jake Gyllenhaal,15000.0,M.C. Gainey,284.0,Mark Rolston,171.0,67.0,912
tt1272886,Jonas Åkerlund,33.0,68.0,Noel Gugliemi,2000.0,Saffron Burrows,811.0,Matt Lucas,722.0,26.0,0
tt2234025,Brad Copeland,9.0,8.0,Sunil Narkar,34000.0,Ben Schwartz,463.0,Glenn Howerton,424.0,19.0,0
tt1754633,Paul Bunnell,94.0,5.0,Kate Maberly,416.0,Kevin McCarthy,403.0,Paul Williams,356.0,19.0,655
tt1462901,Phil Morrison,41.0,17.0,Sally Hawkins,594.0,Curtiss Cook,591.0,Peter Hermann,322.0,23.0,825
tt0062235,Harald Reinl,38.0,2.0,Christopher Lee,16000.0,Lex Barker,57.0,Karin Dor,51.0,36.0,200
tt2024506,James Cox,12.0,10.0,Jon Mack,924.0,Powers Boothe,472.0,Josh Meyers,293.0,20.0,0
tt0060438,Richard Lester,25.0,44.0,Buster Keaton,907.0,Zero Mostel,164.0,Phil Silvers,137.0,72.0,805
tt0850669,Michael Moore,27.0,909.0,Michael Moore,909.0,Eddie Vedder,562.0,Steve Earle,119.0,15.0,69
tt1220217,Tanner Beard,2.0,531.0,William McNamara,10000.0,Kevin Alejandro,1000.0,Glenn Morshower,894.0,14.0,651
tt3499458,Scott Dow,23.0,6.0,Trenton Rostedt,680.0,Wray Crawford,418.0,Dave Sheridan,233.0,25.0,0
tt1772261,Derick Martini,32.0,20000.0,Kevin Zegers,2000.0,Bella Heathcote,860.0,Tom Arnold,618.0,22.0,0
tt4416518,Jerry Dugan,18.0,3.0,Melissa Bolona,11000.0,Michael Aaron Milligan,1000.0,James Chalke,412.0,17.0,728
tt0091860,Tim Hunter,45.0,28.0,Keanu Reeves,18000.0,Daniel Roebuck,1000.0,Ione Skye,223.0,111.0,0
tt0322659,Michael Polish,60.0,35.0,Peter Coyote,548.0,Anthony Edwards,495.0,Jon Gries,482.0,122.0,298
tt3528666,William Kaufman,23.0,58.0,Paul McGillion,405.0,Mike 'The Miz' Mizanin,217.0,David Lewis,164.0,15.0,620
tt1462758,Rodrigo Cortés,363.0,89.0,Ryan Reynolds,16000.0,Samantha Mathis,517.0,Erik Palladino,263.0,447.0,24000
tt1440292,Richard Ayoade,249.0,0.0,Craig Roberts,920.0,Paddy Considine,680.0,Sally Hawkins,594.0,100.0,17000
tt2486682,Jehane Noujaim,68.0,63.0,Khalid Abdalla,161.0,Ahmed Hassan,10.0,Aida Elkashef,5.0,42.0,0
tt0486751,Pascal Arnold,14.0,0.0,Karl E. Landler,533.0,Lizzie Brocheré,323.0,Pierre Perrier,164.0,15.0,104
tt1939659,Kimberly Peirce,359.0,108.0,Chloë Grace Moretz,17000.0,Judy Greer,2000.0,Portia Doubleday,534.0,371.0,39000
tt2321163,Remo,15.0,168.0,Lauren Gottlieb,733.0,Remo,168.0,Prabhudheva,71.0,38.0,1000
tt0087800,Wes Craven,256.0,0.0,Johnny Depp,40000.0,Lin Shaye,852.0,Amanda Wyss,574.0,668.0,10000
tt1155592,James Marsh,194.0,120.0,Paul McGill,41.0,Philippe Petit,27.0,Jean-Louis Blondeau,0.0,134.0,0
tt4519006,John Laing,,0.0,Siobhan Marshall,42.0,Peter Feeney,40.0,Rachel Nash,3.0,6.0,213
tt3262990,Jamal Hill,10.0,47.0,Logan Browning,628.0,Adam Ratcliffe,606.0,Faizon Love,585.0,19.0,1000
tt1320244,Daniel Stamm,311.0,13.0,Caleb Landry Jones,463.0,Ashley Bell,400.0,Patrick Fabian,308.0,300.0,0
tt1266029,Sam Taylor-Johnson,205.0,456.0,Kristin Scott Thomas,1000.0,Ophelia Lovibond,548.0,Anne-Marie Duff,231.0,75.0,10000
tt0044081,Elia Kazan,94.0,603.0,Marlon Brando,10000.0,Karl Malden,416.0,Kim Hunter,114.0,233.0,5000
tt0057012,Stanley Kubrick,192.0,0.0,George C. Scott,654.0,Slim Pickens,575.0,Keenan Wynn,277.0,839.0,18000
tt0313196,Carlos Carrera,85.0,12.0,Damián Alcázar,201.0,Ana Claudia Talancón,163.0,Pedro Armendáriz Jr.,67.0,110.0,544
tt2125435,Benh Zeitlin,663.0,188.0,Quvenzhané Wallis,2000.0,Gina Montana,458.0,Dwight Henry,168.0,269.0,31000
tt0069768,J. Lee Thompson,62.0,88.0,Roddy McDowall,595.0,Paul Williams,356.0,Claude Akins,196.0,91.0,511
tt0210299,Maggie Greenwald,39.0,9.0,Aidan Quinn,767.0,David Patrick Kelly,380.0,Jane Adams,280.0,78.0,0
tt1562568,Vera Farmiga,68.0,0.0,Donna Murphy,553.0,Bill Irwin,471.0,Michael Chernus,186.0,34.0,952
tt3566698,Vijay Chandar,3.0,0.0,Hansika Motwani,141.0,T.R. Silambarasan,77.0,Brahmanandam,61.0,6.0,82
tt1743720,Morgan Spurlock,130.0,293.0,Quentin Tarantino,16000.0,J.J. Abrams,14000.0,Donald Trump,808.0,45.0,0
tt0106792,Jonathan Wacks,13.0,0.0,Steve Buscemi,12000.0,Gary Farmer,580.0,Jon Gries,482.0,17.0,266
tt0378906,Khyentse Norbu,44.0,28.0,Tshewang Dendup,0.0,Lhakpa Dorji,0.0,Sonam Kinga,0.0,28.0,353
tt0061747,Ted Post,26.0,57.0,Clint Eastwood,16000.0,Bruce Dern,844.0,Alan Hale Jr.,426.0,109.0,0
tt0044533,Richard Brooks,27.0,174.0,Humphrey Bogart,2000.0,Jim Backus,399.0,Kim Hunter,114.0,28.0,169
tt0822858,Tony Krantz,53.0,15.0,George Newbern,647.0,Tom Cavanagh,642.0,Cas Anvar,491.0,103.0,368
tt4058122,Mitchell Altieri,,9.0,Kimberley Crossman,467.0,Luke Edwards,258.0,Bree Williamson,165.0,,8
tt2645670,W.D. Hogan,10.0,4.0,Tom Everett Scott,433.0,Keenan Tracey,108.0,Nicholas Carella,91.0,12.0,566
tt1653002,Corey Grant,4.0,21.0,Christian Keyes,761.0,Essence Atkins,713.0,Tatyana Ali,685.0,8.0,569
tt0130827,Tom Tykwer,181.0,670.0,Moritz Bleibtreu,486.0,Ludger Pistor,37.0,Armin Rohde,34.0,709.0,0
tt0303361,Lucky McKee,114.0,75.0,James Duval,701.0,Will Estes,461.0,Nora Zehetner,446.0,277.0,0
tt2475846,Richard Boddington,11.0,15.0,Natasha Henstridge,900.0,CJ Adams,450.0,Erin Pitt,120.0,9.0,326
tt2100573,David Hunt,1.0,0.0,Matthew Alan,86.0,Chris Cleveland,42.0,Circus-Szalewski,11.0,1.0,73
tt0796307,Patricia Riggen,75.0,36.0,America Ferrera,953.0,Eugenio Derbez,399.0,Kate del Castillo,345.0,58.0,0
tt0068408,J. Lee Thompson,80.0,88.0,Roddy McDowall,595.0,Gordon Jump,70.0,John Randolph,67.0,95.0,794
tt0247425,Todd Field,179.0,143.0,Tom Wilkinson,1000.0,Sissy Spacek,874.0,Karen Allen,783.0,510.0,951
tt1242432,Steven R. Monroe,225.0,68.0,Sarah Butler,635.0,Chad Lindberg,445.0,Daniel Franzese,374.0,209.0,17000
tt0162360,Mark Illsley,77.0,3.0,Ally Walker,349.0,Illeana Douglas,347.0,Jeremy Northam,327.0,122.0,374
tt0382189,Pawel Pawlikowski,124.0,84.0,Paddy Considine,680.0,Natalie Press,46.0,Dean Andrews,34.0,103.0,869
tt2350496,Ritesh Batra,195.0,25.0,Nawazuddin Siddiqui,638.0,Nimrat Kaur,85.0,Lillete Dubey,73.0,162.0,16000
tt0381717,Sally Potter,76.0,87.0,Shirley Henderson,887.0,Joan Allen,805.0,Stephanie Leonidas,420.0,48.0,305
tt0030993,Frank Capra,51.0,964.0,Jean Arthur,319.0,Ann Miller,302.0,Lionel Barrymore,275.0,133.0,0
tt0045793,Fred Zinnemann,101.0,160.0,Montgomery Clift,862.0,Donna Reed,488.0,Deborah Kerr,426.0,150.0,0
tt0041866,John Ford,55.0,673.0,Harry Carey Jr.,281.0,Ben Johnson,230.0,Victor McLaglen,89.0,90.0,721
tt2349460,Brad J. Silverman,15.0,11.0,Shawnee Smith,651.0,Michael Welch,611.0,Anthony Reynolds,575.0,21.0,0
tt0166195,Dave Meyers,16.0,11.0,Eddie Griffin,489.0,Clifton Powell,469.0,Marla Gibbs,249.0,13.0,43
tt1289419,David M. Matthews,5.0,8.0,Essence Atkins,713.0,Lamman Rucker,607.0,Tempestt Bledsoe,394.0,15.0,588
tt0825236,Nadine Labaki,109.0,0.0,Yasmine Al Massri,227.0,Adel Karam,4.0,Nadine Labaki,0.0,66.0,0
tt2872724,Lluís Quílez,40.0,0.0,Stephen Rea,327.0,Pixie Davies,51.0,Alejandro Furth,2.0,18.0,844
tt0476643,Eytan Fox,51.0,21.0,Ohad Knoller,53.0,Lior Ashkenazi,30.0,Yousef 'Joe' Sweid,27.0,23.0,0
tt0071360,Francis Ford Coppola,149.0,0.0,Harrison Ford,11000.0,Teri Garr,481.0,Cindy Williams,324.0,313.0,6000
tt0442764,Romesh Sharma,4.0,0.0,Annabelle Wallis,421.0,Revathy,96.0,Bhoomika Chawla,45.0,4.0,9
tt0064990,François Truffaut,35.0,0.0,Catherine Deneuve,963.0,Jean-Paul Belmondo,710.0,Michel Bouquet,21.0,26.0,278
tt0322700,Adam Goldberg,22.0,1000.0,Judy Greer,2000.0,Marisa Coughlan,163.0,Nicky Katt,127.0,40.0,63
tt3832096,Travis Zariwny,68.0,4.0,Dustin Ingram,427.0,Gage Golightly,253.0,Samuel Davis,114.0,40.0,2000
tt0363547,Zack Snyder,287.0,0.0,Ty Burrell,3000.0,Kevin Zegers,2000.0,Mekhi Phifer,1000.0,1057.0,7000
tt0473308,Adrienne Shelly,173.0,191.0,Lew Temple,597.0,Cheryl Hines,541.0,Eddie Jemison,336.0,204.0,0
tt0092675,Newt Arnold,61.0,15.0,Bolo Yeung,633.0,Donald Gibb,403.0,Ken Siu,49.0,210.0,0
tt0031679,Frank Capra,96.0,964.0,Claude Rains,607.0,Jean Arthur,319.0,Thomas Mitchell,248.0,245.0,0
tt0113540,Larry Clark,71.0,184.0,Rosario Dawson,3000.0,Leo Fitzpatrick,202.0,Justin Pierce,82.0,408.0,0
tt0367089,Noah Baumbach,110.0,387.0,William Baldwin,436.0,Elizabeth Meriwether,25.0,Owen Kline,18.0,232.0,0
tt0264761,Charles Herman-Wurmfeld,110.0,0.0,Scott Cohen,378.0,Jennifer Westfeldt,321.0,Brian Stepanek,117.0,190.0,682
tt1428556,Yimou Zhang,101.0,611.0,Honglei Sun,9.0,Ni Yan,4.0,Dahong Ni,3.0,20.0,784
tt3082898,John Stockwell,2.0,134.0,Matthew Ziff,260000.0,T.J. Storm,454.0,Sam Medina,354.0,1.0,0
tt0038109,Alfred Hitchcock,97.0,13000.0,Norman Lloyd,472.0,Rhonda Fleming,239.0,Leo G. Carroll,82.0,161.0,0
tt0109759,Atom Egoyan,53.0,460.0,Bruce Greenwood,991.0,Mia Kirshner,971.0,Sarah Polley,900.0,83.0,619
tt0118789,Vincent Gallo,106.0,787.0,Anjelica Huston,1000.0,Vincent Gallo,787.0,Jan-Michael Vincent,642.0,318.0,0
tt1591095,James Wan,445.0,0.0,Lin Shaye,852.0,Barbara Hershey,618.0,Philip Friedman,588.0,752.0,60000
tt0087995,Alex Cox,131.0,92.0,Del Zamora,752.0,Tracey Walter,324.0,Miguel Sandoval,166.0,148.0,0
tt0247586,Fabián Bielinsky,94.0,44.0,Ricardo Darín,827.0,Gastón Pauls,22.0,Leticia Brédice,7.0,125.0,0
tt2309788,Dror Moreh,105.0,4.0,Ami Ayalon,0.0,Yuval Diskin,0.0,Yaakov Peri,0.0,33.0,0
tt0357110,Rebecca Miller,75.0,58.0,Beau Bridges,552.0,Susanna Thompson,265.0,Ryan McDonald,42.0,68.0,608
tt1758795,Maggie Carey,97.0,38.0,Donald Glover,801.0,Alia Shawkat,727.0,Scott Porter,690.0,79.0,0
tt0110265,Roger Avary,37.0,675.0,Eric Stoltz,902.0,Salvator Xuereb,424.0,Jean-Hugues Anglade,164.0,93.0,853
tt0247199,Henry Bean,84.0,21.0,Ryan Gosling,33000.0,Theresa Russell,243.0,Summer Phoenix,76.0,159.0,0
tt0453548,David Gordon Green,88.0,234.0,Michael Angarano,947.0,Connor Paolo,530.0,Tom Noonan,442.0,57.0,415
tt3139764,Simeon Rice,6.0,6.0,Ward G. Smith,393.0,Lisa Brave,191.0,Malone Thomas,56.0,3.0,307
tt0261983,Brad Anderson,127.0,122.0,Paul Guilfoyle,210.0,Brendan Sexton III,148.0,Larry Fessenden,83.0,481.0,0
tt0391229,Jeff Garlin,32.0,522.0,Jessy Schram,813.0,Jeff Garlin,522.0,Joey Slotnick,423.0,28.0,0
tt1450328,Qasim Basir,8.0,13.0,Dorian Missick,1000.0,Nia Long,826.0,Evan Ross,616.0,14.0,0
tt0422401,Adam Green,229.0,134.0,Joel David Moore,936.0,Kane Hodder,935.0,Joel Murray,488.0,235.0,0
tt0027977,Charles Chaplin,120.0,0.0,Paulette Goddard,309.0,Stanley Blystone,8.0,Fred Malatesta,8.0,211.0,0
tt0286162,Pete Jones,31.0,18.0,Brian Dennehy,954.0,Aidan Quinn,767.0,Bonnie Hunt,597.0,55.0,304
tt0489235,Bruce Campbell,100.0,0.0,Ted Raimi,634.0,Dan Hicks,328.0,Timothy Patrick Quill,158.0,88.0,0
tt0436742,Mark Brown,14.0,7.0,Vivica A. Fox,890.0,Monica Calhoun,597.0,Garrett Morris,424.0,5.0,68
tt3110770,Adam Carolla,14.0,102.0,Jay Mohr,563.0,Jim O'Heir,485.0,David Alan Grier,360.0,11.0,212
tt0395543,Ira Sachs,39.0,60.0,Rip Torn,826.0,Jenny O'Hara,189.0,Darren E. Burrows,121.0,26.0,216
tt1562847,John Sayles,35.0,407.0,Brian Lee Franklin,38.0,John Arcilla,8.0,Ronnie Lazaro,7.0,8.0,594
tt1226681,Bruce McDonald,178.0,49.0,Stephen McHattie,413.0,Georgina Reilly,98.0,Boyd Banks,57.0,142.0,0
tt1087527,James Mottern,46.0,7.0,Jimmy Bennett,87000.0,Joey Lauren Adams,781.0,Matthew Lawrence,711.0,22.0,371
tt2265431,Jaime Zevallos,,228.0,Angela Sarafyan,310.0,Jaime Zevallos,228.0,Michael Elian,134.0,,132
tt1731697,Rob Zombie,234.0,0.0,Sid Haig,1000.0,Dee Wallace,725.0,Michael Berryman,721.0,166.0,15000
tt3504048,Gerard Johnstone,166.0,3.0,Morgana O'Reilly,61.0,Bruce Hopkins,46.0,Cameron Rhodes,28.0,83.0,10000
tt0473107,Robert Greenwald,56.0,21.0,Lee Scott,0.0,Jon Hunter,0.0,Matt Hunter,0.0,70.0,0
tt0475271,David Ray,16.0,0.0,Nicole Muñoz,199.0,Sarah Lind,134.0,Kyla Wise,108.0,10.0,193
tt1639397,Dave Rodriguez,9.0,11.0,Chazz Palminteri,979.0,Michael Rapaport,975.0,Paul Sorvino,636.0,7.0,283
tt2017486,Nae Caranfil,18.0,34.0,Monica Barladeanu,129.0,Joe Armstrong,98.0,Martin Hancock,71.0,13.0,0
tt3626436,David Winning,4.0,65.0,Ashanti,341.0,Amber Marshall,265.0,John DeSantis,146.0,10.0,236
tt1105355,Frank Lotito,,5.0,Brighton Sharbino,3000.0,Jake Busey,660.0,Tim Guinee,259.0,1.0,232
tt3781616,Timothy Woodward Jr.,6.0,764.0,Katrina Law,835.0,Johnny Messner,522.0,Michael Paré,492.0,18.0,402
tt0790724,Christopher McQuarrie,387.0,188.0,Tom Cruise,10000.0,Robert Duvall,3000.0,David Oyelowo,1000.0,448.0,38000
tt3526286,Tara Subkoff,35.0,37.0,Timothy Hutton,501.0,Balthazar Getty,418.0,Lydia Hearst,56.0,42.0,750
tt1236254,Russell Friedenberg,27.0,9.0,Rudy Youngblood,708.0,Glen Powell,571.0,Kiowa Gordon,485.0,2.0,135
tt0029583,William Cottrell,145.0,0.0,Adriana Caselotti,82.0,Billy Gilbert,47.0,Lucille La Verne,31.0,204.0,0
tt0300270,Lucrecia Martel,78.0,33.0,Mía Maestro,341.0,Mercedes Morán,5.0,María Alche,3.0,37.0,57
tt0063592,Edward Dmytryk,10.0,74.0,Brigitte Bardot,984.0,Woody Strode,423.0,Honor Blackman,387.0,41.0,209
tt0374639,Zak Penn,60.0,87.0,Zak Penn,87.0,Gabriel Beristain,70.0,John Bailey,37.0,63.0,400
tt4063178,Alex Ranarivelo,9.0,20.0,Lea Thompson,1000.0,Christina Moore,301.0,Cullen Douglas,256.0,8.0,724
tt2577172,Jon Knautz,63.0,10.0,Camren Bicondova,756.0,Adam DiMarco,382.0,Chasty Ballesteros,295.0,33.0,969
tt3230082,Mathieu Amalric,92.0,412.0,Mathieu Amalric,412.0,Léa Drucker,4.0,Laurent Poitrenaux,3.0,16.0,389
tt0464054,David Worth,4.0,58.0,Jessica Szohr,847.0,Jonathan Mangum,147.0,Angela Jones,69.0,6.0,223
tt0060153,Leslie H. Martinson,53.0,7.0,Burgess Meredith,1000.0,Cesar Romero,370.0,Burt Ward,356.0,155.0,0
tt0120735,Guy Ritchie,116.0,0.0,Jason Statham,26000.0,Jason Flemyng,1000.0,Dexter Fletcher,452.0,523.0,21000
tt3551840,Robert M. Young,,0.0,Barry Corbin,883.0,Bruce McGill,655.0,Ned Beatty,467.0,2.0,32
tt0068135,,13.0,,Karl Malden,416.0,Michael Douglas,0.0,,,13.0,533
tt0154420,Thomas Vinterberg,98.0,346.0,Ulrich Thomsen,280.0,Paprika Steen,278.0,Trine Dyrholm,141.0,258.0,5000
tt0117958,Steve Buscemi,43.0,12000.0,Steve Buscemi,12000.0,Debi Mazar,680.0,Carol Kane,636.0,65.0,872
tt0433398,Ham Tran,15.0,5.0,Long Nguyen,51.0,Kieu Chinh,24.0,Cat Ly,5.0,19.0,100
tt0190255,Rich Cowan,14.0,7.0,Eric Dane,2000.0,Karen Allen,783.0,Peter Coyote,548.0,38.0,117
tt1480658,Boris Rodriguez,56.0,5.0,Stephen McHattie,413.0,Thure Lindhardt,197.0,Georgina Reilly,98.0,10.0,932
tt0120749,Harold Becker,79.0,17.0,Bruce Willis,13000.0,Miko Hughes,969.0,Carrie Preston,652.0,127.0,0
tt0112173,,8.0,,James Morrison,210.0,Tucker Smallwood,121.0,Kristen Cloke,109.0,79.0,963
tt2640460,Sadyk Sher-Niyaz,16.0,135.0,Elina Abai Kyzy,0.0,Aziz Muradillayev,0.0,Mirlan Abdulayev,0.0,24.0,0
tt0087130,Paul Donovan,18.0,4.0,Maury Chaykin,232.0,Lenore Zann,23.0,Tim Choate,13.0,46.0,220
tt0317640,Jonathan Kesselman,35.0,4.0,Judy Greer,2000.0,Adam Goldberg,1000.0,Tony Cox,624.0,53.0,3000
tt0470869,Arjun Sablok,5.0,0.0,Abhishek Bachchan,374.0,Uday Chopra,145.0,Samantha McLeod,40.0,24.0,66
tt1498870,Craig Moss,16.0,19.0,Noureen DeWulf,700.0,Bryan Callen,460.0,Matt Crabtree,134.0,42.0,0
tt1147684,Tyler Oliver,24.0,0.0,Bella Thorne,35000.0,Chloe Bridges,516.0,Christopher Atkins,511.0,38.0,969
tt0032976,Alfred Hitchcock,144.0,13000.0,Laurence Olivier,1000.0,Joan Fontaine,991.0,George Sanders,333.0,276.0,0
tt0082418,Steve Miner,242.0,49.0,Betsy Palmer,309.0,Adrienne King,121.0,Amy Steel,59.0,394.0,0
tt0037884,Billy Wilder,97.0,0.0,Ray Milland,287.0,Jane Wyman,160.0,Frank Faylen,66.0,136.0,0
tt0087015,Douglas Cheek,77.0,4.0,Daniel Stern,796.0,John Heard,697.0,Sam McMurray,132.0,88.0,0
tt1869425,Youssef Delara,16.0,8.0,Noel Gugliemi,2000.0,Jenni Rivera,245.0,Jorge Diaz,183.0,11.0,0
tt1212022,Deryck Broom,7.0,11.0,Vic Mignogna,578.0,Omar Benson Miller,418.0,Anupam Kher,397.0,3.0,381
tt0046126,Henry Hathaway,74.0,83.0,Joseph Cotten,469.0,Jean Peters,79.0,Will Wright,48.0,116.0,1000
tt0033729,John Ford,74.0,673.0,Roddy McDowall,595.0,Walter Pidgeon,176.0,Barry Fitzgerald,137.0,124.0,0
tt3846642,,19.0,,Mary Lynn Rajskub,934.0,Riley Keough,691.0,Paul Sparks,201.0,17.0,632
tt3104930,Spike Lee,46.0,0.0,Rami Malek,3000.0,Elvis Nolasco,372.0,Felicia Pearson,161.0,9.0,447
tt0098724,Steven Soderbergh,58.0,0.0,Peter Gallagher,828.0,Laura San Giacomo,531.0,Steven Brill,65.0,95.0,2000
tt0387564,James Wan,287.0,0.0,Michael Emerson,2000.0,Monica Potter,878.0,Shawnee Smith,651.0,1509.0,0
tt0247745,Jay Chandrasekhar,100.0,422.0,Geoffrey Arend,816.0,Daniel von Bargen,577.0,Jay Chandrasekhar,422.0,333.0,0
tt1681370,Giovanni Zelko,5.0,4.0,Zuhair Haddad,18000.0,Harry Lennix,748.0,Ben Youcef,434.0,1.0,221
tt2414046,Claudia Sainte-Luce,50.0,0.0,Ximena Ayala,31.0,Vera Wilson,24.0,José Manuel Orozco Angulo,3.0,2.0,407
tt0970416,Scott Derrickson,276.0,301.0,Keanu Reeves,18000.0,Jon Hamm,4000.0,Juan Riedinger,71.0,698.0,0
tt0265343,Mira Nair,137.0,300.0,Naseeruddin Shah,307.0,Randeep Hooda,209.0,Lillete Dubey,73.0,214.0,0
tt0203230,Kenneth Lonergan,122.0,50.0,Matthew Broderick,2000.0,Rory Culkin,710.0,Gaby Hoffmann,612.0,231.0,756
tt0048750,Alfred Hitchcock,73.0,13000.0,Jerry Mathers,282.0,John Forsythe,255.0,Royal Dano,232.0,150.0,0
tt0425210,Paul McGuigan,202.0,118.0,Bruce Willis,13000.0,Morgan Freeman,11000.0,Dorian Missick,1000.0,507.0,10000
tt0179116,Jamie Babbit,99.0,91.0,Natasha Lyonne,1000.0,Clea DuVall,1000.0,Eddie Cibrian,849.0,186.0,0
tt2051894,David Boyd,10.0,29.0,Vivica A. Fox,890.0,Drew Waters,848.0,Scott Elrod,449.0,32.0,0
tt0105236,Quentin Tarantino,173.0,16000.0,Quentin Tarantino,16000.0,Steve Buscemi,12000.0,Chris Penn,455.0,931.0,19000
tt0032264,Walter Lang,7.0,9.0,Spring Byington,94.0,Nigel Bruce,62.0,Gale Sondergaard,51.0,25.0,548
tt0060196,Sergio Leone,181.0,0.0,Clint Eastwood,16000.0,Luigi Pistilli,34.0,Enzo Petito,24.0,780.0,20000
tt3742378,Anna Muylaert,111.0,9.0,Alex Huszar,61.0,Regina Casé,9.0,Luis Miranda,4.0,26.0,0
tt1758575,Steve Taylor,38.0,14.0,Jason Marsden,1000.0,Marshall Allman,330.0,Eric Lange,274.0,89.0,0
tt0283323,Kurt Voss,12.0,0.0,Lemmy,268.0,Coyote Shivers,44.0,Zoë Poledouris,3.0,4.0,27
tt2035599,Léa Pool,23.0,4.0,,,,,,,10.0,5000
tt0976025,James David Pasternak,17.0,0.0,Robin Williams,49000.0,Sarah Silverman,931.0,Jonathan Winters,924.0,2.0,87
tt1879030,Laurent Bouhnik,9.0,0.0,Déborah Révy,34.0,Johnny Amaro,29.0,Yassine Azzouz,24.0,16.0,754
tt1349485,Tom Sanchez,1.0,0.0,Nataniel Sánchez,3.0,Antonio Arrué,2.0,Juan Carlos Montoya,0.0,1.0,75
tt0338075,David Caffrey,51.0,4.0,Marley Shelton,690.0,Scott Adsit,316.0,Jim Cody Williams,95.0,38.0,480
tt0806147,Adam Jay Epstein,14.0,0.0,Rich Ceraulo,387.0,Denise Boutte,295.0,Vanessa Lee Chester,227.0,35.0,636
tt0027438,Michael Curtiz,24.0,345.0,Errol Flynn,843.0,David Niven,490.0,Spring Byington,94.0,52.0,204
tt1641388,Justin Thomas Ostensen,18.0,0.0,Michael Berryman,721.0,Kristin Booth,134.0,Michael Eisner,5.0,11.0,161
tt2180333,Brenton Spencer,22.0,0.0,Christie Burke,380.0,Victor Zinck Jr.,91.0,Chelsey Reist,63.0,51.0,238
tt0106233,Rob Bowman,9.0,38.0,Alanna Ubach,584.0,Jacob Vargas,399.0,Brittney Powell,117.0,70.0,0
tt0065579,Ossie Davis,30.0,282.0,Redd Foxx,586.0,Cleavon Little,434.0,Calvin Lockhart,148.0,27.0,477
tt1943014,Jay Alaimo,9.0,2.0,William McNamara,10000.0,Sabrina Carmichael,500.0,Patrick Muldoon,475.0,7.0,479
tt2622294,Dylan Bank,7.0,0.0,Seregon O'Dassey,498.0,Deirdre Lorenz,350.0,Dustin Diamond,312.0,2.0,242
tt0348333,Rob McKittrick,91.0,6.0,Ryan Reynolds,16000.0,Dane Cook,1000.0,Vanessa Lengies,804.0,236.0,0
tt0419677,Shane Meadows,99.0,222.0,Paddy Considine,680.0,Gary Stretch,404.0,George Newton,68.0,207.0,0
tt4460878,,2.0,,Richard Cawthorne,511.0,John Jarratt,457.0,Lucy Fry,206.0,6.0,954
tt0091671,Jeff Burr,57.0,155.0,Terry Kiser,448.0,Clu Gulager,426.0,Susan Tyrrell,147.0,37.0,241
tt0304692,Harry Gantz,12.0,0.0,,,,,,,8.0,51
tt0293113,Guy Maddin,58.0,126.0,Sarah Murphy-Dyson,14.0,CindyMarie Small,4.0,Brent Neale,3.0,32.0,131
tt0850667,Regardt van den Bergh,5.0,12.0,Sean Cameron Michael,412.0,Frank Rautenbach,48.0,Jeanne Neilson,25.0,36.0,0
tt1534085,Panos Cosmatos,97.0,22.0,Chris Gauthier,434.0,Marilyn Norry,95.0,Eva Bourne,48.0,82.0,0
tt1899353,Gareth Evans,481.0,338.0,Iko Uwais,1000.0,Yayan Ruhian,342.0,Donny Alamsyah,60.0,316.0,51000
tt0923653,Matthew R. Anderson,17.0,252.0,Johnny Pacar,1000.0,Vernon Wells,745.0,Matthew R. Anderson,252.0,15.0,444
tt3043194,Joe Marino,9.0,0.0,Piero Maggiò,12.0,Anella Vastola,0.0,Joe Marino,0.0,10.0,200
tt0034583,Michael Curtiz,242.0,345.0,Humphrey Bogart,2000.0,Claude Rains,607.0,Conrad Veidt,269.0,1123.0,23000
tt0816556,Joel Anderson,95.0,0.0,Talia Zucker,12.0,Rosie Traynor,5.0,Martin Sharpe,5.0,85.0,0
tt1434447,Shimit Amin,14.0,6.0,Ranbir Kapoor,964.0,Shazahn Padamsee,22.0,Gauhar Khan,20.0,35.0,773
tt0067756,Douglas Trumbull,87.0,136.0,Bruce Dern,844.0,Ron Rifkin,184.0,Jesse Vint,42.0,199.0,0
tt0075148,John G. Avildsen,141.0,80.0,Sylvester Stallone,13000.0,Burgess Meredith,1000.0,Carl Weathers,794.0,542.0,0
tt2723576,Mona Fastvold,16.0,2.0,Christopher Abbott,321.0,Brady Corbet,287.0,Gitte Witt,9.0,2.0,234
tt0080749,John Carpenter,212.0,0.0,Jamie Lee Curtis,2000.0,Hal Holbrook,826.0,Janet Leigh,606.0,335.0,7000
tt0057590,Tony Richardson,30.0,62.0,Albert Finney,883.0,Susannah York,269.0,Hugh Griffith,69.0,56.0,328
tt3713166,Levan Gabriadze,270.0,6.0,Shelley Hennig,707.0,Renee Olstead,305.0,Heather Sossaman,142.0,309.0,13000
tt0075314,Martin Scorsese,211.0,17000.0,Robert De Niro,22000.0,Albert Brooks,745.0,Peter Boyle,595.0,881.0,35000
tt0082533,Joe Dante,161.0,287.0,Patrick Macnee,1000.0,Robert Picardo,823.0,Dee Wallace,725.0,195.0,0
tt0055928,Terence Young,184.0,92.0,Ursula Andress,650.0,Jack Lord,275.0,Lois Maxwell,177.0,389.0,5000
tt1991245,Bradley Parker,270.0,18.0,Jesse McCartney,1000.0,Ingrid Bolsø Berdal,466.0,Jonathan Sadowski,300.0,271.0,24000
tt0093177,Clive Barker,203.0,385.0,Andrew Robinson,266.0,Ashley Laurence,209.0,Clare Higgins,100.0,335.0,0
tt4824308,Harold Cronk,29.0,18.0,Benjamin A. Onyango,634.0,Robin Givens,420.0,Maria Canals-Barrera,295.0,102.0,0
tt0384286,Jeff Wadlow,137.0,65.0,Julian Morris,1000.0,Gary Cole,989.0,Lindy Booth,683.0,220.0,816
tt0188640,Takao Okawara,107.0,2.0,Hiroshi Abe,43.0,Naomi Nishida,3.0,Sakae Kimura,3.0,140.0,339
tt1120985,Derek Cianfrance,377.0,310.0,Ryan Gosling,33000.0,Mike Vogel,2000.0,John Doman,616.0,283.0,25000
tt0407265,Duncan Tucker,169.0,2.0,Kevin Zegers,2000.0,Felicity Huffman,508.0,Paul Borghese,226.0,230.0,0
tt1560985,William Brent Bell,225.0,19.0,Fernanda Andrade,403.0,Claudiu Trandafir,169.0,Brian Johnson,128.0,290.0,12000
tt0065466,Russ Meyer,101.0,199.0,Charles Napier,503.0,Cynthia Myers,46.0,Harrison Page,44.0,137.0,0
tt0049452,Robert D. Webb,39.0,0.0,James Drury,356.0,Neville Brand,110.0,Debra Paget,102.0,36.0,365
tt0497116,Davis Guggenheim,372.0,49.0,Billy West,861.0,Al Gore,68.0,,,504.0,0
tt0041841,Allan Dwan,40.0,23.0,James Brown,183.0,Richard Jaeckel,102.0,Forrest Tucker,88.0,69.0,624
tt0893382,Martin Scorsese,129.0,17000.0,Mick Jagger,543.0,Keith Richards,426.0,Albert Maysles,184.0,67.0,0
tt2403021,Eli Roth,285.0,0.0,Daryl Sabara,640.0,Richard Burgi,550.0,Magda Apanowicz,389.0,164.0,12000
tt2248739,Andrew Steggall,29.0,0.0,Juliet Stevenson,202.0,Alex Lawther,47.0,Niamh Cusack,30.0,5.0,75
tt1866249,Ben Lewin,337.0,20.0,W. Earl Brown,422.0,Adam Arkin,374.0,Rhea Perlman,365.0,126.0,11000
tt1286537,Robert Kenner,120.0,11.0,Michael Pollan,37.0,Eric Schlosser,3.0,Barbara Kowalcyk,2.0,183.0,37000
tt1720182,Andrew Erwin,40.0,10.0,Rachel Hendrix,544.0,Robert Amaya,264.0,Jason Burkey,245.0,82.0,0
tt0119778,Brad Anderson,38.0,122.0,Philip Seymour Hoffman,22000.0,Callie Thorne,472.0,Holland Taylor,458.0,86.0,392
tt0467406,Jason Reitman,387.0,655.0,J.K. Simmons,24000.0,Jennifer Garner,3000.0,Rainn Wilson,973.0,881.0,10000
tt1571249,Craig Johnson,185.0,7.0,Ty Burrell,3000.0,Boyd Holbrook,439.0,Kathleen Rose Perkins,180.0,79.0,0
tt1441326,Sean Durkin,348.0,46.0,Christopher Abbott,321.0,Julia Garner,300.0,Brady Corbet,287.0,186.0,0
tt2910274,Gillian Robespierre,155.0,9.0,Gaby Hoffmann,612.0,Jenny Slate,457.0,Jake Lacy,313.0,73.0,0
tt0978759,Courtney Hunt,181.0,33.0,Charlie McDermott,496.0,Michael O'Keefe,238.0,Misty Upham,229.0,93.0,0
tt2396566,Morgan Neville,149.0,9.0,Sheryl Crow,130.0,Lou Adler,19.0,Merry Clayton,13.0,80.0,14000
tt0124179,James Toback,54.0,56.0,Robert Downey Jr.,21000.0,Natasha Gregson Wagner,104.0,Angel David,13.0,102.0,387
tt0118113,Nicole Holofcener,18.0,132.0,Kevin Corrigan,778.0,Anne Heche,695.0,Vincent Pastore,584.0,32.0,227
tt0119164,Peter Cattaneo,122.0,11.0,Tom Wilkinson,1000.0,Mark Addy,891.0,Lesley Sharp,121.0,174.0,0
tt0489037,Chris Paine,87.0,2.0,Ed Begley Jr.,783.0,Phyllis Diller,659.0,Colette Divine,5.0,155.0,0
tt0222850,Greg Berlanti,51.0,112.0,Justin Theroux,1000.0,Nia Long,826.0,Mary McCormack,428.0,120.0,671
tt0281686,Don Coscarelli,260.0,152.0,Daniel Roebuck,1000.0,Ossie Davis,282.0,Ella Joyce,124.0,366.0,0
tt1051904,Rob Letterman,218.0,11.0,Odeya Rush,2000.0,Dylan Minnette,1000.0,Ken Marino,543.0,154.0,35000
tt0139615,Marc Levin,16.0,12.0,Sonja Sohn,245.0,Saul Williams,38.0,Bonz Malone,6.0,51.0,603
tt0268200,Richard Dutcher,12.0,13.0,Wilford Brimley,957.0,Frank Gerrish,81.0,Rick Macy,25.0,63.0,100
tt0248012,Khalid Mohamed,1.0,10.0,Karisma Kapoor,353.0,Manoj Bajpayee,186.0,Jaya Bhaduri,97.0,19.0,92
tt0082517,Mel Brooks,48.0,0.0,Madeline Kahn,1000.0,Sid Caesar,898.0,Dom DeLuise,842.0,131.0,0
tt0124819,Trey Parker,59.0,406.0,Trey Parker,406.0,Dian Bachar,203.0,Matt Stone,194.0,168.0,0
tt0299458,David Gordon Green,88.0,234.0,Zooey Deschanel,11000.0,Paul Schneider,552.0,Shea Whigham,463.0,126.0,571
tt0119019,Finn Taylor,28.0,4.0,David Arquette,611.0,Cathy Moriarty,394.0,Kathryn Erbe,301.0,29.0,166
tt0290145,Karen Moncrieff,44.0,22.0,Frances Fisher,638.0,Agnes Bruckner,400.0,A.J. Buckley,275.0,68.0,115
tt0160498,José Luis Valenzuela,13.0,0.0,Cheech Marin,844.0,Lupe Ontiveros,625.0,Robert Beltran,268.0,32.0,24
tt2479800,Gia Coppola,117.0,71.0,James Franco,11000.0,Nat Wolff,733.0,Olivia Crocicchia,145.0,61.0,0
tt1077262,Scandar Copti,100.0,13.0,Shahir Kabaha,20.0,Scandar Copti,13.0,Ranin Karim,7.0,32.0,0
tt0477139,Goran Dukic,117.0,21.0,Leslie Bibb,1000.0,Patrick Fugit,835.0,Chase Ellison,772.0,88.0,11000
tt2884206,Mike Cahill,140.0,135.0,Steven Yeun,7000.0,Cara Seymour,71.0,Venida Evans,11.0,160.0,32000
tt0357470,Efram Potelle,29.0,2.0,Shiri Appleby,855.0,Elden Henson,577.0,Kathleen Quinlan,551.0,49.0,150
tt0380510,Peter Jackson,308.0,0.0,Michael Imperioli,873.0,AJ Michalka,559.0,Tom McCarthy,310.0,593.0,16000
tt2375605,Joshua Oppenheimer,248.0,50.0,Anwar Congo,3.0,Herman Koto,3.0,Syamsul Arifin,0.0,107.0,20000
tt0854678,Alex Gibney,84.0,141.0,Alex Gibney,141.0,George W. Bush,125.0,Greg D'Agostino,23.0,40.0,0
tt0489247,Paul Crowder,40.0,10.0,Pelé,102.0,Marv Albert,7.0,Ahmet Ertegun,5.0,13.0,587
tt0428609,Rohit Jagessar,,0.0,Kumar Gaurav,12.0,Rufus Graham,3.0,Aasheekaa Bathija,0.0,2.0,32
tt0233699,Griffin Dunne,13.0,165.0,Mira Sorvino,978.0,Fisher Stevens,922.0,Melissa Gilbert,679.0,16.0,25
tt2361700,Anthony Powell,31.0,9.0,Josh Swanson,53.0,Tom Hamann,24.0,Anthony Powell,9.0,16.0,0
tt3214286,Kief Davidson,43.0,0.0,G.W. Krauss,20.0,Brian Whitaker,8.0,Jason Bateman,0.0,11.0,0
tt1907639,Johnny Remo,2.0,74.0,Matthew Ziff,260000.0,Randy Wayne,984.0,Raquel Elizabeth Ames,891.0,5.0,706
tt0454431,Vivek Agnihotri,4.0,5.0,Emraan Hashmi,724.0,Anil Kapoor,668.0,Sunil Shetty,219.0,30.0,31
tt1172994,Ti West,238.0,243.0,Lena Dunham,969.0,Greta Gerwig,962.0,Dee Wallace,725.0,193.0,0
tt1334553,Nick Tomnay,112.0,11.0,David Hyde Pierce,443.0,Clayne Crawford,298.0,Nathaniel Parker,271.0,73.0,0
tt0120813,John Hamburg,33.0,29.0,Harvey Fierstein,499.0,Michael Lerner,230.0,Josh Pais,117.0,52.0,157
tt0155197,Nickolas Perry,8.0,5.0,Patrick Renna,590.0,Patsy Kensit,231.0,Adrienne Frantz,73.0,43.0,27
tt0161743,Dan Zukovic,95.0,8.0,Yul Vazquez,96.0,Louis Mustillo,71.0,James Lorinz,14.0,17.0,43
tt0181836,Craig Mazin,29.0,82.0,Judy Greer,2000.0,James Gunn,571.0,Jamie Kennedy,490.0,54.0,210
tt1130087,Becky Smith,3.0,32.0,Will Rothhaar,386.0,Emily Baldoni,261.0,Hallee Hirsh,256.0,6.0,143
tt0472259,Eric Nicholas,71.0,0.0,Jordana Spiro,262.0,Ana Claudia Talancón,163.0,Jonathon Trent,61.0,31.0,244
tt3277624,Benjamin Dickinson,36.0,4.0,Nora Zehetner,446.0,Alexia Rasmussen,171.0,Meredith Hagner,150.0,7.0,793
tt0479162,Hal Haberman,56.0,0.0,Michael Rapaport,975.0,Paul Blackthorne,645.0,Ian Bohen,394.0,37.0,0
tt0124137,Darren Stein,8.0,18.0,Frances Bay,491.0,Jamie Kennedy,490.0,Veronica Cartwright,422.0,13.0,17
tt0401462,A. Raven Cruz,3.0,0.0,Scott Levy,639.0,Vanilla Ice,361.0,Jennifer Sky,94.0,9.0,128
tt0487156,Brian Trenchard-Smith,8.0,53.0,David Keith,563.0,Mariel Hemingway,288.0,Jesse Hutch,176.0,12.0,42
tt0271020,Frank Whaley,9.0,436.0,Lynn Cohen,474.0,Frank Whaley,436.0,Heather Bucha,4.0,21.0,47
tt2852376,Amat Escalante,87.0,50.0,Kenny Johnston,327.0,Andrea Vergara,9.0,Gabriel Reyes,8.0,15.0,0
tt4590482,Wajahat Rauf,6.0,3.0,Rasheed Naz,7.0,Ayesha Omar,5.0,Javed Sheikh,4.0,15.0,259
tt0323120,Katherine Brooks,14.0,57.0,Ilene Graff,442.0,Kevin McCarthy,403.0,Laura Breckenridge,228.0,75.0,501
tt3145220,David Cross,20.0,0.0,Jason Ritter,782.0,Matt Walsh,490.0,Amy Sedaris,396.0,8.0,903
tt0425151,Randall Rubin,23.0,0.0,Nicole Randall Johnson,363.0,A.J. Buckley,275.0,James Eckhouse,131.0,26.0,138
tt1414361,Robert Bennett,6.0,15.0,Randy Wayne,984.0,Lauren C. Mayhew,157.0,Alicia Ziegler,106.0,28.0,297
tt0060816,Guy Hamilton,12.0,82.0,Oliver Reed,694.0,Eddie Albert,196.0,Louise Sorel,47.0,7.0,32
tt0393616,Mary Pat Kelly,2.0,3.0,Aidan Quinn,767.0,Ossie Davis,282.0,Janet Hubert,149.0,22.0,141
tt1014806,Lori Petty,12.0,923.0,Jennifer Lawrence,34000.0,Chloë Grace Moretz,17000.0,Bokeem Woodbine,904.0,24.0,599
tt0867270,Charlie Levi,,0.0,Joe Mantegna,1000.0,Barbara Hershey,618.0,Diane Venora,171.0,,3
tt1134674,Kevin Hamedani,64.0,23.0,Russell Hodgkinson,199.0,Janette Armand,37.0,Kevin Hamedani,23.0,39.0,0
tt2149137,David DeCoteau,7.0,142.0,Maureen McCormick,458.0,Shanley Caswell,383.0,Tim Abell,317.0,14.0,150
tt3289362,Mikel Rueda,9.0,0.0,Álex Angulo,90.0,Germán Alcarazu,0.0,Joseba Ugalde,0.0,7.0,68
tt1679248,Stefan C. Schaefer,21.0,0.0,Nicole Beharie,898.0,Marlene Forte,395.0,Reg E. Cathey,360.0,12.0,370
tt0826751,Michael Taliferro,,105.0,Wesley Jonathan,592.0,Sticky Fingaz,207.0,Chrystee Pharris,110.0,1.0,41
tt3359872,David DeCoteau,1.0,142.0,William McNamara,10000.0,Tom Berenger,854.0,Randy Jay Burrell,402.0,6.0,54
tt1930294,Katie Aselton,95.0,224.0,Katie Aselton,224.0,Anslem Richardson,59.0,Jay Paulson,37.0,47.0,0
tt1838722,Robert Heath,40.0,0.0,David Oakes,335.0,Alexander Vlahos,334.0,Jennie Jacques,177.0,41.0,968
tt0825728,D. Stevens,6.0,6.0,Magi Avila,92.0,Pierre Dulat,17.0,Summer Napoles,0.0,24.0,91
tt2655734,Jeffrey St. Jules,16.0,0.0,Boyd Banks,57.0,Chloe Rose,40.0,Kristian Bruun,36.0,16.0,48
tt2165765,Robert Hall,39.0,53.0,Angelina Armani,677.0,Kevin Gage,366.0,Fiona Dourif,253.0,19.0,936
tt2446502,K. King,150.0,3.0,Jason K. Wixom,214.0,Shona Kay,211.0,Jarrod Phillips,115.0,30.0,0
tt1604100,Jonathan Meyers,1.0,0.0,Justin Baldoni,657.0,Luke Perry,608.0,Leonor Varela,426.0,1.0,212
tt1924429,Danny Boyle,393.0,0.0,Rosario Dawson,3000.0,Spencer Wilding,1000.0,Tuppence Middleton,888.0,212.0,23000
tt0062794,Ralph Nelson,32.0,17.0,Cliff Robertson,754.0,Dick Van Patten,605.0,Claire Bloom,113.0,55.0,785
tt2011276,Blair Erickson,78.0,0.0,Monique Candelaria,696.0,Katia Winter,371.0,Michael McMillian,302.0,56.0,2000
tt0156196,,,,Eric Lloyd,775.0,David DeLuise,275.0,Bruno Campos,223.0,14.0,57
tt2505294,Allison Burnett,8.0,12.0,Kimberly Williams-Paisley,529.0,Gia Mantegna,413.0,Cathryn de Prume,354.0,64.0,884
tt0825346,Richard Schenkman,6.0,29.0,Vanessa Williams,1000.0,Mike Colter,569.0,Eartha Kitt,558.0,4.0,42
tt2141739,Sanjay Rawal,9.0,0.0,Alma Martinez,56.0,Robert Kennedy Jr.,28.0,Eve Ensler,17.0,3.0,489
tt0047296,Elia Kazan,134.0,603.0,Marlon Brando,10000.0,Karl Malden,416.0,Rod Steiger,279.0,281.0,0
tt1726589,Kat Coiro,18.0,28.0,Justin Kirk,945.0,Geoff Stults,756.0,Kristen Johnston,501.0,15.0,995
tt1032846,Cristian Mungiu,233.0,163.0,Anamaria Marinca,131.0,Vlad Ivanov,60.0,Alexandru Potocean,27.0,172.0,14000
tt3034146,Brian Dorton,10.0,171.0,Javier Botet,1000.0,Brian Dorton,171.0,Jan Cornet,76.0,3.0,52
tt0424136,David Slade,231.0,171.0,Odessa Rae,109.0,G.J. Echternkamp,8.0,Patrick Wilson,0.0,651.0,12000
tt0414951,Jamie Babbit,65.0,91.0,Katy Mixon,982.0,David Gallagher,796.0,Edie Falco,659.0,90.0,698
tt1684628,Maryam Keshavarz,76.0,32.0,Sarah Kazemy,144.0,Reza Sixo Safai,127.0,Sina Amedson,127.0,43.0,0
tt2334649,Ryan Coogler,327.0,0.0,Ahna O'Reilly,282.0,Melonie Diaz,270.0,Ariana Neal,88.0,168.0,17000
tt1935902,Ramaa Mosley,62.0,6.0,Jack McBrayer,975.0,Michael Angarano,947.0,Alia Shawkat,727.0,39.0,0
tt0034492,James Algar,116.0,11.0,Sam Edwards,16.0,Donnie Dunagan,12.0,Ann Gillis,8.0,136.0,0
tt0814130,Charles Herman-Wurmfeld,73.0,0.0,John Enos III,465.0,Rian Bishop,140.0,Adam Carolla,102.0,23.0,337
tt0882977,Ric Roman Waugh,238.0,29.0,Dwayne Johnson,12000.0,Harold Perrineau,1000.0,Nadine Velazquez,874.0,122.0,12000
tt0345551,C. Jay Cox,35.0,6.0,Joseph Gordon-Levitt,23000.0,Rob McElhenney,813.0,Jacqueline Bisset,522.0,252.0,0
tt1852001,Mariette Monpierre,2.0,0.0,Stana Roumillac,0.0,Christophe Cherki,0.0,Teddy Doloir,0.0,2.0,24
tt2388621,Tommy Oliver,6.0,66.0,Bokeem Woodbine,904.0,Ruby Dee,782.0,Quinton Aaron,734.0,3.0,181
tt1996264,Jamie Travis,115.0,15.0,James Wolk,938.0,Ari Graynor,904.0,Nia Vardalos,567.0,34.0,0
tt1405365,Lee Toland Krieger,193.0,43.0,Ari Graynor,904.0,Janel Parrish,517.0,Rob Huebel,172.0,61.0,0
tt0295725,Rich Christiano,16.0,14.0,Gavin MacLeod,284.0,D. David Morin,234.0,Hal Linden,221.0,158.0,409
tt0490166,Paul Andrew Williams,68.0,46.0,Lorraine Stanley,418.0,Johnny Harris,146.0,Georgia Groome,141.0,72.0,933
tt4733536,Nick Love,16.0,63.0,Eddie Griffin,489.0,Christopher Berry,207.0,Michelle Tabora,175.0,23.0,549
tt2311428,Natalie Bible',7.0,8.0,Tommy O'Reilly,1000.0,Samaire Armstrong,806.0,Matt Cohen,487.0,6.0,312
tt1832382,Asghar Farhadi,354.0,0.0,Shahab Hosseini,786.0,Leila Hatami,712.0,Peyman Moaadi,620.0,264.0,48000
tt1349478,Justin Molotnikov,16.0,5.0,Jo Hartley,49.0,Stephen McCole,11.0,Joe Cassidy,10.0,6.0,33
tt0114906,Todd Solondz,74.0,377.0,Heather Matarazzo,529.0,Ken Leung,502.0,Christina Vidal,236.0,174.0,0
tt0108000,Victor Nunez,11.0,9.0,Allison Dean,159.0,Todd Field,143.0,Dorothy Lyman,86.0,28.0,81
tt0316188,Peter Sollett,59.0,6.0,Victor Rasuk,302.0,Melonie Diaz,270.0,Judy Marte,68.0,135.0,219
tt0018737,Georg Wilhelm Pabst,71.0,21.0,Louise Brooks,426.0,Francis Lederer,20.0,Fritz Kortner,3.0,84.0,926
tt0870118,Daniel Davila,5.0,0.0,Martin Landau,940.0,Melora Walters,188.0,Diane Baker,167.0,1.0,18
tt0356453,Jorge Gaggero,25.0,0.0,Norma Aleandro,24.0,Hilda Bernard,5.0,Claudia Lapacó,0.0,11.0,83
tt0158583,Rod Lurie,29.0,37.0,Kevin Pollak,574.0,Kathryn Morris,573.0,Timothy Hutton,501.0,79.0,130
tt0339419,Michael Burke,17.0,3.0,Zachary Knighton,262.0,Tom Guiry,262.0,Ryan Donowho,181.0,30.0,396
tt0186719,Catherine Jelski,13.0,0.0,Leslie Bibb,1000.0,Eion Bailey,749.0,Arly Jover,258.0,3.0,4
tt3569356,Shane Dawson,6.0,247.0,Shane Dawson,247.0,Kurt Angle,217.0,Cherami Leigh,152.0,72.0,0
tt1278340,Tommy Wirkola,224.0,75.0,Bjørn Sundquist,35.0,Stig Frode Henriksen,16.0,Ane Dahl Torp,13.0,200.0,23000
tt0373283,Ryan Little,33.0,38.0,Corbin Allred,214.0,Larry Bagby,115.0,Kirby Heyborne,69.0,157.0,1000
tt2164708,Clark Baker,1.0,0.0,Taylor Pigeon,134.0,Alan Pietruszewski,93.0,Whit Spurgeon,37.0,3.0,14
tt0069704,George Lucas,100.0,0.0,Harrison Ford,11000.0,Ron Howard,2000.0,Mackenzie Phillips,425.0,238.0,0
tt0815181,Robert Greenwald,21.0,21.0,Scott Helvenston,25.0,Katy Helvenston-Wettengal,0.0,Donna Zovko,0.0,24.0,274
tt0455326,Matt Maiellaro,82.0,8.0,Tina Fey,2000.0,Fred Armisen,424.0,Chris Kattan,357.0,73.0,307
tt1862079,Colin Trevorrow,271.0,365.0,Mary Lynn Rajskub,934.0,Mark Duplass,830.0,Jeff Garlin,522.0,260.0,31000
tt1999192,Leslie Small,5.0,15.0,Isaac C. Singleton Jr.,312.0,Larry King,135.0,Jeanette Branch,95.0,8.0,614
tt1788391,Ben Wheatley,255.0,214.0,MyAnna Buring,513.0,Ben Crompton,257.0,Neil Maskell,246.0,209.0,0
tt1594562,Ti West,292.0,243.0,Lena Dunham,969.0,Jake Ryan,128.0,Pat Healy,74.0,247.0,0
tt1139668,David S. Goyer,178.0,687.0,Gary Oldman,10000.0,Atticus Shaffer,787.0,Rachel Brosnahan,389.0,230.0,0
tt0065571,Bernardo Bertolucci,120.0,973.0,Jean-Louis Trintignant,319.0,Stefania Sandrelli,90.0,Dominique Sanda,48.0,101.0,0
tt0308411,Neil Burger,31.0,168.0,Raymond J. Barry,108.0,Christel Khalil,72.0,Renee Faia,21.0,31.0,163
tt0988849,Oliver Blackburn,114.0,4.0,Julian Morris,1000.0,Nichola Burley,233.0,Tom Burke,201.0,74.0,0
tt0490076,Jonathan Levine,233.0,129.0,Luke Grimes,935.0,Michael Welch,611.0,Whitney Able,280.0,129.0,2000
tt0997143,Christopher Hutson,8.0,3.0,Dichen Lachman,717.0,Jennifer Lee Wiggins,134.0,Michele Morrow,118.0,30.0,128
tt0044706,Fred Zinnemann,153.0,160.0,Gary Cooper,998.0,Lloyd Bridges,575.0,Lon Chaney Jr.,433.0,333.0,3000
tt0110057,Steve James,53.0,23.0,William Gates,7.0,Arthur Agee,6.0,Isiah Thomas,2.0,74.0,0
tt0436724,David LaChapelle,49.0,30.0,Kevin Scott Richardson,262.0,Christopher Toler,23.0,Tommy the Clown,14.0,46.0,903
tt2983582,Joseph Kosinski,4.0,364.0,Peter Dinklage,22000.0,Lauren Cohan,4000.0,Erick Avari,567.0,11.0,1000
tt0242587,Michael Cuesta,64.0,52.0,Adam LeFevre,80.0,Bruce Altman,67.0,Walter Masterson,36.0,109.0,420
tt1015471,Caryn Waechter,23.0,0.0,Laura Fraser,601.0,Kara Hayward,524.0,Louis Ozawa Changchien,195.0,17.0,523
tt0964179,Emily Dell,8.0,0.0,Aimee Garcia,618.0,Wesley Jonathan,592.0,Drew Sidora,311.0,10.0,303
tt0360717,Peter Jackson,446.0,0.0,Naomi Watts,6000.0,Thomas Kretschmann,918.0,Evan Parke,84.0,2618.0,0
tt0397065,Jaume Collet-Serra,228.0,174.0,Robert Ri'chard,730.0,Paris Hilton,716.0,Brian Van Holt,324.0,576.0,0
tt0468489,Ryan Fleck,208.0,31.0,Ryan Gosling,33000.0,Tristan Mack Wilds,519.0,Jeff Lima,71.0,189.0,0
tt0133117,Jennifer Wynne Farmer,2.0,0.0,Irene Bedard,752.0,Akima,282.0,Max Gail,236.0,6.0,102
tt0126938,Christopher Scott Cherot,25.0,21.0,Hill Harper,465.0,Robinne Lee,170.0,Chenoa Maxwell,48.0,36.0,161
tt4044464,H.M. Coakley,8.0,0.0,Mehcad Brooks,696.0,Steffinnie Phrommany,320.0,Danielle Savre,137.0,1.0,158
tt2187884,Randy Moore,143.0,13.0,Trey Loney,977.0,Lee Armstrong,511.0,Amy Lucas,432.0,79.0,0
tt1510934,Chris Atkins,21.0,2.0,Richard Curtis,628.0,Harvey Weinstein,474.0,Elton John,442.0,8.0,203
tt2139721,Bill Benenson,1.0,0.0,Alfre Woodard,1000.0,Dave Fennoy,338.0,Jane Goodall,21.0,1.0,5
tt1799508,Ryan Smith,34.0,4.0,Sandra Ellis Lafferty,523.0,Madison Lintz,385.0,Karolina Wydra,258.0,27.0,1000
tt2380301,Travis Romero,5.0,4.0,Matthew Ziff,260000.0,Lorraine Ziff,21000.0,Michael Biehn,2000.0,5.0,0
tt2016335,Anna Mastro,10.0,7.0,Leven Rambin,956.0,Justin Kirk,945.0,Virginia Madsen,912.0,19.0,0
tt0027125,Mark Sandrich,66.0,10.0,Ginger Rogers,610.0,Edward Everett Horton,172.0,Eric Blore,23.0,98.0,1000
tt0185937,Daniel Myrick,360.0,19.0,Heather Donahue,170.0,Joshua Leonard,170.0,Michael C. Williams,39.0,3400.0,0
tt0066580,Michael Wadleigh,53.0,14.0,Joe Cocker,262.0,Jimi Hendrix,227.0,Joan Baez,136.0,63.0,0
tt0076257,John Landis,82.0,644.0,David Zucker,119.0,Barry Dennen,29.0,Tara Strohmeier,11.0,109.0,0
tt0243415,Jon Gunn,15.0,16.0,Stacy Keach,602.0,David A.R. White,266.0,Cynthia Watros,254.0,16.0,12
tt1074931,Gene Teigland,,0.0,Kendyl Joi,23.0,Matthew Feeney,20.0,Tac Fitzgerald,20.0,4.0,11
tt0149964,Scott Ziehl,18.0,4.0,William Smith,919.0,Jason London,711.0,Brent David Fraser,218.0,19.0,51
tt2052015,Richard Montoya,,12.0,Nicholas Gonzalez,601.0,Angela Nordeng,371.0,Exie Booker,359.0,,358
tt4333662,Johanna Schwartz,22.0,0.0,Aliou Touré,0.0,Garba Touré,0.0,Khaira Arby,0.0,2.0,34
tt0331225,William Gazecki,15.0,3.0,Karen Alexander,0.0,Colin Andrews,0.0,Francine Blake,0.0,13.0,32
tt3130704,Lance McDaniel,,0.0,Russell Wong,595.0,Steven Michael Quezada,412.0,Lymari Nadal,271.0,1.0,9
tt5078326,Thomas Lilti,18.0,12.0,François Cluzet,541.0,Félix Moati,8.0,Marianne Denicourt,2.0,1.0,36
tt2263814,Michael Walker,8.0,5.0,Paula Garcés,587.0,Annabella Sciorra,448.0,John Brodsky,233.0,9.0,128
tt0058182,Richard Lester,105.0,44.0,Paul McCartney,785.0,Ringo Starr,725.0,George Harrison,704.0,219.0,0
tt1981703,U. Roberto Romano,3.0,6.0,,,,,,,2.0,88
tt0085871,Amy Holden Jones,4.0,11.0,Jamie Lee Curtis,2000.0,Sally Kirkland,433.0,Amy Madigan,221.0,9.0,7
tt4374230,Blaz Zavrsnik,2.0,0.0,Dario Nozic Serini,0.0,Spela Colja,0.0,Andrej Nahtigal,0.0,2.0,18
tt1129423,Alex Kendrick,50.0,589.0,Kirk Cameron,848.0,Ken Bevel,153.0,Erin Bethea,150.0,215.0,0
tt2768766,Pan Nalin,19.0,95.0,Bhole Baba,0.0,Pant Shirt Baba,0.0,Shriman Umeshanad Brahmachari,0.0,3.0,126
tt0071206,Joe Camp,5.0,24.0,Frances Bavier,407.0,Peter Breck,189.0,Edgar Buchanan,142.0,36.0,816
tt0374102,Chris Kentis,235.0,9.0,Blanchard Ryan,48.0,Saul Stein,10.0,Daniel Travis,7.0,916.0,0
tt1692084,Matt Walsh,8.0,490.0,Joe Lo Truglio,833.0,Matt Jones,523.0,Abby Elliott,201.0,3.0,244
tt0076271,John 'Bud' Cardos,95.0,8.0,Woody Strode,423.0,Hoke Howell,23.0,Tiffany Bolling,22.0,84.0,0
tt0438205,Marilyn Agrelo,84.0,2.0,Heather Berman,0.0,Eva Carrozza,0.0,Paul Daggett,0.0,65.0,588
tt0340377,Tom McCarthy,154.0,310.0,Peter Dinklage,22000.0,Joe Lo Truglio,833.0,Paula Garcés,587.0,286.0,0
tt1270286,Brian Baugh,20.0,3.0,Randy Wayne,984.0,Sean Michael Afable,801.0,D. David Morin,234.0,55.0,0
tt0492506,Patrick Creadon,88.0,3.0,Ken Burns,196.0,Bill Clinton,184.0,Bob Dole,2.0,43.0,694
tt0218043,Barry W. Blaustein,70.0,6.0,Terry Funk,54.0,Vince McMahon,44.0,Mick Foley,43.0,80.0,491
tt0306069,Kurt Hale,5.0,0.0,Kirby Heyborne,69.0,Lincoln Hoppe,24.0,Daryn Tufts,15.0,53.0,43
tt0368913,Siddiq Barmak,105.0,6.0,Marina Golbahari,30.0,Zubaida Sahar,0.0,Mohamad Haref Harati,0.0,77.0,0
tt1976608,Joseph Dorman,29.0,0.0,Rachel Dratch,399.0,Peter Riegert,169.0,Jason Kravits,59.0,5.0,287
tt0212974,Greg Harrison,46.0,7.0,Rachel True,328.0,Ari Gold,27.0,Denny Kirkwood,17.0,74.0,0
tt0341540,Kurt Hale,3.0,0.0,Kirby Heyborne,69.0,Big Budah,34.0,Curt Doussett,17.0,34.0,44
tt0162830,Michael Polish,54.0,35.0,Sasha Alexander,980.0,William Katt,505.0,Jon Gries,482.0,87.0,180
tt0377091,Jacob Aaron Estes,126.0,9.0,Rory Culkin,710.0,Scott Mechlowicz,634.0,Trevor Morgan,595.0,154.0,1000
tt0119338,Morgan J. Freeman,17.0,204.0,Edie Falco,659.0,Heather Matarazzo,529.0,Lynn Cohen,474.0,21.0,51
tt0244094,Eric Schaeffer,25.0,71.0,Peter Dinklage,22000.0,Bill Duke,1000.0,Michael McKean,658.0,34.0,139
tt0326806,Neema Barnette,11.0,21.0,Monica Calhoun,597.0,LisaRaye McCoy,485.0,Clifton Powell,469.0,24.0,86
tt0385056,Steve Buscemi,81.0,12000.0,Kevin Corrigan,778.0,Seymour Cassel,327.0,Mary Kay Place,213.0,53.0,238
tt2265398,Joe Swanberg,155.0,217.0,Olivia Wilde,10000.0,Anna Kendrick,10000.0,Ti West,243.0,106.0,0
tt2654360,Molly Bernstein,39.0,0.0,David Mamet,342.0,Ricky Jay,79.0,Dick Cavett,49.0,7.0,590
tt0047478,Akira Kurosawa,153.0,0.0,Takashi Shimura,304.0,Minoru Chiaki,8.0,Kamatari Fujiwara,4.0,596.0,11000
tt1606829,Marius A. Markevicius,26.0,6.0,Tommy Sheppard,14.0,Greg Speirs,9.0,Mickey Hart,8.0,9.0,0
tt0104567,Tom DiCillo,10.0,32.0,Brad Pitt,11000.0,Tina Louise,422.0,Nick Cave,329.0,24.0,344
tt0843850,Justin Lin,35.0,681.0,Monique Gabriela Curnen,239.0,Jake Sandvig,172.0,Joe McQueen,143.0,12.0,155
tt1612774,Quentin Dupieux,230.0,248.0,Haley Ramm,353.0,Jack Plotnick,248.0,Cecelia Antoinette,196.0,170.0,46000
tt2224026,Tim Johnson,165.0,12.0,Jim Parsons,17000.0,Matt Jones,523.0,April Winchell,183.0,214.0,26000
tt0893346,C. Jay Cox,9.0,6.0,Tori Spelling,396.0,Amber Benson,326.0,Garrett M. Brown,325.0,10.0,60
tt0266971,Alex Smith,17.0,12.0,Ryan Gosling,33000.0,Clea DuVall,1000.0,Eddie Spears,699.0,32.0,183
tt1470827,Gareth Edwards,344.0,380.0,Scoot McNairy,660.0,Whitney Able,280.0,Ricky Catter,113.0,451.0,19000
tt0377043,Jonathan Parker,2.0,0.0,Keith Carradine,584.0,Joanne Whalley,507.0,Illeana Douglas,347.0,11.0,29
tt0489212,Sol Tryon,28.0,0.0,Jim Gaffigan,472.0,Ann Dowd,185.0,Matthew Cowles,170.0,10.0,339
tt1865346,Alex Craig Mann,29.0,38.0,Justin Chon,552.0,Christa B. Allen,533.0,Max Adler,445.0,20.0,898
tt0843270,Hao Ning,11.0,0.0,Bo Huang,4.0,Zheng Xu,4.0,Zhonghua Chen,0.0,9.0,23
tt0486541,Stephen Kijak,48.0,3.0,Brian Eno,30.0,Jacques Brel,27.0,Damon Albarn,25.0,11.0,808
tt0228277,Marc Forster,24.0,395.0,Radha Mitchell,991.0,Alan Ruck,946.0,Megan Mullally,637.0,10.0,22
tt3297330,Andrew Niccol,166.0,487.0,Bruce Greenwood,991.0,Zoë Kravitz,943.0,Stafford Douglas,118.0,68.0,0
tt0455556,Daston Kalili,,2.0,Daston Kalili,2.0,Rai Alexandra,0.0,Chin-Chien Chang,0.0,3.0,0
tt2825768,William Gazecki,9.0,3.0,Carol Channing,387.0,Bruce Vilanch,244.0,Tony Bennett,205.0,3.0,16
tt1937264,Ol Parker,48.0,21.0,Jeremy Irvine,25000.0,Olivia Williams,766.0,Paddy Considine,680.0,54.0,0
tt1884318,Michael Hoffman Jr.,64.0,32.0,Vincent Chimato,685.0,John McGlothlin,492.0,Al Sapienza,238.0,28.0,0
tt3417110,Patrick Gilles,,0.0,Emma Caulfield,970.0,Dylan Baker,812.0,Mike Colter,569.0,,337
tt2909932,Georgia Hilton,1.0,406.0,Mike Beckingham,358.0,Tim Abell,317.0,Tom Stedham,152.0,16.0,353
tt0275022,Tamra Davis,111.0,33.0,Britney Spears,1000.0,Katherine Boecher,188.0,Dave Allen,135.0,578.0,0
tt1631707,Jack Heller,26.0,0.0,Shaun Sipos,322.0,Katherine Waterston,178.0,Christopher Denham,120.0,45.0,701
tt2275671,Fernando Baez Mella,1.0,0.0,Manny Perez,159.0,Christian Alvarez,15.0,Claudette Lalí,15.0,1.0,126
tt3152288,Warren Sheppard,3.0,0.0,Jennifer Hale,918.0,Randy Jay Burrell,402.0,Vincent De Paul,212.0,2.0,381
tt3892618,Darren Lynn Bousman,10.0,163.0,Paul Sorvino,636.0,Barry Bostwick,456.0,Terrance Zdunich,303.0,20.0,707
tt2190180,Justin Paul Miller,1.0,0.0,Mary Kate Wiles,84.0,Jennifer Landa,41.0,Felix Avitia,33.0,1.0,70
tt4062896,Joel Paul Reisig,1.0,431.0,Carrie Bradstreet,466.0,Joel Paul Reisig,431.0,Yassie Hawkes,317.0,4.0,0
tt2246526,Catherine Gund,10.0,0.0,Elizabeth Streb,0.0,Sarah Callan,0.0,Laura Flanders,0.0,10.0,44
tt3846442,Luke Dye,1.0,0.0,Mike Stanley,385.0,Jeff Delaney,169.0,Jamison Stalsworth,53.0,1.0,9
tt1623205,Sam Raimi,525.0,0.0,Tim Holmes,44000.0,Mila Kunis,15000.0,James Franco,11000.0,511.0,60000
tt0090190,Michael Herz,96.0,6.0,Patrick Kilpatrick,488.0,Mark Torgl,11.0,Pat Ryan,10.0,147.0,0
tt0102989,Matty Rich,8.0,10.0,Lawrence Gilliard Jr.,353.0,George T. Odom,12.0,Matty Rich,10.0,11.0,123
tt0280491,Paul Greengrass,92.0,521.0,James Nesbitt,773.0,Nicholas Farrell,89.0,Tim Pigott-Smith,80.0,120.0,0
tt2111292,Alec Asten,1.0,5.0,Luis Sanchez,472.0,Dennis L.A. White,251.0,Fredro Starr,237.0,5.0,62
tt0435623,Hans Canosa,365.0,3.0,Olivia Wilde,10000.0,Thomas Lennon,651.0,Nora Zehetner,446.0,54.0,0
tt0462485,Lloyd Kaufman,88.0,365.0,John Karyus,907.0,Lloyd Kaufman,365.0,Kate Graham,49.0,58.0,0
tt2112209,Matthew Watts,3.0,0.0,Jennifer Lafleur,873.0,Cheyenne Jackson,469.0,Michael Stahl-David,304.0,3.0,31
tt0024034,Lloyd Bacon,65.0,24.0,Ginger Rogers,610.0,Dick Powell,105.0,George Brent,45.0,97.0,439
tt4273494,Joe Kenemore,,0.0,Bob Proctor,8.0,Jack Canfield,2.0,Eric Worre,0.0,10.0,460
tt0100142,Whit Stillman,71.0,89.0,Chris Eigeman,88.0,Taylor Nichols,74.0,Ellia Thompson,3.0,52.0,865
tt0382330,Kay Pollak,34.0,10.0,Michael Nyqvist,690.0,Frida Hallgren,24.0,Nils-Anders Vallgårda,19.0,94.0,0
tt1958007,Eric England,15.0,15.0,Jack E. Curenton,847.0,Ace Marrero,94.0,Alan Pietruszewski,93.0,6.0,61
tt0374900,Jared Hess,220.0,100.0,Jon Heder,970.0,Diedrich Bader,759.0,Jon Gries,482.0,1473.0,0
tt2359024,Jeremy Saulnier,279.0,57.0,Devin Ratray,1000.0,Eve Plumb,235.0,Amy Hargreaves,92.0,135.0,0
tt1179904,Oren Peli,409.0,110.0,Micah Sloat,189.0,Ashley Palmer,109.0,Amber Armstrong,21.0,1189.0,12000
tt0275309,Stacy Peralta,86.0,147.0,Tony Alva,22.0,Jay Adams,20.0,Jeff Ament,5.0,88.0,0
tt0071853,Terry Gilliam,131.0,0.0,Eric Idle,795.0,Michael Palin,561.0,Terry Jones,332.0,660.0,14000
tt0451176,Richard Glatzer,69.0,25.0,Emily Rios,231.0,Jesse Garcia,200.0,Alicia Sixtos,138.0,48.0,426
tt0396041,Sue Corcoran,8.0,14.0,Tony Doupe,361.0,Sue Corcoran,14.0,David Frederick White,6.0,18.0,39
tt0813715,,75.0,,Sendhil Ramamurthy,1000.0,Masi Oka,923.0,Greg Grunberg,833.0,379.0,0
tt0390538,Jonathan Caouette,72.0,20.0,Greg Ayres,58.0,Jonathan Caouette,20.0,Renee Leblanc,0.0,114.0,754
tt1560957,Ray Griggs,4.0,4.0,Bill Farmer,93.0,Chris Cox,31.0,Mike Huckabee,12.0,31.0,638
tt2403415,Matt Jackson,9.0,0.0,Kane Hodder,935.0,Paul Elia,709.0,Alex Sanborn,271.0,5.0,194
tt0082307,Lucio Fulci,203.0,385.0,Catriona MacColl,48.0,David Warbeck,22.0,Al Cliver,22.0,253.0,2000
tt0197159,,11.0,,Brendon Small,59.0,Ron Lynch,11.0,Melissa Bardin Galsky,6.0,82.0,526
tt1033643,Tom Vaughan,148.0,12.0,Treat Williams,642.0,Andrew Daly,171.0,Michelle Krusiec,149.0,151.0,0
tt0402249,Paul Fox,80.0,3.0,Dov Tiefenbach,108.0,Jeff Seymour,64.0,Gordon Currie,39.0,52.0,166
tt0091578,Stephen Frears,46.0,350.0,Saeed Jaffrey,114.0,Roshan Seth,61.0,Garry Cooper,33.0,64.0,0
tt0299863,Ari Kirschenbaum,8.0,0.0,R. Brandon Johnson,169.0,Adam LeFevre,80.0,Desmond Askew,36.0,10.0,7
tt0414510,Cassandra Nicolaou,10.0,0.0,Katharine Isabelle,918.0,Michelle Nolden,100.0,Gabriel Hogan,83.0,5.0,12
tt0069467,Ingmar Bergman,76.0,0.0,Liv Ullmann,440.0,Ingrid Thulin,132.0,Erland Josephson,92.0,197.0,0
tt0006864,D.W. Griffith,69.0,204.0,Lillian Gish,436.0,Mae Marsh,22.0,Walter Long,9.0,88.0,691
tt0120370,Roger Nygard,43.0,3.0,Walter Koenig,643.0,DeForest Kelley,606.0,James Doohan,513.0,75.0,672
tt0019729,Harry Beaumont,36.0,4.0,Anita Page,77.0,Bessie Love,28.0,Charles King,4.0,71.0,167
tt0083907,Sam Raimi,304.0,0.0,Ted Raimi,634.0,Betsy Baker,66.0,Ellen Sandweiss,58.0,740.0,12000
tt2103217,Franck Khalfoun,279.0,33.0,America Olivo,470.0,Nora Arnezeder,378.0,Liane Balaban,118.0,131.0,0
tt3457376,Mor Loushy,23.0,0.0,Amos Oz,3.0,,,,,3.0,111
tt0436613,Henry Alex Rubin,110.0,30.0,Mark Zupan,15.0,Joe Bishop,0.0,Andy Cohn,0.0,70.0,0
tt0092548,Sam Firstenberg,40.0,44.0,Michael Dudikoff,615.0,Steve James,96.0,Larry Poindexter,93.0,46.0,583
tt0468442,Doug Block,45.0,0.0,Carol Block,0.0,Ellen Block,0.0,Mike Block,0.0,16.0,70
tt2070791,,23.0,,Billy Burke,2000.0,Tracy Spiridakos,821.0,David Lyons,576.0,323.0,17000
tt4162992,Chad Kapper,4.0,0.0,Tom E. Nicholson,196.0,Natalie Welch,3.0,Christian Kapper,0.0,8.0,240
tt0077651,John Carpenter,318.0,0.0,Jamie Lee Curtis,2000.0,Donald Pleasence,742.0,P.J. Soles,598.0,1191.0,12000
tt0050083,Sidney Lumet,177.0,0.0,Jack Warden,359.0,Lee J. Cobb,259.0,John Fiedler,253.0,888.0,40000
tt0843358,Paul Fierlinger,51.0,3.0,Isabella Rossellini,812.0,Peter Gerety,277.0,Lynn Redgrave,258.0,15.0,675
tt0025316,Frank Capra,124.0,964.0,Claudette Colbert,380.0,Alan Hale,114.0,Walter Connolly,21.0,235.0,0
tt1379182,Yorgos Lanthimos,211.0,252.0,Angeliki Papoulia,47.0,Mary Tsoni,37.0,Sissy Petropoulou,14.0,170.0,13000
tt0343121,Lauren Lazin,26.0,2.0,James Cagney,786.0,Gary Coleman,633.0,Todd Bridges,321.0,32.0,0
tt0161023,Gavin O'Connor,64.0,149.0,Kimberly J. Brown,409.0,Janet McTeer,277.0,Lois Smith,276.0,73.0,121
tt0114194,Gregory Widen,56.0,10.0,Viggo Mortensen,10000.0,Adam Goldberg,1000.0,Virginia Madsen,912.0,194.0,0
tt0115856,Cédric Klapisch,29.0,82.0,Simon Abkarian,75.0,Zinedine Soualem,9.0,Jane Bradbury,8.0,25.0,166
tt0311648,Peter Hedges,131.0,54.0,Oliver Platt,1000.0,Adrian Martinez,806.0,Derek Luke,543.0,177.0,0
tt0118717,Niall Johnson,4.0,7.0,Kevin Howarth,19.0,Mark Caven,16.0,Thierry Harcourt,2.0,7.0,29
tt0468526,Kelly Reichardt,88.0,129.0,Daniel London,52.0,Lucy,44.0,Will Oldham,26.0,57.0,594
tt1152850,Kelly Reichardt,189.0,129.0,John Robinson,375.0,Lucy,44.0,Will Oldham,26.0,112.0,0
tt1314190,Eric Mendelsohn,20.0,5.0,Embeth Davidtz,795.0,Edie Falco,659.0,Kathryn Erbe,301.0,23.0,92
tt0059592,Jean-Luc Godard,96.0,0.0,Jean-Paul Belmondo,710.0,Anna Karina,257.0,Graziella Galvani,0.0,74.0,2000
tt0474361,Florence Ayisi,27.0,0.0,Vera Ngassa,2.0,Beatrice Ntuba,0.0,,,8.0,50
tt0221809,Pan Nalin,15.0,95.0,,,,,,,12.0,379
tt0058414,Michael Roemer,24.0,0.0,Yaphet Kotto,581.0,Gloria Foster,99.0,Ivan Dixon,87.0,26.0,363
tt0128214,Jesse Peretz,16.0,37.0,Robert John Burke,318.0,Eli Marienthal,157.0,Natasha Gregson Wagner,104.0,16.0,26
tt0366444,Eddie O'Flaherty,13.0,3.0,Don Wallace,54.0,Eddie Jones,53.0,Christina Chambers,25.0,23.0,30
tt0421237,Babar Ahmed,8.0,0.0,Lalaine,502.0,Alexander Wraith,119.0,Darren Kendrick,32.0,18.0,53
tt0445922,Julie Taymor,156.0,278.0,Jim Sturgess,5000.0,T.V. Carpio,117.0,Robert Clohessy,107.0,524.0,14000
tt2912776,John D. Hancock,4.0,44.0,Trish Basinger,644.0,Elizabeth Stenholt,503.0,Mary Norwood,221.0,1.0,175
tt0072856,Paul Bartel,164.0,43.0,Sylvester Stallone,13000.0,David Carradine,926.0,Martin Kove,668.0,147.0,0
tt1241226,Bruce Dellis,10.0,0.0,Tatyana Ali,685.0,Ricky Schroder,665.0,Jon Polito,309.0,5.0,261
tt0100146,Pece Dingo,1.0,0.0,Michael Des Barres,156.0,Wilhelm von Homburg,102.0,Thom Mathews,87.0,4.0,4
tt0393049,Jerome Elston Scott,8.0,3.0,Taran Killam,500.0,Joanna Cassidy,317.0,Ryan Carnes,248.0,7.0,7
tt3904272,Étienne Faure,9.0,77.0,Rumi Missabu,19.0,Pierre Prieur,0.0,Raquel Nave,0.0,1.0,114
tt0082467,Herb Freed,78.0,5.0,Linnea Quigley,431.0,Carmen Argenziano,338.0,Vanna White,180.0,58.0,249
tt1568341,Jack Perez,131.0,19.0,Kevin Corrigan,778.0,Barry Bostwick,456.0,Ahmed Best,313.0,58.0,0
tt1971352,Craig Zobel,286.0,25.0,Dreama Walker,601.0,Matt Servitto,260.0,James McCaffrey,235.0,175.0,0
tt0118842,Kevin Smith,147.0,0.0,Matt Damon,13000.0,Ethan Suplee,1000.0,Joey Lauren Adams,781.0,500.0,0
tt0258273,Nicole Holofcener,71.0,132.0,Aunjanue Ellis,400.0,Brenda Blethyn,286.0,Raven Goodwin,225.0,85.0,169
tt1328873,Ken Del Conte,,2.0,Hector Echavarria,466.0,Robert Miano,216.0,Ron Roggé,99.0,,16
tt0280477,Justin Lin,51.0,681.0,Parry Shen,94.0,Jason Tobin,26.0,Collin Kahey,13.0,138.0,661
tt0113416,Maria Maggenti,23.0,4.0,Nicole Ari Parker,360.0,Laurel Holloman,273.0,Stephanie Berry,10.0,36.0,423
tt0200530,Miguel Arteta,59.0,44.0,Lupe Ontiveros,625.0,Mike White,487.0,Chris Weitz,129.0,136.0,170
tt0203289,Piyush Dinker Pandya,9.0,0.0,Purva Bedi,250.0,Rizwan Manji,89.0,Anil Kumar,51.0,40.0,133
tt3976258,Daniel Columbie,,0.0,Keri Maletto,569.0,Nicholas Simmons,553.0,Barbie Castro,185.0,,17
tt0123755,Vincenzo Natali,99.0,165.0,David Hewlett,686.0,Julian Richings,648.0,Nicole de Boer,319.0,696.0,11000
tt0116931,Emma-Kate Croghan,21.0,0.0,Radha Mitchell,991.0,Frances O'Connor,575.0,Matt Day,62.0,21.0,46
tt0119346,Bill Plympton,19.0,45.0,Charis Michelsen,5.0,Bill Martone,2.0,Richard Spore,0.0,21.0,178
tt0368089,Greg Harrison,43.0,7.0,Amir Talai,308.0,Anne Archer,249.0,Nora Dunn,142.0,64.0,98
tt1758692,Drake Doremus,206.0,52.0,Jennifer Lawrence,34000.0,Charlie Bewley,487.0,Finola Hughes,224.0,150.0,12000
tt1991199,Al Franklin,,0.0,Marshal Hilton,471.0,Steffinnie Phrommany,320.0,Clint Jung,270.0,2.0,85
tt0173390,Allison Anders,29.0,99.0,Ally Sheedy,793.0,Rosanna Arquette,605.0,John Doe,181.0,22.0,93
tt0436607,Michael Kang,27.0,269.0,Samantha Futerman,100.0,Clint Jordan,8.0,Jackie Nova,7.0,11.0,62
tt2292959,Paul Schrader,162.0,261.0,Nolan Gerard Funk,924.0,Gus Van Sant,835.0,James Deen,461.0,87.0,0
tt3428912,,11.0,,Shirley Henderson,887.0,James Norton,340.0,Sarah Lancashire,250.0,59.0,10000
tt0389235,Lori Silverbush,26.0,5.0,Judy Marte,68.0,Flaco Navaja,64.0,Dominic Colón,41.0,15.0,122
tt0952682,Jeff Nichols,85.0,337.0,Michael Abbott Jr.,35.0,Natalie Canerday,32.0,Travis Smith,22.0,32.0,773
tt1258197,Stuart Hazeldine,77.0,17.0,Colin Salmon,766.0,Luke Mably,438.0,Pollyanna McIntosh,289.0,120.0,14000
tt0127302,Hilary Brougher,8.0,0.0,James Urbaniak,119.0,Samantha Buck,24.0,Terumi Matthews,5.0,7.0,67
tt1270792,Rachel Goldenberg,5.0,7.0,Dustin Fitzsimons,349.0,Mark Hengst,168.0,Debra Lynn Hull,73.0,18.0,777
tt1360826,Corbin Bernsen,3.0,1000.0,Corbin Bernsen,1000.0,Lorne Cardinal,53.0,Kirsten Collins,3.0,8.0,141
tt1071804,Jamin Winans,66.0,63.0,Eme Ikwuakor,135.0,Marty Lindsey,115.0,Jessica Duffy,76.0,215.0,11000
tt1640714,Tom Seidman,4.0,3.0,Florence Henderson,337.0,Derek Brandon,168.0,Charles Irving Beale,104.0,10.0,0
tt1003002,Jason Naumann,,2.0,Victoria Jackson,338.0,Kate Flannery,219.0,Tim Bagley,152.0,,0
tt0082122,Matt Cimber,15.0,32.0,Stacy Keach,602.0,June Lockhart,427.0,Stuart Whitman,180.0,18.0,76
tt3564748,Sam Martin,1.0,0.0,Sam Adams,0.0,Steve Duin,0.0,Jeff Jacob,0.0,1.0,53
tt2363439,Andrew Hyatt,12.0,7.0,Noah Segan,236.0,Brit Morgan,206.0,Sedona James,89.0,28.0,519
tt0140340,Dan Curtis,,45.0,Jennifer Jason Leigh,1000.0,Campbell Scott,393.0,Estelle Parsons,224.0,56.0,515
tt3421204,Joel Paul Reisig,1.0,431.0,Joshua Ray Bell,288.0,Dana Blackstone,96.0,Annelyse Ahmad,3.0,1.0,71
tt2559658,Kristin Rizzo,6.0,30.0,Esai Morales,699.0,Robert Davi,683.0,Elaine Hendrix,670.0,2.0,199
tt0015624,King Vidor,48.0,54.0,John Gilbert,81.0,Renée Adorée,12.0,Claire Adams,6.0,45.0,226
tt0469690,Ward Roberts,2.0,12.0,Sid Haig,1000.0,Jacob Zachar,185.0,Travis Betz,29.0,1.0,72
tt2290113,Zoran Lisinac,17.0,0.0,Matthew Emerick,431.0,Brock Baker,297.0,Sheldon Bailey,142.0,2.0,231
tt1172570,Nicolas Winding Refn,225.0,0.0,Tom Hardy,27000.0,James Lance,161.0,Matt King,146.0,145.0,22000
tt3210710,James O'Brien,5.0,7.0,Mark Fantasia,814.0,Vivian Lamolli,755.0,Greg Jackson,494.0,4.0,244
tt1781784,Tom Putnam,22.0,15.0,Brendan Doogie Milewski,2.0,Donald Austin,0.0,Craig Dougherty,0.0,6.0,801
tt0182508,Jon Shear,38.0,0.0,Dan Futterman,254.0,Josh Hamilton,147.0,Matt Keeslar,131.0,73.0,72
tt0168192,Al Silliman Jr.,21.0,0.0,Christina Hart,12.0,Nancy Ison,12.0,William Condos,0.0,5.0,17
tt0045546,Eugène Lourié,67.0,7.0,Kenneth Tobey,57.0,Cecil Kellaway,40.0,Ross Elliott,21.0,88.0,465
tt0046672,Richard Fleischer,69.0,130.0,James Mason,618.0,Robert J. Wilke,53.0,Paul Lukas,51.0,108.0,0
tt0079501,George Miller,208.0,750.0,Hugh Keays-Byrne,728.0,Steve Bisley,76.0,Joanne Samuel,28.0,303.0,10000
tt0117802,Doug Liman,77.0,218.0,Jon Favreau,4000.0,Alex Désert,135.0,Blake Lindsley,31.0,252.0,0
tt0058461,Sergio Leone,122.0,0.0,Clint Eastwood,16000.0,Gian Maria Volontè,360.0,Aldo Sambrell,93.0,235.0,0
tt0024548,Lowell Sherman,35.0,16.0,Mae West,418.0,Gilbert Roland,85.0,Louise Beavers,28.0,59.0,328
tt0420723,Maurizio Benazzo,15.0,0.0,The Dalai Lama,66.0,Jasper Johal,0.0,Swami Krishnanad,0.0,13.0,30
tt1544600,David G. Evans,25.0,0.0,Michael Joiner,77000.0,Chris Thomas,21.0,Michael Higgenbottom,16.0,26.0,0
tt1211890,Ava DuVernay,37.0,151.0,Omari Hardwick,1000.0,David Oyelowo,1000.0,Lorraine Toussaint,305.0,10.0,569
tt1517177,Tom Tykwer,76.0,670.0,Devid Striesow,24.0,Sebastian Schipper,20.0,Sophie Rois,9.0,18.0,2000
tt0303313,Sherman Alexie,12.0,18.0,William Joseph Elk III,96.0,Leo Rossi,90.0,Cynthia Geary,61.0,14.0,96
tt1301130,Justin Dillon,7.0,0.0,Matisyahu,178.0,Natasha Bedingfield,58.0,Madeleine Albright,15.0,2.0,26
tt2053463,Steven Soderbergh,450.0,0.0,Channing Tatum,17000.0,David Costabile,681.0,Katie Lowes,273.0,274.0,29000
tt0388230,Stevan Mena,60.0,25.0,R. Brandon Johnson,169.0,Stevan Mena,25.0,Richard Glover,10.0,112.0,198
tt2690560,Adam Rifkin,4.0,89.0,Marri Savinar,471.0,Adam Rifkin,89.0,Bethany Blakey,45.0,1.0,47
tt1152827,Eric Valette,42.0,2.0,Melanie Papalia,259.0,Ryan Kennedy,165.0,John Reardon,156.0,22.0,0
tt0923600,Jay Duplass,93.0,157.0,Greta Gerwig,962.0,Jennifer Lafleur,873.0,Elise Muller,98.0,40.0,443
tt3565836,Livingston Oden,1.0,0.0,Susan Chambers,138.0,Victoria Lachelle,18.0,Ali Daniels,15.0,1.0,267
tt0437123,Chris Marker,16.0,121.0,Marina Vlady,27.0,Bertrand Cantat,0.0,Léon Schwartzenberg,0.0,4.0,44
tt0048452,Carl Theodor Dreyer,54.0,147.0,Hanne Aagesen,0.0,Sylvia Eckhausen,0.0,Ejner Federspiel,0.0,49.0,863
tt0944101,Marianna Palka,38.0,123.0,Bryce Dallas Howard,3000.0,Martin Starr,985.0,Jason Ritter,782.0,51.0,0
tt0756683,Richard Schenkman,66.0,29.0,William Katt,505.0,John Billingsley,323.0,David Lee Smith,131.0,638.0,46000
tt0446055,Ricki Stern,11.0,15.0,Darryl Hunt,2.0,Evelyn Jefferson,0.0,John Reeves,0.0,10.0,246
tt0412366,Nadia Tass,6.0,20.0,Mia Farrow,563.0,Jordan Bridges,194.0,Bruce Gooch,32.0,32.0,90
tt0448182,James Kerwin,25.0,0.0,John Newton,236.0,Chase Masterson,189.0,H.M. Wynant,31.0,10.0,83
tt1989646,C. Fraser Press,13.0,0.0,Elaine Bromka,178.0,Robert Turano,32.0,Matthew Gumley,27.0,1.0,38
tt3666210,Rania Attieh,18.0,0.0,Paul Hickert,110.0,Robin Bartlett,79.0,Rebecca Dayan,75.0,1.0,142
tt1702455,Sharon Greytak,3.0,0.0,Sally Kirkland,433.0,Alex Emanuel,375.0,Elaine Bromka,178.0,3.0,66
tt0118849,Majid Majidi,46.0,373.0,Bahare Seddiqi,36.0,Amir Farrokh Hashemian,35.0,Mohammad Amir Naji,27.0,130.0,0
tt1714210,Andrew Haigh,143.0,131.0,Tom Cullen,507.0,Chris New,75.0,Vauxhall Jermaine,67.0,68.0,0
tt0091939,Spike Lee,26.0,0.0,S. Epatha Merkerson,539.0,Joie Lee,53.0,Tracy Camilla Johns,46.0,26.0,406
tt2421956,Cary Bell,,0.0,Abigail Evans,0.0,Stacie Evans,0.0,Emily Gorell,0.0,1.0,88
tt4707756,Nicolae Constantin Tanase,5.0,0.0,Iulia Ciochina,0.0,Ana Maria Guran,0.0,Ana Vatamanu,0.0,1.0,34
tt1549572,Mike Cahill,242.0,135.0,Robin Lord Taylor,574.0,William Mapother,399.0,Flint Beverage,259.0,228.0,21000
tt1666335,Jason Stone,48.0,14.0,Topher Grace,2000.0,Ellen Burstyn,1000.0,Christopher Heyerdahl,826.0,28.0,0
tt0067810,Melvin Van Peebles,38.0,101.0,John Amos,982.0,Mario Van Peebles,535.0,Melvin Van Peebles,101.0,50.0,566
tt3581098,Ken Roht,,0.0,Charla Cochran,270.0,Joe Lev,54.0,Sienna Beckman,26.0,,65
tt0271219,Gary Winick,91.0,56.0,Bebe Neuwirth,376.0,Aaron Stanford,346.0,Ron Rifkin,184.0,101.0,132
tt0907657,John Carney,232.0,109.0,Glen Hansard,200.0,Markéta Irglová,96.0,Darren Healy,18.0,329.0,26000
tt0217894,Robinson Devor,18.0,14.0,Marilyn Rising,142.0,Eugene Roche,23.0,Max Kerstein,3.0,22.0,73
tt1333668,Michel Orion Scott,29.0,0.0,Temple Grandin,58.0,Rowan Isaacson,2.0,Simon Baron-Cohen,2.0,9.0,0
tt1743993,Pat Holden,44.0,6.0,Alan Brent,498.0,Martin Compston,204.0,Kate Ashfield,115.0,27.0,0
tt1934172,Eric Bugbee,2.0,0.0,Joel Moody,52.0,Bill Allen,36.0,Lia Tucker,21.0,1.0,197
tt0072271,Tobe Hooper,277.0,365.0,Gunnar Hansen,383.0,Edwin Neal,371.0,Marilyn Burns,177.0,826.0,0
tt0059026,Bill Melendez,43.0,36.0,Peter Robbins,39.0,Bill Melendez,36.0,Christopher Shea,27.0,126.0,0
tt2780714,Dena Seidel,5.0,0.0,Naderev Sano,0.0,Hugh Ducklow,0.0,Mike Brett,0.0,2.0,215
tt2403815,Deborah Anderson,16.0,4.0,Lisa Ann,502.0,Jesse Jane,366.0,Kayden Kross,232.0,9.0,207
tt4219836,Sara Newens,18.0,0.0,Ariel Hsing,0.0,Xinhua Jiang,0.0,Michael Landers,0.0,2.0,116
tt0098213,Michael Moore,40.0,909.0,Michael Moore,909.0,Pat Boone,91.0,Bob Eubanks,42.0,133.0,667
tt0083722,Paul Schrader,130.0,261.0,Ed Begley Jr.,783.0,Ruby Dee,782.0,John Heard,697.0,106.0,0
tt2125430,Sai Varadan,3.0,0.0,J.D. Williams,196.0,Hassan Johnson,180.0,Samantha Esteban,163.0,3.0,72
tt1748207,Zal Batmanglij,136.0,129.0,Christopher Denham,120.0,James Urbaniak,119.0,Constance Wu,100.0,69.0,0
tt2638024,Amal Al-Agroobi,,58.0,,,,,,,,54
tt0488873,Andrew Berends,12.0,0.0,,,,,,,7.0,14
tt1742336,Lynn Shelton,171.0,100.0,Mark Duplass,830.0,Mike Birbiglia,128.0,Mel Eslyn,9.0,62.0,3000
tt4607906,Valentine,,0.0,Diane Sorrentino,17.0,Valentine,0.0,,,,0
tt0796314,David Hewlett,8.0,686.0,Christopher Judge,847.0,David Hewlett,686.0,Paul McGillion,405.0,46.0,377
tt0796314,David Hewlett,8.0,686.0,Christopher Judge,847.0,David Hewlett,686.0,Paul McGillion,405.0,46.0,377
tt0063350,George A. Romero,284.0,0.0,Judith O'Dea,125.0,Duane Jones,108.0,S. William Hinzman,56.0,580.0,0
tt0058701,Jean-Luc Godard,36.0,0.0,Philippe Leroy,12.0,Macha Méril,7.0,Rita Maiden,5.0,10.0,187
tt4196450,Nate Parker,21.0,664.0,Jason Stuart,990.0,Nate Parker,664.0,Aunjanue Ellis,400.0,8.0,0
tt0339921,Nathan Smith Jones,1.0,7.0,Richard Moll,206.0,Frank Gerrish,81.0,Christopher Robin Miller,69.0,5.0,0
tt0805526,Alex Kendrick,31.0,589.0,Alex Kendrick,589.0,Erin Bethea,150.0,Shannen Fields,51.0,382.0,0
tt2309260,Travis Cluff,159.0,3.0,Pfeifer Brown,220.0,Cassidy Gifford,40.0,Reese Mishler,7.0,150.0,0
tt0074486,David Lynch,152.0,0.0,Hal Landon Jr.,195.0,Jack Nance,158.0,Charlotte Stewart,121.0,535.0,0
tt0011549,Harry F. Millarde,1.0,0.0,Stephen Carr,2.0,Johnnie Walker,2.0,Mary Carr,0.0,1.0,0
tt0093200,Robert Townsend,21.0,467.0,Robert Townsend,467.0,Keenen Ivory Wayans,322.0,Helen Martin,287.0,32.0,471
tt0119670,Peter Chelsom,57.0,23.0,Kieran Culkin,1000.0,Elden Henson,577.0,Gena Rowlands,545.0,113.0,0
tt0079709,Jamaa Fanaka,23.0,9.0,Leon Isaac Kennedy,116.0,Chuck Mitchell,24.0,Wilbur 'Hi-Fi' White,10.0,10.0,157
tt0307109,Larry Blamire,88.0,56.0,Fay Masterson,126.0,Brian Howe,76.0,Larry Blamire,56.0,118.0,0
tt3109200,Stephen Langford,2.0,7.0,Kevin P. Farley,143.0,Gabriela Castillo,134.0,Brandon Middleton,50.0,4.0,178
tt2389182,E.L. Katz,193.0,3.0,Brighton Sharbino,3000.0,Ethan Embry,982.0,Elissa Dowling,307.0,52.0,0
tt1942884,Lisanne Pajot,50.0,0.0,Jonathan Blow,0.0,Edmund McMillen,0.0,Phil Fish,0.0,23.0,0
tt0480011,Dan Reed,61.0,3.0,Danny Dyer,798.0,Adam Rayner,279.0,Ralph Brown,140.0,44.0,246
tt0040671,John Reinhardt,1.0,2.0,Sheldon Leonard,142.0,John Ireland,86.0,Arthur O'Connell,75.0,9.0,10
tt2343473,Patrick Ryan Sims,5.0,0.0,Claire Gordon-Harper,416.0,Hugh Mun,18.0,Johnathan Hurley,10.0,1.0,17
tt0066141,Laslo Benedek,14.0,6.0,Liv Ullmann,440.0,Trevor Howard,98.0,Andrew Keir,13.0,19.0,65
tt3072636,Jason Miller,5.0,0.0,Jon Brion,45.0,Dottie Alexander,0.0,David Barnes,0.0,1.0,82
tt0844708,Dennis Iliadis,241.0,29.0,Tony Goldwyn,956.0,Monica Potter,878.0,Martha MacIsaac,616.0,279.0,0
tt0428959,Sut Jhally,16.0,3.0,Noam Chomsky,103.0,Seth Ackerman,0.0,Arik Ascherman,0.0,13.0,110
tt0138704,Darren Aronofsky,138.0,0.0,Mark Margolis,1000.0,Clint Mansell,512.0,Stanley B. Herman,194.0,586.0,24000
tt0130019,Julie Davis,5.0,12.0,Jack McGee,238.0,Meredith Scott Lynn,166.0,Tim DeZarn,117.0,15.0,97
tt0138987,Myles Berkowitz,32.0,0.0,Tia Carrere,1000.0,Tom Ardavany,184.0,Robert McKee,153.0,83.0,30
tt2319456,Brett Piper,18.0,7.0,Michelle Simone Miller,118.0,Steve Diasparra,15.0,A.J. DeLucia,3.0,18.0,34
tt0390521,Morgan Spurlock,193.0,293.0,Chemeeka Walker,0.0,Amanda Kearsan,0.0,Amelia Giancarlo,0.0,404.0,0
tt1296373,Brandon Trost,66.0,32.0,Clifton Collins Jr.,968.0,Sean Whalen,407.0,James DeBello,128.0,22.0,0
tt2955096,Joe Swanberg,65.0,217.0,Anna Kendrick,10000.0,Lena Dunham,969.0,Mark Webber,442.0,23.0,812
tt0052646,Joseph Green,95.0,2.0,Virginia Leith,24.0,Jason Evers,16.0,Bruce Kerr,6.0,152.0,1000
tt2866824,Wade Gasque,13.0,0.0,Ty Parker,267.0,Vincent Duvall,87.0,Loanne Bishop,46.0,8.0,182
tt1874789,Daniel Schechter,15.0,8.0,Lena Dunham,969.0,Kevin Corrigan,778.0,Alex Karpovsky,272.0,4.0,209
tt1610996,Mike Flanagan,125.0,59.0,Justin Gordon,35.0,Courtney Bell,28.0,Erin Cipolletti,9.0,136.0,3000
tt0112585,Edward Burns,36.0,0.0,Shari Albert,138.0,Michael McGlone,111.0,Maxine Bahns,73.0,36.0,265
tt2334896,Matt Johnson,73.0,8.0,Paul Daniel Ayotte,111.0,Shailene Garnett,19.0,Matt Johnson,8.0,40.0,1000
tt0085575,Bruno Barreto,1.0,9.0,Marcello Mastroianni,866.0,Sonia Braga,308.0,Joffre Soares,3.0,9.0,114
tt1570989,Lena Dunham,113.0,969.0,Lena Dunham,969.0,Merritt Wever,529.0,Jemima Kirke,433.0,35.0,0
tt1861343,Terron R. Parsons,13.0,9.0,Richard Tyson,743.0,Jeremy Sande,413.0,Corlandos Scott,133.0,5.0,284
tt0381053,Daniel Mellitz,,0.0,Corbin Bernsen,1000.0,Chelse Swain,36.0,Amanda MacDonald,15.0,3.0,2
tt4462082,Jem Cohen,12.0,6.0,,,,,,,1.0,5
tt0478988,Andrew Leman,60.0,2.0,Dan Novy,19.0,David Mersault,9.0,Barry Lynch,5.0,99.0,0
tt2181837,Dave Carroll,10.0,0.0,Chris 'Wonder' Schoeck,0.0,,,,,10.0,33
tt2910814,William Eubank,161.0,18.0,Lin Shaye,852.0,Olivia Cooke,680.0,Beau Knapp,236.0,180.0,10000
tt2294916,Patrick Meaney,7.0,3.0,Taliesin Jaffe,26.0,Greg Aronowitz,20.0,Jeff Dowd,18.0,2.0,83
tt1798291,Chad Hartigan,34.0,3.0,Jan Haley,695.0,Paul Eenhoorn,571.0,Demetrius Grosse,69.0,7.0,234
tt1524083,Malcolm Goodwin,,117.0,Katrina Bowden,948.0,Jon Gries,482.0,Kelen Coleman,281.0,4.0,72
tt0262432,David Gordon Green,75.0,234.0,Paul Schneider,552.0,Eddie Rouse,61.0,Damian Jewan Lee,15.0,76.0,451
tt0162348,Kevin Jordan,21.0,4.0,Derick Martini,20000.0,Christa Miller,467.0,Ion Overman,113.0,26.0,0
tt3157318,Kirk Loudon,3.0,0.0,Barry Corbin,883.0,Johnny Walter,507.0,Shiree Nelson,279.0,2.0,87
tt1716760,Travis Legge,2.0,138.0,Elissa Dowling,307.0,Patricia Raven,114.0,Lindsay Felton,76.0,6.0,239
tt0077838,Martin Scorsese,71.0,17000.0,Ringo Starr,725.0,Levon Helm,572.0,Bob Dylan,476.0,113.0,0
tt2442662,Collin Joseph Neal,7.0,14.0,Julianne Gabert,252.0,Thomas Brophy,132.0,Ronee Collins,130.0,5.0,225
tt1294161,Bradley Rust Gray,61.0,2.0,Zoe Kazan,962.0,Mark Rendall,72.0,Jordan Scovel,20.0,10.0,377
tt1073221,Mike Bruce,3.0,6.0,Joseph Campanella,32.0,Kirpatrick Thomas,17.0,Christian Anderson,17.0,9.0,13
tt0446747,Andrew Bujalski,52.0,26.0,Andrew Bujalski,26.0,Kate Dollenmayer,6.0,Justin Rice,3.0,23.0,91
tt2469216,Damir Catic,,2.0,Nichole Ceballos,5.0,Ron Gelner,0.0,Parker Riggs,0.0,2.0,48
tt1489167,Ben Wheatley,53.0,214.0,Michael Smiley,177.0,Tony Way,95.0,David Schaal,59.0,22.0,535
tt0109445,Kevin Smith,136.0,0.0,Jason Mewes,898.0,Brian O'Halloran,657.0,Jeff Anderson,216.0,615.0,0
tt0067580,James Bidgood,8.0,0.0,Don Brooks,0.0,Bobby Kendall,0.0,,,16.0,85
tt0327753,Andrew Bujalski,43.0,26.0,Andrew Bujalski,26.0,Kate Dollenmayer,6.0,Justin Rice,3.0,61.0,108
tt0119361,Neil LaBute,80.0,119.0,Stacy Edwards,136.0,Matt Malloy,108.0,Jason Dixie,7.0,197.0,489
tt1742334,David Ayer,233.0,453.0,Mireille Enos,1000.0,Martin Donovan,206.0,Maurice Compte,120.0,212.0,10000
tt0298050,Eric Eason,28.0,3.0,Franky G,93.0,Panchito Gómez,46.0,Casper Martinez,42.0,21.0,61
tt1337057,Uwe Boll,58.0,892.0,Matt Frewer,986.0,Katharine Isabelle,918.0,Michael Paré,492.0,129.0,0
tt0102943,Richard Linklater,61.0,0.0,Tommy Pallotta,5.0,Richard Linklater,0.0,Jean Caffeine,0.0,80.0,2000
tt2759066,Joseph Mazzella,,0.0,Tjasa Ferme,313.0,Mikaal Bates,25.0,Damon Owlia,9.0,2.0,33
tt2375036,Travis Legge,1.0,138.0,Kristen Seavey,370.0,Suzi Lorraine,184.0,Travis Legge,138.0,3.0,200
tt0425027,Alex Kendrick,5.0,589.0,Shannen Fields,51.0,Lisa Arnold,49.0,Janet Lee Dapper,4.0,49.0,725
tt1945044,Marcus Nispel,43.0,158.0,Ashley Tramonte,630.0,Brittany Curran,512.0,Lindsay MacDonald,265.0,33.0,0
tt1781935,Brandon Landers,,8.0,Robbie Barnes,720.0,Alana Kaniewski,19.0,Brandon Landers,8.0,8.0,33
tt0436689,Jay Duplass,51.0,157.0,Mark Duplass,830.0,Katie Aselton,224.0,Bari Hyman,10.0,71.0,297
tt3973612,Jim Chuchu,6.0,0.0,Paul Ogola,147.0,Olwenya Maina,19.0,Mugambi Nthiga,4.0,1.0,45
tt1247644,Daryl Wein,22.0,38.0,Zoe Lister-Jones,331.0,Heather Burns,212.0,Ebon Moss-Bachrach,211.0,8.0,324
tt1836212,Jason Trost,42.0,91.0,Sean Whalen,407.0,Jason Trost,91.0,Nick Principe,86.0,35.0,835
tt0069089,John Waters,73.0,0.0,Divine,462.0,Mink Stole,143.0,Edith Massey,105.0,183.0,0
tt0388838,Olivier Assayas,81.0,107.0,Maggie Cheung,576.0,Béatrice Dalle,133.0,Don McKellar,45.0,39.0,171
tt0255094,Jafar Panahi,64.0,397.0,Fereshteh Sadre Orafaiy,5.0,Nargess Mamizadeh,0.0,Mojgan Faramarzi,0.0,26.0,697
tt1235811,Ivan Kavanagh,12.0,18.0,Patrick O'Donnell,10.0,Michael Parle,5.0,Emma Eliza Regan,0.0,1.0,105
tt0123948,Kiyoshi Kurosawa,78.0,62.0,Kôji Yakusho,89.0,Anna Nakagawa,13.0,Denden,6.0,50.0,817
tt0390323,Tadeo Garcia,,5.0,Tatiana Suarez-Pico,21.0,Michael Cortez,20.0,Eric Ambriz,12.0,3.0,22
tt2049518,Thomas L. Phillips,13.0,120.0,Julianna Pitt,785.0,Joe Coffey,98.0,John Lucas,84.0,8.0,424
tt0109266,Ash Baron-Cohen,10.0,3.0,Peter Greene,789.0,Stanley B. Herman,194.0,James Noble,152.0,14.0,20
tt0390384,Shane Carruth,143.0,291.0,Shane Carruth,291.0,David Sullivan,45.0,Casey Gooden,8.0,371.0,19000
tt0428303,Neill Dela Llana,35.0,0.0,Ian Gamazon,0.0,Edgar Tancangco,0.0,Quynn Ton,0.0,35.0,74
tt0104815,Robert Rodriguez,56.0,0.0,Carlos Gallardo,121.0,Peter Marquardt,20.0,Consuelo Gómez,6.0,130.0,0
tt0430371,Anthony Vallone,,2.0,Richard Jewell,45.0,John Considine,44.0,Sara Stepnicka,2.0,1.0,4
tt1880418,Edward Burns,14.0,0.0,Kerry Bishé,296.0,Caitlin FitzGerald,205.0,Daniella Pineda,133.0,14.0,413
tt3000844,Scott Smith,1.0,2.0,Eric Mabius,637.0,Daphne Zuniga,470.0,Crystal Lowe,318.0,6.0,84
tt2071645,,43.0,,Natalie Zea,841.0,Valorie Curry,593.0,Sam Underwood,319.0,359.0,32000
tt2107644,Benjamin Roberds,13.0,0.0,Eva Boehnke,0.0,Maxwell Moody,0.0,David Chandler,0.0,3.0,16
tt2070597,Daniel Hsia,14.0,0.0,Alan Ruck,946.0,Daniel Henney,719.0,Eliza Coupe,489.0,9.0,660
tt0378407,Jon Gunn,43.0,16.0,John August,86.0,Brian Herzlinger,23.0,Jon Gunn,16.0,84.0,456
