actor_name,facebook_likes,actor_id
Darcy Donavan,640000.0,nm1261965
Matthew Ziff,260000.0,nm3556158
Krista Allen,164000.0,nm13523418
Andrew Fiscella,137000.0,nm0278767
Jimmy Bennett,87000.0,nm8963284
Michael Joiner,77000.0,nm8123743
Robin Williams,49000.0,nm5153220
Craig Stark,46000.0,nm0823149
Muse Watson,45000.0,nm0002901
Tim Holmes,44000.0,nm5148775
Johnny Depp,40000.0,nm0000136
Bella Thorne,35000.0,nm9963978
Jennifer Lawrence,34000.0,nm9599003
Sunil Narkar,34000.0,nm2357497
Ryan Gosling,33000.0,nm0331516
Chris Moss,33000.0,nm9208576
Jizelle Jade,33000.0,nm2719986
Marisa Saks,31000.0,nm3624302
Rachel Ann Mullins,31000.0,nm3334898
Mem Ferda,31000.0,nm1570873
Veronica Ferres,30000.0,nm0274704
Leonardo DiCaprio,29000.0,nm0000138
Tom Hardy,27000.0,nm9375397
Jason Statham,26000.0,nm0005458
Chris Hemsworth,26000.0,nm1165110
Jeremy Irvine,25000.0,nm14929963
Alan Rickman,25000.0,nm7529135
J.K. Simmons,24000.0,nm0799777
Paul Walker,23000.0,nm6124880
Joseph Gordon-Levitt,23000.0,nm0330687
Christian Bale,23000.0,nm0000288
Philip Seymour Hoffman,22000.0,nm0000450
Peter Dinklage,22000.0,nm0227759
Robert De Niro,22000.0,nm0000134
Vanna Bonta,21000.0,nm0095209
Robert Downey Jr.,21000.0,nm0000375
Lorraine Ziff,21000.0,nm3977675
Robert Pattinson,21000.0,nm1500155
Matt Bomer,20000.0,nm0093589
Derick Martini,20000.0,nm0553796
Natalie Portman,20000.0,nm0000204
Hugh Jackman,20000.0,nm17219985
Katherine McNamara,19000.0,nm4846068
Scarlett Johansson,19000.0,nm0424060
Benedict Cumberbatch,19000.0,nm1212722
Tom Selleck,19000.0,nm0000633
Robin Wright,18000.0,nm4849478
Zuhair Haddad,18000.0,nm0352674
Keanu Reeves,18000.0,nm0000206
Gerard Butler,18000.0,nm8424824
Denzel Washington,18000.0,nm15542621
Kevin Spacey,18000.0,nm0000228
Martin Scorsese,17000.0,nm0000217
Jim Parsons,17000.0,nm4906191
Channing Tatum,17000.0,nm1475594
Peter Capaldi,17000.0,nm14058953
Chloë Grace Moretz,17000.0,nm1631269
Kristen Stewart,17000.0,nm16618903
Ryan Reynolds,16000.0,nm5778206
Charlie Hunnam,16000.0,nm0402271
Christopher Lee,16000.0,nm9234470
Ian Somerhalder,16000.0,nm0813812
Bobbie Phillips,16000.0,nm14907760
Clint Eastwood,16000.0,nm0000142
Quentin Tarantino,16000.0,nm0000233
Jake Gyllenhaal,15000.0,nm0350453
Henry Cavill,15000.0,nm0147147
Emma Stone,15000.0,nm9615262
Tom Hanks,15000.0,nm0000158
Rex Baker,15000.0,nm13493993
Alex Pettyfer,15000.0,nm1641117
Jud Tylor,15000.0,nm0878954
Mila Kunis,15000.0,nm0005109
Bradley Cooper,14000.0,nm6100227
J.J. Abrams,14000.0,nm0009190
Liam Neeson,14000.0,nm0000553
Milla Jovovich,14000.0,nm0000170
Josh Hutcherson,14000.0,nm17212981
Kate Winslet,14000.0,nm0000701
Vin Diesel,14000.0,nm0004874
Colin Firth,14000.0,nm0000147
Al Pacino,14000.0,nm6950605
Matt Damon,13000.0,nm0000354
Bruce Willis,13000.0,nm12507900
Sylvester Stallone,13000.0,nm0000230
Eddie Redmayne,13000.0,nm1519666
Michael Fassbender,13000.0,nm1055413
Heath Ledger,13000.0,nm0005132
Gabriel Millman,13000.0,nm0589804
Bill Murray,13000.0,nm5629957
Norman Reedus,12000.0,nm15658879
Jeff Bridges,12000.0,nm6732198
Nicolas Cage,12000.0,nm0000115
Taylor Lautner,12000.0,nm14608769
Leonard Nimoy,12000.0,nm0000559
Anthony Hopkins,12000.0,nm6145332
Dwayne Johnson,12000.0,nm6058759
Steve Buscemi,12000.0,nm0000114
Woody Allen,11000.0,nm14402329
Sam Claflin,11000.0,nm3510471
Meryl Streep,11000.0,nm0000658
Harold Ramis,11000.0,nm15070900
Zooey Deschanel,11000.0,nm0221046
Harrison Ford,11000.0,nm9531247
James Franco,11000.0,nm13541036
Melissa Bolona,11000.0,nm5451383
Jason Momoa,11000.0,nm15621914
Anne Hathaway,11000.0,nm16542688
Christoph Waltz,11000.0,nm0910607
Matthew McConaughey,11000.0,nm0000190
Chris Evans,11000.0,nm6134653
Daniel Radcliffe,11000.0,nm0705356
Adam Sandler,11000.0,nm1578488
Brad Pitt,11000.0,nm0000093
Jon Lovitz,11000.0,nm0001484
Angelina Jolie Pitt,11000.0,
Morgan Freeman,11000.0,nm6783391
Alexander Skarsgård,10000.0,nm0002907
Andrew Garfield,10000.0,nm3523835
Rupert Grint,10000.0,nm0342488
Anna Kendrick,10000.0,nm2011508
Olivia Wilde,10000.0,nm12148599
Joe Komara,10000.0,nm2405035
Jensen Ackles,10000.0,nm0010075
Gary Oldman,10000.0,nm16666483
Jeremy Renner,10000.0,nm0719637
Tom Cruise,10000.0,nm0000129
Marlon Brando,10000.0,nm13489435
Will Smith,10000.0,nm6091477
William McNamara,10000.0,nm8310500
Emilia Clarke,10000.0,nm3592338
Viggo Mortensen,10000.0,nm0001557
Emma Watson,9000.0,nm8507751
Charlize Theron,9000.0,nm0000234
Shailene Woodley,8000.0,nm0940362
Will Ferrell,8000.0,nm8191764
Shah Rukh Khan,8000.0,nm6746162
Julia Roberts,8000.0,nm9661931
Logan Lerman,8000.0,nm0503567
Steven Yeun,7000.0,nm3081796
Steve Carell,7000.0,nm0136797
Naomi Watts,6000.0,nm15353174
Mackenzie Foy,6000.0,nm3237775
Eva Green,6000.0,nm1200692
Lucille Ball,6000.0,nm0000840
Jim Sturgess,5000.0,nm0836343
Aidan Turner,5000.0,nm2636108
Theo James,5000.0,nm3772243
Stephen Amell,5000.0,nm1854386
Orlando Bloom,5000.0,nm0089217
Bob Hoskins,5000.0,nm10583909
Jet Li,5000.0,nm0001472
Sarah Michelle Gellar,4000.0,nm0001264
Jordana Brewster,4000.0,nm0108287
Jon Hamm,4000.0,nm13909298
Jon Favreau,4000.0,nm8157162
Kirsten Dunst,4000.0,nm0000379
Hayden Christensen,4000.0,nm0159789
Lauren Cohan,4000.0,nm1659348
Salma Hayek,4000.0,nm0000161
George Kennedy,3000.0,nm5746572
Adam Scott,3000.0,nm6074547
Ryan Guzman,3000.0,nm4554428
Bailee Madison,3000.0,nm1933128
Colin O'Donoghue,3000.0,nm1524440
Katrina Kaif,3000.0,nm1229940
Don Cheadle,3000.0,nm0000332
Djimon Hounsou,3000.0,nm0005023
Macaulay Culkin,3000.0,nm0000346
Ty Burrell,3000.0,nm0123092
Brendan Fraser,3000.0,nm0000409
Julie Benz,3000.0,nm0004748
Carol Ann Susi,3000.0,nm0839836
Christopher Meloni,3000.0,nm0005221
Rami Malek,3000.0,nm1785339
Rufus Sewell,3000.0,nm0001722
Bryce Dallas Howard,3000.0,nm0397171
Jennifer Garner,3000.0,nm4216726
Tom Welling,3000.0,nm0919991
Mia Wasikowska,3000.0,nm1985859
Justin Timberlake,3000.0,nm0005493
Seth MacFarlane,3000.0,nm0532235
Robert Duvall,3000.0,nm3443324
Brighton Sharbino,3000.0,nm3276835
Ezra Miller,3000.0,nm3009232
Haley Joel Osment,3000.0,nm0005286
Dominic Cooper,3000.0,nm7537300
Alyson Hannigan,3000.0,nm0004989
Leighton Meester,3000.0,nm1015262
Rosario Dawson,3000.0,nm0206257
Matt Smith,2000.0,nm8793193
Sharlto Copley,2000.0,nm1663205
Jamie Lee Curtis,2000.0,nm0000130
Alyson Stoner,2000.0,nm1351987
Billy Burke,2000.0,nm9594380
Jurnee Smollett-Bell,2000.0,
Beau Mirchoff,2000.0,nm2155525
Judy Greer,2000.0,nm0339460
Demi Moore,2000.0,nm0000193
Ron Howard,2000.0,nm6038660
Michiel Huisman,2000.0,nm0401264
Michael Jai White,2000.0,nm0925220
Michael Emerson,2000.0,nm5385644
Ruth Wilson,2000.0,nm5716247
Michael Biehn,2000.0,nm0000299
Abbie Cornish,2000.0,nm0180411
John Stamos,2000.0,nm12153448
Mike Vogel,2000.0,nm9293387
Samantha Barks,2000.0,nm2885819
Matthew Broderick,2000.0,nm1471173
Dennis Quaid,2000.0,nm14849612
Adam Baldwin,2000.0,nm5405241
Ming-Na Wen,2000.0,nm0001840
Sheryl Lee,2000.0,nm10564167
Miranda Cosgrove,2000.0,nm1388927
Dominic Monaghan,2000.0,nm0597480
Jaymes Butler,2000.0,nm0124964
Donny Boaz,2000.0,nm1485940
Matthew Perry,2000.0,nm5745016
Natascha McElhone,2000.0,nm0001523
Christian Monzon,2000.0,nm1480118
Topher Grace,2000.0,nm0333410
Bojana Novakovic,2000.0,nm0636942
Alexa PenaVega,2000.0,nm0891786
Hayley Atwell,2000.0,nm2017943
Olivia Munn,2000.0,nm1601397
Humphrey Bogart,2000.0,nm0000007
Hunter Parrish,2000.0,nm5895956
Eric Dane,2000.0,nm7079499
Noel Gugliemi,2000.0,nm16399154
Linda Cardellini,2000.0,nm0004802
Alan D. Purwin,2000.0,nm0701042
Lea Michele,2000.0,nm0584951
Quvenzhané Wallis,2000.0,nm4832920
Ioan Gruffudd,2000.0,nm0344435
Kevin Zegers,2000.0,nm0954225
Odeya Rush,2000.0,nm3843467
Emir Kusturica,2000.0,nm0001437
Alison Brie,2000.0,nm1555340
Tina Fey,2000.0,nm16872590
Toby Jones,2000.0,nm9722451
Kelly Macdonald,2000.0,nm4050118
Frank Welker,2000.0,nm16562247
Peter Cushing,1000.0,nm12229811
Leslie Bibb,1000.0,nm0004753
John Abraham,1000.0,nm5709338
Michaela Conlin,1000.0,nm0174819
Roger Rees,1000.0,nm0715953
Britney Spears,1000.0,nm0005453
Johnny Pacar,1000.0,nm1067251
Robert Mitchum,1000.0,nm7454606
Lisa Ann Walter,1000.0,nm0910076
Ronald Reagan,1000.0,nm12288978
John Belushi,1000.0,nm0000004
Bernie Mac,1000.0,nm14179434
Oliver James,1000.0,nm5499815
Brenda Song,1000.0,nm0814259
Landon Liboiron,1000.0,nm2334994
Bridgit Mendler,1000.0,nm1847099
Patrick Macnee,1000.0,nm0001495
Laurence Olivier,1000.0,nm10435467
LeVar Burton,1000.0,nm0000996
John Ratzenberger,1000.0,nm7618791
John Boyega,1000.0,nm3915784
Ben Feldman,1000.0,nm7152504
LL Cool J,1000.0,nm0005112
Lea Thompson,1000.0,nm13853889
Omar Sy,1000.0,nm1082477
Oliver Platt,1000.0,nm0001624
Michael Aaron Milligan,1000.0,nm2971607
Omari Hardwick,1000.0,nm1165044
Laila Haley,1000.0,nm6722750
Natasha Lyonne,1000.0,nm0005169
Kurtwood Smith,1000.0,nm0001748
Raul Julia,1000.0,nm0000471
Maggie Siff,1000.0,nm1745019
Malese Jow,1000.0,
Mara Wilson,1000.0,nm0933798
Kevin Alejandro,1000.0,nm13783404
Burgess Meredith,1000.0,nm10408303
Anna Gunn,1000.0,nm1038963
Justin Theroux,1000.0,nm0857620
Raven-Symoné,1000.0,nm0712368
Anjelica Huston,1000.0,nm0001378
Ray Winstone,1000.0,nm3127853
Birgitte Hjort Sørensen,1000.0,nm2171898
Busy Philipps,1000.0,nm0005311
Rich Pecci,1000.0,nm1667264
CCH Pounder,1000.0,nm0001634
Cameron Monaghan,1000.0,nm1185747
Mark Margolis,1000.0,nm9187418
Julian Morris,1000.0,nm6913438
Madeline Kahn,1000.0,nm14605210
Kristin Scott Thomas,1000.0,nm0000218
Kieran Culkin,1000.0,nm0001085
Bill Duke,1000.0,nm6929787
Peter Mensah,1000.0,nm2927222
Brooke Shields,1000.0,nm0000222
Jorge Garcia,1000.0,nm5735120
Cary-Hiroyuki Tagawa,1000.0,nm0846480
Boris Kodjoe,1000.0,nm0462673
Madeline Carroll,1000.0,nm1630992
Angus T. Jones,1000.0,nm0427489
Joshua Mikel,1000.0,nm2282254
Josh Charles,1000.0,nm6472070
Josh Gad,1000.0,nm1265802
Mel Blanc,1000.0,nm0000305
Rita Hayworth,1000.0,nm0000028
Mekhi Phifer,1000.0,nm10880459
Mireille Enos,1000.0,nm0257969
Qi Shu,1000.0,
Olivia Newton-John,1000.0,nm0000556
50 Cent,1000.0,nm1265067
Holly Hunter,1000.0,nm9961761
Tia Carrere,1000.0,nm0000119
Goran Visnjic,1000.0,nm0899681
Greg Nicotero,1000.0,nm15667601
Clint Howard,1000.0,nm16280391
Joel Courtney,1000.0,nm1525807
Hannah Murray,1000.0,nm8354509
Clea DuVall,1000.0,nm0245112
Taylor Negron,1000.0,nm0624510
Harold Perrineau,1000.0,nm0674782
Alexander Gould,1000.0,nm1071252
Alexandra Breckenridge,1000.0,nm1020036
Hedy Lamarr,1000.0,nm0001443
Takashi Miike,1000.0,nm0586281
Daniel Sharman,1000.0,nm1528476
Ian McDiarmid,1000.0,nm0001519
Sullivan Stapleton,1000.0,nm4296886
Devin Ratray,1000.0,nm0711864
Alfie Allen,1000.0,nm10259133
Abigail Spencer,1000.0,nm0817844
Alfre Woodard,1000.0,nm0005569
Alfred Enoch,1000.0,nm0257917
Iko Uwais,1000.0,nm3299397
Alice Braga,1000.0,nm0103797
Steven Anthony Lawrence,1000.0,nm0493037
Christopher Masterson,1000.0,nm6660873
Christopher Lambert,1000.0,nm5784030
Steve Coogan,1000.0,nm0176869
Stephen Graham,1000.0,nm8794812
Stephanie Szostak,1000.0,nm1210895
Spencer Wilding,1000.0,nm1872855
Gillian White,1000.0,nm7340168
Alden Ehrenreich,1000.0,nm2403277
Alison Lohman,1000.0,nm0517844
Gary Dourdan,1000.0,nm0235427
Drake Bell,1000.0,nm0068166
Dylan Minnette,1000.0,nm1910255
Dania Ramirez,1000.0,nm1268158
Dane Cook,1000.0,nm0176981
Vic Waghorn,1000.0,nm4880315
Dorian Missick,1000.0,nm0592923
Dan Byrd,1000.0,nm5467782
Vanessa Williams,1000.0,nm6134145
Eileen Brennan,1000.0,nm6116314
Danielle Kotch,1000.0,nm2714832
Elena Anaya,1000.0,nm7111676
Elizabeth Montgomery,1000.0,nm9838721
Ellen Burstyn,1000.0,nm0000995
Tye Sheridan,1000.0,nm4446467
Emily Osment,1000.0,nm0652089
Emily Podleski,1000.0,nm0688022
Emmanuelle Vaugier,1000.0,nm0891275
Dominic Flores,1000.0,nm5595179
Danneel Ackles,1000.0,nm1566486
Ethan Suplee,1000.0,nm0839486
Farrah Fawcett,1000.0,nm0000396
Adam Goldberg,1000.0,nm6113185
Tommy O'Reilly,1000.0,nm4315795
Tom Wilkinson,1000.0,nm5627670
Dolly Parton,1000.0,nm0000573
Corbin Bernsen,1000.0,nm0000929
Tom Skerritt,1000.0,nm11739342
Danny Masterson,1000.0,nm0005194
Tobias Menzies,1000.0,nm0580014
Jack Davenport,1000.0,nm8527423
Daniel Roebuck,1000.0,nm0736263
Jennifer Ehle,1000.0,nm0000383
Alona Tal,1000.0,nm1775214
David Jason Perez,1000.0,nm4864897
Seychelle Gabriel,1000.0,nm2437267
David Huddleston,1000.0,nm7336805
Jason Marsden,1000.0,nm0005189
Janeane Garofalo,1000.0,nm0000413
David Oyelowo,1000.0,nm0654648
Jasper Cole,1000.0,nm15424961
Shane Black,1000.0,nm7315144
Shannon Elizabeth,1000.0,nm8614520
Javier Botet,1000.0,nm2306701
Jay Hernandez,1000.0,nm5763435
Sendhil Ramamurthy,1000.0,nm0707983
Jennifer Grey,1000.0,nm9227604
Jennifer Jason Leigh,1000.0,nm0000492
Jason Flemyng,1000.0,nm15237100
Amy Poehler,1000.0,nm0688132
David Fine,1000.0,nm4831682
Joe Mantegna,1000.0,nm9131221
Joan Rivers,1000.0,nm0001672
Christina Milian,1000.0,nm0587396
Zoë Bell,1000.0,nm1057928
Sid Haig,1000.0,nm0354085
Sam Trammell,1000.0,nm0870794
Jim Broadbent,1000.0,nm0000980
Jessica Lowndes,1000.0,nm2057726
Jesse McCartney,1000.0,nm16682821
Jeri Ryan,1000.0,nm0005394
Zach Callison,1000.0,nm2642131
James Frain,1000.0,nm6179220
Sofia Boutella,998.0,nm1154749
Gary Cooper,998.0,nm9226977
Chris Brown,997.0,nm9210351
Bérénice Bejo,996.0,nm0067367
Hector Elizondo,995.0,nm0001185
Tao Okamoto,992.0,nm5148840
Radha Mitchell,992.0,nm0593664
Bruce Greenwood,991.0,nm6532878
Joan Fontaine,991.0,nm3423354
Jason Stuart,990.0,nm13893514
Tiago Riani,989.0,nm4146141
Gary Cole,989.0,nm9193942
Common,989.0,nm0996669
Ki Hong Lee,988.0,nm3859624
Matt Frewer,986.0,nm0001242
Ashley Rickards,986.0,nm2413197
Jim Henson,985.0,nm4909291
Martin Starr,985.0,nm0771414
Ian Ziering,984.0,nm0005575
Randy Wayne,984.0,nm9305464
Brigitte Bardot,984.0,nm0000003
JoAnna Garcia Swisher,983.0,nm0305272
Katy Mixon,982.0,
Jin Akanishi,982.0,nm2064011
Ethan Embry,982.0,nm0256121
John Amos,982.0,nm7489172
Don Johnson,982.0,nm9228040
Scott Takeda,981.0,nm1956106
Kirstie Alley,980.0,nm0000263
Sasha Alexander,980.0,nm9784190
Margarita Levieva,980.0,nm1760272
Eddie Marsan,979.0,nm0550371
Chazz Palminteri,979.0,nm0001590
Craig Parker,978.0,nm3991095
Mira Sorvino,978.0,nm0000227
Violante Placido,978.0,nm0686376
Faye Dunaway,977.0,nm0001159
Trey Loney,977.0,nm3993845
Alicia Witt,976.0,nm0001860
Mary-Kate Olsen,976.0,nm0001581
Michael Rapaport,975.0,nm1206230
Jack McBrayer,975.0,nm1442113
Zachary Gordon,975.0,nm9310631
Bingbing Li,974.0,nm11361813
Joanna Lumley,973.0,nm0525921
Rainn Wilson,973.0,nm0933988
Claudia Cardinale,973.0,nm5266275
Marc Blucas,973.0,nm0089456
Adam Brown,972.0,nm8773730
James Lafferty,972.0,nm6057998
Mia Kirshner,972.0,nm0000477
Dax Flame,971.0,nm3967702
Elizabeth Daily,971.0,nm16453827
Kate Upton,971.0,nm4478322
Zach Gilford,971.0,nm1472917
Emma Caulfield,970.0,nm11153878
Melissa Benoist,970.0,nm2552034
Bill Cobbs,970.0,nm0167850
Lindsay Wagner,970.0,nm9748812
Jon Heder,970.0,nm1417647
Taylor Cole,969.0,nm9077644
Lena Dunham,969.0,nm2501633
Miko Hughes,969.0,nm9202072
Ashley Williams,969.0,nm8857127
Clifton Collins Jr.,968.0,nm0004286
Alex Rocco,968.0,nm0733678
Wayne Knight,967.0,nm5706547
Dianne Wiest,967.0,nm0001848
Jenna Fischer,966.0,nm4149263
Romany Malco,966.0,nm0539082
Ranbir Kapoor,964.0,nm1633541
Catherine Deneuve,964.0,nm0000366
Sebastian Roché,964.0,nm8798064
Paz Vega,964.0,nm0891895
Michael Kelly,963.0,nm8837461
Chris Zylka,963.0,nm3024712
Zoe Kazan,963.0,nm1443740
Leonard Roberts,962.0,nm0731346
Greta Gerwig,962.0,nm1950086
Chris Noth,962.0,nm0636562
Thomas McDonell,962.0,nm2973459
Jaime King,961.0,nm0454809
Laura Ramsey,960.0,nm1377561
Lili Taylor,960.0,nm1758439
Agnes Moorehead,960.0,nm0001547
Wilford Brimley,957.0,nm0000979
John Michael Higgins,957.0,nm0383422
Ellen Albertini Dow,957.0,nm0016687
Leven Rambin,956.0,nm1628079
Tony Goldwyn,956.0,nm0001282
Sophia Myles,956.0,nm0617009
Lisa Edelstein,955.0,nm5638253
Eric Winter,954.0,nm6867782
Brian Dennehy,954.0,nm0001133
Hayley Lovitt,954.0,nm2903507
Doug E. Doug,953.0,nm0234791
America Ferrera,953.0,nm1065229
Jane Fonda,949.0,nm0000404
Jason Lewis,948.0,nm8802511
Katrina Bowden,948.0,nm2197298
Michael Angarano,947.0,nm0029400
Alan Ruck,946.0,nm0001688
Lauren Ambrose,945.0,nm7318922
Justin Kirk,945.0,nm9567395
Stockard Channing,944.0,nm0000330
Zoë Kravitz,943.0,nm2368789
Rhys Wakefield,942.0,nm1973422
Kyra Sedgwick,941.0,nm0001718
Jimmy Smits,941.0,nm0001751
Caity Lotz,941.0,nm2362068
Chris Lowell,940.0,nm8298897
Victor Webster,940.0,nm0005543
Mo'Nique,940.0,nm8617295
Martin Landau,940.0,nm0001445
Stephen Root,939.0,nm5024533
Kelvin Taylor,939.0,nm8269688
James Wolk,938.0,nm9542611
Francis Capra,937.0,nm0135584
Joel David Moore,936.0,nm0601376
Alain Delon,936.0,nm0001128
Dean Stockwell,936.0,nm13903190
Mary Lynn Rajskub,935.0,nm0707476
Kane Hodder,935.0,nm0387987
Luke Grimes,935.0,nm7364403
Kim Shaw,935.0,nm10096209
Elodie Yung,934.0,nm1392388
Frankie Muniz,934.0,nm0005260
Connie Nielsen,933.0,nm1184055
Mary McDonnell,933.0,nm9070988
Tyler James Williams,931.0,nm1927701
Erika Christensen,931.0,nm8942218
Linda Blair,931.0,nm7059380
Justin Chambers,931.0,nm9588695
Ann-Margret,931.0,nm17203635
Sarah Silverman,931.0,nm16572659
David Zayas,929.0,nm10292550
Rila Fukushima,929.0,nm3822462
Torey Michael Adkins,929.0,
Noel Clarke,928.0,nm0164929
Donald Faison,927.0,nm0265668
David Carradine,926.0,nm0001016
Clayton Snyder,925.0,nm1032795
Catherine O'Hara,925.0,nm7466489
Jackson Nicoll,925.0,nm3850986
Nolan Gerard Funk,924.0,nm1289173
Jonathan Winters,924.0,nm12941124
Jon Mack,924.0,nm13876701
Masi Oka,923.0,nm1199811
Vanessa Ferlito,923.0,nm1089685
Lori Petty,923.0,nm0001614
Dulé Hill,922.0,nm0384211
Cassandra Peterson,922.0,nm8748352
Fisher Stevens,922.0,nm15276538
Jessika Van,921.0,nm2565039
Elisabeth Harnois,921.0,nm0363699
Michael Gough,920.0,nm5180411
Josh Henderson,920.0,nm8951554
Craig Roberts,920.0,nm5713414
William Smith,919.0,nm9210850
Rosie Perez,919.0,nm15269586
Jeff Kober,919.0,nm11133493
Larry Joe Campbell,919.0,nm0132660
Thomas Kretschmann,919.0,nm0470981
Julia Ormond,919.0,nm0000566
Brandon T. Jackson,918.0,nm1040365
Katharine Isabelle,918.0,nm0410622
Jennifer Hale,918.0,nm9806632
Kyle Schmid,917.0,nm0772704
John Cassavetes,917.0,nm0001023
Drake,916.0,nm9826457
Cameron Boyce,915.0,nm6084547
Virginia Madsen,913.0,nm0000515
Dean Jones,913.0,nm9058222
Ta'Rhonda Jones,912.0,nm7055190
Judith Barsi,912.0,nm0058279
Jennifer Esposito,912.0,nm12211792
Loretta Devine,912.0,nm0222643
Michael Greyeyes,912.0,nm0340729
Benjamin Walker,911.0,nm6974254
Michael Moore,909.0,nm8776843
Leah Remini,909.0,nm0718957
Roberta Valderrama,908.0,nm0883595
Scout Taylor-Compton,908.0,nm0174021
Gustaf Skarsgård,908.0,nm0803890
Jaleel White,908.0,nm0924918
John Karyus,907.0,nm0004030
Cicely Tyson,907.0,nm0001807
Buster Keaton,907.0,nm7510105
Mhairi Calvey,906.0,nm0130860
Drew Fuller,906.0,nm7470259
Jonathan Frakes,906.0,nm0000408
Gabourey Sidibe,906.0,nm2829737
John de Lancie,905.0,nm13532251
Ari Graynor,904.0,nm0310966
Eric Stonestreet,904.0,nm0832314
Bokeem Woodbine,904.0,nm0940158
Bart the Bear,904.0,nm1212069
Frank Langella,903.0,nm0001449
Amr Waked,903.0,nm0906756
Eric Stoltz,902.0,nm12662451
Patricia Tallman,901.0,nm0848191
William Schallert,901.0,nm0769974
Judge Reinhold,901.0,nm0001662
Sarah Polley,900.0,nm2648914
Natasha Henstridge,900.0,nm0000449
Kathleen Turner,899.0,nm6743339
Valeria Golino,898.0,nm0000420
Vanessa Redgrave,898.0,nm0000603
Henry Rollins,898.0,nm0738433
Nicole Beharie,898.0,nm2718512
Viva Bianca,898.0,nm2130586
Sid Caesar,898.0,nm0128377
Jason Mewes,898.0,nm0582939
Edgar Ramírez,897.0,nm7625452
Jodi Lyn O'Keefe,897.0,nm0528715
Ed Lauter,897.0,nm0491590
Denis O'Hare,896.0,nm6672974
Glenn Morshower,894.0,nm0607703
María Valverde,893.0,nm0885472
Elizabeth Berkley,893.0,nm0000924
Minnie Driver,893.0,nm0000378
Heather Morris,892.0,nm9693063
Mark Addy,891.0,nm0004692
Raquel Elizabeth Ames,891.0,
Vivica A. Fox,890.0,nm0000407
Robert Forster,889.0,nm7033722
Bridget Fonda,889.0,nm0000403
Meghan Ory,889.0,nm0651441
Tuppence Middleton,888.0,nm3095562
Scatman Crothers,888.0,nm0001079
Heather O'Rourke,887.0,nm0001576
Shirley Henderson,887.0,nm6066713
Fred Gwynne,886.0,nm0001304
Sanaa Lathan,886.0,nm0005125
Jeffrey Combs,886.0,nm12942649
Nathan Lane,886.0,nm4777226
Chriss Anglin,885.0,nm0029890
Archie Panjabi,884.0,nm0659544
Kodi Smit-McPhee,884.0,nm2240346
Sarah Roemer,884.0,nm2105255
Irvin Kershner,883.0,nm0449984
Albert Finney,883.0,nm0001215
Barry Corbin,883.0,nm8962928
William Petersen,883.0,nm0676973
William Hurt,882.0,nm0000458
Charlie Rowe,882.0,nm9630956
Snoop Dogg,881.0,nm0004879
Johnny Cannizzaro,880.0,nm0134137
Li Gong,879.0,nm12668224
Lauren Holly,879.0,nm11255124
Monica Potter,878.0,nm0005321
Ben Browder,878.0,nm0112871
Maximilian Schell,877.0,nm0001703
Jordi Mollà,877.0,nm0003244
Emily Watson,876.0,nm5162573
Curtis Armstrong,876.0,nm0035664
Enrique Iglesias,876.0,nm6037832
Ted Danson,875.0,nm0001101
Greg Crowe,875.0,nm5457018
Isaac Hempstead Wright,874.0,nm3652842
Nadine Velazquez,874.0,nm1229204
Sissy Spacek,874.0,nm14983075
Michael Imperioli,873.0,nm0408284
Jennifer Lafleur,873.0,nm5842400
Max Ryan,872.0,nm7465108
Rebecca De Mornay,872.0,nm0000360
Barack Obama,871.0,nm12805961
Mackenzie Crook,871.0,nm17004148
Tim Conway,870.0,nm8650585
Nate Richert,870.0,nm0724921
Milos Forman,869.0,nm0001232
Jeffrey Weissman,869.0,nm0919297
Carmen Electra,869.0,nm0001182
Ice-T,867.0,nm0001384
Nicholas Lea,867.0,nm0494774
Henry Ian Cusick,866.0,nm0193738
Marcello Mastroianni,866.0,nm0000052
Josh Wingate,865.0,nm0974594
Omar Epps,865.0,nm0004898
Thomas Ian Nicholas,864.0,nm0005272
Julian Kostov,864.0,nm5441137
Montgomery Clift,862.0,nm0001050
Jarrod Bunch,862.0,nm0120349
Brittany Daniel,862.0,nm4890382
Henry Thomas,861.0,nm8836783
Tina Gilton,861.0,nm5428874
Billy West,861.0,nm5750287
Adam Alexi-Malle,860.0,nm17126860
Jeremy Shada,860.0,nm17193153
Larry David,860.0,nm6635367
Preity Zinta,860.0,
Bella Heathcote,860.0,nm2757333
Fran Drescher,859.0,nm0000376
Kelly Brook,859.0,nm14839756
Anna Silk,857.0,nm0798014
Aisha Tyler,857.0,nm0878768
Billy Boyd,857.0,nm5560732
Phil LaMarr,857.0,nm0482851
Bethany Joy Lenz,855.0,nm0502342
Shiri Appleby,855.0,nm0032375
Wes Studi,855.0,nm0836071
Jim Belushi,854.0,nm0000902
Tom Berenger,854.0,nm16032768
Lara Pulver,854.0,nm3091498
Mike Starr,854.0,nm6095287
Zoey Deutch,852.0,nm3614913
Katharine McPhee,852.0,nm9219457
Lin Shaye,852.0,nm0005417
Oprah Winfrey,852.0,nm0001856
Jada Pinkett Smith,851.0,nm0000586
Kate Walsh,850.0,nm9221612
Alexa Davalos,850.0,nm1111968
Bobby Batson,849.0,nm6702727
Sam Waterston,849.0,nm0001832
Eddie Cibrian,849.0,nm0004827
Lance Gross,849.0,nm13074118
Delroy Lindo,848.0,nm0005148
Kirk Cameron,848.0,nm9744325
Drew Waters,848.0,nm1988958
Jami Gertz,848.0,nm0000415
Marlee Matlin,847.0,nm0559144
Jessica Szohr,847.0,nm1221906
Niketa Calame,847.0,
Jossara Jinaro,847.0,nm0423099
Brendan Fehr,847.0,nm0270451
Christopher Judge,847.0,nm8492696
Jack E. Curenton,847.0,nm2930463
Walter Hendrix III,846.0,nm4239141
Sam Riley,846.0,nm6051037
Vincent Kartheiser,845.0,nm0440229
Tony Curran,845.0,nm7345348
Charlotte Rampling,844.0,nm0001648
Cheech Marin,844.0,nm0001507
Bruce Dern,844.0,nm0001136
Jeff Conaway,844.0,nm0001063
Julian Glover,844.0,nm6124601
Hulk Hogan,844.0,nm0001356
Casey Kasem,844.0,nm6808725
Errol Flynn,843.0,nm16537831
Dom DeLuise,842.0,nm0001123
Elena Satine,842.0,nm2180812
Chris Klein,841.0,nm5321256
Vanity,841.0,nm8592974
Natalie Zea,841.0,nm0954036
Rob Riggle,839.0,nm1443527
Michael Spears,839.0,nm13051923
Olivier Martinez,838.0,nm9070247
Julie Walters,838.0,nm0910278
Christine Taylor,838.0,nm6087950
Anne Meara,837.0,nm0575198
Gillian Jacobs,837.0,nm1843026
Tammin Sursok,836.0,nm0839730
Pink,836.0,nm9883826
Roger Willie,836.0,nm0932194
Damon Wayans,836.0,nm0001834
Madison Pettis,835.0,nm2202521
Patrick Fugit,835.0,nm0297578
Katrina Law,835.0,nm0492345
Gus Van Sant,835.0,nm0001814
Denis Leary,835.0,nm0001459
Andrew Keegan,835.0,nm6081207
Ivana Milicevic,834.0,nm9756222
Noel Fisher,833.0,nm7248033
Joe Lo Truglio,833.0,nm12650962
Greg Grunberg,833.0,nm0342399
Tom Sturridge,830.0,nm0836432
Mark Duplass,830.0,nm0243233
Lester Speight,829.0,nm9240267
Cameron Bright,829.0,nm13023577
Jason Dohring,828.0,nm0230655
Peter Gallagher,828.0,nm5168565
Reggie Lee,828.0,nm12173869
Ricardo Darín,827.0,nm0201857
Frances Conroy,827.0,nm0175814
Mitch Pileggi,826.0,nm0683379
Rip Torn,826.0,nm0001800
Nia Long,826.0,nm0000505
Hal Holbrook,826.0,nm0001358
Scott Glenn,826.0,nm8684635
Christopher Heyerdahl,826.0,nm0382216
Steve Howey,826.0,nm11594864
Shad Moss,826.0,nm0510168
Laz Alonso,826.0,nm0022306
Joanna 'JoJo' Levesque,826.0,
B.J. Novak,825.0,nm1145983
Robert Picardo,823.0,nm0000585
Michael Cudlitz,822.0,nm0191044
Tracy Spiridakos,821.0,nm2702898
Bradley Whitford,821.0,nm0925966
Manish Dayal,820.0,nm2110485
Kevin Rankin,820.0,nm13777123
Sam Shepard,820.0,nm16474792
Liam Aiken,818.0,nm0014582
Sean Cook,816.0,nm9198359
Beverly D'Angelo,816.0,nm5853494
Michael Stuhlbarg,816.0,nm0836121
Holly Valance,816.0,nm0883480
Geoffrey Arend,816.0,nm0034309
Timothy Omundson,816.0,nm0648486
William Xifaras,815.0,nm3899420
Mark Fantasia,814.0,nm3992329
Jessy Schram,813.0,nm1789336
Roy Scheider,813.0,nm0001702
Rob McElhenney,813.0,nm0568390
Dylan Baker,812.0,nm5475960
Isabella Rossellini,812.0,nm0000618
Sela Ward,812.0,nm0000688
Adam Garcia,811.0,nm7598901
Saffron Burrows,811.0,nm0004787
Vincent Schiavelli,811.0,nm0001704
Matthew Modine,810.0,nm0000546
Sarah Rafferty,810.0,nm16142552
Adelaide Kane,810.0,nm2560043
Danny Woodburn,809.0,nm0940173
Aretha Franklin,809.0,nm0291349
Romain Duris,809.0,nm0244151
Kelsey Grammer,808.0,nm0001288
Donald Trump,808.0,nm0874339
Rene Russo,808.0,nm8995090
Alissa Dean,807.0,nm5347900
Rick Gonzalez,807.0,nm9216774
Luke Benward,807.0,nm0972851
Regina Hall,807.0,nm4884416
Samaire Armstrong,806.0,nm1027847
Adrian Martinez,806.0,nm9199915
Leslie Jordan,805.0,nm12899785
Romola Garai,805.0,nm0304801
Joan Allen,805.0,nm9802117
Ed Skrein,805.0,nm4534098
Bern Cohen,805.0,nm1788789
Constance Shulman,804.0,nm0795723
Rita Moreno,804.0,nm5201402
Vanessa Lengies,804.0,nm12492498
Teo Halm,803.0,nm5128387
Telly Savalas,803.0,nm0001699
Jim Varney,802.0,nm6808604
Donald Glover,801.0,nm2255973
Steve Guttenberg,801.0,nm8731356
Sean Michael Afable,801.0,nm1012084
Ethan Peck,800.0,nm0669656
Marie Avgeropoulos,800.0,nm2955595
Lee Majors,799.0,nm8157974
Bob Saget,799.0,nm0756114
Brad Garrett,799.0,nm4843918
Carla Gallo,798.0,nm3097463
Frank Grillo,798.0,nm16155826
Danny Dyer,798.0,nm5493257
Eva Amurri Martino,797.0,
David Gallagher,796.0,nm5769210
Daniel Stern,796.0,nm8864545
Russell Tovey,796.0,nm0869871
Chris Brochu,795.0,nm2324137
Eric Idle,795.0,nm0001385
Embeth Davidtz,795.0,nm0001110
Sasha Roiz,795.0,nm1501388
Ashley Scott,795.0,nm8828683
Gloria Stuart,794.0,nm16338356
Dougray Scott,794.0,nm0779084
Tina Turner,794.0,nm5051116
Carl Weathers,794.0,nm5549697
JJ Feild,794.0,nm0270625
Jean Stapleton,793.0,nm0822958
Ally Sheedy,793.0,nm0000639
Peter Greene,789.0,nm5149544
Billy Campbell,789.0,nm5479959
Raquel Welch,788.0,nm14664528
Joseph Gilgun,788.0,
Michael Raymond-James,788.0,nm1535423
Vincent Gallo,787.0,nm0001252
Melinda Clarke,787.0,nm6365201
Jimmy Fallon,787.0,nm12785675
Cole Hauser,787.0,nm0369513
Atticus Shaffer,787.0,nm2557831
Patton Oswalt,786.0,nm0652663
Shahab Hosseini,786.0,nm10370933
James Cagney,786.0,nm17082818
Joey Lawrence,786.0,nm7867864
Adrian Paul,786.0,nm9983460
Debbie Reynolds,786.0,nm7021201
Danny Pino,786.0,nm0992694
Oscar Gale,785.0,nm10148949
Lily Cole,785.0,nm2178959
Julianna Pitt,785.0,nm3852783
Paul McCartney,785.0,nm10063871
Karen Allen,784.0,nm5634201
David Raizor,784.0,nm5638874
Ed Begley Jr.,783.0,nm0000893
Meat Loaf,783.0,nm0001533
Ruby Dee,782.0,nm1737553
Jason Ritter,782.0,nm4357769
Richard Epcar,782.0,nm0258268
Joey Lauren Adams,781.0,nm0000725
Pamela Anderson,780.0,nm9565917
Joe Morton,780.0,nm5692761
Corinna Harney,779.0,
Brooke Newton,779.0,nm13124126
Tyler Labine,779.0,nm0479527
Jon Foo,778.0,nm1463426
Kevin Corrigan,778.0,nm6082172
Eddie Izzard,776.0,nm0412850
Eric Lloyd,775.0,nm8950032
Aaliyah,775.0,nm7982104
Luke Bracey,775.0,nm3478396
Mark Valley,774.0,nm5593556
Kathleen Robertson,774.0,nm16620116
Suraj Sharma,774.0,nm9677092
Harry Styles,773.0,nm4089170
Jeremy Jordan,773.0,nm8446022
James Coburn,773.0,nm9634989
James Nesbitt,773.0,nm1547389
Chase Ellison,772.0,nm7196118
Mo Gallini,771.0,nm0302956
Pam Ferris,771.0,nm0274913
Martin Short,770.0,nm2997086
Zelda Rubinstein,770.0,nm0748289
Toby Stephens,769.0,nm15341231
Jeremy Davies,769.0,nm8098812
George Carlin,769.0,nm0137506
Finn Wittrock,769.0,nm1587729
Catherine Dyer,768.0,nm0245696
Phoebe Cates,767.0,nm0000121
Charlie Talbert,767.0,nm9899586
Aidan Quinn,767.0,nm6393178
Fred Williamson,767.0,nm0004365
Mindy Kaling,767.0,nm1411676
Olivia Williams,766.0,nm9742516
Colin Salmon,766.0,nm13070571
Michelle Forbes,764.0,nm7845562
Tyler Mane,764.0,nm0541932
Cody Howard,763.0,nm7256655
Lily Rabe,763.0,nm1143816
Ed Speleers,762.0,nm1968873
Riley Smith,762.0,nm8827328
Jonathan Brandis,761.0,nm0000970
Christian Keyes,761.0,nm1828818
Spencer Tracy,760.0,nm3993369
Bubba Smith,760.0,nm9748355
Sean Hayes,760.0,nm8844714
Diedrich Bader,759.0,nm0046033
Sean Young,759.0,nm6094140
Marg Helgenberger,759.0,nm0001339
Ransford Doherty,759.0,nm0230611
Craig Ferguson,759.0,nm9563218
Amanda Schull,757.0,nm3548515
Lee Marvin,756.0,nm4586406
Damon Wayans Jr.,756.0,nm0915458
Camren Bicondova,756.0,nm4800564
Noah Ringer,756.0,nm3226241
Geoff Stults,756.0,nm13552607
Takeshi Kaneshiro,755.0,nm0437580
Vivian Lamolli,755.0,nm4796168
Lucas Grabeel,755.0,nm1727317
Cliff Robertson,754.0,nm9143886
Anne Bancroft,754.0,nm0000843
Angie Dickinson,754.0,nm0001141
Bernadette Peters,753.0,nm0001613
Del Zamora,752.0,nm0952685
Irene Bedard,752.0,nm0065942
Kristen Connolly,751.0,nm4852062
Hana Mae Lee,751.0,nm2443438
Terence Hill,750.0,nm4100929
Jenny McCarthy,750.0,nm9565918
Aaron Ashmore,750.0,nm0039148
Eion Bailey,749.0,nm0047248
Travis Myers,749.0,nm5443897
Demián Bichir,749.0,nm0065007
Myrna Loy,749.0,nm0001485
Kevin McHale,748.0,nm6080537
Michael Dorn,748.0,nm6595636
Sarah Carter,748.0,nm9692095
Harry Lennix,748.0,nm0502015
Ben Mendelsohn,748.0,nm7845316
Shantel VanSanten,748.0,nm1416900
Colin Ferguson,747.0,nm4829494
Ben Platt,746.0,nm8895217
Rick Yune,746.0,nm0950935
Gina Lollobrigida,746.0,nm0518178
Jeffrey DeMunn,745.0,nm0218810
Albert Brooks,745.0,nm1900634
Vernon Wells,745.0,nm1741388
Ayelet Zurer,745.0,nm0957909
Billy Crudup,745.0,nm0001082
Dave Chappelle,744.0,nm0152638
Kelly Preston,743.0,nm17263279
Richard Tyson,743.0,nm7600994
Richard Bull,742.0,nm7743230
Donald Pleasence,742.0,nm0000587
Chad L. Coleman,741.0,nm0170968
Johnny Lewis,741.0,nm6106059
Mikal Vega,741.0,nm3819620
Aimee Teegarden,741.0,nm1631435
Liza Minnelli,740.0,nm0591485
Laura-Leigh,740.0,nm3142880
Grey Griffin,739.0,nm0217221
Drea de Matteo,739.0,nm0005576
Jenna Elfman,739.0,nm0001184
Julia Nickson,738.0,nm0630100
Scott Grimes,738.0,nm9218987
Adam Lamberg,738.0,nm0483047
Callum Blue,738.0,nm0089485
Lena Horne,738.0,nm0395043
David O'Hara,736.0,nm5296122
Anna Friel,736.0,nm0295484
Mariah Carey,736.0,nm0001014
Quinton Aaron,734.0,nm2466842
Matt Prokop,734.0,nm2328628
Joel McHale,734.0,nm0570364
Zayn Malik,734.0,nm4098557
John Patrick Amedori,733.0,nm0024511
Nat Wolff,733.0,nm8188030
Lukas Haas,733.0,nm17181204
Lauren Gottlieb,733.0,nm7174579
Taron Egerton,732.0,nm5473782
Cyndi Lauper,732.0,nm0490980
Bianca Kajlich,732.0,nm0435323
Kari J. Kramer,731.0,nm2845159
Al Leong,730.0,nm0502959
Morgan Fairchild,730.0,nm0000392
Leon,730.0,nm9756844
Robert Ri'chard,730.0,nm0722647
Kelli Garner,730.0,nm0307726
Joey D. Vieira,729.0,nm0896649
Indira Varma,729.0,nm0890055
Fred Willard,729.0,nm0929609
Hugh Keays-Byrne,728.0,nm0117412
Alia Shawkat,728.0,nm0790057
Nick Krause,727.0,nm4681690
Kevin Brown,727.0,nm5743555
Raoul Bova,727.0,nm0100556
Robert Maillet,727.0,nm4493179
James Badge Dale,726.0,nm0197647
Richard Burton,726.0,nm5042702
Eddie Deezen,726.0,nm0214430
Dee Wallace,725.0,nm0908914
Ringo Starr,725.0,nm0823592
Edi Gathegi,725.0,nm1346230
Emraan Hashmi,724.0,nm1431656
Nick Robinson,724.0,nm6069411
Enrico Colantoni,724.0,nm0170186
John Witherspoon,723.0,nm7820346
Craig T. Nelson,723.0,nm0005266
Costas Mandylor,723.0,nm0541908
Matt Lucas,722.0,nm9598030
Sean Pertwee,722.0,nm0675730
Kristin Davis,722.0,nm5731298
T.J. Thyne,722.0,nm0862328
Dana Delany,722.0,nm0001127
Michael Berryman,721.0,nm11240766
Tasha Smith,721.0,nm5604553
Michael Wincott,721.0,nm0000699
Don Rickles,721.0,nm0725543
Robbie Barnes,720.0,nm4196716
Kay Panabaker,720.0,nm0659048
Daniel Henney,719.0,nm2024644
Jerry Stiller,719.0,nm11750276
Mario Lopez,719.0,nm9205879
Ellen Wong,719.0,nm4854517
Nicole Scherzinger,718.0,nm0970122
Martha Higareda,718.0,nm1172285
Lily Tomlin,718.0,nm0005499
Beth Riesgraf,718.0,nm0726360
Taylor Dooley,717.0,nm1731786
Dichen Lachman,717.0,nm1901842
Min-sik Choi,717.0,
Callum Rennie,716.0,
Paris Hilton,716.0,nm0385296
David Bianchi,715.0,nm8614535
Alexis Dziena,715.0,nm1232226
Ava Gardner,715.0,nm9778954
Jesse L. Martin,715.0,nm0552509
Danny Strong,714.0,nm10645354
Essence Atkins,713.0,nm0040591
Blythe Danner,713.0,nm0001100
Yaya DaCosta,712.0,nm1861624
Leila Hatami,712.0,nm0368689
Matthew Lawrence,711.0,nm9032647
Jeanne Tripplehorn,711.0,nm0000675
Jason London,711.0,nm7088995
Jean-Paul Belmondo,710.0,nm0000901
Rene Auberjonois,710.0,nm0041281
Rory Culkin,710.0,nm0191412
Paul Elia,709.0,nm5164880
Natasha Richardson,708.0,nm13341491
Rudy Youngblood,708.0,nm2199632
Teri Polo,708.0,nm0001632
Brad Schmidt,708.0,nm8775473
Molly C. Quinn,707.0,nm0703939
Shelley Hennig,707.0,nm2645189
Mike Epps,706.0,nm4882914
Eamonn Walker,706.0,nm11477302
Daren Kagasoff,704.0,nm2973326
George Harrison,704.0,nm9266626
Emma Bell,703.0,nm8911087
Andre Braugher,702.0,nm0105672
William Morgan Sheppard,702.0,nm0792003
Aaron Staton,702.0,nm8057178
Herbert Russell,701.0,nm0751188
Carter Jenkins,701.0,nm1334396
James Duval,701.0,nm2660563
Noureen DeWulf,701.0,nm1715275
Matt Long,701.0,nm9015701
Jason Alexander,700.0,nm5406451
Eddie Spears,699.0,nm5068543
Tom Waits,699.0,nm16770056
James Lipton,699.0,nm0513851
Esai Morales,699.0,nm8716618
Jack O'Connell,698.0,nm4884946
Sara Gilbert,697.0,nm5722529
Jim Parrack,697.0,nm1747924
John Heard,697.0,nm9495362
Hayley McFarland,697.0,nm2201055
Mehcad Brooks,696.0,nm1419635
Monique Candelaria,696.0,nm3156214
Anne Heche,695.0,nm0000162
Oliver Reed,695.0,nm8807415
Randy Quaid,695.0,nm0001642
Heather Locklear,695.0,nm14520648
Margaret Hamilton,695.0,nm4851601
Jan Haley,695.0,nm7345905
Tony Danza,694.0,nm14866921
Gregory Smith,694.0,nm5757841
Cameron Mills,694.0,nm5707023
Michael Jeter,693.0,nm15905624
Sarah Gadon,692.0,nm0300589
Rupert Everett,692.0,nm0000391
Jeffrey Jones,692.0,nm9015684
Riley Keough,691.0,nm17255170
Kylie Minogue,691.0,nm0001541
Mako,691.0,nm8160523
Marsha Thomason,691.0,nm0859720
Michael Nyqvist,690.0,nm0638824
Thomas F. Wilson,690.0,
Scott Porter,690.0,nm6137690
Marley Shelton,690.0,nm8563100
Ben Davies,690.0,nm5187976
Cassandra Scerbo,689.0,nm2628561
Beau Garrett,689.0,nm1683768
Robert Pralgo,688.0,nm1128418
Miguel Ferrer,688.0,nm5588074
Julian Sands,687.0,nm0001696
Fiona Shaw,687.0,nm8985048
Clive Standen,687.0,nm1641140
Shenae Grimes-Beech,687.0,nm1501624
David Hewlett,686.0,nm9423003
Tatyana Ali,685.0,nm0004700
Vincent Chimato,685.0,nm2332366
Blair Underwood,685.0,nm10825324
Steven Weber,685.0,nm6169332
James Wilcox,683.0,nm5047852
Lindy Booth,683.0,nm8906656
Sammy Davis Jr.,683.0,nm4253754
Robert Davi,683.0,nm0001108
Burt Young,683.0,nm0949350
Lauren German,683.0,nm0314514
Jacqueline MacInnes Wood,682.0,nm2480943
William Holden,682.0,nm5626946
Jacob Tremblay,681.0,nm5016878
David Costabile,681.0,nm0182345
Stephen Merchant,681.0,nm15793618
Kelvin Han Yee,681.0,nm0947172
Kevin Sussman,681.0,nm0839934
Marc Trottier,680.0,nm1340129
T.I.,680.0,nm10455869
Michael Roark,680.0,nm6501094
Paddy Considine,680.0,nm0175916
Debi Mazar,680.0,nm0000529
Olivia Cooke,680.0,nm4908205
Trenton Rostedt,680.0,nm2097406
Melissa Gilbert,679.0,nm7926319
Q'orianka Kilcher,679.0,nm0452963
Ana de la Reguera,679.0,nm0307143
Isabelle Huppert,678.0,nm0001376
Charlie Korsmo,678.0,nm0001432
Angelina Armani,677.0,nm2942047
David Ramsey,677.0,nm5413418
Emmanuel Kabongo,677.0,nm10085623
Rob Paulsen,677.0,nm13412137
Brian Austin Green,676.0,nm0004977
David Walton,676.0,nm5536173
Esther Williams,675.0,nm3049751
Jesse Borrego,674.0,nm0001963
Brian Anthony Wilson,674.0,nm0933096
Angus Scrimm,674.0,nm0780133
Alice Cooper,674.0,nm6893524
Jason Patric,673.0,nm0000574
Raymond Cruz,672.0,nm8420754
F. Murray Abraham,670.0,nm0000719
Elaine Hendrix,670.0,nm0005006
Mason Lee,670.0,nm5555178
George Peppard,669.0,nm0000577
Laura Harring,669.0,nm0005009
Martin Kove,668.0,nm0184392
Dee Bradley Baker,668.0,nm16184546
Margo Harshman,668.0,nm0366106
Anil Kapoor,668.0,nm6257053
Nick Wechsler,666.0,nm0917059
Ricky Schroder,665.0,nm0005401
Nate Parker,664.0,nm7892824
Jillian Estell,664.0,nm4460358
Jonathan Tucker,664.0,nm8172078
Mia Sara,664.0,nm0000214
Nichelle Nichols,664.0,nm0629667
Elizabeth Perkins,664.0,nm8860697
Haley Bennett,664.0,nm13831269
Brian Thompson,663.0,nm5725079
Bianca Brigitte VanDamme,663.0,
Austin Nichols,663.0,nm7250469
Zack Ward,662.0,nm6069154
Jake Busey,660.0,nm0000998
Scoot McNairy,660.0,nm1058940
Jenny Agutter,659.0,nm0000256
Basil Rathbone,659.0,nm0001651
Phyllis Diller,659.0,nm0226887
Edie Falco,659.0,nm0004908
Michael McKean,658.0,nm2396934
Darryl Stephens,658.0,nm4429269
Stanislav Ianevski,658.0,
Estella Warren,658.0,nm0005535
Conchata Ferrell,658.0,nm0004916
Justin Baldoni,657.0,nm1682573
Brian O'Halloran,657.0,nm7530974
Sean Patrick Thomas,656.0,nm0859503
Bruce McGill,655.0,nm0569226
Wendi McLendon-Covey,655.0,nm1018488
George C. Scott,654.0,nm0001715
Poppy Montgomery,654.0,nm0599889
Sherman Hemsley,654.0,nm0376200
Tony Nappo,654.0,nm0621176
Richard Roxburgh,653.0,nm0746896
Bruno Ganz,653.0,nm0004486
Carrie Preston,652.0,nm6866665
John Savage,652.0,nm9510729
Reba McEntire,651.0,nm0005207
Shawnee Smith,651.0,nm13031755
Thomas Lennon,651.0,nm0502071
Jamie Renée Smith,650.0,nm0808603
Ursula Andress,650.0,nm0000266
Todd Graff,650.0,nm0333804
Debra Messing,650.0,nm0005226
Traci Lords,650.0,nm0000183
Cheyenne Haynes,650.0,nm15340886
Scott Baio,650.0,nm0000281
Tate Donovan,650.0,nm0004883
Marina Sirtis,649.0,nm0000642
Ken Foree,649.0,nm0286010
Ken Howard,649.0,nm8800895
Eva Marie Saint,649.0,nm0001693
Jesse Tyler Ferguson,648.0,nm0272479
Ruth Negga,648.0,nm1550948
Nick Stahl,648.0,nm9664269
Julian Richings,648.0,nm0724995
Brett Wagner,648.0,nm6056522
George Newbern,647.0,nm16359374
Samira Wiley,646.0,nm4148126
Cinda McCain,646.0,nm0564581
Paul Blackthorne,645.0,nm0085860
Verne Troyer,645.0,nm0873942
Trish Basinger,644.0,nm5738894
Walter Koenig,643.0,nm3078331
Bob Newhart,643.0,nm0627878
Joan Chen,643.0,nm8054091
Tony Chiu Wai Leung,643.0,
Dave Annable,642.0,nm1616349
Treat Williams,642.0,nm0001852
Kevin Nash,642.0,nm5613856
Tom Cavanagh,642.0,nm16851884
Tracy Morgan,642.0,nm9573578
Jan-Michael Vincent,642.0,nm0001821
David Conrad,642.0,nm5760752
Sean Harris,641.0,nm8805123
William Zabka,641.0,nm0951420
John Astin,641.0,nm0040014
Taylor Blackwell,641.0,nm3512832
Kirk Acevedo,641.0,nm0009716
Ricardo Montalban,641.0,nm0001544
Nick Zano,641.0,nm1214657
Chiaki Kuriyama,640.0,nm0475752
Bruce Boxleitner,640.0,nm0000310
Anthony L. Fernandez,640.0,nm5520932
Katharine Ross,640.0,nm7494603
Daryl Sabara,640.0,nm0754512
Scott Levy,639.0,nm9304604
Matthew Gray Gubler,639.0,nm1131557
Santiago Cabrera,639.0,nm9002391
Alan Young,639.0,nm6032658
Eddie Cahill,639.0,nm12724924
Nawazuddin Siddiqui,638.0,nm1596350
Chris Bauer,638.0,nm8749954
Frances Fisher,638.0,nm7068986
Mary Elizabeth Mastrantonio,638.0,nm0001512
Rock Hudson,638.0,nm6291532
Kevin Connolly,638.0,nm8975296
Toby Hemingway,637.0,nm13754649
Kimberly Elise,637.0,nm8906546
Eric Mabius,637.0,nm0531095
Megan Mullally,637.0,nm0005259
Eugenie Bondurant,637.0,nm0094163
Shannon Woodward,637.0,nm13460634
Kevin Peter Hall,636.0,nm0001310
Paul Sorvino,636.0,nm0000649
Catherine Bell,636.0,nm6590304
Alex Winter,636.0,nm5143737
Molly Shannon,636.0,nm7641022
Carol Kane,636.0,nm14341331
Steven Bauer,636.0,nm0000874
Sarah Butler,635.0,nm8783499
Moises Arias,635.0,nm12415945
Osric Chau,635.0,nm1859543
Nathan Jones,635.0,nm8802926
Ivana Baquero,634.0,nm1419440
Ted Raimi,634.0,nm0001646
Mircea Monroe,634.0,nm1597260
Benjamin A. Onyango,634.0,nm1335173
Scott Mechlowicz,634.0,nm1310709
Asin,634.0,nm3468448
Erin O'Brien,634.0,nm9628133
Tippi Hedren,634.0,nm0001335
Lane Smith,633.0,nm8935475
Marisol Nichols,633.0,nm0629653
Gary Coleman,633.0,nm6095379
Bolo Yeung,633.0,nm0001866
Samantha Morton,632.0,nm9610798
Corbin Bleu,632.0,nm0088298
Harry Connick Jr.,631.0,nm16906396
Warren Beatty,631.0,nm5039456
Scott Weinger,631.0,nm0918334
Alice Greczyn,631.0,nm1445490
Ashley Tramonte,630.0,nm4098984
Doona Bae,629.0,
Robbie Kay,629.0,nm2264199
Grey Damon,629.0,nm3012064
Douglas Haase,629.0,nm1035460
Shelley Duvall,629.0,nm0001167
Harvey Korman,628.0,nm0466327
Beth Grant,628.0,nm8921417
Richard Curtis,628.0,nm8793365
Peter Graves,628.0,nm7306639
Logan Browning,628.0,nm9545968
Tadanobu Asano,627.0,nm0038355
Amber Valletta,627.0,nm0005520
Hans Matheson,627.0,nm0558548
Jake Lloyd,626.0,nm5184384
Carrie Henn,626.0,nm0001343
Joe Estevez,625.0,nm0261724
Armando Riesco,625.0,nm1269976
Tim Russ,625.0,nm8289154
Neil Flynn,625.0,nm7745422
Cecilia Pillado,625.0,nm2905911
Emily Ratajkowski,625.0,nm1589279
Lupe Ontiveros,625.0,nm0648913
Tyra Banks,625.0,nm0004723
Tony Cox,624.0,nm5775001
Jane Krakowski,624.0,nm0005105
Kim Dickens,624.0,nm6319373
Caitlin Stasey,623.0,nm1466205
Ben Gazzara,623.0,nm7447083
Hector Kotsifakis,623.0,nm2026965
Tamsin Egerton,622.0,nm0989182
Will Forte,622.0,nm0287182
Peyman Moaadi,620.0,
Lara Flynn Boyle,619.0,nm0001223
Lisa Bonet,619.0,nm0000956
Keshia Knight Pulliam,619.0,nm0700443
Óscar Jaenada,619.0,nm1049982
Angelo Anthony Pizza,619.0,nm4747999
Barbara Hershey,618.0,nm0001347
Tom Arnold,618.0,nm8753124
James Mason,618.0,nm6033449
Aimee Garcia,618.0,nm12464218
Kurt Fuller,617.0,nm4017057
Noah Emmerich,617.0,nm0001187
Aaron Yoo,617.0,nm1683094
Patricia Neal,617.0,nm4986148
John Doman,616.0,nm0231283
Evan Ross,616.0,nm8502181
Martha MacIsaac,616.0,nm0532900
Michael Dudikoff,615.0,nm0001154
Katt Williams,615.0,nm1139343
Max Minghella,614.0,nm1540404
Akie Kotabe,614.0,nm2009056
Shaun Weiss,613.0,nm0919169
Ivan Sergei,613.0,nm0001720
James D'Arcy,613.0,nm4822068
Jonathan Jackson,613.0,nm6047186
Gaby Hoffmann,612.0,nm0389173
Marla Sokoloff,612.0,nm0005448
Lotte Verbeek,612.0,nm2551311
Larry Miller,611.0,nm5465601
David Arquette,611.0,nm16718414
Michael Welch,611.0,nm6138124
Molly Parker,611.0,nm15335845
Ginger Rogers,610.0,nm0001677
Ariana Richards,610.0,nm0000611
Luke Perry,608.0,nm12408280
Bam Margera,608.0,nm0546640
Claude Rains,607.0,nm0001647
Eric Mendenhall,607.0,nm3373328
Oliver Hudson,607.0,nm9048420
Piper Mackenzie Harris,607.0,nm2500832
Lamman Rucker,607.0,nm0748541
Alex Meraz,606.0,nm16888412
Adam Ratcliffe,606.0,nm9434147
Janet Leigh,606.0,nm9432402
DeForest Kelley,606.0,nm0001420
Peter Serafinowicz,605.0,nm0784818
Dick Van Patten,605.0,nm0887694
Rosanna Arquette,605.0,nm0000275
Ronny Cox,605.0,nm7540988
Thomas Robinson,604.0,nm9203575
Jenette Goldstein,604.0,nm0001280
Bashar Rahal,603.0,nm0706666
Adrienne Barbeau,602.0,nm0000105
Aryana Engineer,602.0,nm2954597
Christian Camargo,602.0,nm12610483
Stacy Keach,602.0,nm0005078
Reeve Carney,602.0,nm0138840
Linda Fiorentino,602.0,nm10168980
Dreama Walker,601.0,nm2439111
Nicholas Gonzalez,601.0,nm9679971
Laura Fraser,601.0,nm6146447
Gretchen Mol,600.0,nm0001543
Sayed Badreya,600.0,nm0046223
Marilyn Manson,600.0,nm0001504
Grant Bowler,600.0,nm0101198
Michael O'Neill,599.0,nm6098982
D.B. Woodside,598.0,nm0940851
P.J. Soles,598.0,nm0001753
Monica Calhoun,597.0,nm0004793
Bonnie Hunt,597.0,nm10830404
Ali Hillis,597.0,nm0385029
Phylicia Rashad,597.0,nm0711118
Lew Temple,597.0,nm0854702
Julie Christie,597.0,nm8657655
Austin Pendleton,597.0,nm0671721
Grace Phipps,596.0,
Tim Blake Nelson,596.0,nm0625789
Udo Kier,595.0,nm15658876
Roddy McDowall,595.0,nm0001522
Trevor Morgan,595.0,nm9824549
Russell Wong,595.0,nm0005568
Peter Boyle,595.0,nm9363870
André the Giant,594.0,
Louis Jourdan,594.0,nm0431139
Sally Hawkins,594.0,nm6278596
Bárbara Mori,594.0,nm0605224
Stephen Boss,594.0,nm1361042
Margot Kidder,593.0,nm0452288
Jon Stewart,593.0,nm5425288
Valorie Curry,593.0,nm2038170
Kevin Grevioux,593.0,nm0340485
Erik Per Sullivan,593.0,nm0838059
Nick Cannon,593.0,nm9872444
Janet Jackson,592.0,nm4156740
Pruitt Taylor Vince,592.0,nm0898546
Wesley Jonathan,592.0,nm0427358
Brian Blessed,591.0,nm17219983
Garry Shandling,591.0,nm0788009
Carlos Ponce,591.0,nm8858334
Nicholas Braun,591.0,nm6696785
Kerr Smith,591.0,nm0005445
Patricia Velasquez,591.0,nm0892383
Curtiss Cook,591.0,nm1478007
Patrick Renna,590.0,nm0719606
Ray Romano,590.0,nm1530011
Alex Kendrick,589.0,nm1731937
Philip Friedman,588.0,nm4735382
David Kelly,588.0,nm5727049
Paula Garcés,587.0,nm0305519
Ella Wahlestedt,587.0,nm4125403
Elaine Stritch,586.0,nm0834626
Redd Foxx,586.0,nm7521493
Anthony 'Citric' Campos,586.0,nm1658749
David Suchet,586.0,nm0837064
Matt Gerald,585.0,nm0313902
Ben Daniels,585.0,nm5336628
Joely Richardson,585.0,nm0000613
Wagner Moura,585.0,nm0609944
Faizon Love,585.0,nm0522324
Amber Stevens West,584.0,nm0828226
Alanna Ubach,584.0,nm0005513
Keith Carradine,584.0,nm0001018
Tom Bosley,584.0,nm0098014
Vincent Pastore,584.0,nm0665114
Erik Knudsen,583.0,nm9301870
Erik Estrada,583.0,nm6125707
Olivia Colman,583.0,nm1469236
Romeo Miller,582.0,nm0999075
Bai Ling,582.0,nm0000499
Larenz Tate,582.0,nm0005478
Rae Dawn Chong,581.0,nm0001044
Kevin Dunn,581.0,nm5166287
Rick Hoffman,581.0,nm7080493
Johanna Braddy,581.0,nm1715189
Yaphet Kotto,581.0,nm0001433
Kuno Becker,580.0,nm0065493
Martin Henderson,580.0,nm1546896
Riccardo Scamarcio,580.0,nm1249052
Gary Farmer,580.0,nm8789112
Vinessa Shaw,580.0,nm0005416
Imelda Staunton,579.0,nm0001767
Dilshad Vadsaria,579.0,nm2115111
Freddy Rodríguez,579.0,nm8751244
Kristy Swanson,579.0,nm0001785
Philip Winchester,579.0,nm0934618
Jacinda Barrett,579.0,nm0057150
Rachel Griffiths,578.0,nm14543317
Vic Mignogna,578.0,nm0586003
Olesya Rulin,578.0,nm0750037
Jenifer Lewis,578.0,nm15823485
Joaquim de Almeida,578.0,nm0021835
Elden Henson,577.0,nm0711805
Darren McGavin,577.0,nm0569000
Daniel von Bargen,577.0,nm0901926
Anthony LaPaglia,577.0,nm0001439
Stephen Dillane,577.0,nm0226820
David Masterson,577.0,nm6138596
Peter Krause,576.0,nm6328273
Kevin Dillon,576.0,nm8048463
Maggie Cheung,576.0,nm8637768
David Lyons,576.0,nm9197470
Franco Nero,576.0,nm0626259
Roxanne McKee,576.0,nm16662546
Eva LaRue,576.0,nm0130191
Danny Arroyo,575.0,nm0037423
Frances O'Connor,575.0,nm7504145
Lloyd Bridges,575.0,nm0000978
Slim Pickens,575.0,nm2569638
Anthony Reynolds,575.0,nm5420056
Amanda Wyss,574.0,nm0944143
Kevin Pollak,574.0,nm6243210
Seth Gabel,574.0,nm0181787
Robin Lord Taylor,574.0,nm2088699
Lars Mikkelsen,573.0,nm0586564
Portia de Rossi,573.0,nm0005577
Rodney Dangerfield,573.0,nm0001098
Kathryn Morris,573.0,nm4218513
Levon Helm,572.0,nm0375629
Matt Berry,572.0,nm4000950
Jessica Walter,572.0,nm7263124
Isabelle Adjani,572.0,nm0000254
Frank Dillane,571.0,nm0226817
James Gunn,571.0,nm8863792
Paul Eenhoorn,571.0,nm1435269
Cjon Saulsberry,571.0,nm6303353
Maria Conchita Alonso,571.0,nm0000744
Glen Powell,571.0,nm9197811
Chris Elliott,571.0,nm8815884
Jodi Benson,570.0,nm0072533
Leo Howard,570.0,nm1795989
Dave Legeno,570.0,nm11647881
Dove Cameron,570.0,nm4874651
Megan Park,569.0,nm9176885
Emmanuelle Béart,569.0,nm0000322
Rachael Harris,569.0,nm9879586
Mike Colter,569.0,nm1591496
Keri Maletto,569.0,nm3499448
Usher Raymond,569.0,
Miranda Otto,568.0,nm0001584
Debra Winger,568.0,nm0000700
Erick Avari,567.0,nm0042805
David Margulies,567.0,nm2732811
Nia Vardalos,567.0,nm0889522
Christina Cox,567.0,nm8638310
Mark Gatiss,567.0,nm0309693
Richard Coyle,567.0,nm6067819
Ted Cassidy,566.0,nm0144252
Sami Gayle,566.0,nm3774109
Angel Coulby,566.0,nm1076294
Alex Borstein,566.0,nm0097504
Tom Hughes,565.0,nm5499031
Jon Seda,565.0,nm0781218
Arjun Rampal,564.0,nm0992000
Andrew Lawrence,563.0,nm5476567
Helen McCrory,563.0,nm0567031
Mia Farrow,563.0,nm16115025
Jay Mohr,563.0,nm0001542
David Keith,563.0,nm8825636
Marco Treviño,562.0,nm14934384
Allison Tolman,562.0,nm2798112
Abraham Benrubi,562.0,nm0072344
Dan Fogler,562.0,nm0283945
Eddie Vedder,562.0,nm0891641
RZA,561.0,nm0753526
Michael Palin,561.0,nm0001589
Stephen Baldwin,561.0,nm6233831
Izabella Miko,560.0,nm0005232
Matt Ryan,560.0,nm9229659
Gilbert Gottfried,560.0,nm0331906
Daniel Cudmore,560.0,nm1214436
Wanda Sykes,560.0,nm0843100
Indiana Evans,560.0,nm1505375
AJ Michalka,560.0,nm1404488
Delphine Chanéac,559.0,nm0152035
Courtney Gains,559.0,nm0301381
Bob Balaban,559.0,nm0000837
Aldis Hodge,559.0,nm0388038
Robert Shaw,559.0,nm6102294
Tim Matheson,559.0,nm8506659
Brad James,559.0,nm9377442
Cara Delevingne,559.0,nm5353321
Soleil Moon Frye,558.0,nm0004941
D.B. Sweeney,558.0,nm0000665
Eartha Kitt,558.0,nm0457755
Willow Smith,558.0,nm15107914
Ewen Bremner,557.0,nm2999256
Fran Kranz,557.0,nm0469823
Daniella Alonso,557.0,nm0022161
Khandi Alexander,556.0,nm0018554
Shirley Jones,556.0,nm5003362
Bingbing Fan,556.0,nm1549063
Adrian Pasdar,555.0,nm0664499
J.B. Smoove,555.0,nm1356578
Lochlyn Munro,555.0,nm0613147
Tom Hollander,555.0,nm0390903
Richard E. Grant,554.0,nm6799518
Dirk Benedict,554.0,nm0070767
Nicholas Simmons,553.0,nm8108603
Donna Murphy,553.0,nm8840089
Lee Norris,553.0,nm8356661
Elizabeth McGovern,553.0,nm6824892
Alexia Fast,553.0,nm2145177
Tim Meadows,553.0,nm12488967
Kathleen Quinlan,552.0,nm16074148
Kiernan Shipka,552.0,nm2215143
Donald Watkins,552.0,nm11588417
Justin Chon,552.0,nm9565305
Ellen Barkin,552.0,nm0000289
Paul Schneider,552.0,nm5630894
Beau Bridges,552.0,nm0000977
Madhuri Dixit,551.0,nm0002043
Alicia Keys,551.0,nm1006024
Jake Weber,551.0,nm9092001
Brad Renfro,551.0,nm0000605
Gary Daniels,551.0,nm4489767
Richard Burgi,550.0,nm0121404
Jack Palance,549.0,nm0001588
Jennifer Hudson,549.0,nm9718266
Laurie Metcalf,549.0,nm0582418
Ophelia Lovibond,549.0,nm1166041
Richard Thomas,549.0,nm6049038
Peter Coyote,548.0,nm0001075
Kris Marshall,548.0,nm0550994
Niall Horan,547.0,nm4100053
Kaitlin Olson,547.0,nm0647698
Ann Morgan Guilbert,547.0,nm0346893
Geoffrey Holder,547.0,nm0390305
Luis E. Carazo,546.0,
Candice Bergen,545.0,nm11195970
Gena Rowlands,545.0,nm0001687
Bridgette Wilson-Sampras,545.0,nm0933098
Jared Gilman,545.0,nm4442068
Olga Fonda,544.0,nm2044686
Caroline Dhavernas,544.0,nm0223518
Rachel Hendrix,544.0,nm9216352
Mark Chinnery,544.0,nm3194537
Ken Marino,543.0,nm0547800
Salli Richardson-Whitfield,543.0,nm0724757
Mick Jagger,543.0,nm0001396
Derek Luke,543.0,nm1035682
Bill Fagerbakke,542.0,nm0265067
Hayley Kiyoko,542.0,nm3072243
Michael Winslow,542.0,nm9583401
Robert Vaughn,542.0,nm8969851
Lena Olin,541.0,nm0000565
Cheryl Hines,541.0,nm0385644
Reginald VelJohnson,541.0,nm0001817
James Callis,541.0,nm0130536
Spencer Treat Clark,541.0,nm0004829
François Cluzet,541.0,nm0167388
Billy Blair,541.0,nm6834156
Colm Feore,539.0,nm0272173
Roger Lloyd Pack,539.0,nm0516181
Jonah Bobo,539.0,nm1501050
S. Epatha Merkerson,539.0,nm0580924
Bruce Green,538.0,nm5628828
Ed Quinn,538.0,nm9506243
Najarra Townsend,538.0,nm1680142
Rosemarie DeWitt,537.0,nm1679669
Sean Huze,537.0,nm1011341
Will Patton,537.0,nm8207623
Joseph Mawle,537.0,nm1152798
Melanie Griffith,537.0,nm7612463
Billy Brown,536.0,nm5417290
Cybill Shepherd,536.0,nm0001732
Michael Gross,536.0,nm6113478
Maria Grazia Cucinotta,536.0,nm0002029
Mark Rylance,535.0,nm0753314
Mario Van Peebles,535.0,nm0005522
Judd Hirsch,535.0,nm0002139
Chris Mulkey,535.0,nm16946396
Flea,535.0,nm8860414
Gene Tierney,535.0,nm0000074
Jake McDorman,535.0,nm1416330
Jeff Fahey,535.0,nm7613454
Portia Doubleday,534.0,nm0234668
Isaiah Washington,534.0,nm8711491
Jessica Simpson,534.0,nm5471354
Charles S. Dutton,534.0,nm0001165
Jessica Capshaw,533.0,nm0004800
Eoin Macken,533.0,nm2151126
Christa B. Allen,533.0,nm1568512
Jason Scott Lee,533.0,nm0001462
Karl E. Landler,533.0,
Paige Turco,533.0,nm0876958
Garrett Clayton,532.0,nm16576306
Saif Ali Khan,532.0,nm14679218
Peter Berg,532.0,nm8101972
Bruce Spence,531.0,nm2614568
Laura San Giacomo,531.0,nm0000624
Graham McTavish,531.0,nm0574615
Polly Walker,530.0,nm6401314
Miranda Richardson,530.0,nm6600168
Connor Paolo,530.0,nm1269733
Shawn Roberts,529.0,nm5557652
Kendrick Cross,529.0,nm1366703
Charlyne Yi,529.0,nm2304722
Merritt Wever,529.0,nm0923266
Kimberly Williams-Paisley,529.0,nm0931090
Heather Matarazzo,529.0,nm0000525
Fergie,529.0,nm7798965
Josie Loren,528.0,nm11131656
Jason George,528.0,nm8865583
Julie Gonzalo,528.0,nm1194672
Parminder Nagra,528.0,nm0619406
Alessandro Nivola,527.0,nm0005273
Bobb'e J. Thompson,526.0,nm1442928
Sophie Nélisse,526.0,nm4563869
Chris Owen,526.0,nm9221946
Barry Watson,526.0,nm5596925
Alice Englert,525.0,nm2129444
Anika Noni Rose,525.0,nm0741242
Rolando Molina,525.0,nm6745445
Mary Tyler Moore,524.0,nm0001546
Kara Hayward,524.0,nm4442319
Shawna Waldron,524.0,nm0907323
Mark Wingett,524.0,nm0935047
Gerald McRaney,523.0,nm0574468
Cem Yilmaz,523.0,nm9819578
Matt Jones,523.0,nm9201959
Michael Rady,523.0,nm1640279
Maurice LaMarche,523.0,nm14290741
Sandra Ellis Lafferty,523.0,nm0480808
Johnny Messner,522.0,nm11048770
Josh Zuckerman,522.0,nm8182964
Jacqueline Bisset,522.0,nm0000302
Angell Conwell,522.0,nm0176801
Jeff Garlin,522.0,nm0307531
Tika Sumpter,521.0,nm1754366
Kenan Thompson,521.0,nm0860380
Sydney Pollack,521.0,nm0001628
Tom Hulce,521.0,nm0001371
M. Emmet Walsh,521.0,nm0001826
Ludivine Sagnier,521.0,nm0756203
Brenda Bakke,520.0,nm0000283
Harmony Korine,520.0,nm0005101
Warren Christie,520.0,nm1406239
Derek Jacobi,520.0,nm0001394
Derek Mears,520.0,nm0575216
Tristan Mack Wilds,519.0,nm2080933
William Shockley,518.0,nm0794687
Hugh Bonneville,518.0,nm0095017
Nastassja Kinski,518.0,nm0000176
Randy Couture,518.0,nm1330276
Christine Lakin,518.0,nm0003115
Jenna Boyd,518.0,nm2777204
Samantha Mathis,517.0,nm11141841
Jean-Baptiste Maunier,517.0,nm1533863
Bin Won,517.0,
Janel Parrish,517.0,nm0663546
Nancy Allen,517.0,nm8452546
Jonathan Crombie,517.0,nm0188592
Karan Brar,517.0,nm3557613
Chloe Bridges,516.0,nm1821410
Fred MacMurray,516.0,nm0534045
Phil Hartman,516.0,nm5415866
Kari Wuhrer,514.0,nm0001863
James Doohan,513.0,nm0001150
Roseanne Barr,513.0,nm0001683
Larry Drake,513.0,nm0236952
Bolaji Badejo,513.0,nm0045993
MyAnna Buring,513.0,nm1769728
Brittany Curran,512.0,nm1589004
Sierra McCormick,512.0,nm9430861
Monica Keena,512.0,nm0444621
Clint Mansell,512.0,nm0543739
Willie Garson,512.0,nm0308606
Lee Armstrong,511.0,nm9608195
Christopher Atkins,511.0,nm8540543
Richard Cawthorne,511.0,nm1010852
Tim Daly,511.0,nm6338174
Gabriel Iglesias,511.0,nm8765784
John Kapelos,510.0,nm0438127
Richard Cabral,510.0,nm3450051
David Belle,510.0,nm3479578
Raza Jaffrey,509.0,nm1203005
Noah Taylor,509.0,nm8844325
Maura Tierney,509.0,nm0005491
Brandy Norwood,509.0,nm0005275
Elizabeth Debicki,509.0,nm4456120
Jessica Tandy,509.0,nm0001788
Amiah Miller,509.0,nm6403233
Tamara Tunie,508.0,nm0876645
Felicity Huffman,508.0,nm0005031
Richard Lawson,508.0,nm4496331
Johnny Walter,507.0,nm4114623
Tom Cullen,507.0,nm2779057
Joanne Whalley,507.0,nm12788484
Michael Irby,507.0,nm0409831
Antony Starr,506.0,nm1102278
Richard Schiff,506.0,nm0771493
John Saxon,506.0,nm10627591
Helena Mattsson,505.0,nm9247960
Sean Maher,505.0,nm5745715
William Katt,505.0,nm0001411
Bruce Davison,505.0,nm15668094
Rebecca Mader,505.0,nm1242950
Megan Follows,505.0,nm0001227
Dante Brown,505.0,nm4494015
Jason Behr,505.0,nm4307656
Dick Clark,504.0,nm14912673
Kenny Baker,504.0,nm8957203
Lauren London,503.0,nm1988575
Charles Napier,503.0,nm7374878
Cree Summer,503.0,nm0838588
Hattie McDaniel,503.0,nm0567408
Elizabeth Stenholt,503.0,nm4621173
Harland Williams,503.0,nm8666688
Adam Boyer,503.0,nm9861757
Kevin Nealon,503.0,nm0005265
Osama bin Laden,503.0,nm1136915
Ken Leung,502.0,nm6727036
Lily James,502.0,nm8136151
Jose Pablo Cantillo,502.0,nm1504678
Tracie Thoms,502.0,nm1139632
Lalaine,502.0,nm4753915
Mckenna Grace,502.0,nm5085683
Lisa Ann,502.0,nm9856810
Kristen Johnston,501.0,nm8763949
Timothy Hutton,501.0,nm11750072
Harvey Fierstein,500.0,nm0001213
Sabrina Carmichael,500.0,nm3112016
Charles Baker,500.0,nm6091835
Taran Killam,500.0,nm0453115
Sarah Wright,499.0,nm6107830
Dustin Milligan,499.0,nm1682420
Lindsay Price,499.0,nm0697010
James Brolin,499.0,nm0000981
Seregon O'Dassey,498.0,nm1662562
Alan Brent,498.0,nm2584297
Chrystale Wilson,498.0,nm0933188
Patrick Fischler,497.0,nm0279209
Annette Badland,497.0,nm0046183
Philip Baker Hall,497.0,nm0001311
Malik Yoba,496.0,nm0948272
Charlie McDermott,496.0,nm9289708
Mika Boorem,496.0,nm0095561
Courtney B. Vance,495.0,nm0005524
Deborah Kara Unger,495.0,nm0000679
Anthony Edwards,495.0,nm8803166
Zahn McClarnon,495.0,nm0565647
Kathryn Joosten,495.0,nm0429760
Greg Jackson,494.0,nm5730692
Travis Aaron Wade,493.0,nm1074160
Amy Schumer,492.0,nm2154960
John McGlothlin,492.0,nm8348131
Michael Paré,492.0,nm0001595
Tony Bonner,492.0,nm0094937
Frances Bay,491.0,nm0062844
Juan Fernández,491.0,nm5703521
Cas Anvar,491.0,nm0031679
Charice,491.0,nm6090854
Josh Hopkins,491.0,nm6041785
Rachel Blanchard,491.0,nm0004761
Jackie Gleason,491.0,nm0322298
Matt Walsh,490.0,nm6083532
Eliza Coupe,490.0,nm2255288
Jamie Kennedy,490.0,nm8076743
Riki Lindhome,490.0,nm1641251
Livvy Stubenrauch,490.0,nm5597831
David Niven,490.0,nm3720855
Simon Merrells,490.0,nm4422529
Sofia Vassilieva,489.0,nm1100839
Lexa Doig,489.0,nm0230693
Annabeth Gish,489.0,nm0001272
Dong-gun Jang,489.0,
Eddie Griffin,489.0,nm6433575
Kevin Chamberlin,489.0,nm0150255
Jessica Paré,489.0,nm0664175
Bree Turner,489.0,nm10300901
Joel Murray,488.0,nm9320245
George Coe,488.0,nm0168642
Patrick Kilpatrick,488.0,nm0453304
Jansen Panettiere,488.0,nm1429242
Donna Reed,488.0,nm6484123
William Hootkins,488.0,nm0393853
Deborah Twiss,488.0,nm0878597
Paz de la Huerta,488.0,nm0209289
Mike White,487.0,nm6157558
Charlie Bewley,487.0,nm3404934
Matt Cohen,487.0,nm8762513
Paulo Costanzo,486.0,nm0182455
Moritz Bleibtreu,486.0,nm0001953
LisaRaye McCoy,485.0,nm0513964
Jim O'Heir,485.0,nm0641389
Shawn Parsons,485.0,nm9189591
Shane Pollard,485.0,nm9301743
Kiowa Gordon,485.0,nm3377042
Xander Berkeley,485.0,nm0075359
Brian Doyle-Murray,484.0,nm0236519
Eddie Kaye Thomas,484.0,nm0858776
June Foray,484.0,nm0004931
Katie Leclerc,483.0,nm1813088
Andy Lau,483.0,nm8272687
Fionnula Flanagan,482.0,nm0001217
Jon Gries,482.0,nm6729564
Sarah Clarke,482.0,nm8787369
Leigh Whannell,482.0,nm1191481
Mare Winningham,482.0,nm0001858
Grace Gummer,481.0,nm3501146
Teri Garr,481.0,nm0000414
Robert Wagner,481.0,nm8774768
James Corden,480.0,nm11172928
Jerry Ferrara,480.0,nm1483196
Carroll O'Connor,480.0,nm0005279
Douglas Smith,480.0,nm5745685
Tyrone Power,480.0,nm0000061
Cynthia Nixon,479.0,nm13859394
Allison Miller,479.0,nm5157982
Dayo Okeniyi,478.0,nm3912883
Wei Zhao,478.0,nm5612492
Steve Irwin,477.0,nm6077776
Conrad Goode,477.0,nm0328806
Matthew Settle,477.0,nm2837180
Michaela McManus,476.0,nm2288842
Megalyn Echikunwoke,476.0,nm0248461
Jessica De Gouw,476.0,nm2681284
Cheryl Ladd,476.0,nm0001440
Olivia d'Abo,476.0,nm17138927
Bob Dylan,476.0,nm0001168
Ryan Cartwright,476.0,nm6863451
Tamara Taylor,476.0,nm6078494
Gina Bellman,476.0,nm0069109
Clarence Williams III,475.0,nm9269498
Patrick Muldoon,475.0,nm1008832
Harvey Weinstein,474.0,nm11514549
Lynn Cohen,474.0,nm8918543
Dick York,474.0,nm0948685
Ian Whyte,473.0,nm1931590
Paul Sheehan,473.0,nm8861838
Dallas Barnett,473.0,nm2069512
Cynthia Barrett,473.0,nm9935513
Lorraine Bracco,472.0,nm0000966
Callie Thorne,472.0,nm0861361
Norman Lloyd,472.0,nm5151743
Kevin Tighe,472.0,nm5182645
Luis Sanchez,472.0,nm8775039
Powers Boothe,472.0,nm0000959
Rumer Willis,472.0,nm0932454
Jim Gaffigan,472.0,nm0300712
John Simm,472.0,nm0799591
Kelly Carlson,472.0,nm5739508
Sammo Kam-Bo Hung,472.0,nm0005033
Jason Priestley,471.0,nm8413185
Amanda Plummer,471.0,nm7416621
Bill Irwin,471.0,nm9197402
Marshal Hilton,471.0,nm0385288
Marri Savinar,471.0,nm5399570
Alexandra Maria Lara,471.0,nm0487884
Elliott Gould,471.0,nm13561937
America Olivo,470.0,nm1760388
Jake Short,470.0,nm6441725
Daphne Zuniga,470.0,nm0001879
Joseph Cotten,469.0,nm0182940
Clifton Powell,469.0,nm5925350
Cheyenne Jackson,469.0,nm8233286
Bono,468.0,nm9459764
Ryan Corr,468.0,nm14859154
Rebecca Gayheart,468.0,nm0001261
Liam James,468.0,nm5540750
Robert Townsend,467.0,nm5753352
Ned Beatty,467.0,nm0000885
Thomas Horn,467.0,nm4856727
Sharon Leal,467.0,nm6631240
Christa Miller,467.0,nm7891070
Ingrid Bolsø Berdal,467.0,nm2070336
Kimberley Crossman,467.0,nm2522535
Hill Harper,466.0,nm15702170
Chi McBride,466.0,nm0564277
Jamie Foreman,466.0,nm11242179
Patrick McGoohan,466.0,nm0001526
Carrie Bradstreet,466.0,nm10820702
Kelly Lynch,466.0,nm5032389
Hector Echavarria,466.0,nm0248373
Lindsay Sloane,465.0,nm5051320
Roger Bart,465.0,nm0058372
John Enos III,465.0,nm0004897
Joseph Julian Soria,465.0,
Julianna Guill,465.0,nm1566474
Alex Russell,465.0,nm9013476
Vidya Balan,464.0,nm1799038
Matthew Knight,464.0,nm5480490
Ramon Rodriguez,464.0,nm5778576
Shea Whigham,463.0,nm0924154
Ben Schwartz,463.0,nm5197232
Yuliya Snigir,463.0,
Dash Mihok,463.0,nm0005231
Caleb Landry Jones,463.0,nm2655177
Cristián de la Fuente,462.0,nm0209246
Claudia Christian,462.0,nm0160004
Divine,462.0,nm9642607
Burt Kwouk,462.0,nm0477297
Tara Platt,461.0,nm1297428
Mike Tyson,461.0,nm5066214
Will Estes,461.0,nm0261678
Tim McGraw,461.0,nm0005210
Bob Gunton,461.0,nm0348409
James Deen,461.0,nm6938198
Bryan Callen,460.0,nm0130437
Jeff Marlow,460.0,nm9540156
Atom Egoyan,460.0,nm0000382
Sophie Okonedo,460.0,nm0645683
Bex Taylor-Klaus,460.0,nm4545813
Steve Bannos,460.0,nm9514804
Jere Burns,460.0,nm0122716
J.J. Cohen,459.0,nm0169454
Stephen Colbert,459.0,nm0170306
Owain Yeoman,459.0,nm1466859
Fred Ward,459.0,nm7714329
Antonio Sabato Jr.,459.0,nm0004645
Madison Davenport,459.0,nm1956478
Wendell Pierce,458.0,nm11981277
Holland Taylor,458.0,nm14845798
Collins Pennie,458.0,nm1574663
Gina Montana,458.0,nm2366843
Maureen McCormick,458.0,nm8593538
Jenny Slate,457.0,nm2809577
Lee Arenberg,457.0,nm0034305
JR Bourne,457.0,nm0100068
John Jarratt,457.0,nm17231469
Caroline Munro,456.0,nm0613098
Barry Bostwick,456.0,nm0000960
Edgar Arreola,455.0,nm4837225
Jennifer Butler,455.0,nm6862497
Phil Collins,455.0,nm9331342
Sam J. Jones,455.0,nm2023689
Chris Penn,455.0,nm7703473
T.J. Storm,454.0,nm0832622
Jillian Murray,454.0,nm16103140
Mario Cimarro,453.0,nm0162333
Jeremy Brett,453.0,nm6782861
George Lopez,453.0,nm9588025
Dexter Fletcher,452.0,nm6202279
Stephen Collins,452.0,nm8866133
Gary Weeks,452.0,nm6297266
Talia Shire,452.0,nm0001735
Wendie Malick,452.0,nm0005176
Obba Babatundé,451.0,nm0044762
Giancarlo Giannini,451.0,nm0316284
Ji-hyun Jun,451.0,nm6134065
Ashraf Barhom,451.0,nm1678557
Sal Mineo,450.0,nm0000543
John Larroquette,450.0,nm0488662
Marc Donato,450.0,nm0232278
CJ Adams,450.0,nm9141270
Brían F. O'Byrne,450.0,nm0639928
Scott Elrod,449.0,nm2040932
James Kyson,449.0,nm9235182
Charles Grodin,449.0,nm0001301
Heather Langenkamp,449.0,nm0000486
Michael Richards,448.0,nm9198939
Terry Kiser,448.0,nm9947810
Annabella Sciorra,448.0,nm0001711
Gedde Watanabe,448.0,nm0913797
Angus Macfadyen,448.0,nm15562835
Johnny Whitworth,448.0,nm0926615
Cécile De France,447.0,nm0208426
Matt Schulze,447.0,nm6959667
Yvette Nicole Brown,447.0,nm1304328
Noah Lomax,447.0,nm3470683
Vincent Regan,447.0,nm0716490
Kelli Williams,446.0,nm5621573
Nora Zehetner,446.0,nm0954253
Keisha Castle-Hughes,446.0,nm1095720
Max Adler,445.0,nm7554394
Ernie Reyes Jr.,445.0,nm0721205
Chad Lindberg,445.0,nm0511349
Kelly LeBrock,445.0,nm0001456
Li Jun Li,444.0,nm4050835
Lee Tergesen,444.0,nm0855564
Nia Peeples,444.0,nm0001604
David Hyde Pierce,443.0,nm0001383
Rupert Graves,443.0,nm0001291
James Tumminia,443.0,nm0876544
David Ogden Stiers,443.0,nm0001773
Mark Webber,442.0,nm8760479
Ilene Graff,442.0,nm0333778
Hope Davis,442.0,nm6217154
Paul Hogan,442.0,nm8749280
Tom Noonan,442.0,nm5025542
Constance Marie,442.0,nm1899273
Lil' Wayne,442.0,nm1211443
Elton John,442.0,nm0005056
Marc John Jefferies,441.0,nm0420384
Kevin Michael Richardson,441.0,nm17020414
Alan Dale,441.0,nm4243066
Anthony Daniels,441.0,nm8696627
Chelan Simmons,440.0,nm0799706
Peter Ustinov,440.0,nm0001811
Liv Ullmann,440.0,nm0880521
Eric McCormack,440.0,nm0005202
Alison Doody,440.0,nm0233145
Don S. Davis,440.0,nm0204493
Ayla Kell,440.0,nm0445477
Yeardley Smith,440.0,nm0810379
Robyn Lively,439.0,nm0001477
Patrick Wayne,439.0,nm4697967
Michael Landes,439.0,nm6492980
Jasika Nicole,439.0,nm1896248
Chelsea Handler,439.0,nm14544562
Jim Carter,439.0,nm9200710
Boyd Holbrook,439.0,nm2933542
Luke Mably,438.0,nm0531101
Sprague Grayden,438.0,nm0337042
Clarke Peters,437.0,nm0676370
Louis Lombardi,437.0,nm5863117
Steve Reevis,437.0,nm0716324
William Baldwin,436.0,nm9099824
Robin Sachs,436.0,nm0755179
Tim DeKay,436.0,nm14546607
Frank Whaley,436.0,nm6994722
Lillian Gish,436.0,nm12428131
Carel Struycken,436.0,nm0835393
Kevin Clash,436.0,nm0165159
Cedric the Entertainer,436.0,nm0147825
Greg Germann,435.0,nm3082658
Spencer Breslin,434.0,nm0107748
Cleavon Little,434.0,nm0001476
Chris Gauthier,434.0,nm4830002
Lynn Whitfield,434.0,nm0005551
Jorma Taccone,434.0,nm1672246
Christopher Nicholas Smith,434.0,nm2166469
Ben Youcef,434.0,nm1587775
Samm Levine,433.0,nm0505949
Marcia Wallace,433.0,nm0908761
Tanya Roberts,433.0,nm7401749
Misha Gabriel Hamilton,433.0,nm2298016
Tom Everett Scott,433.0,nm0779866
Jed Brophy,433.0,nm0112400
Lon Chaney Jr.,433.0,nm0001033
Jill Clayburgh,433.0,nm0001049
Jemima Kirke,433.0,nm3733434
Sally Kirkland,433.0,nm4592786
Amy Lucas,432.0,nm3985882
Dwight Schultz,432.0,nm0776239
DMX,432.0,nm0229422
Chris Parnell,432.0,nm6151446
Carmine Giovinazzo,432.0,nm8417735
Jemima West,432.0,nm0922136
Emmanuelle Riva,432.0,nm0728938
Blake Ritson,432.0,nm0728682
Ocean James,432.0,nm7337093
Hugh Dillon,431.0,nm16056080
Tessa Thompson,431.0,nm1935086
Matthew Emerick,431.0,nm5137229
Jean Harlow,431.0,nm8227150
Joel Paul Reisig,431.0,nm1655252
Linnea Quigley,431.0,nm0001643
Aramis Knight,430.0,nm2026536
Cody Linley,430.0,nm0512963
J.D. Evermore,430.0,
Gideon Emery,430.0,nm0256297
Danny Huston,430.0,nm12045485
Charlotte Rae,430.0,nm11012342
Ty Olsson,429.0,nm0648153
Skyler Samuels,429.0,nm1321094
Amrish Puri,429.0,nm13744281
Jeremy Howard,429.0,nm9195645
Armin Shimerman,428.0,nm0001734
David A Cole,428.0,nm4305826
Yayaying Rhatha Phongam,428.0,nm4457335
Mary McCormack,428.0,nm5698088
Peter Dante,427.0,nm0200601
Morgan Saylor,427.0,nm2838320
Dustin Ingram,427.0,nm7092555
June Lockhart,427.0,nm0001478
Leonor Varela,427.0,nm0889622
Neil Brown Jr.,427.0,nm0112932
Dylan Moran,427.0,nm2405839
Kevin McNally,427.0,nm4804261
Deborah Kerr,426.0,nm8677949
Alan Hale Jr.,426.0,nm2784514
Dylan Walsh,426.0,nm6907557
Diahann Carroll,426.0,nm0140792
Keith Richards,426.0,nm8457473
Clu Gulager,426.0,nm0347656
Louise Brooks,426.0,nm5494618
Denise Crosby,426.0,nm6196257
Sanjay Dutt,426.0,nm0004569
Louise Fletcher,425.0,nm5411653
Mackenzie Phillips,425.0,nm9988724
Oona Laurence,424.0,nm4802218
Garrett Morris,424.0,nm15440761
Glenn Howerton,424.0,nm1097351
Jim Rash,424.0,nm0711110
Amy Yasbeck,424.0,nm0001865
Fred Armisen,424.0,nm0035488
Salvator Xuereb,424.0,nm0944688
Zach McGowan,423.0,nm2090702
Joey Slotnick,423.0,nm0806217
Seth Gilliam,423.0,nm0319121
Woody Strode,423.0,nm0834754
Amy Ryan,423.0,nm5193331
Shelley Long,422.0,nm12615558
Tina Louise,422.0,nm8615936
Talulah Riley,422.0,nm10986734
Jean Simmons,422.0,nm0799789
Sandra Echeverría,422.0,nm1214700
Alan Ford,422.0,nm5163766
W. Earl Brown,422.0,nm0114868
Jay Chandrasekhar,422.0,nm0151540
Veronica Cartwright,422.0,nm0001021
Steven Van Zandt,422.0,nm0005523
Dalip Singh,421.0,nm9783655
Terry,421.0,nm6092411
Annabelle Wallis,421.0,nm1834115
Jamie Farr,421.0,nm0268026
G.W. Bailey,421.0,nm0047265
Robin Givens,420.0,nm0002101
Stephanie Leonidas,420.0,nm0503060
Jackie Cooper,420.0,nm9932784
Fred Rogers,419.0,nm7063275
Tod Fennell,419.0,nm0271915
Peter McNamara,419.0,nm5780032
Jill Hennessy,419.0,nm0005007
Victoria Leigh,419.0,nm7317850
Omar Benson Miller,418.0,nm0589077
Brendan Coyle,418.0,nm5639113
Lorraine Stanley,418.0,nm1041607
Mae West,418.0,nm9578617
Swoosie Kurtz,418.0,nm0001436
Wray Crawford,418.0,nm3719327
Balthazar Getty,418.0,nm0001267
Marion Ross,418.0,nm8601708
Ray Walston,417.0,nm0001827
Mark Feuerstein,417.0,nm5911539
Aditya Roy Kapoor,417.0,nm3169069
Kyla Pratt,417.0,nm7209655
Zach Mills,417.0,nm9382133
Gil Birmingham,416.0,nm0083655
Glenn Ford,416.0,nm4842168
Kate Maberly,416.0,nm0531069
Sarah Drew,416.0,nm7827580
Andrew Rannells,416.0,nm0710330
Karl Malden,416.0,nm0001500
Claire Gordon-Harper,416.0,nm4990757
Kerry Condon,416.0,nm0174403
Bernard Hill,416.0,nm3596854
William Devane,416.0,nm0001137
Nick Cassavetes,415.0,nm0001024
Keegan-Michael Key,415.0,nm1221047
Michael McElhatton,415.0,nm0568385
Kayvan Novak,414.0,nm1315378
Virginie Ledoyen,414.0,nm0001461
Scott A. Martin,414.0,nm0553047
Tisha Campbell-Martin,413.0,
Stephen McHattie,413.0,nm0565569
Gia Mantegna,413.0,nm1213456
Daniel Baldwin,413.0,nm6033291
Jeremy Sande,413.0,nm3274961
Joe Turkel,413.0,nm0877185
Emmanuelle Seigner,413.0,nm0782561
Steve Schirripa,413.0,nm0771993
Steven Michael Quezada,412.0,nm2366374
Larry Hankin,412.0,nm0359969
James Ransone,412.0,nm0710447
George Wendt,412.0,nm10990798
Mathieu Amalric,412.0,nm0023832
James Chalke,412.0,nm0149949
Slash,412.0,nm13840014
Sean Cameron Michael,412.0,nm0584206
Jason Mantzoukas,411.0,nm1727621
Annet Mahendru,411.0,nm3393732
Paul Sanchez,410.0,nm8454938
Don Pardo,410.0,nm0661094
John Glover,409.0,nm5569281
Bradley Pierce,409.0,nm17057440
Kimberly J. Brown,409.0,nm0004782
Wood Harris,409.0,nm0365445
Rory Cochrane,407.0,nm0168262
Sean Whalen,407.0,nm5519079
Frances Bavier,407.0,nm0062592
Shawn Hatosy,407.0,nm0004999
Jimmy Jean-Louis,407.0,nm1097515
Grace Jones,406.0,nm5014362
Trey Parker,406.0,nm2007480
Miriam Margolyes,405.0,nm16071511
Paul McGillion,405.0,nm0569295
Dallas Roberts,405.0,nm9799480
Brooke Smith,405.0,nm5729995
Augustus Prew,405.0,nm1167083
Geoff Bell,405.0,nm6826636
Tamala Jones,405.0,nm0005067
Gary Stretch,404.0,nm7933563
Marian Seldes,403.0,nm0783033
Kevin McCarthy,403.0,nm5717655
James Shigeta,403.0,nm0793363
James Robinson,403.0,nm8779361
Brion James,403.0,nm0416326
Marco St. John,403.0,nm0820660
Fernanda Andrade,403.0,nm8338268
Donald Gibb,403.0,nm0316455
Adhir Kalyan,402.0,nm2290876
Peter Fonda,402.0,nm0284493
Patricia Heaton,402.0,nm0005004
Randy Jay Burrell,402.0,nm3702531
Topol,402.0,nm8480896
Dave Foley,401.0,nm4914743
Agnes Bruckner,401.0,nm0115671
Jacki Weaver,401.0,nm0915865
Richard Briers,401.0,nm0001972
Mike O'Malley,400.0,nm9043930
Aunjanue Ellis,400.0,
Victor Wong,400.0,nm8770078
Penelope Wilton,400.0,nm0934362
William Sanderson,400.0,nm0761836
Ashley Bell,400.0,nm6108721
Brent Anderson,400.0,nm8632877
Larry the Cable Guy,400.0,nm1249256
Kayla Ewell,399.0,nm0263881
Rachel Dratch,399.0,nm0237222
Robin McLeavy,399.0,nm2029984
Jim Backus,399.0,nm7486250
Michael Bolten,399.0,nm1832358
Jacob Vargas,399.0,nm8245376
Eugenio Derbez,399.0,nm0220240
Leslie Caron,399.0,nm0001989
William Mapother,399.0,nm0544611
Kenneth Mars,399.0,nm0550318
Paul Adelstein,399.0,nm0011882
Joseph Cross,398.0,nm7176551
Kang-ho Song,398.0,nm6371817
Matt McCoy,398.0,nm9720680
Susan Ward,398.0,nm8186083
Aaron Hill,398.0,nm8818083
James Fleet,398.0,nm4828864
Rachel Alig,397.0,nm4131336
Anupam Kher,397.0,nm0451600
Amy Sedaris,397.0,nm0781238
Tiya Sircar,396.0,nm1587188
Klaus Kinski,396.0,nm0001428
Emilia Fox,396.0,nm0288976
Tori Spelling,396.0,nm0001760
Marlene Forte,395.0,nm0287168
Simon Baker,395.0,nm5722856
David Eigenberg,395.0,nm7015968
Mike Farrell,395.0,nm5740653
Cathy Moriarty,394.0,nm0001550
James Martin Kelly,394.0,nm0446457
Ian Bohen,394.0,nm0092026
David Adam Flannery,394.0,
Melina Kanakaredes,394.0,nm0005074
Bud Cort,394.0,nm0001069
Lou Taylor Pucci,394.0,nm1086384
Tempestt Bledsoe,394.0,nm0088144
Izabella Scorupco,394.0,nm0001713
Nonso Anozie,394.0,nm1996829
Ward G. Smith,393.0,nm4824669
Rory Kinnear,393.0,nm1239499
Campbell Scott,393.0,nm0001714
Mykelti Williamson,393.0,nm0932112
Don Ameche,392.0,nm0000747
Keegan Connor Tracy,392.0,nm0870535
Jack Elam,392.0,nm0001181
Randall Park,392.0,nm13744098
Catherine Tate,392.0,nm11952655
Skye McCole Bartusiak,392.0,nm0566084
Debbie Harry,391.0,nm0001323
Craig Sheffer,391.0,nm0001729
Stephanie Danielson,391.0,nm2946893
Terry Walters,390.0,nm5349250
Collette Wolfe,390.0,nm2180792
Cyd Charisse,390.0,nm15329585
Terence Bernie Hines,390.0,nm0385722
Jack Reynor,390.0,nm2930503
Andrew Bryniarski,390.0,nm0117420
Magda Apanowicz,389.0,nm1538095
Sam Jaeger,389.0,nm16145144
Jennifer Freeman,389.0,nm10153763
Rachel Brosnahan,389.0,nm3014031
Della Reese,388.0,nm0005343
Ben Vereen,388.0,nm0893965
Charlotte Sullivan,388.0,nm15321314
Danny Aiello,388.0,nm11283834
David Kross,388.0,nm1269088
Andrew Wilson,387.0,nm8751383
Michael Parks,387.0,nm5568930
Joe Don Baker,387.0,nm0000833
John Neville,387.0,nm8564053
Omid Abtahi,387.0,nm1859475
Rich Ceraulo,387.0,
Hervé Villechaize,387.0,nm0898199
Honor Blackman,387.0,nm0000303
Liza Lapira,387.0,nm0487594
Carol Channing,387.0,nm0151919
Conleth Hill,386.0,nm0384152
Jess Weixler,386.0,nm4463658
Will Rothhaar,386.0,nm0745194
Phil Davis,386.0,nm5634939
John Mahoney,385.0,nm5692887
Ryan O'Neal,385.0,nm8158559
Michael Rispoli,385.0,nm0728346
Ron Eldard,385.0,nm0253035
Madison Lintz,385.0,nm3994956
Ornella Muti,385.0,nm0001560
Mike Stanley,385.0,nm8816486
Mindy Sterling,385.0,nm7177458
Richard Dawson,384.0,nm8612146
George Reeves,384.0,nm7403833
Vanessa Angel,384.0,nm6024922
Tony Jay,384.0,nm6120346
Garcelle Beauvais,384.0,nm0004731
Phyllis Smith,384.0,nm9236407
Brian Geraghty,383.0,nm6472443
James Russo,383.0,nm9260897
Gunnar Hansen,383.0,nm8445361
Shanley Caswell,383.0,nm2632793
Roma Maffia,383.0,nm0005173
Corey Sevier,383.0,nm0786417
Mahadeo Shivraj,383.0,nm1956417
Ed Wynn,382.0,nm0943956
Adam DiMarco,382.0,nm4348240
Salvatore Santone,382.0,nm5786388
Geraldine Chaplin,382.0,nm0001036
Antonia Thomas,381.0,nm12776099
Tom Atkins,381.0,nm9964732
Claudette Colbert,380.0,nm5766590
Craig Bierko,380.0,nm0081572
Sebastian Koch,380.0,nm7710622
Johnny Nguyen,380.0,nm6998629
David Patrick Kelly,380.0,nm0446314
Jessalyn Gilsig,380.0,nm0319698
Christie Burke,380.0,nm9039498
Jorja Fox,379.0,nm0289080
Kelly Ripa,379.0,nm0727961
Michael Weston,379.0,nm8107228
Wayne Brady,378.0,nm9224925
Scott Schwartz,378.0,nm9079215
Scott Cohen,378.0,nm9559626
Diora Baird,378.0,nm1401531
David Mann,378.0,nm5734314
Mike Howard,378.0,nm6116658
Nora Arnezeder,378.0,nm2482391
Saïd Taghmaoui,378.0,nm0846548
Christopher Guest,378.0,nm6133039
Yuki Matsuzaki,378.0,nm1452105
Adam Copeland,377.0,nm7238463
Richard Anderson,377.0,nm8762285
Eduardo Verástegui,377.0,nm0895150
Scott Wolf,376.0,nm8140848
Meg Crosbie,376.0,nm5976690
Kacey Clarke,376.0,nm0056041
Dennis Franz,376.0,nm2517629
Bebe Neuwirth,376.0,nm0001564
Walter Brennan,376.0,nm13679509
Josh Robert Thompson,375.0,nm2590280
Jack O'Halloran,375.0,nm5321431
Alex Emanuel,375.0,nm4733435
John Robinson,375.0,nm8857350
Emily Meade,374.0,nm5747156
Carmen Ejogo,374.0,nm0252238
Adam Arkin,374.0,nm9072657
Kip Pardue,374.0,nm0661164
Abhishek Bachchan,374.0,nm0045393
Numan Acar,374.0,nm1485637
Daniel Franzese,374.0,nm0291881
Mark Williams,373.0,nm8824182
Hugh M. Hefner,373.0,
Eric Johnson,373.0,nm9230758
Benedict Wong,372.0,nm0938950
Jason Robards,372.0,nm0001673
Chad Lowe,372.0,nm4637541
Elvis Nolasco,372.0,nm0634393
Ricardo Chavira,372.0,nm0154632
Katia Winter,372.0,nm2316016
David Paymer,372.0,nm0001601
Vladimir Kulich,372.0,nm0474520
Edwin Neal,371.0,nm0623605
Rachel Skarsten,371.0,nm0803896
Ashley Hinshaw,371.0,nm3358233
Kellie Martin,371.0,nm8762398
Angela Nordeng,371.0,nm3170215
Billy Drago,371.0,nm0236711
Daniel Auteuil,370.0,nm0000809
Cesar Romero,370.0,nm9079993
Robert Capron,370.0,nm2953573
Paul T. Taylor,370.0,nm1675531
Kate McKinnon,370.0,nm3009952
Rob Brown,370.0,nm6095582
Kylie Bunbury,370.0,nm3954896
Kristen Seavey,370.0,nm4370600
Janine Turner,369.0,nm5299839
Marc Anthony,368.0,nm5049299
Alice Krige,368.0,nm0000481
Christine Cavanaugh,368.0,nm15730493
Laura Spencer,368.0,nm7353099
Temuera Morrison,368.0,nm0607325
Mike Dopud,368.0,nm0233304
Jan Hooks,367.0,nm0393660
Gregory Alan Williams,367.0,nm0930707
Dann Florek,367.0,nm0282648
Shelley Winters,367.0,nm0001859
James Babson,366.0,nm6949118
Michael Jordan,366.0,nm6072536
Amy Brenneman,366.0,nm4358627
Jesse Jane,366.0,nm1377478
Michael Chapman,366.0,nm9215993
Murray Hamilton,366.0,nm1467704
Kevin Gage,366.0,nm0300824
Anders Holm,365.0,nm8830335
Lloyd Kaufman,365.0,nm0442207
Rhea Perlman,365.0,nm0674231
Riz Ahmed,365.0,nm1981893
Julia Jones,364.0,nm8769661
Allen Payne,364.0,nm13074116
James Hetfield,364.0,nm2770556
Marques Houston,363.0,nm0396867
Hannah Spearritt,363.0,nm0817339
Mackenzie Davis,363.0,nm9273626
Kaitlyn Dever,363.0,nm3239803
Terry Kinney,363.0,nm0455767
Nicole Randall Johnson,363.0,nm1531996
Brad William Henke,363.0,nm0377034
Method Man,362.0,nm0541218
Taylor Handley,362.0,nm0359623
Steve-O,362.0,nm0828177
Claire Foy,362.0,nm13014846
Michael Bower,362.0,nm5473770
Raphael Sbarge,362.0,nm0768620
Jürgen Prochnow,362.0,nm0001638
Kevin G. Schmidt,362.0,nm0773056
Nancy Cartwright,362.0,nm15425751
Vanilla Ice,361.0,nm0406678
Stefan Kapicic,361.0,nm1292973
Tony Doupe,361.0,nm0235417
Kristoffer Polaha,361.0,nm1119340
David Alan Grier,360.0,nm16470127
Alan Autry,360.0,nm0042641
Bobby Coleman,360.0,nm1544100
Reg E. Cathey,360.0,nm0146146
Nicole Ari Parker,360.0,nm0662519
Steve Harvey,360.0,nm9469884
Jacob Pitts,360.0,nm6575925
Gian Maria Volontè,360.0,nm0002231
Lucas Bryant,359.0,nm9597857
Robert Rusler,359.0,nm0750852
Jack Warden,359.0,nm0912001
Kira McLean,359.0,nm6393874
Nancy Travis,359.0,nm0001802
Exie Booker,359.0,nm3994673
Mike Beckingham,358.0,nm5672421
Richard Wilson,358.0,nm8840490
Gloria Sandoval,358.0,nm8500322
Luke Newberry,358.0,nm0627639
Tom Virtue,358.0,nm5181141
Nicole Sullivan,358.0,nm5542047
Beverly Randolph,358.0,nm0709874
Rafe Spall,358.0,nm1245863
Facundo Lombard,357.0,nm2091143
Nathan Parsons,357.0,nm1452155
Scott Patterson,357.0,nm6079812
Billie Burke,357.0,nm0000992
Jaqueline Fleming,357.0,nm0281693
Chris Kattan,357.0,nm0441592
Dominique McElligott,356.0,nm1069800
Burt Ward,356.0,nm0911431
Frank Vincent,356.0,nm8675058
Paul Williams,356.0,nm9205574
James Drury,356.0,nm6107458
Chris Marquette,355.0,
Vanesa Tomasino,355.0,nm1500694
Rob Morrow,355.0,nm2962660
Russell Peters,355.0,nm5362530
Meg Foster,355.0,nm5411799
David Proval,354.0,nm0698998
Cathryn de Prume,354.0,nm0211040
Sam Medina,354.0,nm2795989
Eleanor Parker,354.0,nm12498235
Anneliese van der Pol,354.0,nm1156809
Haley Ramm,354.0,nm1391252
Reece Thompson,354.0,nm9069678
Yuri Lowenthal,354.0,nm0523180
Lillo Brancato,353.0,nm13007662
Karisma Kapoor,353.0,nm6034509
Daniel Wu,353.0,nm9649329
Munro Chambers,353.0,nm1089325
Courtney Love,353.0,nm14564725
Lawrence Gilliard Jr.,353.0,nm0319142
Mark Moses,353.0,nm9375810
Paterson Joseph,352.0,nm0430667
Cariba Heine,351.0,nm2100998
Deneen Tyler,351.0,nm0878807
Lauren Lee Smith,351.0,nm0809049
Will.i.am,350.0,nm1443238
Mini Anden,350.0,nm1068565
Deirdre Lorenz,350.0,nm1255825
Brett Cullen,350.0,nm9014960
Stuart Margolin,350.0,nm0546765
Sydelle Noel,349.0,nm1999504
Dustin Fitzsimons,349.0,nm2951481
Ally Walker,349.0,nm6545913
Talisa Soto,349.0,nm11892416
Charles Mesure,349.0,nm0582351
Richard Crenna,349.0,nm0001077
Michael Bowen,348.0,nm9206837
Priscilla Presley,348.0,nm0001636
Emily Wickersham,348.0,nm2278978
Bob Clendenin,347.0,nm0003928
Illeana Douglas,347.0,nm0001152
Nick Gomez,347.0,nm9390804
Aaron Stanford,346.0,nm9160243
Gina Holden,346.0,nm1248373
Aasif Mandvi,346.0,nm0541902
Robert Taylor,346.0,nm5731903
Kate del Castillo,345.0,nm0215487
Olympia Dukakis,345.0,nm0001156
Dabney Coleman,345.0,nm0001056
Tchéky Karyo,345.0,nm0001409
Laura Harris,345.0,nm5619571
Michael Beach,344.0,nm6694627
June Squibb,344.0,nm0820053
Necar Zadegan,344.0,nm2464261
Penelope Ann Miller,344.0,nm0000542
Maria Thayer,344.0,nm0857215
Aisha Hinds,343.0,nm1490300
Mike Figueroa,343.0,nm1289166
Jeanne Moreau,343.0,nm0603402
Teddy Sears,343.0,nm1146243
Paul Michael Glaser,343.0,nm0001274
Reid Ewing,343.0,nm2938641
Victoria Smurfit,343.0,nm0810729
Robin Shou,342.0,nm0795225
Toby Huss,342.0,nm0403947
Lola Glaudini,342.0,nm0322164
Yayan Ruhian,342.0,nm3345670
David Mamet,342.0,nm0000519
Megan Hilty,341.0,nm2047859
Tabu,341.0,nm8631940
T.C. Stallings,341.0,nm3956954
Nicole 'Snooki' Polizzi,341.0,
Ashanti,341.0,nm9320720
Nicollette Sheridan,341.0,nm0001733
George Hamilton,341.0,nm6045727
Annie Parisse,341.0,nm0661755
Mía Maestro,341.0,nm0535502
James Norton,340.0,nm5767738
Megan Charpentier,340.0,nm2743784
Quincy Jones,340.0,nm9883343
Matthew McGrory,340.0,nm9813984
Elijah Kelley,339.0,nm3109697
Katherine Helmond,339.0,nm0001340
Frank Finlay,338.0,nm0277975
Steve Harris,338.0,nm6040778
Victoria Jackson,338.0,nm9335986
John Gallagher Jr.,338.0,nm14676667
Carmen Argenziano,338.0,nm0034492
Dave Fennoy,338.0,nm0271965
Willie Nelson,338.0,nm6859072
Gbenga Akinnagbe,338.0,nm1782153
Doug Bradley,337.0,nm5721050
Wendy Raquel Robinson,337.0,nm0733185
Florence Henderson,337.0,nm1247404
Robin Atkin Downes,336.0,nm0235960
Omri Katz,336.0,nm0441814
Eddie Jemison,336.0,nm0420646
David Oakes,335.0,nm5723612
Jonathan Silverman,334.0,nm9040445
Rupert Evans,334.0,nm8600265
Alexander Vlahos,334.0,nm9594769
Henry Simmons,334.0,nm6238391
Bill Maher,334.0,nm5580902
George Sanders,333.0,nm7787576
Keram Malicki-Sánchez,333.0,nm0539537
David Della Rocco,333.0,nm0217386
David Denman,332.0,nm0219292
Molly Ephraim,332.0,nm1454378
Robert Pine,332.0,nm2769167
Jennifer Jones,332.0,nm8864643
Vera Miles,332.0,nm0587256
Luenell,332.0,nm0132685
Terry Jones,332.0,nm9217060
Luis Tosar,331.0,nm0869088
Thomas Middleditch,331.0,nm3042755
Brianna Brown,331.0,nm8914943
Zoe Lister-Jones,331.0,nm1830380
Marshall Allman,330.0,nm8545982
Joan Plowright,330.0,nm0687506
Shô Kosugi,330.0,nm0467563
Tichina Arnold,330.0,nm0036651
Gabrielle Carteris,330.0,nm0142000
Kirby Bliss Blanton,329.0,nm1926300
Chandler Canterbury,329.0,nm2425105
Norah Jones,329.0,nm7979167
Katherine LaNasa,329.0,nm0478762
Nick Cave,329.0,nm6158375
Ike Barinholtz,329.0,nm15301651
Paul Gross,329.0,nm3223818
Camryn Manheim,329.0,nm0005179
Roma Downey,329.0,nm0004884
Jean Smart,329.0,nm0005443
Lisa Ray,329.0,nm8020120
Allen Covert,328.0,nm0184445
Richard T. Jones,328.0,nm2606121
Lily Atkinson,328.0,nm1372570
Stevie Wonder,328.0,nm0005567
Dan Hicks,328.0,nm5027189
DeRay Davis,328.0,nm1154986
Rachel True,328.0,nm0874086
Jonny Weston,328.0,nm4103976
Jeremy Northam,327.0,nm0000562
Jimmy Shergill,327.0,nm0792116
Stephen Rea,327.0,nm8831650
Kenny Johnston,327.0,nm15355364
Oleg Taktarov,327.0,nm0847727
Seymour Cassel,327.0,nm0001025
Ken Arnold,327.0,nm8857417
Héctor Jiménez,327.0,nm8960168
Taika Waititi,326.0,nm0169806
Ray Charles,326.0,nm7746969
Amber Benson,326.0,nm6307589
Mathieu Kassovitz,326.0,nm0440913
Alexandra Holden,326.0,nm0005016
Adam Hicks,326.0,nm5689624
Archie Kao,326.0,nm0438055
Jamel Debbouze,326.0,nm0213354
Roger Allam,326.0,nm0019885
Paul Kaye,326.0,nm8103572
David Jason,325.0,nm2787576
Patti LuPone,325.0,nm0526985
Garrett M. Brown,325.0,nm0113595
Mimi Kirkland,325.0,nm5122514
Richard Lynch,324.0,nm5423423
Pamela Reed,324.0,nm8440456
Dwight Yoakam,324.0,nm0948267
Cindy Williams,324.0,nm6030406
Tracey Walter,324.0,nm0910145
Robb Wells,324.0,nm8634439
Lark Voorhies,324.0,nm0903397
Brian Van Holt,324.0,nm0887144
Kyle Hebert,324.0,nm8068832
Kaylee DeFer,324.0,nm1560236
Behrouz Vossoughi,324.0,nm0903750
Sandrine Holt,324.0,nm0002142
Megyn Price,323.0,nm0697044
Lizzie Brocheré,323.0,nm1227053
John Billingsley,323.0,nm6315071
Rita Wilson,323.0,nm5427491
Björk,322.0,nm0001951
Shaun Sipos,322.0,nm1036050
Eric Schweig,322.0,nm0777760
Shannon Tweed,322.0,nm0000238
Jordan Prentice,322.0,nm8175112
Mark L. Young,322.0,nm1171196
Stephanie March,322.0,nm0545335
Valerie Perri,322.0,nm0674651
Zach Woods,322.0,nm5385716
Patricia Belcher,322.0,nm0006970
Howard Hesseman,322.0,nm0381606
Keenen Ivory Wayans,322.0,nm0005540
Peter Hermann,322.0,nm2784342
Todd Bridges,321.0,nm5779422
Philip Michael Thomas,321.0,nm0859365
Lisa Wilcox,321.0,nm0928244
Christopher Abbott,321.0,nm9719151
Jennifer Westfeldt,321.0,nm0922724
Jean Louisa Kelly,320.0,nm0446465
Gabriel Damon,320.0,nm0198925
Steffinnie Phrommany,320.0,nm2396859
Jean-Louis Trintignant,319.0,nm0004462
Nicole de Boer,319.0,nm13532034
Cabrina Collesides,319.0,nm5439475
Jean Arthur,319.0,nm13788329
Sam Underwood,319.0,nm6835248
French Stewart,319.0,nm0829390
Crystal Lowe,319.0,nm10650218
Robert John Burke,318.0,nm0121559
Barbara Billingsley,318.0,nm0082511
Al Freeman Jr.,318.0,nm0293272
Melissa Ordway,318.0,nm2377802
Keir O'Donnell,318.0,nm1218757
William Atherton,317.0,nm6102412
Adrian Lester,317.0,nm0504412
Tim Abell,317.0,nm0008543
Joanna Cassidy,317.0,nm0001026
Yassie Hawkes,317.0,nm6430531
Brian Keith,316.0,nm5416760
Scott Adsit,316.0,nm0012523
Hutch Dano,316.0,nm2938448
Sammy Nagi Njuguna,316.0,nm3168244
Dagmara Dominczyk,316.0,nm0231436
Irène Jacob,316.0,nm0001393
Lela Rochon,316.0,nm0005375
Ron Palillo,316.0,nm0657676
Texas Battle,315.0,nm1564024
Irene Dunne,315.0,nm0002050
Shriya Saran,315.0,nm1328152
Kamil McFadden,315.0,nm3262224
George Lazenby,314.0,nm0493872
Maika Monroe,314.0,nm2140860
Tjasa Ferme,313.0,nm3962855
Jake Lacy,313.0,nm3821405
Ahmed Best,313.0,nm0078886
Kathy Baker,313.0,nm10554912
David Harbour,313.0,nm3004596
Louis Mandylor,312.0,nm0541909
Lee Evans,312.0,nm9571877
Barret Oliver,312.0,nm0646768
Dustin Diamond,312.0,nm9788807
Brigitte Nielsen,312.0,nm0000557
Isaac C. Singleton Jr.,312.0,nm0802280
Drew Carey,311.0,nm0004804
James Gammon,311.0,nm5407666
Dennis Burkley,311.0,nm0122036
Drew Sidora,311.0,nm0796676
Raymond Burr,311.0,nm0000994
Catherine Hicks,311.0,nm5354092
Bobby Moynihan,311.0,nm1293885
Anita Briem,311.0,
Peter Vaughan,310.0,nm5007780
Blair Brown,310.0,nm7131794
Tom McCarthy,310.0,nm5773961
Angela Sarafyan,310.0,nm1494168
Catherine Lough Haggquist,310.0,nm0521723
Fabian Bolin,309.0,nm6411903
La'Princess Jackson,309.0,nm4617257
Jennifer Saunders,309.0,nm5431819
Natasha Calis,309.0,nm2828435
Jon Polito,309.0,nm0689237
Patch Darragh,309.0,nm1113773
Betsy Palmer,309.0,nm0658133
Essie Davis,309.0,nm0204583
Paulette Goddard,309.0,nm0002104
Amir Talai,308.0,nm1197519
Patrick Bergin,308.0,nm0000920
Patrick Fabian,308.0,nm8441540
Chi Muoi Lo,308.0,nm0516286
David Agranov,308.0,nm1290815
Sonia Braga,308.0,nm0000968
Leland Orser,308.0,nm0650702
Maria Doyle Kennedy,308.0,nm0448204
Rachel Ticotin,308.0,nm0001797
Windell Middlebrooks,308.0,nm2070606
Carlos Alazraqui,307.0,nm16589808
Naseeruddin Shah,307.0,nm0787462
Catherine McCormack,307.0,nm9267870
Elissa Dowling,307.0,nm2233462
Seth Meyers,307.0,nm5465769
Erin Gray,307.0,nm5452216
Jelena Jovanova,306.0,nm4096341
David Moscow,306.0,nm0608378
Linden Ashby,306.0,nm0000798
Patrick Gallagher,306.0,nm8861790
Renee Olstead,305.0,nm0648164
Celina Jade,305.0,nm3018796
Allen Leech,305.0,nm1395602
Lorraine Toussaint,305.0,nm0005501
Luke Treadaway,305.0,nm2008435
Kath Soucie,304.0,nm0815718
Natalie Imbruglia,304.0,nm0001386
Jodie Whittaker,304.0,nm12183759
Lori Singer,304.0,nm0001742
Parker Sawyers,304.0,nm4554036
Michael Stahl-David,304.0,nm1221863
Takashi Shimura,304.0,nm0793766
Kabir Bedi,303.0,nm13752417
Terrance Zdunich,303.0,nm0954023
Cory Hardrict,303.0,nm0362484
R. Marcos Taylor,303.0,
Erin Daniels,303.0,nm0006439
Linus Roache,303.0,nm0730070
Jessica Collins,303.0,nm8758315
Matt O'Leary,303.0,nm7744253
Ben Cross,303.0,nm7350443
Piper Laurie,303.0,nm0001453
Ann Miller,302.0,nm6048191
Andy Dick,302.0,nm8786445
Victor Rasuk,302.0,nm0711559
Ashley Martin,302.0,nm8757975
Michael McMillian,302.0,nm3025577
Christina Moore,301.0,nm9003388
Gene Simmons,301.0,nm9866081
Brandon Molale,301.0,nm0596404
Kathryn Erbe,301.0,nm0002062
John Carradine,300.0,nm0001017
Jonathan Sadowski,300.0,nm1838070
Julia Garner,300.0,nm3400186
Gabriel Bateman,300.0,nm5145655
Wade Williams,300.0,nm5475764
Regi Davis,300.0,nm0205318
KaDee Strickland,299.0,nm0834380
Clayne Crawford,298.0,nm0186728
Alycia Debnam-Carey,298.0,nm1486317
Gregg Henry,298.0,nm0001344
Michael J. Morris,298.0,nm5886113
Betsy Russell,298.0,nm0751018
Bruce Campbell,298.0,nm9195148
Teryl Rothery,298.0,nm0745186
Robert Urich,297.0,nm4946590
Brock Baker,297.0,nm8813435
Celeste Holm,297.0,nm0002141
Cyril Raffaelli,297.0,nm0706220
Jason Beghe,297.0,nm0000892
Daisy Betts,297.0,nm2237408
Nicki Aycox,296.0,nm0043704
Kerry Bishé,296.0,nm2628935
James Arnold Taylor,296.0,nm0852517
Lesley Ann Warren,296.0,nm0000690
JoBeth Williams,296.0,nm0001851
Robin Weigert,295.0,nm0917848
Louis Ferreira,295.0,nm7611551
Louise Bourgoin,295.0,nm2864046
Chasty Ballesteros,295.0,nm3276414
Denise Boutte,295.0,nm1594832
Maria Canals-Barrera,295.0,nm0133566
Diana Ross,295.0,nm0005384
François Chau,294.0,nm0154236
Armin Mueller-Stahl,294.0,nm0000090
Angela Bettis,294.0,nm0079374
Siobhan Fallon Hogan,294.0,nm0266441
Darren Shahlavi,294.0,nm0004540
Mykel Shannon Jenkins,294.0,nm0420926
Jill Flint,294.0,nm6902983
Traylor Howard,294.0,nm0005025
Josh Meyers,293.0,nm5690481
Steven Berkoff,293.0,nm0000925
Noah Bean,293.0,nm0063800
Grant Heslov,293.0,nm0381416
Keri Lynn Pratt,292.0,nm0005325
Mimi Rogers,292.0,nm2940356
Bobby Campo,292.0,nm2092545
Vincent Perez,292.0,nm14520850
Joshua Ormond,291.0,nm3121176
Shane Carruth,291.0,nm1503403
Gina McKee,291.0,nm0571160
Roger Cross,290.0,nm11592531
Anna Harr,290.0,nm4842994
Wilson Cruz,290.0,nm15481477
David Dastmalchian,290.0,nm2810287
Hye-kyo Song,290.0,
Richard Howland,290.0,nm12289889
Jon Tenney,289.0,nm0855103
Pollyanna McIntosh,289.0,nm1717573
Alicja Bachleda,289.0,nm0045461
Guillermo Arriaga,289.0,nm0037247
Emily Alyn Lind,289.0,nm3014840
Warren Oates,288.0,nm0643105
Gemma Chan,288.0,nm2110418
Fanny Ardant,288.0,nm0000272
Joshua Ray Bell,288.0,nm3871681
Tatum O'Neal,288.0,nm9178028
James Whitmore,288.0,nm14546127
Mariel Hemingway,288.0,nm0000446
Helen Martin,287.0,nm5549536
Jonathan Hyde,287.0,nm6801560
Kelly Rutherford,287.0,nm0005393
Brady Corbet,287.0,nm1227232
Ray McKinnon,287.0,nm0571964
Ray Milland,287.0,nm0001537
Sunny Mabrey,287.0,nm1007554
Daniel Mays,287.0,nm4623922
Max Riemelt,287.0,nm0726262
Brenda Blethyn,286.0,nm0000950
Aksel Hennie,286.0,nm0377336
Carl Gilliard,285.0,nm16218251
John Gavin,285.0,nm9814812
Shirley Knight,285.0,nm7978739
Alexis Arquette,285.0,nm0000793
Bryan Brown,284.0,nm5743490
Mithun Chakraborty,284.0,nm6322548
Aki Aleong,284.0,nm0018080
Jason Weaver,284.0,nm5746078
Gavin MacLeod,284.0,nm0533891
M.C. Gainey,284.0,nm0301370
Oaklee Pendergast,284.0,nm3009594
Ulrich Mühe,284.0,nm0618057
Greer Garson,284.0,nm0002093
Marc Singer,284.0,nm9702305
Charles Martinet,283.0,nm15321165
Mustafa Haidari,283.0,nm2860410
Jeff Bennett,283.0,nm8952343
Bipasha Basu,283.0,nm0060607
Ossie Davis,282.0,nm0001115
Ahna O'Reilly,282.0,nm8359290
Ricky Martin,282.0,nm8334226
Lusia Strus,282.0,nm0835363
Maggie Wheeler,282.0,nm0923909
Akima,282.0,nm0960466
Kelly Rowan,282.0,nm0746414
Jerry Mathers,282.0,nm0558487
August Diehl,282.0,nm0225944
Kelly Clarkson,281.0,nm8659229
Harry Carey Jr.,281.0,nm0001013
Warren Clarke,281.0,nm5775185
Kelen Coleman,281.0,nm2584298
Dan Hedaya,281.0,nm0000445
Traci Dinwiddie,281.0,
Dillon Casey,281.0,nm7120773
Kim Delaney,281.0,nm8428627
Oliver Cooper,281.0,nm9823960
Billy Barty,281.0,nm0000863
Laurence Fox,281.0,nm3808604
Ulrich Thomsen,280.0,nm0860947
Joy Bryant,280.0,nm0117146
Jane Adams,280.0,nm9307865
Catalina Sandino Moreno,280.0,nm1503432
Whitney Able,280.0,nm2016345
Kari Matchett,280.0,nm0558182
Glynis Johns,279.0,nm9686795
Max Records,279.0,nm2504006
Michael Hitchcock,279.0,nm6154882
Rod Steiger,279.0,nm0001768
Adam Rayner,279.0,nm9429572
Maya Angelou,279.0,nm0029723
Shiree Nelson,279.0,nm2891971
Michael Beck,278.0,nm5700475
Sherri Shepherd,278.0,nm0791868
Paprika Steen,278.0,nm0824785
Eduardo Noriega,278.0,nm3412899
Herbert Lom,278.0,nm0007042
Chad Bishop,277.0,nm8484393
Todd Stashwick,277.0,nm0823693
Nick Chinlund,277.0,nm0157915
Peter Gerety,277.0,nm0314253
Janet McTeer,277.0,nm0005216
Omar Metwally,277.0,nm1272540
Keenan Wynn,277.0,nm0943978
Winter Ave Zoli,276.0,nm0880181
Lois Smith,276.0,nm5053634
Santiago Segura,276.0,nm8052138
Anthony Zerbe,275.0,nm0001875
Max Casella,275.0,nm0143295
Victor Mature,275.0,nm0001514
Jack Lord,275.0,nm8297750
David DeLuise,275.0,nm0217936
Lionel Barrymore,275.0,nm0000859
Isaac Hayes,275.0,nm7400171
Ron Moody,275.0,nm0600531
A.J. Buckley,275.0,nm0118568
Michael Michele,274.0,nm0005230
Eric Lange,274.0,nm4844340
Jon Foster,274.0,nm9375484
Jaime Camil,274.0,nm1778001
Holt McCallany,273.0,nm0564697
Katie Lowes,273.0,nm1705090
Laurel Holloman,273.0,nm0391274
Keir Dullea,273.0,nm0001158
Shelley Conn,273.0,nm0174909
Belén Rueda,273.0,nm0749104
Alex Karpovsky,272.0,nm1493163
Rex Harrison,272.0,nm7880299
Jim Meskimen,272.0,nm0002350
Nick Searcy,272.0,nm0780678
George Chakiris,271.0,nm0001995
Caroline Rhea,271.0,nm0005352
Nathaniel Parker,271.0,nm0662511
Cynthia Stevenson,271.0,nm13363380
Alan Oppenheimer,271.0,nm13670302
Brooke D'Orsay,271.0,nm1175262
Miguel A. Núñez Jr.,271.0,nm15589761
Alex Sanborn,271.0,nm2516270
Lymari Nadal,271.0,nm1317082
Dana Ivey,271.0,nm0412374
Melonie Diaz,270.0,nm0246686
Ryan Robbins,270.0,nm5487277
Margaret Cho,270.0,nm13783272
Charla Cochran,270.0,
Clint Jung,270.0,nm0432521
Jonathan Breck,270.0,nm0106534
Vanessa Ray,270.0,nm7256426
James Pickens Jr.,270.0,nm0681782
Susannah York,269.0,nm0948772
Birol Ünel,269.0,nm0960379
Iddo Goldberg,269.0,nm0325221
Nicholas Turturro,269.0,nm0878155
Conrad Veidt,269.0,nm0891998
Mary J. Blige,269.0,nm0004763
Geraldine McEwan,269.0,nm0568603
Collin Chou,269.0,nm0628877
Maribel Verdú,269.0,nm0893941
Thelma Ritter,268.0,nm0728812
John Hensley,268.0,nm10676767
Ian McNeice,268.0,nm8078790
Charlie Tahan,268.0,nm2253071
Lemmy,268.0,nm10618431
Tzi Ma,268.0,nm0002245
Rhys Coiro,268.0,nm1711052
Robert Beltran,268.0,nm7997420
Ty Parker,267.0,nm5929980
Marcela Mar,267.0,nm0306622
Dyan Cannon,267.0,nm0001007
Chuck Zito,267.0,nm0957257
Peter Scolari,267.0,nm0778642
Julian Fellowes,266.0,nm0271501
David A.R. White,266.0,nm0924684
Sofia Black-D'Elia,266.0,nm3733763
Andrew Robinson,266.0,nm6119594
Elsa Lanchester,266.0,nm0006471
Roger Guenveur Smith,266.0,nm0809793
Brenda Strong,266.0,nm0834947
Aidan McArdle,266.0,nm1264521
Zane Holtz,265.0,nm1175678
Roy Dupuis,265.0,nm0001163
Lindsay MacDonald,265.0,nm3998841
Susanna Thompson,265.0,nm2710201
Ato Essandoh,265.0,nm1017951
Kathleen Wilhoite,265.0,nm0001849
Tom Kane,265.0,nm9539683
Ben Falcone,265.0,nm6046238
Amber Marshall,265.0,nm7265420
Martin Clunes,264.0,nm0167340
Shengyi Huang,264.0,nm1785004
Robert Amaya,264.0,nm3892002
Lee Remick,264.0,nm0001665
Aria Noelle Curzon,263.0,nm0193631
J.T. Walsh,263.0,nm0000687
Yvonne Zima,263.0,nm0956531
Mason Gamble,263.0,nm0001253
Erik Palladino,263.0,nm0005292
Raquel Alessi,263.0,nm8223025
John Cameron Mitchell,263.0,nm0593463
Kevin Scott Richardson,262.0,nm0724657
Richard Farnsworth,262.0,nm0002070
Akon,262.0,nm1868102
Tom Guiry,262.0,nm0347509
Jordana Spiro,262.0,nm0819079
Jess Harnell,262.0,nm0363641
Joe Cocker,262.0,nm0168312
Zachary Knighton,262.0,nm0461149
Vince Vieluf,261.0,nm0896735
Lateef Crowder,261.0,nm1956628
Miriam Shor,261.0,nm0794896
Joey Fatone,261.0,nm0004909
Gil Bellows,261.0,nm0004743
Carly Schroeder,261.0,nm0775455
Ian Hart,261.0,nm6716052
Katherine Parkinson,261.0,nm16554262
Emily Baldoni,261.0,nm2032150
Christo Jivkov,260.0,nm0998941
Jason Wiles,260.0,nm0005556
Harry Treadaway,260.0,nm2016685
Matt Servitto,260.0,nm0785854
Louise Brealey,260.0,nm6023271
Paul Dooley,260.0,nm8247607
Tim Guinee,259.0,nm0347375
Jessica Raine,259.0,nm3565962
Adam Butcher,259.0,nm9813663
Lee J. Cobb,259.0,nm0002011
Flint Beverage,259.0,nm1630956
Melanie Papalia,259.0,nm1750524
Lynn Redgrave,258.0,nm0001655
Bhavkhandan Singh Rakhra,258.0,nm3618691
Craig Fairbrass,258.0,nm17068002
Ben Chaplin,258.0,nm13457453
Suzie Steen,258.0,nm0824800
Karolina Wydra,258.0,nm2764521
Celia Weston,258.0,nm0922927
Mark Christopher Lawrence,258.0,nm14908025
Luke Edwards,258.0,nm4489983
Marcel Iures,258.0,nm0411903
Arly Jover,258.0,nm0431332
Trent Ford,258.0,nm15347318
Byron Mann,258.0,nm2870727
John Hillerman,258.0,nm0384916
Tony Devon,257.0,nm0222881
Ben Crompton,257.0,nm7442562
Anna Karina,257.0,nm0439344
Vic Morrow,257.0,nm0607558
Sarita Choudhury,257.0,nm0002004
Jane Curtin,257.0,nm15692962
Rick Fox,256.0,nm7516125
Maile Flanagan,256.0,nm0281068
Tamara Glynn,256.0,nm0323372
Warren Brown,256.0,nm8961369
Hallee Hirsh,256.0,nm0386645
Jay O. Sanders,256.0,nm0761587
Hope Olaide Wilson,256.0,
Matt Craven,256.0,nm8636190
Cullen Douglas,256.0,nm9397847
Ken Takakura,255.0,nm16541364
Randall 'Tex' Cobb,255.0,nm0002012
Ron Lester,255.0,nm5048833
Paul Winfield,255.0,nm7411298
Eva Marcille,255.0,nm1813440
Zena Grey,255.0,nm0340720
John Forsythe,255.0,nm5446356
Aleksa Palladino,255.0,nm0657760
A.J. Langer,254.0,nm0486277
Jeff Perry,254.0,nm9401970
Fares Fares,254.0,nm13741777
Cynthia Watros,254.0,nm0914475
Doug Brochu,254.0,nm2377821
Dan Futterman,254.0,nm0001246
Burl Ives,253.0,nm0412322
Fiona Dourif,253.0,nm1875040
Michael Mosley,253.0,nm7483522
Andrea Frankle,253.0,nm1683193
Bob Hastings,253.0,nm0368561
Gage Golightly,253.0,nm1463605
John Fiedler,253.0,nm2643792
Mackenzie Gray,253.0,nm5619883
Maia Morgenstern,252.0,nm0411581
Eddie 'Piolin' Sotelo,252.0,nm1655358
Ben Miller,252.0,nm8774896
Christopher Evan Welch,252.0,nm0919525
Julianne Gabert,252.0,nm2023647
Matthew R. Anderson,252.0,nm0027164
Melinda Dillon,252.0,nm0227039
Brian Dietzen,251.0,nm1145177
Carol Sutton,251.0,nm0840285
Rosie O'Donnell,251.0,nm0005280
Dennis L.A. White,251.0,nm1436194
Perry King,251.0,nm8140294
Henry Silva,251.0,nm0798328
James Patrick Stuart,251.0,nm0835722
Sergi López,250.0,nm3427902
Isabelle Nélisse,250.0,nm4719471
Purva Bedi,250.0,nm0066072
Sarah Lancashire,250.0,nm0484104
Kenneth Mitchell,250.0,nm6107397
Tiffany Dupont,249.0,nm1520988
Denholm Elliott,249.0,nm0001186
John Gielgud,249.0,nm9610302
Anne Archer,249.0,nm13201428
Marla Gibbs,249.0,nm0004958
George Harris,249.0,nm5481381
Lindsey Haun,249.0,nm0369424
Richard Beymer,249.0,nm16528371
June Diane Raphael,249.0,nm2053085
Mary Goggin,249.0,nm1223931
Wendy Crewson,249.0,nm0187724
Lainie Kazan,249.0,nm0443577
Michael Wright,249.0,nm8799455
Jamie Hector,248.0,nm9650473
Kevin J. O'Connor,248.0,nm9735631
Thomas Mitchell,248.0,nm9209392
Shelley Waggener,248.0,nm3388331
Tiffany Thornton,248.0,nm6584441
Jack Plotnick,248.0,nm0687443
Matt Ross,248.0,nm5495937
Ryan Carnes,248.0,nm8860523
Paula Jai Parker,247.0,nm0005294
Hugh O'Brian,247.0,nm0639385
Alexandra Callas,247.0,nm15605440
Shane Dawson,247.0,nm6621830
Steve Railsback,246.0,nm0706883
Neil Maskell,246.0,nm0556453
William Hickey,246.0,nm1653648
Zach Grenier,246.0,nm7919759
Angelo Tsarouchas,246.0,nm13875760
Bernard Fox,246.0,nm3126947
Bonnie Somerville,246.0,nm0813887
Billy Gardell,245.0,nm0974080
John D'Leo,245.0,nm2649720
Jason Burkey,245.0,nm3600327
Sonja Sohn,245.0,nm0812308
Jenni Rivera,245.0,nm1648381
Cheri Oteri,244.0,nm0652783
Chelcie Ross,244.0,nm0743304
Howard Keel,244.0,nm0444476
Desmond Llewelyn,244.0,nm0005155
Bruce Vilanch,244.0,nm0897358
Theodore Bikel,244.0,nm0000942
Theresa Randle,244.0,nm0005337
Miranda July,244.0,nm0432380
Paul McGann,243.0,nm8129991
Irene Papas,243.0,nm0660327
Ti West,243.0,nm1488800
Penn Jillette,243.0,nm0422710
Theresa Russell,243.0,nm9159394
Cherry Jones,242.0,nm2227355
L.Q. Jones,242.0,nm0428618
Danny Nucci,242.0,nm0001572
Hakeem Kae-Kazim,242.0,nm0434444
Amy Hill,242.0,nm9740607
Paolo Montalban,242.0,nm6815438
Simon Woods,241.0,nm4184634
John Ashton,241.0,nm5145513
Haluk Bilginer,241.0,nm0082211
Jay Leno,241.0,nm11787557
Michael Papajohn,241.0,nm0660244
Clive Russell,241.0,nm9623895
Richard Roundtree,240.0,nm0745780
Chris Barrie,240.0,nm13787552
Rosa Salazar,240.0,nm8684858
Michael DeLorenzo,240.0,nm0217716
Eric Cantona,240.0,
Monique Gabriela Curnen,240.0,nm1010931
Amanda Detmer,240.0,nm0221902
James Tupper,240.0,nm0876805
Sydney Penny,240.0,nm6688951
Peter Ostrum,240.0,nm0652578
Glenn Plummer,240.0,nm0687625
Firass Dirani,239.0,nm0228163
Simon Callow,239.0,nm0001003
Rollo Weeks,239.0,nm0917353
Rhonda Fleming,239.0,nm10451528
Shauna Macdonald,239.0,nm0531932
Hudson Leick,239.0,nm16319367
Ruby Jerins,238.0,nm2157839
Michael O'Keefe,238.0,nm8986775
Michael Cerveris,238.0,nm0148964
Aden Young,238.0,nm0949237
Barbara Bach,238.0,nm3608889
Jack McGee,238.0,nm9430094
Al Sapienza,238.0,nm0002326
Fredro Starr,237.0,nm0823507
Kate Capshaw,237.0,nm0001009
Rachel Crow,237.0,nm6687657
Bill Johnson,237.0,nm9211584
Mel Rodriguez,237.0,nm8684222
Maïwenn,236.0,nm0494069
John Newton,236.0,nm8855773
Christina Vidal,236.0,nm3674590
Reece Ritchie,236.0,nm2201022
James Burnett,236.0,nm5725899
Noah Segan,236.0,nm0781913
Max Gail,236.0,nm0301178
Joe Viterelli,236.0,nm0899995
Jean-Marc Barr,236.0,nm4865621
Beau Knapp,236.0,nm3354041
Frederic Forrest,236.0,nm0002078
James McCaffrey,235.0,nm6287748
Carole Bouquet,235.0,nm0000962
Jesse James,235.0,nm5710413
Matt Shively,235.0,nm2397866
Scott Vance,235.0,nm5903139
Steve Bacic,235.0,nm0045584
Eve Plumb,235.0,nm0000589
Gregory Cruz,234.0,nm0190327
Valente Rodriguez,234.0,nm0735538
Steve Bastoni,234.0,nm0060561
Sean Buchanan,234.0,nm5615071
D. David Morin,234.0,nm0605514
Nona Gaye,233.0,nm0310850
Dave Sheridan,233.0,nm2670321
Joyful Drake,233.0,nm1257016
David Herman,233.0,nm8764085
John Brodsky,233.0,nm3936560
Joe Cole,233.0,nm9877775
Nichola Burley,233.0,nm1978579
Pedro Miguel Arce,233.0,nm1144806
Julie Kavner,233.0,nm15796620
Zach Galligan,233.0,nm0002090
Royal Dano,232.0,nm0200455
Jean-Pierre Léaud,232.0,nm0529543
Gloria Grahame,232.0,nm0002108
Barry Shabaka Henley,232.0,nm0377106
David Alpay,232.0,nm0022351
Kayden Kross,232.0,nm2628347
Liya Kebede,232.0,nm1493135
Chad Allen,232.0,nm8099088
Joss Ackland,232.0,nm0000722
Dirk Bogarde,232.0,nm0001958
Maury Chaykin,232.0,nm0001999
Emily Rios,231.0,nm1986960
Dr. Dre,231.0,
Anne-Marie Duff,231.0,nm0240359
Glenne Headly,231.0,nm0000444
Kathleen Munroe,231.0,nm1182008
Neil Hopkins,231.0,nm1653122
Patsy Kensit,231.0,nm0000475
Toni Braxton,231.0,nm0004772
India de Beaufort,231.0,nm2459822
Perrey Reeves,230.0,nm0716275
Ben Johnson,230.0,nm8767060
Shawn Doyle,230.0,nm8978423
Stephen Marcus,230.0,nm14798612
Lynne Thigpen,230.0,nm0858106
Marin Hinkle,230.0,nm0385792
Ellar Coltrane,230.0,nm1294664
Michael Lerner,230.0,nm4489314
Jenni 'Jwoww' Farley,230.0,
Simon Bird,229.0,nm8819961
Misty Upham,229.0,nm1130728
Clare Kramer,229.0,nm10930511
Phill Lewis,229.0,nm9753834
Leon Rippy,229.0,nm0728132
Dawn French,229.0,nm0294067
Tyrone Benskin,228.0,nm0072419
Russ Tamblyn,228.0,nm0848560
Keeley Hawes,228.0,nm0369954
Laura Breckenridge,228.0,nm0106549
Jeffrey Markle,228.0,nm2547632
Jaime Zevallos,228.0,nm8463286
Victor Rivers,228.0,nm5744056
Zachery Ty Bryan,227.0,nm0117022
Vanessa Lee Chester,227.0,
Theresa Merritt,227.0,nm0581449
Steven Mackintosh,227.0,nm9277771
Jimi Hendrix,227.0,nm0001342
Leos Carax,227.0,nm0136021
Alice Evans,227.0,nm6073114
Bruno Kirby,227.0,nm0456124
Nathalie Fay,227.0,nm9355011
Yasmine Al Massri,227.0,nm2316907
Ben Stein,227.0,nm9672076
Denis Lavant,226.0,nm0491777
Brock Peters,226.0,nm0676349
Paul Borghese,226.0,nm0096637
Neil Diamond,226.0,nm4160073
Red Skelton,226.0,nm0804026
Bill Hunter,226.0,nm9569557
Raven Goodwin,225.0,nm0329538
Michael Nouri,225.0,nm7050000
Kathy Griffin,225.0,nm8523331
William Bassett,225.0,nm16200646
Estelle Parsons,224.0,nm0663820
Hiam Abbass,224.0,nm0007814
Katie Aselton,224.0,nm1051221
Finola Hughes,224.0,nm0001370
Charlie Saxton,224.0,nm1470683
Bruno Campos,223.0,nm6583332
Saad Siddiqui,223.0,nm5497194
Eve,223.0,nm5415810
Tony Plana,223.0,nm0686470
Veronika Dash,223.0,nm2617160
Joseph Sikora,223.0,nm6345678
Kate Burton,223.0,nm9175596
Belinda Stewart-Wilson,223.0,nm0829134
Judy Davis,223.0,nm6051025
Ione Skye,223.0,nm0001746
Patricia Richardson,222.0,nm4757511
Shane Meadows,222.0,nm0276349
Paula Marshall,222.0,nm5056612
Harold Gould,222.0,nm1462099
Steve Byers,222.0,nm8774463
Ronnie Gene Blevins,221.0,nm1237235
Kevin Williamson,221.0,nm5740390
Mary Norwood,221.0,nm5333687
Tom Goodman-Hill,221.0,nm0329259
Bernardo Saracino,221.0,nm3229268
Robert Peters,221.0,nm6152348
Amy Madigan,221.0,nm6395615
Hal Linden,221.0,nm0511604
Christopher Schmidt,221.0,nm9412187
Ellie Kendrick,221.0,nm1697771
Linda Harrison,220.0,nm9123502
Tina Desai,220.0,nm3867591
Pfeifer Brown,220.0,nm6018502
Susan May Pratt,220.0,nm0006721
Jaden Klein,220.0,nm5106276
David Rasche,220.0,nm0711058
Riley Thomas Stewart,220.0,nm2546716
Lauryn Hill,220.0,nm13493639
Chris Geere,220.0,nm1357218
Dustin Nguyen,220.0,nm8882408
Robert Blake,220.0,nm8878033
James Buckley,220.0,nm8706125
Devon Murray,219.0,nm5515333
John Aylward,219.0,nm13761873
Chris Young,219.0,nm6142351
Daniel Kaluuya,219.0,nm2257207
Sunil Shetty,219.0,nm15568596
Kate Flannery,219.0,nm0281212
Brandon Mychal Smith,218.0,nm0807506
Max Beesley,218.0,nm16037508
Tamannaah Bhatia,218.0,nm1961459
Linda Lovelace,218.0,nm0001483
Andrew Dice Clay,218.0,nm0001048
Paul Ben-Victor,218.0,nm0070115
Brent David Fraser,218.0,nm0292082
Gerry Bednob,218.0,nm0066144
Charles Halford,218.0,nm0355155
Xzibit,218.0,nm0944702
Chris Pontius,218.0,nm9615891
Shane Hartline,217.0,nm2877578
David Walliams,217.0,nm0909144
Glenn Shadix,217.0,nm0787187
Kurt Angle,217.0,nm0029875
Rodger Bumpass,217.0,nm0120309
Marshall Bell,217.0,nm12939162
Mike 'The Miz' Mizanin,217.0,nm1025616
Gregory Itzin,216.0,nm0411857
Michaela Watkins,216.0,nm1143861
Domenick Lombardozzi,216.0,nm0518511
Jeff Anderson,216.0,nm5152125
Susie Abromeit,216.0,nm2608932
Pierfrancesco Favino,216.0,nm0269419
Kenneth Colley,216.0,nm6601432
Valerie Cruz,216.0,nm16929802
Orson Bean,216.0,nm0004730
Olivia Rose Keegan,216.0,nm4742517
Robert Miano,216.0,nm0583951
Sharon Lawrence,215.0,nm5752968
Wei Tang,215.0,nm6141056
Rex Linn,215.0,nm0513010
Huey Lewis,215.0,nm0507271
Ana Gasteyer,215.0,nm0309430
James Lew,215.0,nm0506699
Chris Andrew Ciulla,215.0,nm2096985
Brenda Fricker,214.0,nm0002084
Nat Faxon,214.0,nm0269542
Jason K. Wixom,214.0,nm2673512
Scott Evans,214.0,nm5179007
Corbin Allred,214.0,nm0021607
Mary Kay Place,213.0,nm0005316
Ava Acres,213.0,nm3732165
Crystal R. Fox,213.0,
Sarah Parish,213.0,nm4558323
Josh Segarra,213.0,nm2019219
Heather Burns,213.0,nm4896356
Sam Reid,212.0,nm6028972
Steven Waddington,212.0,nm0905357
Vincent De Paul,212.0,nm12053642
Paul Gleason,212.0,nm3093233
Braeden Lemasters,212.0,nm1965417
Leila Arcieri,212.0,nm0033837
Caroline Goodall,212.0,nm14604341
Jemima Rooper,212.0,nm0740383
Austin O'Brien,211.0,nm8621571
Ebon Moss-Bachrach,211.0,nm0609114
Shona Kay,211.0,nm2667589
Paul 'Pauly D' DelVecchio,211.0,nm3725482
Toni Servillo,211.0,nm0785842
Kasia Smutniak,211.0,nm0810738
James Morrison,210.0,nm9625410
Madison Rothschild,210.0,nm3773088
Karl Yune,210.0,nm1400085
Nicole Smolen,210.0,nm2414878
Rebecca Budig,210.0,nm0119003
Julia Duffy,210.0,nm8885036
Demetri Martin,210.0,nm1336595
Paul Guilfoyle,210.0,nm0002116
Luke Kirby,210.0,nm6958088
Carlease Burke,210.0,nm0121620
Beth Broderick,209.0,nm0110803
Angela Cartwright,209.0,nm0142145
Alexa Havins,209.0,nm1473159
Deon Richmond,209.0,nm0725091
Gloria Votsis,209.0,nm2167502
Jessica Hecht,209.0,nm6733524
Ashley Laurence,209.0,nm8971612
Randeep Hooda,209.0,nm0393535
Mekia Cox,208.0,nm2065368
Paula Abdul,208.0,nm0000716
Carroll Baker,208.0,nm11226318
Teresa Wright,208.0,nm5425059
Christopher Berry,207.0,nm6060242
Sticky Fingaz,207.0,nm0277727
Shaun Toub,206.0,nm10178964
Diane Ladd,206.0,nm0002663
Owen Burke,206.0,nm8931613
Richard Moll,206.0,nm15667709
Lucy Fry,206.0,nm4867258
Brit Morgan,206.0,nm2694584
Lobo Sebastian,206.0,nm0780957
Michael J. Pollard,206.0,nm0689488
Martin Donovan,206.0,nm6095375
Julia Sawalha,206.0,nm0768018
Caitlin FitzGerald,205.0,nm9763660
Tony Bennett,205.0,nm5774023
John Beasley,205.0,nm8614810
Necati Sasmaz,205.0,nm1699093
Andrew Airlie,205.0,nm0014803
Jay R. Ferguson,204.0,nm0272474
Audrey Fleurot,204.0,nm1109153
Shaun Evans,204.0,nm15470427
Martin Dew,204.0,nm2218784
Martin Compston,204.0,nm1161994
Leleti Khumalo,204.0,nm0452009
Roscoe Lee Browne,204.0,nm0001975
Charlie Murphy,203.0,nm5637636
Dian Bachar,203.0,nm0045379
Tucker Albrizzi,203.0,nm3235380
Gary Lewis,203.0,nm6064486
Elaine Cassidy,203.0,nm0144187
Jamie Blackley,203.0,nm3284401
Giovanna Mezzogiorno,202.0,nm0583856
Lois Chiles,202.0,nm4138759
José Ferrer,202.0,nm9856221
Gert Fröbe,202.0,nm0002085
Juliet Stevenson,202.0,nm0828980
Garrett Ryan,202.0,nm6766285
Leo Fitzpatrick,202.0,nm6059631
Valarie Pettiford,202.0,nm0678656
Everett McGill,201.0,nm0569239
Paul Sparks,201.0,nm4097886
Charlotte Le Bon,201.0,nm3114649
Daniela Bianchi,201.0,nm3793354
Abby Elliott,201.0,nm2212031
Justine Waddell,201.0,nm0905311
Damián Alcázar,201.0,nm0017343
Elisa Donovan,201.0,nm0232975
Tom Burke,201.0,nm8820299
Rachel Roberts,201.0,nm5549228
Glen Hansard,200.0,nm0360598
Countess Vaughn,200.0,nm0891153
Edwin Hodge,200.0,nm0388064
Amy Locane,200.0,nm0000504
Jesse Garcia,200.0,nm8814280
Rekha,200.0,nm8092892
Britt Ekland,199.0,nm0001180
Kassie Wesley DePaiva,199.0,nm0219990
Matt Hill,199.0,nm6099481
Russell Hodgkinson,199.0,nm1428690
Madhavan,199.0,nm7993288
Nicole Muñoz,199.0,nm6065714
Victoria Beckham,199.0,nm0065751
Kirk Baltz,199.0,nm0051257
Ralph Bellamy,199.0,nm0000897
Ahney Her,198.0,nm3115704
Daniel Bernhardt,198.0,nm5499870
Thure Lindhardt,197.0,nm0511892
Lolita Davidovich,197.0,nm0000357
Frankie Valli,197.0,nm0885110
Bergüzar Korel,197.0,nm1868654
Bob Ross,197.0,nm5590548
Judith Anderson,197.0,nm8640235
Kirsten Day,196.0,nm2796460
Cecelia Antoinette,196.0,nm1239705
Marama Corlett,196.0,nm3744128
Tom E. Nicholson,196.0,nm7223247
Claude Akins,196.0,nm0015391
J.D. Williams,196.0,nm4437620
Ni Ni,196.0,nm4813958
Ken Burns,196.0,nm9716971
Shawn Christian,196.0,nm3175014
Eddie Albert,196.0,nm9239818
Evan Jones,196.0,nm8777761
Amanda Troop,196.0,nm1239895
Kent McCord,196.0,nm2178312
Nicholas Hammond,195.0,nm7459482
Bernard Cribbins,195.0,nm0187754
Enrique Murciano,195.0,nm0006663
Louis Ozawa Changchien,195.0,
Philip Glenister,195.0,nm0322562
Hal Landon Jr.,195.0,nm0484900
Michael Nardone,194.0,nm13630516
Matt Stone,194.0,nm5444425
Tawny Kitaen,194.0,nm0000478
Amy Irving,194.0,nm5747075
Raoul Max Trujillo,194.0,nm0874232
Stanley B. Herman,194.0,nm0379221
Sam Anderson,194.0,nm5784180
Richard Sammel,194.0,nm0759898
Jordan Bridges,194.0,nm6072733
Paul Freeman,193.0,nm9234387
Kim Director,193.0,nm0228171
Azura Skye,193.0,nm0005439
Lorelei Linklater,193.0,nm1085951
Thomas Stroppel,192.0,nm3701537
Rachel Korine,192.0,nm2540339
Tammy Blanchard,192.0,nm0087109
Joe Dinicol,192.0,nm0227710
Alun Armstrong,192.0,nm12451913
Mei Melançon,191.0,nm1024868
Noam Jenkins,191.0,nm0420937
Dustin Lance Black,191.0,nm0085257
Bill Erwin,191.0,nm0259984
Carolyn Hennesy,191.0,nm0377321
Lisa Brave,191.0,nm6825562
Robert Prosky,191.0,nm0698764
Martin Balsam,191.0,nm0000842
Thekla Reuten,191.0,nm0720671
Kate Dickie,191.0,nm0225483
Bob Peck,191.0,nm9225273
Kiran Shah,190.0,nm13516418
Kiersey Clemons,190.0,nm4169922
Paul Scheer,190.0,nm6644554
Deborah Foreman,190.0,nm0286033
Isiah Whitlock Jr.,190.0,nm0926086
Christian Stolte,189.0,nm0831601
Chase Masterson,189.0,nm0135895
Melvyn Douglas,189.0,nm0002048
Micah Sloat,189.0,nm2913790
Natalie Coughlin,189.0,nm6814613
Peter Breck,189.0,nm0106539
Clifton James,189.0,nm14464982
Alex Vincent,189.0,nm9503383
Matt Bennett,189.0,nm5495995
Jenny O'Hara,189.0,nm9692208
Ruby Harris,189.0,nm4826557
Earl Cameron,189.0,nm0131565
Will Geer,188.0,nm10246668
Rebecca Black,188.0,nm6972378
Charles Martin Smith,188.0,nm0001747
Melora Walters,188.0,nm0001828
Melvil Poupaud,188.0,nm0693799
Katherine Boecher,188.0,nm0091136
Dana Andrews,188.0,nm7385823
Kristin Lehman,187.0,nm0005138
Jaycee Chan,187.0,
Lesley-Anne Down,187.0,nm0001153
John Vernon,187.0,nm5764320
Chris Bruno,186.0,nm5588937
Celia Imrie,186.0,nm0408309
Manoj Bajpayee,186.0,nm0048075
Rose Marie,186.0,nm8802103
Michael Chernus,186.0,nm1985974
Sarah Wynter,186.0,nm0944077
Gloria Reuben,186.0,nm0005349
Françoise Yip,186.0,nm0948123
Lambert Wilson,186.0,nm0933727
Jacob Zachar,185.0,nm1939016
Jacqueline McKenzie,185.0,nm11356043
Mary Astor,185.0,nm0000802
Barbie Castro,185.0,nm3608565
Ann Dowd,185.0,nm0235652
Bob Marley,184.0,nm8752314
Derek Wayne Johnson,184.0,nm2361932
Michael Kitchen,184.0,nm8892371
Ron Rifkin,184.0,nm0726492
Suzi Lorraine,184.0,nm1217063
Erica Leerhsen,184.0,nm0498713
John Diehl,184.0,nm8454075
Bill Clinton,184.0,nm2293929
Stephen Walters,184.0,nm5399636
Tom Ardavany,184.0,nm0033939
Albert Maysles,184.0,nm0563099
Scott Thompson,183.0,nm6139704
Jimi Mistry,183.0,nm8932441
Sandahl Bergman,183.0,nm0000922
Peter Jacobson,183.0,nm4171111
Nina Arianda,183.0,nm3616206
Brenda Vaccaro,183.0,nm0882853
Jorge Diaz,183.0,nm9217885
James Brown,183.0,nm9214435
Bruce Thomas,183.0,nm6064707
April Winchell,183.0,nm16282768
Niecy Nash,182.0,nm0621788
Bill Nunn,182.0,nm0638056
Colleen Haskell,182.0,nm0368125
Gaia Weiss,182.0,nm4719349
Toby Leonard Moore,181.0,nm2584861
Rachael Carpani,181.0,nm0139257
Tom Conti,181.0,nm15081800
William Butler,181.0,nm8812575
Ryan Donowho,181.0,nm0233079
John Doe,181.0,nm9215783
Don Stark,181.0,nm3134054
Vanna White,180.0,nm0001846
Jake Cherry,180.0,nm1544084
Stuart Whitman,180.0,nm0926183
Hassan Johnson,180.0,nm9504800
Kathleen Rose Perkins,180.0,nm1137659
Richard Libertini,180.0,nm15232892
Bernie Casey,180.0,nm0143378
David White,180.0,nm8778217
Lauren Sweetser,179.0,nm3454164
Bruce Payne,179.0,nm5153034
Andrea Martin,179.0,nm8758654
Samuel Roukin,179.0,nm1717183
Andy Richter,179.0,nm6927079
Tomiwa Edun,179.0,nm3643989
Chris Ellis,178.0,nm8865624
Noah Danby,178.0,
Matisyahu,178.0,nm1875458
LisaGay Hamilton,178.0,nm0004986
Katherine Waterston,178.0,nm2239702
Elaine Bromka,178.0,nm0111328
Suzie Plakson,178.0,nm0686442
Dorothy Lamour,178.0,nm0483787
David Hemmings,178.0,nm6043436
John Amplas,177.0,nm0025355
Jack Albertson,177.0,nm5986776
Lois Maxwell,177.0,nm10344097
Marilyn Burns,177.0,nm5407191
Isaach De Bankolé,177.0,nm0207218
Billy Aaron Brown,177.0,nm0113130
Lino Facioli,177.0,nm2996220
Henry Czerny,177.0,nm0001089
Heike Makatsch,177.0,nm0538443
Ronn Moss,177.0,nm0609078
Michael Smiley,177.0,nm0806968
Jennie Jacques,177.0,nm3262524
Peter Wingfield,177.0,nm0935057
Joe Flaherty,176.0,nm8807471
Steve Oedekerk,176.0,nm0644203
Walter Pidgeon,176.0,nm0682074
Jesse Hutch,176.0,nm1237948
Bobby Lee,176.0,nm9689688
Michelle Tabora,175.0,nm6898238
Griffin Kane,175.0,nm4051069
Debrianna Mansini,175.0,nm1833916
Jason Douglas,175.0,nm8058099
Tonya Lee Williams,175.0,
Bill Bailey,175.0,nm8855091
Jill St. John,175.0,nm0001762
Serena Scott Thomas,175.0,nm0005583
Sergej Trifunovic,175.0,nm0872729
James Biberi,174.0,nm0080866
A. Michael Baldwin,174.0,nm0049853
Harrison Gilbertson,174.0,
Tony Amendola,174.0,nm9615455
Brian Bosworth,174.0,nm0098372
Gilbert R. Hill,174.0,nm0384280
Richard Brancatisano,174.0,nm2080363
Randy Jones,174.0,nm8815343
Horatio Sanz,174.0,nm0764445
Elpidia Carrillo,174.0,nm0001990
Cynthia Rhodes,174.0,nm9939416
Rick Worthy,174.0,nm0941796
Anthony Heald,173.0,nm0372217
Ashley Walters,173.0,nm5159444
Benoît Magimel,173.0,nm0536095
Noémie Lenoir,173.0,nm1105708
Alicia Goranson,173.0,nm0329773
Ghassan Massoud,173.0,nm1586095
Cam Clarke,173.0,nm0164682
Shun Oguri,173.0,nm1040419
Bernie Sanders,173.0,nm0761471
Edward Everett Horton,172.0,nm0002143
Klaus Maria Brandauer,172.0,nm0001970
Jake Sandvig,172.0,nm0762424
Rick Rossovich,172.0,nm0001685
Lee Ingleby,172.0,nm0408846
Tyrone Giordano,172.0,nm1654831
Dany Boon,172.0,nm0200702
Jsu Garcia,172.0,nm0006987
Currie Graham,172.0,nm15830839
John Howard,172.0,nm8895244
Rob Huebel,172.0,nm1097364
Mark Rolston,171.0,nm10142296
Brian Dorton,171.0,nm4366753
Alexia Rasmussen,171.0,nm3083352
Gemma Jones,171.0,nm8185311
Juhi Chawla,171.0,nm0004487
Andrew Daly,171.0,nm6037945
Lindsay Duncan,171.0,nm9609489
Diane Venora,171.0,nm0893204
Matthew Cowles,170.0,nm0184804
Amelia Warner,170.0,nm0912396
Dameon Clarke,170.0,nm0164718
Katherine Kelly Lang,170.0,nm0485810
Milo O'Shea,170.0,nm0642675
Tanya van Graan,170.0,nm2117238
Joshua Leonard,170.0,nm7481099
Robinne Lee,170.0,nm0498146
Nina Hartley,170.0,nm0000440
Vondie Curtis-Hall,170.0,nm0193554
Heather Donahue,170.0,nm4842605
Jeff Delaney,169.0,nm8934113
Peter Riegert,169.0,nm0726200
China Chow,169.0,nm0004824
Iván Kamarás,169.0,nm0436442
R. Brandon Johnson,169.0,nm1076937
Claudiu Trandafir,169.0,nm0870946
Richard Basehart,169.0,nm0000865
Derek Brandon,168.0,nm9842351
James Karen,168.0,nm0439170
John F. Kennedy,168.0,nm0448123
Remo,168.0,nm8835316
Jason Maza,168.0,nm1961009
Michael Dorman,168.0,nm8569871
Mark Hengst,168.0,nm1936317
David Threlfall,168.0,nm0861915
Christian Campbell,168.0,nm5187785
Mary Mouser,168.0,nm1597268
Jamey Sheridan,168.0,nm0792177
Dwight Henry,168.0,nm4833412
Kevin Rahm,168.0,nm0706716
Ronit Elkabetz,168.0,nm0253813
Robert Neary,168.0,nm7482233
Louise Lasser,167.0,nm0489837
Diane Baker,167.0,nm4860121
Len Cariou,167.0,nm0137230
John Garfield,167.0,nm9281055
William Lee Scott,167.0,nm0005406
Eros Vlahos,167.0,
Troy Garity,167.0,nm0004949
Will Beinbrink,167.0,nm1080718
Miguel Sandoval,166.0,nm8871381
Meredith Scott Lynn,166.0,nm0528761
Kristen Quintrall,166.0,nm2332343
Ski Carr,165.0,nm0139858
Eddie Baroo,165.0,nm1812267
Ryan Kruger,165.0,nm8006617
Erick Elias,165.0,nm1741951
John Lone,165.0,nm13913067
Ryan Kennedy,165.0,nm8836574
James Read,165.0,nm9840153
Pat Hingle,165.0,nm0385757
Elise Neal,165.0,nm0005264
Gael Le Cornec,165.0,nm3269130
Ken Davitian,165.0,nm0205772
Bree Williamson,165.0,nm15371695
Fernando Rey,165.0,nm9675746
Griffin Dunne,165.0,nm0001162
Christiana Leucas,165.0,nm3055831
Michael Harding,165.0,nm8809846
Nikola Djuricko,164.0,nm0229314
Nina Hoss,164.0,nm0396125
DeVaughn Nixon,164.0,nm0633228
Helen Hayes,164.0,nm5627608
David Lewis,164.0,nm8807549
Jean-Hugues Anglade,164.0,nm0000767
Zero Mostel,164.0,nm0609216
Pierre Perrier,164.0,nm7019807
Richard Masur,163.0,nm0557956
Yorick van Wageningen,163.0,nm0905691
Natalie Stephany Aguilar,163.0,nm4612756
Om Puri,163.0,nm0700875
Ana Claudia Talancón,163.0,nm0847799
Lorna Raver,163.0,nm0712404
Sarah Douglas,163.0,nm5165806
Samantha Esteban,163.0,nm0065578
Wayne Pygram,163.0,nm0701460
Richard Brake,163.0,nm0104114
Nellie Sciutto,163.0,nm0778533
Adrian Alonso,163.0,nm1739844
Jordan Trovillion,163.0,nm3561899
Hugh O'Conor,163.0,nm13493609
Sariann Monaco,163.0,nm5616823
Leehom Wang,163.0,nm0910966
Marisa Coughlan,163.0,nm0004846
Kurt Loder,162.0,nm0517064
Tim Thomerson,162.0,nm0859772
Art Malik,162.0,nm0539562
Gregory Sierra,162.0,nm0797268
Linda Kozlowski,162.0,nm11703933
Perdita Weeks,161.0,nm0917347
Khamani Griffin,161.0,nm1367048
Stephanie Sigman,161.0,nm2362713
Rob Brydon,161.0,nm0117339
Caitlyn Jenner,161.0,nm0421063
William Windom,161.0,nm0934750
John Lynch,161.0,nm6147087
Silvia Colloca,161.0,nm1278926
Felicia Pearson,161.0,nm1787519
Leonor Watling,161.0,nm0914455
James Cullen Bressack,161.0,nm4097598
Harry Shearer,161.0,nm0733427
Howard Morris,161.0,nm7596085
James Lance,161.0,nm3448924
Clyde Kusatsu,161.0,nm0476226
Khalid Abdalla,161.0,nm2043234
Jordi Vilasuso,160.0,nm0897425
Mike Doyle,160.0,nm6069917
Lyndie Greenwood,160.0,nm3442405
Brian Steele,160.0,nm9665825
Jane Wyman,160.0,nm0943837
Yvette Mimieux,160.0,nm0590796
Alessandra Mastronardi,159.0,nm1616937
Allison Dean,159.0,nm3143187
Nikki Griffin,159.0,nm9025573
Melissa Sagemiller,159.0,nm0756089
Geneviève Bujold,159.0,nm0000991
Sam Lloyd,159.0,nm6116941
Roberts Blossom,159.0,nm0089348
Craig Conway,159.0,nm8168379
Jake Weary,159.0,nm1621032
Manny Perez,159.0,nm4704821
Ralph Ineson,159.0,nm0408591
Kevin Leslie,159.0,nm15400804
Scott Lawrence,159.0,nm6074143
Timothy Patrick Quill,158.0,nm0703595
Cassie Ventura,158.0,nm0144260
Ara Celi,158.0,nm0148043
Sven-Ole Thorsen,158.0,nm0861752
Patrick Bauchau,158.0,nm0000872
Natalie Mendoza,158.0,nm8480107
Jack Nance,158.0,nm5901088
Victor Buono,158.0,nm0120658
Judie Aronson,158.0,nm0036978
Colleen Dewhurst,157.0,nm0223157
Diana Scarwid,157.0,nm0769311
Teyonah Parris,157.0,nm3500582
Eli Marienthal,157.0,nm0547349
Lauren C. Mayhew,157.0,nm0562674
Jessica Barden,157.0,nm1875238
Mary Page Keller,157.0,nm0005081
Roger Jackson,157.0,nm7911401
Louis Herthum,157.0,nm0381043
Sheridan Smith,156.0,nm11096026
Michael Des Barres,156.0,nm0220735
John Reardon,156.0,nm9468944
Nicholas Rowe,155.0,nm6819368
Amy Bruni,155.0,nm3192899
Jack Thompson,155.0,nm8770562
Richard Norton,155.0,nm5755793
Martina Gedeck,155.0,nm0311476
Ian Gomez,155.0,nm10375514
Timothy Bottoms,155.0,nm12352658
Sterling Jerins,155.0,nm3606106
Simon Yam,155.0,nm0945189
Vincent Guastaferro,155.0,nm0345466
Art Carney,154.0,nm0138770
Paul Anderson,154.0,nm8845685
Fann Wong,154.0,nm0939056
Reda Kateb,154.0,nm3024530
Tyler Hilton,154.0,nm8174812
Boman Irani,154.0,nm1224082
Gerardo Taracena,154.0,nm0850162
Meghan Heffern,153.0,nm1725322
Ken Bevel,153.0,nm2848533
Zak Orth,153.0,nm0651008
Robert McKee,153.0,nm8982392
Cherami Leigh,152.0,nm0473873
Kim Darby,152.0,nm0200981
Tom Stedham,152.0,nm11204689
Frederick Weller,152.0,nm0919867
Arliss Howard,152.0,nm0397124
Tim Bagley,152.0,nm0046730
Michael McLafferty,152.0,nm0565582
Mari Koda,152.0,nm2803051
Mishael Morgan,152.0,nm2931738
James Noble,152.0,nm8891222
Youssef Hajdi,152.0,nm1763487
Rick Gomez,152.0,nm5423265
Emma Kenney,151.0,nm3160752
Chita Rivera,151.0,nm0729234
Donald Sumpter,151.0,nm0838910
Tom Amandes,151.0,nm0023885
Lars Ulrich,151.0,nm10535955
Tara Fitzgerald,151.0,nm15082679
Peter Jason,151.0,nm0419273
Jennifer Rubin,150.0,nm5175248
Veronika Vernadskaya,150.0,nm4721950
Tate Taylor,150.0,nm11785267
Meredith Hagner,150.0,nm2993517
Elyas M'Barek,150.0,nm1065929
Paul Mazursky,150.0,nm0005196
Steven Christopher Parker,150.0,nm1588622
Christopher Rich,150.0,nm7770064
Erin Bethea,150.0,nm2814621
Marie-Josée Croze,150.0,nm0189887
Jack McGraw,150.0,nm7050523
Radivoje Bukvic,150.0,nm1366568
Elizabeth Blackmore,150.0,nm3899933
Aml Ameen,149.0,nm1543989
Lesley Manville,149.0,nm0544334
Leslie Hope,149.0,nm13770350
Elina Alminas,149.0,nm6045387
Janet Hubert,149.0,nm0399494
Woo-sung Jung,149.0,nm6328460
Gordon Pinsent,149.0,nm0684521
Simon McBurney,149.0,nm0564402
Michelle Krusiec,149.0,nm0472891
Carmen Maura,148.0,nm0560962
Brendan Sexton III,148.0,nm0786639
Calvin Lockhart,148.0,nm10200330
Patrick St. Esprit,148.0,nm0820520
Philippe Noiret,148.0,nm0634159
Mario Monicelli,148.0,nm0598102
Hettienne Park,148.0,nm1782292
Charlotte Lewis,148.0,nm5424651
Paul Ogola,147.0,nm5128121
Ólafur Darri Ólafsson,147.0,nm0959963
Josh Hamilton,147.0,nm5542594
Thomas Ian Griffith,147.0,nm0001299
Alan Van Sprang,147.0,nm0888022
Jonathan Mangum,147.0,nm9402340
Susan Tyrrell,147.0,nm0879073
Justin Edward Seale,147.0,nm7546744
David Julian Hirsh,147.0,nm1014989
Nicholas Hamilton,147.0,nm5640595
Gano Grills,147.0,nm0342062
Anita Mui,147.0,nm0611315
Johnny Harris,146.0,nm5433362
James Fox,146.0,nm9210268
Andy Davoli,146.0,nm0205789
Matt King,146.0,nm6061784
John DeSantis,146.0,nm5634206
Kerry Cahill,146.0,nm2684369
Sandy Dennis,146.0,nm12417248
Jean Marsh,146.0,nm0550577
Shelly Varod,145.0,nm0890145
Sonoya Mizuno,145.0,nm4420495
Eden Riegel,145.0,nm0726180
David Clennon,145.0,nm0166359
Kathleen Freeman,145.0,nm3167589
Gordon Jackson,145.0,nm1753126
Uday Chopra,145.0,nm0159167
Marcus Chong,145.0,nm14555905
Olivia Crocicchia,145.0,nm1478028
Ian Tracey,144.0,nm0870439
Rus Blackwell,144.0,nm0085952
O.J. Simpson,144.0,nm0001740
Roger Ashton-Griffiths,144.0,nm0004355
Reuben Langdon,144.0,nm0486047
Sarah Kazemy,144.0,nm3972775
Francesca Capaldi,144.0,nm4941145
Flavio Parenti,144.0,nm2918889
Kevin P. Farley,143.0,nm0267659
Todd Field,143.0,nm0276062
Mink Stole,143.0,nm11568340
Fernando Cayo,143.0,nm0147308
Stark Sands,143.0,nm1197466
Joe McQueen,143.0,nm14562918
Debrah Farentino,143.0,nm0001198
Persis Khambatta,142.0,nm0001422
Caroll Spinney,142.0,nm0818973
Sheldon Bailey,142.0,nm7295213
Marilyn Rising,142.0,nm0728284
Buzz Aldrin,142.0,nm0004696
Sheldon Leonard,142.0,nm0502766
Oana Pellea,142.0,nm0670781
Brooklynn Proulx,142.0,nm1628077
Heather Sossaman,142.0,nm2054764
Bill Paterson,142.0,nm8099979
Edgar Buchanan,142.0,nm0118000
Nora Dunn,142.0,nm14964246
Robert Baker,142.0,nm5154921
Teala Dunn,142.0,nm1911958
Harris Yulin,141.0,nm0950867
Georgia Groome,141.0,nm2102872
Melissa McMeekin,141.0,nm3578998
Hansika Motwani,141.0,nm13424847
Vanessa Hessler,141.0,nm2057064
Murray Bartlett,141.0,nm0058864
Mitchell Ryan,141.0,nm1035977
Trine Dyrholm,141.0,nm0245988
Alex Gibney,141.0,nm0316795
Tim McInnerny,141.0,nm0570570
Peter Firth,141.0,nm7478281
Seamus Davey-Fitzpatrick,140.0,nm2089090
Jason Gray-Stanford,140.0,nm0337020
Rian Bishop,140.0,nm2141246
Kim Ly,140.0,nm4802689
Ian Richardson,140.0,nm9601332
Hunter Tylo,140.0,nm0878950
Ralph Brown,140.0,nm8710259
Peter Finch,139.0,nm8924520
Patrick Troughton,139.0,nm0873743
Maria Dizzia,139.0,nm1978694
Jack Wild,139.0,nm9875274
Ron Silver,139.0,nm9956367
Travis Legge,138.0,nm3728366
Alicia Sixtos,138.0,nm1992474
Susan Chambers,138.0,nm4683264
Sarah Steele,138.0,nm6024647
Shari Albert,138.0,nm0016589
Phil Silvers,137.0,nm0799014
Alex McArthur,137.0,nm10649699
Danielle Savre,137.0,nm1642290
Barry Fitzgerald,137.0,nm6139115
Charles Keating,137.0,nm0444091
Kate Magowan,137.0,nm0536461
Tim Rose,137.0,nm9988067
Stacy Edwards,136.0,nm0250368
Joan Baez,136.0,nm0001926
Samuel West,136.0,nm11546848
Jesse Moss,136.0,nm9610044
Nicol Williamson,136.0,nm0932116
Brigitte Helm,136.0,nm16829695
Lysette Anthony,136.0,nm0000771
Lucy Boynton,135.0,nm2377903
William Ragsdale,135.0,nm0706619
Ronald Colman,135.0,nm4432714
Jeanne Crain,135.0,nm0002022
Alex Désert,135.0,nm0246373
Eme Ikwuakor,135.0,nm2726710
Valerie Tian,135.0,nm1197845
Larry King,135.0,nm6026463
James Le Gros,135.0,nm0001457
Dave Allen,135.0,nm6067964
Michael Gaston,135.0,nm3078734
Amber Rose Revah,135.0,nm2362244
Michael Lonsdale,135.0,nm7284530
Taylor Pigeon,134.0,nm3000928
Kristin Booth,134.0,nm16977840
Mel Ferrer,134.0,nm0002072
Matt Crabtree,134.0,nm0960750
Kalim Chandler,134.0,nm6839836
Rachel Sterling,134.0,nm1043494
Matt Price,134.0,nm5487778
Jennifer Lee Wiggins,134.0,nm1725464
Sarah Lind,134.0,nm3446646
Michael Elian,134.0,nm1510424
Gabriela Castillo,134.0,nm9729922
Noah Huntley,133.0,nm8533451
Béatrice Dalle,133.0,nm0001095
Sandra Vergara,133.0,nm3162525
Ash Cook,133.0,nm5929565
Barbara Carrera,133.0,nm11865767
Molly Hagan,133.0,nm0353243
George 'Buck' Flower,133.0,nm0002668
Daniella Pineda,133.0,nm17003282
Anushka Shetty,133.0,nm2011932
Corlandos Scott,133.0,nm4070713
Francesc Pagès,132.0,nm1368662
Sam McMurray,132.0,nm7618001
Julie Adams,132.0,nm9036763
Nicola Walker,132.0,nm8090290
William Lucking,132.0,nm0524747
Emma de Caunes,132.0,nm0004381
Ingrid Thulin,132.0,nm0862026
Cornel Wilde,132.0,nm0664273
Junix Inocian,132.0,nm0633762
Thomas Brophy,132.0,nm5977649
James Eckhouse,131.0,nm0248698
Lara Jean Chorostecki,131.0,nm1892299
Krysta Rodriguez,131.0,nm3106253
David Lee Smith,131.0,nm13017117
Matt Keeslar,131.0,nm0444832
Doug Walker,131.0,nm5616769
Anna-Louise Plowman,131.0,nm0687491
Lubna Azabal,131.0,nm0044073
Anamaria Marinca,131.0,nm1671512
John Bell,130.0,nm9223972
Ronee Collins,130.0,nm4135862
Danny Webb,130.0,nm9715078
Maude Apatow,130.0,nm2654829
Stephanie Lemelin,130.0,nm1107254
Todd Allen,130.0,nm5179084
Robert Costanzo,130.0,nm0182456
Anne Parillaud,130.0,nm0001594
Brent Sexton,130.0,nm0786641
Sheryl Crow,130.0,nm0002028
Aitana Sánchez-Gijón,130.0,nm0845209
Dominik García-Lorido,130.0,
Tuesday Knight,130.0,nm0461110
Steve Gonsalves,130.0,nm1763467
Maeve Dermody,130.0,nm0220450
Jessica McNamee,129.0,nm2537621
Jacob Latimore,129.0,nm3632976
Timothy Van Patten,129.0,nm0887700
Chris Weitz,129.0,nm0919363
Oksana Akinshina,129.0,nm0968541
Monica Barladeanu,129.0,nm1715144
Drew Powell,129.0,nm5487169
Rosalind Chao,129.0,nm0001034
Luis Rosado,129.0,nm5157492
Luisa D'Oliveira,129.0,nm9837793
Michael Derek,128.0,nm2998538
Dan O'Herlihy,128.0,nm0641397
James DeBello,128.0,nm0004867
Jake Ryan,128.0,nm5708764
Mike Birbiglia,128.0,nm1898126
Brian Johnson,128.0,nm9197585
Dan Bilzerian,127.0,nm3626447
Nicky Katt,127.0,nm0441588
Patrick Cranshaw,127.0,nm0186498
Benno Fürmann,127.0,nm0299811
Sara Stewart,127.0,nm9644000
Reza Sixo Safai,127.0,nm2872129
Sina Amedson,127.0,nm2019522
Libby Villari,127.0,nm0898047
Adrian Holmes,126.0,nm6742891
Fay Masterson,126.0,nm0557739
Peter Spellos,126.0,nm0046428
Yeong-ae Lee,126.0,
Lisa Kay,126.0,nm5689751
Zack Pearlman,126.0,nm3994945
Jason Spevack,125.0,nm1555151
Jay Laga'aia,125.0,nm0481092
Brian McNamara,125.0,nm5796016
George W. Bush,125.0,nm0124133
Edward Fox,125.0,nm5461765
Rodney Eastman,125.0,nm0247672
Judith O'Dea,125.0,nm0640621
Edward Andrews,125.0,nm6417062
Charles Aznavour,125.0,nm0002198
Freddie Jones,124.0,nm8136800
Kristi Clainos,124.0,nm1627999
Ella Joyce,124.0,nm16141394
Whit Bissell,124.0,nm0000946
Bart Shatto,124.0,nm1211407
Julie Dawn Cole,124.0,nm0170628
Corey Johnson,123.0,nm8778871
Lex Shrapnel,123.0,nm0795345
Iben Hjejle,123.0,nm0005013
Pauline Collins,123.0,nm11433970
Homayoun Ershadi,123.0,nm0259831
Parker Bagley,123.0,nm2782444
Don Francks,123.0,nm0290475
Karra Elejalde,123.0,nm0253216
Debi Derryberry,122.0,nm0220635
Joaquín Cosio,122.0,nm1370408
Damian Walshe-Howling,122.0,nm0909935
Clé Bennett,122.0,nm0071680
Steven Hill,122.0,nm6108593
Richard Dysart,122.0,nm7256679
Alan Bates,122.0,nm5164592
Carlos Gallardo,121.0,nm8942788
Charlotte Stewart,121.0,nm6755725
Peter McQuinn,121.0,
Arben Bajraktaraj,121.0,nm0048076
Darren E. Burrows,121.0,nm0123261
Adrienne King,121.0,nm0454415
Lesley Sharp,121.0,nm0789093
Tucker Smallwood,121.0,nm0806613
Richard Gant,120.0,nm0304579
Mackenzie Aladjem,120.0,nm2662815
Ajay Naidu,120.0,nm2516766
Peter Mark Richman,120.0,nm0725052
Kathleen Kinmont,120.0,nm0455681
Manuela Velasco,120.0,nm0892299
Dendrie Taylor,120.0,nm0852256
Christopher Denham,120.0,nm1706832
Eric Sheffer Stevens,120.0,nm2033731
Troy Evans,120.0,nm5310372
Erin Pitt,120.0,nm3879377
Terence Maynard,120.0,nm0562793
Maurice Compte,120.0,nm0173997
Melissa Roxburgh,119.0,nm4612692
Riteish Deshmukh,119.0,nm1299011
Fernanda Montenegro,119.0,nm0005244
Harriet Walter,119.0,nm0910040
Brendon Eggertsen,119.0,nm3293813
Ben Miles,119.0,nm5548582
Genevieve O'Reilly,119.0,nm0642444
Sessue Hayakawa,119.0,nm0370564
David Thornton,119.0,nm6901611
David Zucker,119.0,nm9565915
James Urbaniak,119.0,nm9338955
Steve Earle,119.0,nm7316994
Katy Jurado,119.0,nm0432827
Alexander Wraith,119.0,nm2066764
Clive Swift,118.0,nm0842578
Dinah Manoff,118.0,nm0001503
Michele Morrow,118.0,nm4865973
Michelle Simone Miller,118.0,nm4790168
Vincent Walsh,118.0,nm0909906
Liane Balaban,118.0,nm0049313
Fred Tatasciore,118.0,nm0851317
Master P,118.0,nm0005290
Stafford Douglas,118.0,nm15584365
Zackary Steven Graham,118.0,nm6546399
Kelly Keaton,117.0,nm1960185
Gary Lockwood,117.0,nm4409085
Patti D'Arbanville,117.0,nm0001091
Brittney Powell,117.0,nm9280559
Malcolm Goodwin,117.0,nm2786235
Brian Stepanek,117.0,nm0826745
Jørgen Langhelle,117.0,nm0486433
Todd Giebenhain,117.0,nm0317315
Josh Pais,117.0,nm0656929
Michael Byrne,117.0,nm6111194
Tim DeZarn,117.0,nm0212498
Alice Olivia Clarke,117.0,nm3122896
T.V. Carpio,117.0,nm1410258
Clotilde Hesme,116.0,nm1202905
Leon Isaac Kennedy,116.0,nm0411531
David Wayne,116.0,nm6834269
Roy Billing,116.0,nm0006355
Branko Djuric,116.0,nm0229301
Richard Portnow,116.0,nm0692466
Paul Fix,116.0,nm11155648
Jessie T. Usher,116.0,nm1900772
Connor Corum,116.0,nm5889877
Olly Alexander,116.0,nm2728054
Bronagh Gallagher,115.0,nm0302345
Joe Cornish,115.0,nm7683278
Jarrod Phillips,115.0,nm8343639
Ralph Richardson,115.0,nm3992080
Larry Bagby,115.0,nm0046541
Rie Rasmussen,115.0,nm1051346
Marty Lindsey,115.0,nm0512386
Kate Ashfield,115.0,nm0038918
Konstantin Khabenskiy,114.0,
Patricia Raven,114.0,nm0712360
Kim Hunter,114.0,nm8438273
Tómas Lemarquis,114.0,nm1319365
Saeed Jaffrey,114.0,nm0006762
Samuel Davis,114.0,nm8902375
Lola Dueñas,114.0,nm0240318
Alan Hale,114.0,nm9420740
Céline Sallette,114.0,nm2072818
Tim Gunn,113.0,nm10607152
Sean Rogerson,113.0,nm1556638
Alisha Boe,113.0,nm2647981
Claire Bloom,113.0,nm12013137
Ion Overman,113.0,nm0653887
Annie Golden,113.0,nm0325390
Stephen Macht,113.0,nm0532685
Hristo Shopov,113.0,nm0794885
Nandita Das,113.0,nm8485745
Terry Pheto,113.0,nm1965907
Peter Sohn,113.0,nm0812307
Tovah Feldshuh,113.0,nm0271165
Ricky Catter,113.0,nm2953979
Aaron Hughes,113.0,nm5573404
Darren Boyd,112.0,nm8537576
Vernee Watson,112.0,nm0914937
Paula Kelly,112.0,nm8776726
Owen Teale,112.0,nm0853583
Tracy Middendorf,112.0,nm0585429
Gino Salvano,111.0,nm0759301
Jacob Young,111.0,nm9056429
Madison McKinley,111.0,nm8368516
Ronald Pickup,111.0,nm0681975
Miriam Colon,111.0,nm9234395
Paul F. Tompkins,111.0,nm0006670
Michael McGlone,111.0,nm9519401
Paul Daniel Ayotte,111.0,nm5111077
Kenneth Cranham,111.0,nm0186469
Ethan Stiefel,111.0,nm0830059
Diana Vickers,111.0,nm3165234
Chase Armitage,111.0,nm2897811
Hardy Krüger,111.0,nm4291600
Matthew Daddario,110.0,nm4568989
Waris Ahluwalia,110.0,nm1753302
Kelli Barrett,110.0,nm1799058
Garrick Hagon,110.0,nm0353796
Matt Bushell,110.0,
Avery Schreiber,110.0,nm0775213
Jack Carson,110.0,nm9075247
Kyle Gass,110.0,nm0309307
Jason Connery,110.0,nm0001064
Luke Ford,110.0,nm7314378
Paul Hickert,110.0,nm3288472
Art Hindle,110.0,nm0385543
Chrystee Pharris,110.0,nm0679690
Neville Brand,110.0,nm0104507
Ashley Palmer,109.0,nm9216861
Odessa Rae,109.0,nm1230874
Mani Bharathi,109.0,nm5694595
Scott Handy,109.0,nm0359710
Tony Lo Bianco,109.0,nm12579432
Kirk Fox,109.0,nm0289105
Kristen Cloke,109.0,nm0167028
Kris Sommerville,109.0,nm4036568
William Kircher,109.0,nm2734037
Sakina Jaffrey,109.0,nm0415529
Gyton Grantley,109.0,nm1189489
Derek Magyar,108.0,nm1744979
Matt Malloy,108.0,nm13532037
Billie Whitelaw,108.0,nm0925794
Matthew Glave,108.0,nm0322182
Kyla Wise,108.0,nm0027047
Raymond J. Barry,108.0,nm0000855
Sofie Gråbøl,108.0,nm0344894
Keenan Tracey,108.0,nm3485889
Duane Jones,108.0,nm8886688
Dov Tiefenbach,108.0,nm0862820
Kick Gurry,107.0,nm17208788
Finn Ireland,107.0,nm3880541
Derek Jeter,107.0,nm1157013
Robert Clohessy,107.0,nm0167024
Aaron Kwok,107.0,nm15110324
Ritchie Coster,107.0,nm0182662
Nicholas Tse,107.0,nm0874866
Frances Lee McCain,107.0,nm0564589
Jason Cope,107.0,nm6134406
Tom Bower,107.0,nm6357492
Marc Macaulay,107.0,nm0531333
Casey Siemaszko,107.0,nm0797150
Alicia Ziegler,106.0,nm1631505
Danielle Darrieux,106.0,nm0201638
Shin'ya Tsukamoto,106.0,nm0875354
Shaun O'Hagan,106.0,nm0641156
Paresh Rawal,106.0,nm9946946
Rekha Sharma,106.0,nm6728856
Alex Macqueen,106.0,nm8522790
Kali Rocha,106.0,nm0733812
Christian Clavier,106.0,nm0002010
Erin Wasson,106.0,nm2941165
Brandon Smith,106.0,nm9205789
Nehemiah Persoff,105.0,nm0675490
Matt Letscher,105.0,nm0504762
Shane Brolly,105.0,nm0111274
Lydia Wilson,105.0,nm8897846
Edith Massey,105.0,nm0557298
Dick Powell,105.0,nm3991609
Fred Melamed,105.0,nm0577329
Ray Nicholas,105.0,nm0629425
Andrea Savage,105.0,nm7718794
Kevin Breznahan,104.0,nm0108362
Molly Dunsworth,104.0,nm1081112
Bryan Dick,104.0,nm3507602
Togo Igawa,104.0,nm0407033
Christian Berkel,104.0,nm0075321
Charles Irving Beale,104.0,nm3441130
Malika,104.0,nm8654883
Black Thomas,104.0,nm2624894
Natasha Gregson Wagner,104.0,nm0906031
Pawel Szajda,104.0,nm1437733
Samantha Eggar,104.0,nm0002058
Noam Chomsky,103.0,nm0159008
Ashleigh Gryzko,103.0,nm1925168
Jeannetta Arnette,103.0,nm0036261
Geoffrey Palmer,103.0,nm9332705
Samantha Ivers,103.0,nm2142741
Chen Chang,103.0,nm5146437
Joe E. Brown,103.0,nm0113873
Casper Crump,103.0,nm3354565
Gulshan Grover,102.0,nm0004109
Adam Carolla,102.0,nm0004805
Richard Jaeckel,102.0,nm0001395
Pelé,102.0,nm8574976
Candace Kroslak,102.0,nm0472308
Michael Horse,102.0,nm0395398
George Raft,102.0,nm0706368
Justin Hall,102.0,nm5561422
Johnny Flynn,102.0,nm6947997
Stephen Boyd,102.0,nm6136074
Adriano Giannini,102.0,nm0316271
Tania Saulnier,102.0,nm0766690
Danny Sapani,102.0,nm0764527
Angela Featherstone,102.0,nm0004911
Debra Paget,102.0,nm0656428
Josh Stamberg,102.0,nm0821817
Wilhelm von Homburg,102.0,nm0902455
Kelly Jo Minter,101.0,nm0591702
John McMartin,101.0,nm0533979
Ellie Cornell,101.0,nm0332081
Rosalind Ayres,101.0,nm0044011
Filippo Timi,101.0,nm0863599
Melvin Van Peebles,101.0,nm11246872
Clare Higgins,100.0,nm9582172
Laraine Day,100.0,nm0206478
Jesper Christensen,100.0,nm6251467
Amanda Redman,100.0,nm0714985
Constance Wu,100.0,nm2090422
Peter Sallis,100.0,nm0758608
Grigoriy Dobrygin,100.0,
Samantha Futerman,100.0,nm1789162
Michelle Nolden,100.0,nm0634409
Steve Pemberton,100.0,nm6879577
Ser'Darius Blain,100.0,nm3843144
Ron Roggé,99.0,
Greg Mottola,99.0,nm0609549
Sarah Solemani,99.0,nm1683850
Andrew Simpson,99.0,nm6135848
Marko Zaror,99.0,nm1047252
Gloria Foster,99.0,nm3855317
Randall Duk Kim,99.0,nm0453641
Erin Fitzgerald,99.0,nm8871464
Susie Essman,99.0,nm0261435
Robert Wahlberg,99.0,nm5577826
Adolphe Menjou,99.0,nm0579663
Olivia DeJonge,99.0,nm4609822
Jude Ciccolella,99.0,nm0161980
Catherine Dent,99.0,nm0219748
Joe Armstrong,98.0,nm9622694
Fana Mokoena,98.0,nm0596350
Georgina Reilly,98.0,nm2468050
Sabrina Ferilli,98.0,nm0272677
Elise Muller,98.0,nm0612117
Joe Coffey,98.0,nm8820839
Peter Breitmayer,98.0,nm0106998
Émilie Dequenne,98.0,nm0220183
Don McManus,98.0,nm8912383
Chris Harrison,98.0,nm8820740
Trevor Howard,98.0,nm8646285
Christian Clemenson,97.0,nm0166061
Aida Turturro,97.0,nm0878152
Antoni Corone,97.0,nm0139175
Carmen Perez,97.0,nm8955416
Jaya Bhaduri,97.0,
Padraic Delaney,97.0,
Patrick Brammall,96.0,nm1669772
Steve James,96.0,nm6031890
Yul Vazquez,96.0,nm0891485
Darryl Cox,96.0,nm7039475
David Murray,96.0,nm9208722
Revathy,96.0,nm14931755
Jake Wood,96.0,nm5173420
Dana Blackstone,96.0,nm3149393
William Joseph Elk III,96.0,nm1111574
Cheryl Tiegs,96.0,nm0862841
Anthony Chau-Sang Wong,96.0,nm0938893
Markéta Irglová,96.0,nm2461627
Brahim Achabbakhe,96.0,
Graham Beckel,95.0,nm0065320
Chelsea Field,95.0,nm0001210
Marilyn Norry,95.0,nm0635939
Jim Cody Williams,95.0,nm0930908
Susan Clark,95.0,nm5707258
Ed Stoppard,95.0,nm1000240
Tony Way,95.0,nm8012897
Shabana Azmi,95.0,nm0000818
Igal Naor,95.0,nm0620981
Tsianina Joelson,95.0,nm0423586
Jeanette Branch,95.0,nm1505294
Kate Luyben,95.0,nm0527722
Tony Ganios,95.0,nm0304393
Albert Salmi,94.0,nm0758692
David Dencik,94.0,nm1399770
Ace Marrero,94.0,nm2874635
Joyce Randolph,94.0,nm0709910
Paul Scofield,94.0,nm12444704
Jerry Nelson,94.0,nm6934189
Tommy Knight,94.0,nm17039331
David Hoffman,94.0,nm6112919
Nicole Dionne,94.0,nm4189559
Jennifer Sky,94.0,nm0805021
Spring Byington,94.0,nm0001981
Parry Shen,94.0,nm0791487
Stuart Wilson,94.0,nm4842737
Kaiwi Lyman-Mersereau,94.0,
Bill Farmer,93.0,nm8004263
Lara Jill Miller,93.0,nm0330070
David Gulpilil,93.0,nm0347858
Alex Veadov,93.0,nm0891514
Jennifer Ulrich,93.0,nm1457472
Aldo Sambrell,93.0,nm0759757
Christopher Cousins,93.0,nm0184086
Matias Varela,93.0,nm0655782
Franky G,93.0,nm1065281
Tony Corvillo,93.0,nm2386577
Larry Poindexter,93.0,nm0223315
Tamar Novas,93.0,nm0636991
Alan Pietruszewski,93.0,nm1830016
Matthew Borlenghi,92.0,
Jennifer Schwalbach Smith,92.0,nm0777059
Magi Avila,92.0,nm2019709
Erland Josephson,92.0,nm0430746
Amy Hargreaves,92.0,nm2712441
John Wood,92.0,nm6095577
Gilles Lellouche,92.0,nm0500976
Lee Ving,92.0,nm17019206
Daniel Lapaine,92.0,nm15664529
Daniel Tay,92.0,nm1307735
Victor Zinck Jr.,91.0,nm3527541
Eric Jacobson,91.0,nm7107037
Ryan Bollman,91.0,nm0093174
Darlene Love,91.0,nm0522306
Michael Wong,91.0,nm5536080
Ned Bellamy,91.0,nm0068709
Jason Trost,91.0,nm4620081
Gary Schwartz,91.0,nm8805818
Jonathan Morgan Heit,91.0,nm2384128
Nicholas Carella,91.0,nm0136802
Pat Boone,91.0,nm0004769
Jayne Eastwood,90.0,nm0247720
Leo Rossi,90.0,nm5438413
Stefania Sandrelli,90.0,nm0762248
Rae'Ven Kelly,90.0,
Connie Ray,90.0,nm3073614
Álex Angulo,90.0,nm0029962
Ritchie Montgomery,90.0,nm0599907
Mike Muscat,90.0,nm0615557
Victor McLaglen,89.0,nm0572142
Jessica Lindsey,89.0,nm9670499
Bobby Deol,89.0,nm13432565
Diana Maria Riva,89.0,nm0728936
Jennifer Hall,89.0,nm5739595
Kôji Yakusho,89.0,nm0945131
Barnard Hughes,89.0,nm0400464
Charly Bivona,89.0,nm4108882
Rizwan Manji,89.0,nm0542492
Sedona James,89.0,nm5601437
Trevor Blumas,89.0,nm0089720
Adam Rifkin,89.0,nm9026733
Gladys Cooper,89.0,nm3186850
Nicholas Farrell,89.0,nm0268297
Chris Eigeman,88.0,nm0001177
Oliver Stark,88.0,nm4091533
Todd Louiso,88.0,nm0521974
Soledad Villamil,88.0,nm0897845
Liz Mullane,88.0,nm0611943
Ariana Neal,88.0,nm4578163
Forrest Tucker,88.0,nm15564813
Joanna Kulig,88.0,nm2251846
Veronica Taylor,88.0,nm5420676
Thom Mathews,87.0,nm0558726
Ivan Dixon,87.0,nm7129848
Michael Brandon,87.0,nm9219332
Jack Hawkins,87.0,nm9623762
Vincent Duvall,87.0,
Nicholas Elia,87.0,nm1675002
Max Wright,87.0,nm9764080
Zak Penn,87.0,nm0672015
Fenella Woolgar,87.0,nm0941211
Jasmine Trinca,87.0,nm0872910
Ariel Gade,87.0,nm1262166
Nick Principe,86.0,nm1891137
Diego Velazquez,86.0,nm4864132
Jackie Burroughs,86.0,nm4205205
John August,86.0,nm4599654
Matthew Alan,86.0,nm1372721
Dorothy Lyman,86.0,nm0528147
John Ireland,86.0,nm9207632
Benoît Poelvoorde,86.0,nm0688143
François Berléand,86.0,nm0075710
Debra Monk,86.0,nm0598213
Matt Marr,85.0,nm7818287
Kazunari Ninomiya,85.0,nm0632497
James Huang,85.0,nm4187198
Gilbert Roland,85.0,nm0738042
Nimrat Kaur,85.0,nm16650928
Joe Spinell,85.0,nm0818874
Sanjay Mishra,85.0,nm8760185
Tracy Letts,85.0,nm0504832
Timothée Chalamet,85.0,nm3154303
Clayton Rohner,85.0,nm0737553
Neeru Bajwa,85.0,nm1263093
Barney Clark,85.0,nm13809654
Joseph Mascolo,85.0,nm0556217
Adriana Barraza,85.0,nm16246813
Michelle Hurst,85.0,nm6426162
John Colicos,85.0,nm0171475
John Lucas,84.0,nm9205958
Tom Everett,84.0,nm9879651
Steve Whitmire,84.0,nm0926209
Zoe Ventoura,84.0,nm2191570
Evan Parke,84.0,nm6420295
Takuya Kimura,84.0,nm12184916
Rick Dial,84.0,nm0224496
Ginger Jensen,84.0,nm6008287
Mary Kate Wiles,84.0,nm3167202
Jason Hawes,84.0,nm1739931
Velibor Topic,84.0,nm0867677
Hugo Stiglitz,83.0,nm0830153
Mark De Alessandro,83.0,nm0206905
Betty Hutton,83.0,nm1653536
Jason Cerbone,83.0,nm0148466
Eric Sykes,83.0,nm8563264
Karen Mok,83.0,nm0596297
Kenneth Williams,83.0,nm9542178
Leo McKern,83.0,nm0571674
Joseph Pilato,83.0,nm0683334
Bess Armstrong,83.0,nm0000787
Holmes Osborne,83.0,nm0651660
Lynda Boyd,83.0,nm0007155
Larry Fessenden,83.0,nm0275244
Aries Spears,83.0,nm0817341
John Sessions,83.0,nm17218799
Gabriel Hogan,83.0,nm0389527
Justin Pierce,82.0,nm5742962
Sumalee Montano,82.0,nm0599019
Jimmy Shubert,82.0,nm0795540
Louis Koo,82.0,nm0465503
Eric Stuart,82.0,nm14923666
Sana Saeed,82.0,nm0755705
Adriana Caselotti,82.0,nm0143314
Timothy West,82.0,nm8549833
Todd Susman,82.0,nm0839881
Anthony Simcoe,82.0,nm0799402
Shane Rangi,82.0,nm1432313
Angus Sampson,82.0,nm0760151
Antonio de la Torre,82.0,nm4872118
Leo G. Carroll,82.0,nm0001991
Karin Konoval,81.0,nm0465269
Marcella Lentz-Pope,81.0,nm1719288
Mandy Gonzalez,81.0,nm3046025
Dean Dawson,81.0,nm5411499
Christopher B. Duncan,81.0,nm0241935
Park Bench,81.0,nm0070339
Kelly Reno,81.0,nm0719738
John Gilbert,81.0,nm6117452
Frank Gerrish,81.0,nm0314754
Jessica Bowman,81.0,nm8898029
Griffin Cleveland,81.0,nm2743940
Luis Antonio,80.0,nm5480075
Judith Godrèche,80.0,nm0002105
Marcus Lyle Brown,80.0,nm0114177
Catherine Schell,80.0,nm0770711
Fabrice Luchini,80.0,nm0524528
Ji-won Ha,80.0,
Jacky Ido,80.0,nm1784515
Tim Pigott-Smith,80.0,nm0683116
Adam LeFevre,80.0,nm0480775
Austin Lyon,80.0,nm5266877
Jorge Salinas,79.0,nm5145654
Ricky Jay,79.0,nm0419633
Rob Moran,79.0,nm9712271
Siu-Wong Fan,79.0,
Robert Foxworth,79.0,nm0289343
Jean Peters,79.0,nm10566292
Robin Bartlett,79.0,nm15444287
Zohra Segal,79.0,
Lina Esco,79.0,nm2128467
Lynn Hung,79.0,
Claire Geare,78.0,nm3637500
Shidô Nakamura,78.0,nm1217394
Shaun Parkes,78.0,nm0662744
Dalia Hernández,78.0,nm2199664
Francesca Rettondini,78.0,nm0720575
Tim Heidecker,78.0,nm1727367
Marta Etura,78.0,nm1011070
Ji-tae Yu,78.0,
Reginald Owen,78.0,nm0654239
Bill Hickman,78.0,nm8125702
Jorge Luis Moreno,78.0,nm8890874
Julene Renee,78.0,nm0719444
Anthony Johnson,78.0,nm8752048
John McGiver,77.0,nm0569410
Brian d'Arcy James,77.0,nm0195421
T.R. Silambarasan,77.0,
Jake Richardson,77.0,nm5198745
Josie Ho,77.0,nm0387319
Jacob Hopkins,77.0,nm9708140
Steve Bisley,77.0,nm0001950
Jim Norton,77.0,nm9216164
George Cole,77.0,nm8766667
June Carter Cash,77.0,nm0141745
Richard Johnson,77.0,nm6152557
Ashley Gerasimovich,77.0,nm3406379
Monda Scott,77.0,nm3771539
Danny Rhodes,77.0,nm1959547
Bobby Brown,77.0,nm6148595
Anita Page,77.0,nm0656105
Blythe Auffarth,76.0,nm0041752
Nacho Vigalondo,76.0,nm1443023
Jessica Duffy,76.0,nm1871320
Brian Howe,76.0,nm9223504
Rene Rosado,76.0,nm2062531
Lindsay Felton,76.0,nm3906737
Summer Phoenix,76.0,nm0001619
Jan Cornet,76.0,nm1693432
Beatrice Straight,75.0,nm0833152
Simon Abkarian,75.0,nm0008787
Ho-Sung Pak,75.0,nm0657064
Chris New,75.0,nm5556272
Rebecca Dayan,75.0,nm3266168
Lena Endre,75.0,nm0256890
Tom Burlinson,75.0,nm6937744
Arthur O'Connell,75.0,nm0640023
Akshaye Khanna,75.0,nm0451379
Taylor Nichols,74.0,nm7900926
Sara Forestier,74.0,nm1271759
Ah-sung Ko,74.0,
Kimberly Beck,74.0,nm13035152
Thomas Bo Larsen,74.0,nm0488917
Dylan Schombing,74.0,nm6090983
Pat Healy,74.0,nm7593559
Glenn Beck,73.0,nm2253512
Maxine Bahns,73.0,nm0000827
Adrienne Frantz,73.0,nm0291785
Natalie Lisinska,73.0,nm1990511
Gretchen Palmer,73.0,nm0658252
Clive Revill,73.0,nm0720890
Sal Lopez,73.0,nm9302272
Robert Lopez,73.0,nm9201706
Olivia Alexander,73.0,nm9834575
Debra Lynn Hull,73.0,nm1955343
Nicky Naudé,73.0,nm0622505
Benjamin J. Cain Jr.,73.0,
Lillete Dubey,73.0,nm0239267
Alice Playten,73.0,nm0687029
Adrienne Pickering,72.0,nm1506789
Richard Brooker,72.0,nm9421560
Gary Jones,72.0,nm9205016
Pip Torrens,72.0,nm0868476
Christel Khalil,72.0,nm0451092
Mark Rendall,72.0,nm6404839
Prabhas,72.0,nm7908540
Alba Rohrwacher,72.0,nm2130040
Rain,72.0,nm8792349
Shakti Kapoor,72.0,nm0007106
Cara Seymour,71.0,nm9756825
Jeff Lima,71.0,nm6310689
Yetta Gottesman,71.0,nm0331898
Claudia Ferri,71.0,nm5272859
Sandrine Kiberlain,71.0,nm0452161
Martin Hancock,71.0,nm5691772
Prabhudheva,71.0,
Louis Mustillo,71.0,nm0615992
Nancy O'Dell,71.0,nm0640669
Vince Corazza,71.0,nm0004138
Deborra-Lee Furness,71.0,nm0299028
Juan Riedinger,71.0,nm2017931
Gerard McSorley,71.0,nm0574561
Phil Leeds,71.0,nm0498609
Sook-Yin Lee,71.0,nm0498271
Jacek Koman,70.0,nm0464522
Pauline McLynn,70.0,nm0572965
Finlay Currie,70.0,nm0192958
Gabriel Beristain,70.0,nm0075244
Serena Grandi,70.0,nm0000423
Gordon Jump,70.0,nm0432410
Kirby Heyborne,69.0,nm1109458
Bob Costas,69.0,nm0182471
Hugh Griffith,69.0,nm0341518
Christopher Robin Miller,69.0,nm1248730
Huell Howser,69.0,nm1260764
Gigi Rice,69.0,nm0723432
Alexandra Rapaport,69.0,nm0710658
Howard Caine,69.0,nm6157017
DJ Pooh,69.0,nm0690770
Arcelia Ramírez,69.0,nm0709204
Sidney James,69.0,nm16125751
Kevork Malikyan,69.0,nm0539616
Adrian Gonzalez,69.0,nm8918315
Demetrius Grosse,69.0,nm2009006
Sean Kingston,69.0,nm9140508
Angela Jones,69.0,nm6086634
Seu Jorge,69.0,nm8790765
Al Gore,68.0,nm2392533
Vanessa Marshall,68.0,nm9434154
Selton Mello,68.0,nm0578080
David Alan Basche,68.0,nm0059654
Judy Marte,68.0,nm0551441
Charlie Yeung,68.0,nm0947777
Karin Viard,68.0,nm0895759
James Robertson Justice,68.0,nm0433150
Michael J. Burg,68.0,nm0121119
George Newton,68.0,nm5007332
Shawn Andrews,67.0,nm7754286
Zoe Levin,67.0,nm9285268
Dinesh D'Souza,67.0,nm1625338
Alonna Shaw,67.0,nm0789585
Pedro Armendáriz Jr.,67.0,nm0001917
Bruce Altman,67.0,nm0022883
Kati Outinen,67.0,nm0653669
Karen Young,67.0,nm6088761
Michael Potts,67.0,nm8866858
The Edge,67.0,nm12453373
Simon Rhee,67.0,nm0722223
Nathalie Baye,67.0,nm0000882
Nancy Kyes,67.0,nm0477341
Brad Leland,67.0,nm0500894
John Castle,67.0,nm4831853
Vauxhall Jermaine,67.0,nm16780338
John Randolph,67.0,nm6081142
Mélissa Désormeaux-Poulin,66.0,nm0246386
Celina Beach,66.0,nm4327513
Johanna Wokalek,66.0,nm0937557
The Dalai Lama,66.0,nm0482730
John Beck,66.0,nm8765963
Conrad Coates,66.0,nm0167626
Keith Allen,66.0,nm8651068
Sharon Small,66.0,nm8375308
Frank Faylen,66.0,nm0269709
Betsy Baker,66.0,nm7746413
Nathin Butler,65.0,nm7121906
Lumi Cavazos,65.0,nm0004816
Sandra Nelson,65.0,nm8647580
Neil Armstrong,65.0,nm6045634
Scott Reeves,65.0,nm5760322
Florian Lukas,65.0,nm0525518
Joe Cross,65.0,nm9352753
Elizabeth Berrington,65.0,nm0077397
Igor Jijikine,65.0,
Mikki Padilla,65.0,nm1335224
Nick Damici,65.0,nm0198804
Steven Brill,65.0,nm1034692
Stephen Henderson,64.0,nm8840570
Nirut Sirichanya,64.0,nm1070323
Nambitha Mpumlwana,64.0,nm1474342
Jeff Seymour,64.0,nm3462046
Sanoe Lake,64.0,nm1149633
Susan Blommaert,64.0,nm0088964
Marie Gillain,64.0,nm0002100
Rachel Blakely,64.0,nm0086800
Reginald Ballard,64.0,nm0050659
Agata Trzebuchowska,64.0,nm5531398
Flaco Navaja,64.0,nm1500029
Dree Hemingway,64.0,nm2218604
Zen McGrath,63.0,nm5628728
Megan Franich,63.0,nm2531570
Chelsey Reist,63.0,nm3650800
Rosanna DeSoto,63.0,nm0221554
Ariane Labed,63.0,nm3987673
Ulrich Tukur,63.0,nm0876300
Ingvar Eggert Sigurðsson,63.0,nm17210868
John Ralston,63.0,nm8187313
Richard Cetrone,63.0,nm0149150
Jacques Perrin,63.0,nm0674742
Nigel Bruce,62.0,nm0115558
Vince Colosimo,62.0,nm0173194
Harley Jane Kozak,62.0,nm0468772
Tim Williams,62.0,nm9730864
Russi Taylor,62.0,nm0853122
Dell Yount,62.0,nm0950306
Sam Lerner,62.0,nm7767116
Matt Day,62.0,nm5779764
Dimple Kapadia,62.0,nm0438092
Wendee Lee,62.0,nm13786765
Lenny Venito,62.0,nm0893120
Chi Ling Chiu,62.0,nm1787710
Paulina Gerzon,61.0,nm1105207
Roshan Seth,61.0,nm0786022
Alex Huszar,61.0,nm7546005
Julia Jentsch,61.0,nm11016909
Brahmanandam,61.0,nm0103977
Andrés Montiel,61.0,nm1177170
Johnny Lever,61.0,
Nelson Ascencio,61.0,nm0038458
Maximilian Dirr,61.0,nm4181758
Morgana O'Reilly,61.0,nm2837410
Sean Lennon,61.0,nm8150572
James With,61.0,nm0999139
John Gatins,61.0,nm0309691
Lucy Gordon,61.0,nm8128517
Eddie Rouse,61.0,nm5418529
Jonathon Trent,61.0,nm1555200
Cynthia Geary,61.0,nm0311280
Angelo Rossitto,60.0,nm0744441
Andy On,60.0,nm0648499
David Richmond-Peck,60.0,nm1248979
Laura Morante,60.0,nm16735268
Rick Aviles,60.0,nm0043173
Zakes Mokae,60.0,nm0596310
Phyllida Law,60.0,nm0492373
Vlad Ivanov,60.0,nm0412096
Marcia DeBonis,60.0,nm0213482
Donny Alamsyah,60.0,nm1902766
Vic Aviles,60.0,nm1747329
Anslem Richardson,59.0,nm1099663
Qiu Yuen,59.0,nm1228408
Jason Kravits,59.0,nm0006463
Laura Brent,59.0,nm7210408
Eric Peterson,59.0,nm6158244
Roschdy Zem,59.0,nm0954704
Steve Le Marquand,59.0,nm0494424
Amy Steel,59.0,nm6498767
David Schaal,59.0,nm0769442
Brendon Small,59.0,nm0806430
Edouard Baer,59.0,nm0046347
Yû Aoi,59.0,nm1066974
Dan Bakkedahl,59.0,nm2045884
Don Gordon,59.0,nm9464463
Greg Ayres,58.0,nm1364905
Vanessa Aspillaga,58.0,nm0039665
Ellen Sandweiss,58.0,nm0762445
Amanda Tilson,58.0,nm0863486
Michael Monks,58.0,nm0598282
Ahmad Massad,58.0,nm4655454
Dany Verissimo-Petit,58.0,nm1482584
Natasha Bedingfield,58.0,nm1599769
Mihalis Giannatos,58.0,nm0316233
Temple Grandin,58.0,nm0334880
Kenneth Tobey,57.0,nm0864851
Joyce Van Patten,57.0,nm0887696
Trond Fausa,57.0,nm0042212
Lex Barker,57.0,nm3410939
Rodrigo De la Serna,57.0,nm0209404
Andrea Corr,57.0,nm0180639
Boyd Banks,57.0,nm0052103
Paul Barber,57.0,nm6133448
John Meillon,57.0,nm0576851
James Bolam,57.0,nm8654697
John Hodgman,57.0,nm1894655
Jeremy Owen,57.0,nm8932113
Trieu Tran,57.0,nm0870913
Gérard Jugnot,57.0,nm0432040
Philippe Nahon,56.0,nm5176165
Lydia Hearst,56.0,nm1935905
Satish Kaushik,56.0,nm7358760
S. William Hinzman,56.0,nm0386100
Merab Ninidze,56.0,nm0632457
Satoshi Tsumabuki,56.0,nm1070494
Jeffrey Garcia,56.0,nm8435875
Larry Blamire,56.0,nm1117507
Al Roker,56.0,nm0737963
Peter Onorati,56.0,nm0648846
Ari Folman,56.0,nm0284369
Saurabh Shukla,56.0,nm14541890
Malone Thomas,56.0,nm5945073
Alma Martinez,56.0,nm8799320
Thomas Law,55.0,nm2037112
Georgina Chapman,55.0,nm1312338
Wai-Keung Lau,55.0,
Fiona Glascott,55.0,nm0321800
Kad Merad,55.0,nm0580101
Carlos Bardem,55.0,nm0054214
Lou Romano,55.0,nm0738918
Paolo Seganti,55.0,nm0781915
Darwin Shaw,55.0,nm0787430
Lucy Gaskell,55.0,nm4399796
Norbert Ferrer,55.0,nm2397617
Isabelle Nanty,54.0,nm0620964
George DiCenzo,54.0,nm0225191
Terry Funk,54.0,nm0298750
Brooke Bundy,54.0,nm4190172
Donovan Scott,54.0,nm4921195
Eva Birthistle,54.0,nm0083795
Joe Lev,54.0,nm6388884
J. Smith-Cameron,54.0,nm0810397
Mark Bazeley,54.0,nm0063303
Don Wallace,54.0,nm5024285
Joie Lee,53.0,nm0497578
Josh Swanson,53.0,nm4269626
Lorne Cardinal,53.0,nm0136482
Eddie Jones,53.0,nm6125721
Jamison Stalsworth,53.0,nm5006128
Ohad Knoller,53.0,nm0461324
Joe Egan,53.0,nm6939086
Jacqueline Lovell,53.0,nm0522550
Robert J. Wilke,53.0,nm0929057
Paul Popplewell,53.0,nm0691586
Peter Kwong,52.0,nm7479539
André Dussollier,52.0,nm0244707
Eleanor Bron,52.0,nm0111376
Ye Liu,52.0,nm9486555
Synnøve Macody Lund,52.0,nm4033934
Reef Ireland,52.0,nm3581307
Jacques Gamblin,52.0,nm0303826
Joel Moody,52.0,nm12139593
Gerry Lopez,52.0,nm4038600
Gabrielle Reece,52.0,nm0715246
Daniel Kash,52.0,nm8435827
Daniel London,52.0,nm8639321
Dermot Crowley,51.0,nm0189720
Gale Sondergaard,51.0,nm0814216
Kamel Krifa,51.0,nm0471269
Anil Kumar,51.0,nm8859184
Karin Dor,51.0,nm0233312
Chulpan Khamatova,51.0,nm0451122
David Heyman,51.0,nm8420631
Elea Oberon,51.0,nm0058950
Pixie Davies,51.0,nm5177929
Patrick Cronin,51.0,nm6059799
Steven Elder,51.0,nm0253097
Sean Keenan,51.0,nm8651621
Jim Byrnes,51.0,nm9669813
Rosalind Harris,51.0,nm0365280
Paul Brooke,51.0,nm5682699
Bruce Dinsmore,51.0,nm0227831
Paul Lukas,51.0,nm5328458
Björn Hlynur Haraldsson,51.0,nm1155349
Kwok-Kwan Chan,51.0,
Long Nguyen,51.0,nm4490480
Danielle von Zerneck,51.0,nm0903272
Peter Stickles,51.0,nm14056204
Shannen Fields,51.0,nm2266388
Rob Campbell,50.0,nm5718175
Vernon Dobtcheff,50.0,nm0229943
Craig Hall,50.0,nm8787394
Unax Ugalde,50.0,nm0880054
Ferdinando Vetere,50.0,nm5273401
Guillermo Francella,50.0,nm0289856
Brandon Middleton,50.0,nm5626420
Ralitsa Paskaleva,50.0,nm5254676
Sabrina Revelle,50.0,nm1394752
Patrick Huard,50.0,nm0399088
Sarain Boylan,50.0,nm0102175
Paul Brannigan,50.0,nm4834796
Susanne Lothar,50.0,nm0521443
Chris Miller,50.0,nm8846600
Lisa Arnold,49.0,nm9188596
Anna Madeley,49.0,nm0534777
Kate Graham,49.0,nm5061559
Sachiko Ishida,49.0,nm4823862
Jo Hartley,49.0,nm0366846
Dick Cavett,49.0,nm0147118
Lisa Ortiz,49.0,nm13912170
Ken Siu,49.0,nm8603680
Sergio Calderón,49.0,nm3100782
Frank Rautenbach,48.0,nm1421542
Eva Bourne,48.0,nm3597280
Ellen Ross,48.0,nm0743393
Dominique Sanda,48.0,nm8723494
Conrad Vernon,48.0,nm0970447
Elio Germano,48.0,nm0314554
Catriona MacColl,48.0,nm0531529
Blanchard Ryan,48.0,nm0752436
Dato Bakhtadze,48.0,nm0049079
Collin Alfredo St. Dic,48.0,nm4001587
Susan Gardner,48.0,nm5148932
Hoyt Axton,48.0,nm0001924
Chenoa Maxwell,48.0,nm0561676
Will Wright,48.0,nm5708704
Athina Rachel Tsangari,48.0,nm0718125
Max Cullen,48.0,nm16106160
Dickie Jones,48.0,nm0427934
Agnia Ditkovskite,48.0,
Sylvia Syms,48.0,nm0843401
Louise Sorel,47.0,nm0814798
Haruma Miura,47.0,nm2067218
Bianca Collins,47.0,nm1553149
Jemma Curran,47.0,nm16792221
Billy Gilbert,47.0,nm9039245
José Wilker,47.0,nm0929093
Shirley Douglas,47.0,nm8477168
María Botto,47.0,nm13376343
Alex Lawther,47.0,nm3867299
William Shimell,47.0,nm1468516
Angeliki Papoulia,47.0,nm1465326
Emily Nelson,47.0,nm5416936
Prateik,47.0,
Magda Szubanski,46.0,nm0844294
Agata Kulesza,46.0,nm0474492
Lou Saliba,46.0,nm1150806
Albert Dupontel,46.0,nm0243355
Ryôko Hirosue,46.0,nm0386414
Glenn Campbell,46.0,nm5780182
Panchito Gómez,46.0,nm0351225
Kathy Uyen,46.0,nm1835940
Deborah Mailman,46.0,nm0537648
Bruce Hopkins,46.0,nm9050783
Jiao Xu,46.0,nm2922341
Loanne Bishop,46.0,nm0084125
Erin Boyes,46.0,nm2484639
Cynthia Myers,46.0,nm5300919
Natalie Press,46.0,nm1461267
John Light,46.0,nm8774113
Amber Marie Bollinger,46.0,nm2592497
Tracy Camilla Johns,46.0,nm0424370
Jon Brion,45.0,nm16070628
Don McKellar,45.0,nm0001528
Kim Chan,45.0,nm9031843
Eric Christmas,45.0,nm0160452
Bhoomika Chawla,45.0,nm0154653
Richard Jewell,45.0,nm10085757
Colleen O'Shaughnessey,45.0,nm0642601
Petchtai Wongkamlao,45.0,nm15665903
Elena Lyadova,45.0,nm1956600
Jung-min Hwang,45.0,
Justin Fletcher,45.0,nm3435070
Bethany Blakey,45.0,nm6382164
George Brent,45.0,nm1223123
David Sullivan,45.0,nm8859239
Isabelle Carré,45.0,nm0141140
Mews Small,45.0,nm0806500
Sharat Saxena,45.0,nm13757646
Julia Taylor Ross,44.0,
Adrien Dorval,44.0,nm0234235
Coyote Shivers,44.0,nm0794502
Mona Marshall,44.0,nm0551065
Yolande Moreau,44.0,nm0603446
Judith Chapman,44.0,nm0152420
Lucy,44.0,nm8838999
Larry Mullen Jr.,44.0,nm0611979
Marco Hofschneider,44.0,nm10177410
Hannah Britland,44.0,nm4760678
Harrison Page,44.0,nm0656188
Vince McMahon,44.0,nm0573093
Ruth Sheen,44.0,nm0790689
John Considine,44.0,nm8763569
Conrad Kemp,44.0,nm2883828
Daniel Giménez Cacho,43.0,nm0319843
Hiroshi Abe,43.0,nm9249049
Jeremy Crutchley,43.0,nm0190190
David Backus,43.0,nm6683379
Karl Johnson,43.0,nm5712048
Edward Conna,43.0,nm0174913
Nathaniel Lees,43.0,nm0498731
Mick Foley,43.0,nm11286984
Burghart Klaußner,43.0,nm0458460
Tiffany Helm,42.0,nm0375649
Jesse Vint,42.0,nm0006956
Casper Martinez,42.0,nm7594643
Emma Lung,42.0,nm1344335
Venus Schultheis,42.0,nm5908744
Stefanie Drummond,42.0,nm1596989
Chris Cleveland,42.0,nm5574226
Ted Wass,42.0,nm0913637
Bob Eubanks,42.0,nm0262275
Ryan McDonald,42.0,nm8868072
Jeremy Kemp,42.0,nm5693470
Vanessa Zima,42.0,nm0956528
Siobhan Marshall,42.0,nm1918191
Dequina Moore,41.0,nm1293842
Julie Engelbrecht,41.0,nm0257187
Dominic Colón,41.0,nm1501093
Boys II Men,41.0,
Paul McGill,41.0,nm1386286
Kjell Nilsson,41.0,nm8107752
Jennifer Landa,41.0,nm7692608
Robert Longstreet,41.0,nm0519486
Christopher Simpson,41.0,nm5029018
John Topor,41.0,nm0867652
Mark Camacho,40.0,nm8127074
Susan Hampshire,40.0,nm0358925
Phoebe Legere,40.0,nm0499294
Terry O'Neill,40.0,nm5039372
Cecil Kellaway,40.0,nm0445523
Chloe Rose,40.0,nm8898493
Lisa Pelikan,40.0,nm0670852
Vanessa Matsui,40.0,nm1664693
Peter Feeney,40.0,nm4009611
Jimmy Nail,40.0,nm0619700
Bruce Newbold,40.0,nm0627661
Samantha McLeod,40.0,nm7572347
Ayush Mahesh Khedekar,40.0,nm3193597
Tannishtha Chatterjee,40.0,nm1318578
Conrad Dunn,40.0,nm0420718
Alexandre Rodrigues,40.0,nm9277381
David Bailie,40.0,nm5830263
Ángela Molina,40.0,nm0596807
Isild Le Besco,40.0,nm0494066
Cliff Edwards,40.0,nm5125801
Cassidy Gifford,40.0,nm2258992
Phaldut Sharma,39.0,nm2060857
Jennifer Tung,39.0,nm0876611
Peter Youngblood Hills,39.0,nm0950186
Gordon Currie,39.0,nm0971818
Michael C. Williams,39.0,nm8556048
DeWayne Warren,39.0,nm0912799
Angelica Lee,39.0,nm10210476
Kelly Paterniti,39.0,nm2438792
Eric Godon,39.0,nm1101713
Peter Robbins,39.0,nm9240927
Vanessa Martinez,39.0,nm8624730
Jack Taylor,39.0,nm8792758
Fernanda Machado,39.0,nm9717796
Greg Collins,39.0,nm8657086
Alex Jennings,39.0,nm9513000
Cree Kelly,39.0,nm3627254
Valérie Lemercier,39.0,nm0501256
Jessica Mauboy,38.0,nm2371735
Saul Williams,38.0,nm0931654
Mike Eshaq,38.0,nm3059477
Alastair Duncan,38.0,nm9198402
Georgina Cates,38.0,nm0146061
Brian Lee Franklin,38.0,nm0291368
Hye-jeong Kang,38.0,nm4341161
Kostja Ullmann,38.0,nm0880518
Tony Kgoroge,38.0,nm0450961
William Abadie,38.0,nm1156818
Janette Armand,37.0,nm2819464
Raphael Barker,37.0,nm1971769
Michael Pollan,37.0,nm2293679
Damien Garvey,37.0,nm0960946
Jay Paulson,37.0,nm0667350
Glen Murphy,37.0,nm5060504
Whit Spurgeon,37.0,nm3275300
Jonathan D. Mellor,37.0,nm3536229
Frank McHugh,37.0,nm4793738
Fabio Testi,37.0,nm0601377
Amanda Mealing,37.0,nm0575140
Gregory Scott Cummins,37.0,nm0192003
Nellie McKay,37.0,nm1736982
Mary Tsoni,37.0,nm2290708
John Bailey,37.0,nm8772591
Ludger Pistor,37.0,nm0685598
William Miller,36.0,nm5624567
Razaaq Adoti,36.0,nm0012398
Bárbara Goenaga,36.0,nm0324409
Maria Schrader,36.0,nm0775056
Desmond Askew,36.0,nm0004718
Bahare Seddiqi,36.0,nm0781245
Garvin Cross,36.0,nm0189162
Walter Masterson,36.0,nm12392170
Juliane Köhler,36.0,nm0477810
Michael Lieber,36.0,nm5785093
Jean-Pierre Darroussin,36.0,nm0201669
Bill Allen,36.0,nm6136384
Chelse Swain,36.0,nm0841471
Bill Melendez,36.0,nm0006837
Dana Hanna,36.0,nm1941802
Kristian Bruun,36.0,nm2106870
Kate Higgins,35.0,nm7318575
Simón Andreu,35.0,nm0028487
Justin Gordon,35.0,nm8947621
Stephanie Vogt,35.0,nm12177205
Amidou,35.0,nm8191078
Christopher James Baker,35.0,nm0048336
Tenoch Huerta,35.0,nm2204178
Dylan Kussman,35.0,nm0476378
Victoria Thaine,35.0,nm1443841
John Henshaw,35.0,nm11940564
Amir Farrokh Hashemian,35.0,nm0268488
Gabriel Thomson,35.0,nm0861003
Bjørn Sundquist,35.0,nm0839209
Nicholas Bell,35.0,nm9954455
Mark Walters,35.0,nm8912939
Fedor Bondarchuk,35.0,nm0094080
Guro Nagelhus Schia,35.0,nm4706554
Michael Abbott Jr.,35.0,nm2534638
Miriama Smith,35.0,nm0809402
Goya Toledo,35.0,nm0865949
David Kennedy,35.0,nm6135861
Romane Bohringer,34.0,nm0001960
Michael Elphick,34.0,nm0255573
Alexis Kendra,34.0,nm2452551
Déborah Révy,34.0,nm3270229
Dean Andrews,34.0,nm5541176
Armin Rohde,34.0,nm0737465
Peter Polycarpou,34.0,nm6421795
Big Budah,34.0,nm1281412
Luigi Pistilli,34.0,nm0685559
Jamie Draven,34.0,nm0237237
Jeffrey Falcon,33.0,nm0265957
Felix Avitia,33.0,
Frank Hvam,33.0,nm0404809
Garry Cooper,33.0,nm9989265
Yuqi Zhang,33.0,nm9909664
Vicky Krieps,33.0,nm3043279
Meisa Kuroki,33.0,nm1800338
Kesun Loder,33.0,nm1579372
Olivier Rabourdin,32.0,nm0705005
Yuanyuan Gao,32.0,nm13073867
Joseph Campanella,32.0,nm4244197
Darren Kendrick,32.0,nm8177671
Natalie Canerday,32.0,nm0133882
Shawn Yue,32.0,nm1284845
George Voskovec,32.0,nm0903667
Christopher Sommers,32.0,nm1555145
Sheila Hancock,32.0,nm0359430
Robert Turano,32.0,nm0876853
Diljit Dosanjh,32.0,nm4362492
Bruce Gooch,32.0,nm0328640
Adam Trese,32.0,nm0872242
Megan Burns,32.0,nm9403250
Blaine Anderson,31.0,nm7243822
Igor Zaripov,31.0,nm5001551
Jordan Carlos,31.0,nm1994167
Blake Lindsley,31.0,nm0512420
Ximena Ayala,31.0,nm9379283
Dana Kimmell,31.0,nm0454011
Chris Cox,31.0,nm6145243
Lucille La Verne,31.0,nm0479164
Seema Biswas,31.0,nm0084443
H.M. Wynant,31.0,nm0943894
Erica Linz,31.0,nm5000971
Lindsay Kay Hayward,31.0,nm4054519
Nora von Waldstätten,30.0,
Helmut Bakaitis,30.0,nm0048127
Andrea Di Stefano,30.0,nm9782213
Brian Eno,30.0,nm16815960
Gaye Brown,30.0,nm0113605
Terence Yin,30.0,nm0948045
Jessica Dublin,30.0,nm0239356
Lior Ashkenazi,30.0,nm15495080
Katharina Schüttler,30.0,nm2975760
Marina Golbahari,30.0,nm1385208
Jack Guzman,30.0,nm0349993
Niamh Cusack,30.0,nm16730512
Aleksey Serebryakov,30.0,nm0148516
Joe Pingue,30.0,nm0684187
Maricel Álvarez,30.0,nm3159825
Everett Sloane,29.0,nm0806041
Anatoliy Solonitsyn,29.0,nm0813463
Otto Jespersen,29.0,nm0422151
Travis Betz,29.0,nm15487419
Donatas Banionis,29.0,nm0052023
Johnny Amaro,29.0,nm1987148
Cindy Robinson,29.0,nm10566061
Clemens Schick,29.0,nm0771332
Daniel Stewart Sherman,29.0,nm0829916
Alan Williams,29.0,nm5567469
Rapulana Seiphemo,29.0,nm0782648
Silvio Muccino,29.0,nm0610832
Allegra Carpenter,29.0,nm4670679
Jung-jae Lee,29.0,nm5786492
Elizabeth MacRae,29.0,nm10181306
Yangzom Brauen,29.0,nm1062017
Eric Elmosnino,29.0,nm0255475
Barry Dennen,29.0,nm0219336
Aleksey Chadov,28.0,nm1128120
Louise Beavers,28.0,nm0064792
Yu-mi Jeong,28.0,nm6710649
Shigeo Kobayashi,28.0,nm5770333
Michel Simon,28.0,nm14549259
Courtney Bell,28.0,nm9290759
Lou Perryman,28.0,nm0675178
Wale Ojo,28.0,nm0645358
Lillian Adams,28.0,nm0011148
Laird John Hamilton,28.0,
Bessie Love,28.0,nm0522281
Stéphane Rousseau,28.0,nm1234157
Lexie Contursi,28.0,nm2463367
Robert Kennedy Jr.,28.0,nm10492956
Michel Serrault,28.0,nm0785664
Amy Stewart,28.0,nm8991567
Joanne Samuel,28.0,nm0760394
Cameron Rhodes,28.0,nm9663400
Marina Vlady,27.0,nm0900557
Matthew Gumley,27.0,nm1974736
Philippe Petit,27.0,nm8500855
John Cothran,27.0,nm0182824
Ari Gold,27.0,nm8366252
Kwesi Ameyaw,27.0,nm16086777
David Calder,27.0,nm11358028
Jill Talley,27.0,nm0848154
Yousef 'Joe' Sweid,27.0,nm1798233
Michel Galabru,27.0,nm0301556
Ching Wan Lau,27.0,
Maurice Roëves,27.0,nm0747687
Peter Appel,27.0,nm9203402
Julie R. Ølgaard,27.0,nm1274152
Melanie Kinnaman,27.0,nm0455687
David Schneider,27.0,nm5612306
Darren Keefe Reiher,27.0,nm1197438
Mohammad Amir Naji,27.0,
Alexandru Potocean,27.0,nm2308578
Jacques Brel,27.0,nm0107035
Grasie Mercedes,27.0,nm1840615
Mélanie Doutey,27.0,nm0235461
Christopher Shea,27.0,nm5706658
Enrique Villén,27.0,nm0898420
Tim Rice,27.0,nm5175051
Gerry Becker,27.0,nm0065418
Alessandro Preziosi,26.0,nm0696725
Joe Howard,26.0,nm9214338
Anna Katarina,26.0,nm10195599
Ivan Okhlobystin,26.0,nm17074078
Sameer Ali Khan,26.0,nm6040403
Andrew Bujalski,26.0,nm1216004
Hana Shuan,26.0,nm3769297
Will Oldham,26.0,nm4095513
Juan Luis Galiardo,26.0,nm0302080
Jason Tobin,26.0,nm0864937
Taliesin Jaffe,26.0,nm0043552
Lloyd Avery II,26.0,nm0042998
Sienna Beckman,26.0,nm3512585
Jessica Wesson,26.0,nm0921884
Stevan Mena,25.0,nm1496042
Mikaal Bates,25.0,nm2827669
Damon Albarn,25.0,nm0016332
Abby Mukiibi Nkaaga,25.0,nm1880270
Kayla Jackson,25.0,nm6077513
Rick Macy,25.0,nm0534423
Mac McDonald,25.0,nm9229753
Tony Noble,25.0,nm9847521
Christina Chambers,25.0,nm7326845
Jeanne Neilson,25.0,nm6535756
Elizabeth Meriwether,25.0,nm2057975
Jordan Lund,25.0,nm0526185
Jan Decleir,25.0,nm0213912
Kim Thomson,25.0,nm5149915
Susan Hogan,25.0,nm16866318
Gary McDonald,25.0,nm5593090
Scott Helvenston,25.0,nm0375893
François Damiens,24.0,nm1460782
Vera Wilson,24.0,nm4957107
Norma Aleandro,24.0,nm0001903
Devid Striesow,24.0,nm0834479
Doug Cockle,24.0,nm0168339
Chiara Caselli,24.0,nm0143309
Lincoln Hoppe,24.0,nm0394014
Fernanda Torres,24.0,nm9581234
Frida Hallgren,24.0,nm0356516
Nicolas Giraud,24.0,nm6259316
Johannes Silberschneider,24.0,nm0797898
Robert Noble,24.0,nm9942862
Javed Jaffrey,24.0,nm15666090
Virginia Leith,24.0,nm0500702
Enzo Petito,24.0,nm0677654
Kieu Chinh,24.0,nm0157905
Tom Hamann,24.0,nm5301679
Samantha Buck,24.0,nm9245614
Jasper Levine,24.0,nm5356306
Yassine Azzouz,24.0,nm2463868
Chuck Mitchell,24.0,nm9313357
Michel Robin,23.0,nm6242274
Julie LeBreton,23.0,
Eric Blore,23.0,nm0089314
Charles Aidman,23.0,nm0014493
Basher Savage,23.0,nm3390180
Alexandra Silber,23.0,nm2680682
Nissim Renard,23.0,nm5856828
Christopher Toler,23.0,nm1829904
Eugene Roche,23.0,nm0733929
Hoke Howell,23.0,nm9837820
Gustav Fröhlich,23.0,nm0297054
Keith Hudson,23.0,nm5156557
Greg D'Agostino,23.0,nm1955608
Tim Healy,23.0,nm6036174
Brian Herzlinger,23.0,nm1435762
Kevin Hamedani,23.0,nm2176784
Phil Vischer,23.0,nm1008415
Kendyl Joi,23.0,nm2729980
Lenore Zann,23.0,nm0952801
Colin Stinton,23.0,nm0830479
Gastón Pauls,22.0,nm0667282
Arturo Castro,22.0,nm7239500
Shazahn Padamsee,22.0,nm3724228
David Warbeck,22.0,nm0911285
Mae Marsh,22.0,nm0550615
Eddie Peng,22.0,nm2108643
Eugenia Khirivskaya,22.0,
Tony Alva,22.0,nm5889405
Luisa Ranieri,22.0,nm1110629
Angus Barnett,22.0,nm0055845
Soleyman Pierini,22.0,nm6644217
Tiffany Bolling,22.0,nm0093147
Travis Smith,22.0,nm6125673
Romi Aboulafia,22.0,nm0008892
Virginia Capers,22.0,nm0135102
Al Cliver,22.0,nm0166986
Renee Faia,21.0,nm0265309
Martin Semmelrogge,21.0,nm0783847
Chris Thomas,21.0,nm9196550
Lia Tucker,21.0,nm4440941
Walter Connolly,21.0,nm0175369
Tom Dreesen,21.0,nm0237378
David Gant,21.0,nm5339241
Nicholas Aaron,21.0,nm1056790
Bobby Block,21.0,nm0970731
Amber Armstrong,21.0,nm10442231
Dick Cheney,21.0,nm0155515
Si Won Choi,21.0,
Marina Hands,21.0,nm0359652
Pei-Pei Cheng,21.0,nm0155607
Sandra Staggs,21.0,nm1036889
Melissa Altro,21.0,nm0023030
Roxane Duran,21.0,nm3646923
Per Christian Ellefsen,21.0,nm0253967
Kelly Lin,21.0,nm9195568
Sergey Garmash,21.0,nm0307628
Mia Barron,21.0,nm1715148
Alison Chand,21.0,nm5860330
Tatiana Suarez-Pico,21.0,nm1056239
Ross Elliott,21.0,nm8575484
Jane Goodall,21.0,nm2176647
John Macmillan,21.0,nm3025293
Michel Bouquet,21.0,nm0099677
Greg Aronowitz,20.0,nm0036934
Pamela Salem,20.0,nm0758012
Emmanuelle Bercot,20.0,nm0073384
Konstantin Lavronenko,20.0,nm0492249
Catherine Parks,20.0,nm5687418
Krystyna Janda,20.0,nm0417370
Dylan Authors,20.0,nm2583274
Michael Cortez,20.0,nm1542339
Leslie Carlson,20.0,nm8100912
Rijk de Gooyer,20.0,nm0329693
Jay Adams,20.0,nm7818716
Francis Lederer,20.0,nm0496473
Gauhar Khan,20.0,nm15700765
Emilio Estefan Jr.,20.0,nm0261555
Pablo Rago,20.0,nm5409456
Sebastian Schipper,20.0,nm0771923
Peter Marquardt,20.0,nm0549682
Rawiri Paratene,20.0,nm0660984
Tac Fitzgerald,20.0,nm0280390
Ruby Lin,20.0,nm5682472
Malonn Lévana,20.0,nm4391872
Adriane Lenox,20.0,nm16372688
Rakie Ayola,20.0,nm0043931
Jordan Scovel,20.0,nm4467826
Ben Diskin,20.0,nm15823666
Karl Collins,20.0,nm5815920
Jonathan Caouette,20.0,nm1503401
G.W. Krauss,20.0,nm7502267
Fedja van Huêt,20.0,nm0404806
Shahir Kabaha,20.0,nm3359029
Matthew Feeney,20.0,nm15799152
Tygo Gernandt,20.0,nm0314611
Nils-Anders Vallgårda,19.0,nm2165796
Nels Lennarson,19.0,nm0501971
Lou Adler,19.0,nm0004693
Shailene Garnett,19.0,nm4448412
Olwenya Maina,19.0,nm5128630
Alix Freihage,19.0,nm5168891
David Douglas,19.0,nm7844907
Kevin Howarth,19.0,nm2964314
Alana Kaniewski,19.0,nm4173038
María Aura,19.0,nm5823631
Yasuaki Kurata,19.0,nm0475602
Dan Novy,19.0,nm0637284
Jonathan Brewer,19.0,nm6023237
Rumi Missabu,19.0,nm0750108
Martijn Lakemeier,19.0,nm2916507
Timothy Webber,18.0,nm1746725
Tamara Toumanova,18.0,nm0869565
Peng Lin,18.0,nm5479952
Yûsuke Iseya,18.0,nm0410832
Jeffrey W. Jenkins,18.0,nm4166185
Kenneth Nkosi,18.0,nm1970380
Bill Lake,18.0,nm9532786
Peter Callan,18.0,nm0130290
Melissa Sturm,18.0,nm3596979
Jeff Dowd,18.0,nm8812156
Cara Horgan,18.0,nm1728514
Rudolf Klein-Rogge,18.0,nm0459030
Ian Mune,18.0,nm0612786
Owen Kline,18.0,nm0997240
Ana Imnadze,18.0,nm3671807
Ted de Corsia,18.0,nm0208125
Maria Pia Calzone,18.0,nm0131032
Rita Davies,18.0,nm5523712
Darren Healy,18.0,nm12871582
Barney Frank,18.0,nm1204889
Herbert Grönemeyer,18.0,nm0344963
Victoria Lachelle,18.0,nm6415674
Vincent Leclerc,18.0,nm11948080
Hugh Mun,18.0,nm1594495
Shobu Kapoor,18.0,nm0438507
Kirpatrick Thomas,17.0,nm2746773
Christian Anderson,17.0,nm5543089
Brad Lee Wind,17.0,nm1452302
Curt Doussett,17.0,nm1279154
Jason Cottle,17.0,nm0183039
Donald Rumsfeld,17.0,nm1288432
Dominick Brascia,17.0,nm0105350
John Buffalo Mailer,17.0,nm0537545
Robert Stadlober,17.0,nm0821177
Pierre Dulat,17.0,nm0241295
Michel Muller,17.0,nm7218006
Hitoshi Matsumoto,17.0,nm8983665
Bunta Sugawara,17.0,nm0837420
Denny Kirkwood,17.0,nm0456799
Diane Sorrentino,17.0,nm2325677
Jean-Claude Dreyfus,17.0,nm0237835
Eve Ensler,17.0,nm0258127
Zaide Silvia Gutiérrez,16.0,nm0349611
Jason Evers,16.0,nm7946111
Tiffany Lamb,16.0,nm9323496
Zhanna Friske,16.0,nm1597038
Chelsea Bond,16.0,nm3898359
Jared Burke,16.0,nm1545942
Shinobu Terajima,16.0,nm0855429
Jon Gunn,16.0,nm0348197
Lunetta Savino,16.0,nm0767758
Simon Chandler,16.0,nm9937776
Jack McElhone,16.0,nm1380882
Sam Edwards,16.0,nm5157474
Ken Sansom,16.0,nm0763052
Mark Caven,16.0,nm0147062
Hiroyuki Ikeuchi,16.0,nm0407507
Lila Kedrova,16.0,nm0444321
Leopold Stokowski,16.0,nm0831439
Stig Frode Henriksen,16.0,nm2552337
Michael Higgenbottom,16.0,nm3196780
Leonie Benesch,16.0,nm2914059
Michel Côté,16.0,nm7324794
Damian Jewan Lee,15.0,nm0497081
Amanda MacDonald,15.0,nm5039264
Steve Diasparra,15.0,nm3568571
Jean-Claude Lecas,15.0,nm0496010
Mike Bell,15.0,nm6072782
Rob Jarvis,15.0,nm7642407
Claudette Lalí,15.0,nm2720561
André Ramiro,15.0,nm2386123
Todd Boyce,15.0,nm0101668
Mark Zupan,15.0,nm1855634
Rab Affleck,15.0,nm0012683
Brianne Brozey,15.0,nm0369981
Polly Noonan,15.0,
Kel O'Neill,15.0,nm7214669
Evgeniy Mironov,15.0,nm6505676
Bruce Goodchild,15.0,nm0328785
Reiner Schwarz,15.0,nm0777405
Sung-kee Ahn,15.0,
Hanno Pöschl,15.0,nm0702541
Ali Daniels,15.0,nm5735724
Bonnie Henna,15.0,
Tommy Karlsen,15.0,nm12221681
Tatsuo Matsumura,15.0,nm0559581
Christian Alvarez,15.0,nm9082865
François Bégaudeau,15.0,nm2163571
Na'Blonka Durden,15.0,nm0243980
Daryn Tufts,15.0,nm1111123
Madeleine Albright,15.0,nm1267543
Darshan Jariwala,14.0,nm12277024
Sissy Petropoulou,14.0,
Daniel Zettel,14.0,nm1368774
Jim Siedow,14.0,nm0796842
Wolfgang Preiss,14.0,nm0695861
Tommy Sheppard,14.0,nm4826330
Matheus Nachtergaele,14.0,nm0618690
Sarah Murphy-Dyson,14.0,nm1137426
Tommy the Clown,14.0,nm1815469
Sven Nordin,14.0,nm0635109
James Lorinz,14.0,nm0521033
Lisa Gaye,14.0,nm0310846
Sue Corcoran,14.0,nm1543860
Penny Balfour,14.0,nm0050165
Jelena Nik,14.0,nm3827456
David Opatoshu,14.0,nm0649055
Kyung-gu Sol,13.0,
Scandar Copti,13.0,nm2738713
Tim Choate,13.0,nm1765995
Amy Warren,13.0,nm9583955
Sahajak Boonthanakit,13.0,nm0095465
Collin Kahey,13.0,nm1456576
Merry Clayton,13.0,nm0165749
Casper Christensen,13.0,nm5768349
Angel David,13.0,nm15227203
Richard Graham,13.0,nm9215211
Andrew Keir,13.0,nm0445139
Anna Nakagawa,13.0,nm8927259
Vladimir Garin,13.0,nm1476495
Ane Dahl Torp,13.0,nm1335996
Rob Walker,12.0,nm6076339
Robert Hobbs,12.0,nm6314514
Mike Nawrocki,12.0,nm1007740
Ivan Barnev,12.0,nm1091878
Hans Weingartner,12.0,nm0918326
Emily Pearson,12.0,nm16312389
Dayna Devon,12.0,nm0222867
Atsuko Maeda,12.0,nm1880510
Natalya Bondarchuk,12.0,nm0094081
Marian Marsh,12.0,nm0550620
Nancy Ison,12.0,nm0411415
Claudia Stedelin,12.0,nm0824317
Donnie Dunagan,12.0,nm0241760
Talia Zucker,12.0,nm1457088
Khulan Chuluun,12.0,nm2153444
Clovis Fouin,12.0,nm3905232
George T. Odom,12.0,nm0644131
Piero Maggiò,12.0,nm0536016
Philippe Leroy,12.0,nm9200259
Alan Taylor,12.0,nm8823469
Purab Kohli,12.0,nm1327322
Kumar Gaurav,12.0,nm9636444
Karen Pittman,12.0,nm3204288
Ted Markland,12.0,nm0548524
Eric Ambriz,12.0,nm1563175
Daniel Brochu,12.0,nm16686731
Christina Hart,12.0,nm8823328
Renée Adorée,12.0,nm0012395
Mike Huckabee,12.0,nm1932882
Circus-Szalewski,11.0,nm1167931
Tyrone Keogh,11.0,nm1951216
George Coulouris,11.0,nm0183459
Jack Kao,11.0,nm8672057
Giulia Michelini,11.0,nm1323665
Geneviève Lemon,11.0,nm0501501
Venida Evans,11.0,nm0263287
Derek Graf,11.0,nm1737393
Patrick Lyster,11.0,nm0529300
Matthew Senreich,11.0,nm1803552
Joe Ochman,11.0,nm0643703
Stephen McCole,11.0,nm0566089
Tara Strohmeier,11.0,nm0194240
Marie-Anne Chazel,11.0,nm0154707
Othon Bastos,11.0,nm0060584
Bonnie Lee Bouman,11.0,nm1838054
Ron Lynch,11.0,nm6065741
Wilson Guerrero,11.0,nm1670100
Rorke Denver,11.0,nm4918786
Alexis Biesiada,11.0,nm3584550
Lilli Lavine,11.0,nm0492107
Mark Torgl,11.0,nm0868004
Catherine Lambert,11.0,nm8171256
Daoming Chen,10.0,nm0155203
Saul Stein,10.0,nm0825627
Bari Hyman,10.0,nm6056215
Rüdiger Vogler,10.0,nm0901057
Johnathan Hurley,10.0,nm3815444
Joe Cassidy,10.0,nm9233446
Man Li,10.0,nm5594197
Matty Rich,10.0,nm0723685
Kayla Raparelli,10.0,nm3583814
Guang Li,10.0,nm5742674
Sebastian Blomberg,10.0,nm0088935
Wilbur 'Hi-Fi' White,10.0,nm0925585
Richard Glover,10.0,nm8824585
Patrick O'Donnell,10.0,nm5464686
Pat Ryan,10.0,nm6835257
Ryûnosuke Kamiki,10.0,nm1126340
Matthew Sunderland,10.0,nm0839146
Diego Ramos,10.0,nm5794432
Damián Delgado,10.0,nm0216928
Stephanie Berry,10.0,nm0077678
Ahmed Hassan,10.0,nm8847480
Charlotte Bøving,10.0,nm10240676
Damon Owlia,9.0,nm5571847
Gitte Witt,9.0,nm1926861
Ewen Solon,9.0,nm0813450
Mel Eslyn,9.0,nm2400555
Honglei Sun,9.0,nm0838944
Greg Speirs,9.0,nm3998173
Sophie Rois,9.0,nm0294984
Andrea Vergara,9.0,nm5637345
André Wilms,9.0,nm8319641
Walter Long,9.0,nm14748803
Victoria Learn,9.0,nm2731971
Regina Casé,9.0,nm0143252
Anthony Powell,9.0,nm6088247
Fortunato Cerlino,9.0,nm2188652
David Mersault,9.0,nm0581481
Zinedine Soualem,9.0,nm0815668
Claude-Oliver Rudolph,9.0,nm0748936
Pablo Rosso,9.0,nm0744485
Hanaa Bouchaib,9.0,nm3904817
Jesuíta Barbosa,9.0,nm4916455
David Sparrow,9.0,nm4856765
Jo Prestia,9.0,nm0696353
Erin Cipolletti,9.0,nm2304303
Ashley Ashida Dixon,9.0,nm4189899
Marcell Nagy,9.0,nm1312119
Nataliya Vdovina,9.0,nm0891502
Marie Féret,9.0,nm1430115
Aida Folch,9.0,nm1007012
Clint Jordan,8.0,nm0429888
Louis Walsh,8.0,nm1123986
Jane Bradbury,8.0,nm0102895
Matt Johnson,8.0,nm8814149
Matthias Habich,8.0,nm0352278
Mickey Hart,8.0,nm0366449
Minoru Chiaki,8.0,nm10205140
Yves Jacques,8.0,nm11326471
Gabriel Reyes,8.0,nm8785542
G.J. Echternkamp,8.0,nm1058259
Félix Moati,8.0,nm0594956
Oanh Nguyen,8.0,nm0629127
Orla Fitzgerald,8.0,nm1695893
Fred Malatesta,8.0,nm12341274
Ann Gillis,8.0,nm17240739
Anthony Burrell,8.0,nm2926907
Brandon Landers,8.0,nm4192760
Bob Proctor,8.0,nm16996729
Julie-Marie Parmentier,8.0,nm0663139
Stanley Blystone,8.0,nm0090008
Alice Pol,8.0,nm1745743
Casey Gooden,8.0,nm1503463
Brian Whitaker,8.0,nm9934172
Tammy Davis,8.0,nm5018156
Albert Delpy,8.0,nm0217817
Shelby Vischer,8.0,
John Arcilla,8.0,nm0033843
Ronnie Lazaro,7.0,nm17215005
Marv Albert,7.0,nm5995426
Mary Catherine Garrison,7.0,nm0308444
Carlos Lasarte,7.0,nm10783622
John Sparkes,7.0,nm9202713
Leticia Brédice,7.0,nm0117580
Dal-su Oh,7.0,
Miyu Irino,7.0,nm0997115
Sung-jun Yoo,7.0,
Kevin McGowan,7.0,nm7147914
Elvis Tsui,7.0,nm0875275
Jackie Nova,7.0,nm4136736
Rie Miyazawa,7.0,nm4506993
Anna Katharina Schwabroh,7.0,nm2965563
Ranin Karim,7.0,nm3359095
Jason Dixie,7.0,nm0228727
Aleksandr Bashirov,7.0,nm0059800
Rasheed Naz,7.0,nm2727191
Reese Mishler,7.0,nm3790547
Eduard Fernández,7.0,nm7953861
William Gates,7.0,nm0309637
Daniel Travis,7.0,nm1047403
Alan David,7.0,nm6066164
Bruce Alexander,7.0,nm8881745
Daniel Rindress-Kay,7.0,nm1532833
Sarunyu Wongkrachang,7.0,nm1033693
Macha Méril,7.0,nm0617736
Mai Charoenpura,6.0,nm1028605
Denden,6.0,nm5771282
Yenny Paola Vega,6.0,nm1503450
Claire Adams,6.0,nm9851992
Jean Pierre Bergeron,6.0,
Tetsu Watanabe,6.0,nm9884699
Bonz Malone,6.0,nm0540395
Consuelo Gómez,6.0,nm0351042
Ann Talman,6.0,nm0848244
Mélissa Theuriau,6.0,nm2594090
Mitsuo Iwata,6.0,nm0412628
Melissa Bardin Galsky,6.0,nm0303330
Louisa Milwood-Haigh,6.0,nm0590267
Jeffrey Frost,6.0,nm5478260
Jade Kindar-Martin,6.0,nm2085124
Chester,6.0,nm5762448
Charles Linton,6.0,nm0513217
Chatchai Plengpanich,6.0,nm0969934
Rumi Hiiragi,6.0,nm0383708
Arthur Agee,6.0,nm0012932
Jon Osbeck,6.0,nm1055947
Bruce Kerr,6.0,nm9491011
Martin Lucey,6.0,nm2292032
Kate Dollenmayer,6.0,nm1181100
David Frederick White,6.0,nm1012887
Judith Hill,6.0,nm11001067
Andrea Ros,6.0,nm2196708
Cat Ly,5.0,nm1837638
Ayesha Omar,5.0,nm3219800
Brendan Mackey,5.0,nm1035692
Jeff Ament,5.0,nm0024610
Ahmet Ertegun,5.0,nm0259898
Tommy Pallotta,5.0,nm0657921
Bhama,5.0,nm1531122
Charis Michelsen,5.0,nm0584553
Mathew Buck,5.0,nm3973010
Rita Maiden,5.0,nm0537392
Nichole Ceballos,5.0,nm5584596
Terumi Matthews,5.0,nm0560198
Nigel Whitmey,5.0,nm0926205
Takeshi Kusao,5.0,nm0476223
Sigríður María Egilsdóttir,5.0,nm5823635
Martin Sharpe,5.0,nm12131759
Fadia Nadda,5.0,nm1203632
Fereshteh Sadre Orafaiy,5.0,nm0649746
Lionel Abelanski,5.0,nm0008506
Hilda Bernard,5.0,nm0076241
Aida Elkashef,5.0,
Barry Lynch,5.0,nm5621175
Jun Kunimura,5.0,nm0475165
Sihung Lung,5.0,nm15529574
Michael Parle,5.0,nm1594543
Rosie Traynor,5.0,nm0871525
Colette Divine,5.0,nm1665635
Kim-Marie Woodhouse,5.0,nm2447323
Christopher Webster,5.0,nm8095990
Marco D'Amore,5.0,nm3634704
Mick Lally,5.0,nm0482473
John Lyons,5.0,nm5591086
Gavin Newsom,5.0,nm1821303
Michael Eisner,5.0,nm5181376
Mercedes Morán,5.0,nm0608187
Zheng Xu,4.0,nm8883840
Zhengyong Zhang,4.0,nm2214714
Javed Sheikh,4.0,nm9451019
Evan McGuire,4.0,nm5535082
Cheryl Penland,4.0,nm0671923
James Hall,4.0,nm5760345
Tesshô Genda,4.0,nm0312656
Leonid Yarmolnik,4.0,nm0946473
Dominik Castell,4.0,nm0144635
Luis Miranda,4.0,nm5543096
Amy Carson,4.0,nm12744420
CindyMarie Small,4.0,nm1041564
Bo Huang,4.0,nm9077070
Janet Lee Dapper,4.0,nm1732400
Kamatari Fujiwara,4.0,nm0297869
Glenn Erland Tosterud,4.0,nm3331177
Akira Terao,4.0,nm8613821
Stephen Au,4.0,nm0041247
Adel Karam,4.0,nm2316384
Royce Johnson,4.0,nm6752420
Charles King,4.0,nm8984149
Miguel Ángel Solá,4.0,nm1448962
Milan Lasica,4.0,nm0489583
Gen Seto,4.0,nm0786062
Heather Bucha,4.0,
Yuriy Tsurilo,4.0,nm0875434
Mugambi Nthiga,4.0,nm3482223
Léa Drucker,4.0,nm0238475
Ni Yan,4.0,nm6297343
Tal Bachman,4.0,nm2415874
Johanna Mørck,4.0,nm2943075
Ellia Thompson,3.0,nm0860112
Zan Marolt,3.0,nm0549498
A.J. DeLucia,3.0,nm5198491
Zoë Poledouris,3.0,nm0688953
Eric Schlosser,3.0,nm9584490
Yûki Amami,3.0,nm0023858
Dahong Ni,3.0,nm0196433
Annelyse Ahmad,3.0,
Kate Harbour,3.0,nm0361957
Nataniel Sánchez,3.0,nm2741613
Amos Oz,3.0,nm0654672
Peter McNicholl,3.0,nm0574014
Stian Smestad,3.0,nm0806834
Herman Koto,3.0,nm5262780
Marie Pillet,3.0,nm0683531
Ariane Schluter,3.0,nm0772499
Natalie Welch,3.0,nm7368732
Paul Glover,3.0,nm6094562
Joffre Soares,3.0,
Naomi Nishida,3.0,nm10437115
Joe Simpson,3.0,nm5784266
Laurent Poitrenaux,3.0,nm0688648
Max Kerstein,3.0,nm0450003
Brent Neale,3.0,nm0623697
Olaf Lubaszenko,3.0,nm0523821
Jerry Brown,3.0,nm6148270
Jeremy W. Auman,3.0,nm0042090
Chi Chung Lam,3.0,nm10447776
Philippe Labro,3.0,nm0479721
María Alche,3.0,
Hans Kesting,3.0,nm0450453
Rachel Nash,3.0,nm6561903
Sakae Kimura,3.0,nm6791691
Rufus Graham,3.0,nm1742016
Fritz Kortner,3.0,nm0466776
Kirsten Collins,3.0,nm9249682
Ryu Kohata,3.0,nm3387680
Clotilde Mollet,3.0,nm0597042
Joseph Kaiser,3.0,nm4780554
Justin Rice,3.0,nm9713561
Anwar Congo,3.0,nm5262787
Stephane Gauger,3.0,nm0310032
José Manuel Orozco Angulo,3.0,nm5889596
Olgierd Lukaszewicz,2.0,nm0525557
Darci Kistler,2.0,nm0457457
Rowan Isaacson,2.0,nm3734446
Tenzin Thuthob Tsarong,2.0,nm0862292
Aubrey Poo,2.0,nm3082164
Joel Fuhrman,2.0,nm4847434
Carlo Cecchi,2.0,nm4702344
Darryl Hunt,2.0,nm3085021
Stephen Carr,2.0,nm5051915
Yuria Nara,2.0,nm3027837
Simon Baron-Cohen,2.0,nm2472533
Barbara Kowalcyk,2.0,nm3920876
Johnnie Walker,2.0,nm5609964
Brendan Doogie Milewski,2.0,nm5065270
Jeffrey Dover,2.0,nm0235549
Matthew Walker,2.0,nm6126650
Daston Kalili,2.0,
Alejandro Furth,2.0,nm1125932
Péter Fancsikai,2.0,nm1559306
Hailu Qin,2.0,nm0702656
Sara Stepnicka,2.0,nm1801550
Tulku Jamyang Kunga Tenzin,2.0,nm0855212
Jeff DeRocker,2.0,nm0220494
Henri Garcin,2.0,nm0305488
Sara-Marie Maltha,2.0,nm0540792
Marian Dziedziel,2.0,nm0246189
Isiah Thomas,2.0,nm7233895
Dororthy Thorton,2.0,nm0861800
Jack Canfield,2.0,nm2367280
Antonio Arrué,2.0,nm13770969
Bob Dole,2.0,nm1180211
Marianne Denicourt,2.0,nm0219099
Thierry Harcourt,2.0,nm0362011
Bob Neill,2.0,nm9644575
Artyom Bogucharskiy,2.0,nm1076060
Agame Malembo-Emene,2.0,nm3521049
Bill Martone,2.0,nm1183083
Vera Ngassa,2.0,nm2015907
Pat Buchanan,2.0,nm9171075
Ljubomir Kerekes,2.0,nm0449270
Sedona Legge,2.0,nm7529788
Jaroslaw Boberek,2.0,nm0090353
Bertrand Cantat,0.0,nm1370300
Michael Landers,0.0,nm7834896
Michael Douglas,0.0,nm5429954
Bhole Baba,0.0,nm5570083
Bill Baird,0.0,nm6131029
Benjamin Fletcher,0.0,nm9701786
Dileep Raj,0.0,nm5798465
Ana Maria Guran,0.0,nm7348187
Mary Carr,0.0,nm9641532
Andrej Nahtigal,0.0,nm7361395
Megan Ambuhl Graner,0.0,nm4304387
Woo-hee Chun,0.0,
Ana Vatamanu,0.0,nm7348188
Diganth,0.0,nm3261450
Matt Hunter,0.0,nm6091954
Matthew Macfadyen,0.0,nm0532193
Maxwell Moody,0.0,nm5497357
Xinhua Jiang,0.0,nm7032739
Sam Adams,0.0,nm5196004
Yaakov Peri,0.0,nm5437421
Francine Blake,0.0,nm5119646
Nargess Mamizadeh,0.0,nm0541104
Ronny Dayag,0.0,nm2923235
Phil Fish,0.0,nm4623544
Parker Riggs,0.0,nm14991927
Patrick Wilson,0.0,nm5716200
Arik Ascherman,0.0,nm1741754
Paul Daggett,0.0,nm2871124
Ariel Hsing,0.0,nm6930633
Richard Spore,0.0,nm0819435
Richard Linklater,0.0,nm0000500
Peter Agnefjall,0.0,nm7742907
Zhonghua Chen,0.0,
Anna Vareschi,0.0,nm1697044
Mike Block,0.0,nm8546332
Pierre Prieur,0.0,nm6697083
Puti Sri Candra Dewi,0.0,nm5530772
David Chandler,0.0,nm8095518
Quynn Ton,0.0,nm1552319
Zubaida Sahar,0.0,nm1387181
Renee Leblanc,0.0,nm4916179
David Barnes,0.0,nm5174801
Rai Alexandra,0.0,nm1568495
Raquel Nave,0.0,nm5797270
Pant Shirt Baba,0.0,nm5904162
Pablo Sevilla,0.0,nm6405911
Zahava Solomon,0.0,nm3066885
Angélica Sancio,0.0,nm3520443
Mike Brett,0.0,nm5318845
Andy Cohn,0.0,nm1992512
Ron Gelner,0.0,nm5393603
Mirlan Abdulayev,0.0,nm5480231
Dario Nozic Serini,0.0,nm7077271
Beatrice Ntuba,0.0,nm2012112
Mohamad Haref Harati,0.0,nm1385355
Mojgan Faramarzi,0.0,nm0267077
Yuval Diskin,0.0,nm5437479
Naderev Sano,0.0,nm5398459
Deems Taylor,0.0,nm0852252
Nadine Labaki,0.0,nm1701024
Anella Vastola,0.0,nm6938036
Balinese Tari Legong Dancers,0.0,nm5530711
Aziz Muradillayev,0.0,nm5481932
Robert Redford,0.0,nm8523673
Aasheekaa Bathija,0.0,nm1742699
Daryl Hannah,0.0,nm0000435
David Thewlis,0.0,nm0000667
Sarah Callan,0.0,nm6166153
Seth Green,0.0,nm8696006
Abigail Evans,0.0,nm7589140
Tencho Gyalpo,0.0,nm0350398
Christian Kapper,0.0,nm6881868
Jason Bateman,0.0,nm10831152
Eric Worre,0.0,nm5456782
Jasper Johal,0.0,nm0423668
Chris 'Wonder' Schoeck,0.0,nm7040694
Jean Caffeine,0.0,nm0128414
Jean-Louis Blondeau,0.0,nm3072759
Chloe Hollings,0.0,nm3780357
Jeff Jacob,0.0,nm2518631
Chin-Chien Chang,0.0,nm1829989
Teddy Doloir,0.0,nm4670556
John Reeves,0.0,nm5786032
Chemeeka Walker,0.0,nm6354549
Emma Eliza Regan,0.0,nm2833806
Jessica Chastain,0.0,nm1567113
Charlie Cox,0.0,nm5155708
Joe Bishop,0.0,nm8512921
Joe Marino,0.0,nm9207929
Emily Gorell,0.0,nm6253767
Sylvia Eckhausen,0.0,nm0248681
Syamsul Arifin,0.0,nm5262761
Swami Krishnanad,0.0,nm2679119
Christophe Cherki,0.0,nm4345959
Ivette Alvarez,0.0,nm6749590
Iulia Ciochina,0.0,nm6400397
Tobey Maguire,0.0,nm17187709
Valentine,0.0,nm9377520
Valentin Golubenko,0.0,nm0326714
Val Kilmer,0.0,nm0000174
Gabriel Almirón,0.0,nm0021938
Garba Touré,0.0,nm7882278
Tshewang Dendup,0.0,nm0199282
Germán Alcarazu,0.0,nm6043143
Colin Farrell,0.0,nm6158760
Colin Andrews,0.0,nm9579513
Graziella Galvani,0.0,nm0303413
Guillaume Denaiffe,0.0,nm2075208
Evelyn Jefferson,0.0,nm4802934
Hanne Aagesen,0.0,nm0012994
Tom Sizemore,0.0,nm10661274
Eva Carrozza,0.0,nm5154106
Claudia Lapacó,0.0,nm0487399
Eva Boehnke,0.0,nm4572412
Heather Berman,0.0,nm2314513
Craig Dougherty,0.0,nm5065260
Hugh Ducklow,0.0,nm7525862
Ian Gamazon,0.0,nm0303658
Summer Napoles,0.0,
Jon Hunter,0.0,nm8829626
Don Brooks,0.0,nm5196171
Dottie Alexander,0.0,nm3333051
Kim De Angelo,0.0,nm0207101
Shriman Umeshanad Brahmachari,0.0,nm5904164
Kyra Nichols,0.0,nm0629633
Laura Flanders,0.0,nm6340471
Lee Scott,0.0,nm8884877
Amanda Kearsan,0.0,nm6354551
William Condos,0.0,nm0174439
Lhakpa Dorji,0.0,nm1435207
Breckin Meyer,0.0,nm0005227
Seth Ackerman,0.0,nm1745045
Sebastian Aguilar,0.0,nm9973794
Jonathan Blow,0.0,nm2084774
Amelia Giancarlo,0.0,nm6354553
Ami Ayalon,0.0,nm5203564
Sean Connery,0.0,nm14757138
Donna Zovko,0.0,nm2781256
Lyubov Agapova,0.0,nm1220156
Léon Schwartzenberg,0.0,nm2488693
Amy Badberg,0.0,nm4840857
Donald Austin,0.0,nm5097762
Bobby Kendall,0.0,nm12222779
Margaret Tracey,0.0,nm0870444
Khaira Arby,0.0,nm7134335
Ken Davis,0.0,nm9794312
Bálint Péntek,0.0,nm1559766
Béatrice Bonifassi,0.0,nm1569242
Ellen Block,0.0,nm3621241
Elizabeth Streb,0.0,nm7336501
Casey Affleck,0.0,nm0000729
Joseba Ugalde,0.0,nm6403772
Steve Burg,0.0,nm0073903
Damian Lewis,0.0,nm6028765
Juan Carlos Montoya,0.0,nm10099978
Elina Abai Kyzy,0.0,nm6719987
Carol Block,0.0,nm3621091
Aliou Touré,0.0,nm7882275
Stellan Skarsgård,0.0,nm0001745
Ejner Federspiel,0.0,nm0270149
Jérôme Deschamps,0.0,nm0221022
Karen Alexander,0.0,nm5692544
Stana Roumillac,0.0,nm2579472
Stacie Evans,0.0,nm6253761
Spela Colja,0.0,nm7077273
Sonam Kinga,0.0,nm1436053
Edmund McMillen,0.0,nm4227158
Katy Helvenston-Wettengal,0.0,nm2775937
Edgar Tancangco,0.0,nm2470656
Steve Duin,0.0,nm4325652
