original_title,popularity,runtime,averageRating,release_year,release_month,num_critic_for_reviews,director_facebook_likes,actor_1_facebook_likes,actor_2_facebook_likes,actor_3_facebook_likes,num_user_for_reviews,movie_facebook_likes,Genre_first_values,budget_adjusted
Hot Tub Time Machine 2,6.575393,93.0,5.0,2015.0,2.0,107.0,38.0,3000.0,837.0,390.0,96.0,0,Comedy,18330179.847930733
The Princess Diaries 2: Royal Engagement,8.248895,113.0,5.9,2004.0,8.0,77.0,0.0,11000.0,1000.0,995.0,152.0,1000,Comedy,63558833.565284155
Whiplash,44.77527430342312,105.0,8.5,2014.0,10.0,535.0,141.0,24000.0,970.0,535.0,731.0,129000,Drama,4325814.564476884
The Possession,7.286477,92.0,5.9,2012.0,8.0,264.0,30.0,941.0,459.0,309.0,162.0,17000,Horror,18922812.571730956
The Possession,7.286477,92.0,5.9,2012.0,8.0,264.0,30.0,941.0,459.0,309.0,162.0,17000,Horror,18922812.571730956
The Possession,7.286477,92.0,5.9,2012.0,8.0,264.0,30.0,941.0,459.0,309.0,162.0,17000,Horror,18922812.571730956
The Possession,7.286477,92.0,5.9,2012.0,8.0,264.0,30.0,941.0,459.0,309.0,162.0,17000,Horror,18922812.571730956
A Mighty Wind,4.672036,91.0,7.2,2003.0,4.0,97.0,378.0,658.0,378.0,345.0,272.0,0,Comedy,9533825.884792617
Rocky,14.774066,119.0,8.1,1976.0,11.0,141.0,80.0,13000.0,1000.0,794.0,542.0,0,Drama,5768142.263940516
American Beauty,20.726578,122.0,8.3,1999.0,9.0,176.0,0.0,18000.0,828.0,158.0,2715.0,22000,Drama,27031882.533101045
Be Cool,13.314233,118.0,5.6,2005.0,3.0,161.0,473.0,12000.0,1000.0,680.0,323.0,0,Comedy,84215454.14900157
Minority Report,20.666063,145.0,7.6,2002.0,6.0,252.0,14000.0,10000.0,798.0,533.0,1331.0,0,Action,183816795.42508852
Red Eye,6.336927,85.0,6.4,2005.0,8.0,224.0,0.0,332.0,285.0,178.0,673.0,0,Horror,41313242.16743477
Transporter 2,11.359659,87.0,6.3,2005.0,8.0,163.0,255.0,26000.0,1000.0,810.0,340.0,0,Action,50847067.052227296
Lost in Space,12.000579,130.0,5.2,1998.0,4.0,102.0,81.0,10000.0,882.0,427.0,370.0,0,Adventure,144170035.84320578
Friday the 13th Part III,7.99229,95.0,5.6,1982.0,8.0,235.0,49.0,72.0,31.0,20.0,372.0,0,Horror,15064369.93203885
The Spanish Prisoner,4.305735,110.0,7.1,1997.0,9.0,97.0,342.0,623.0,508.0,393.0,263.0,578,Crime,20362599.425196815
Changing Lanes,7.81862,89.0,6.5,2002.0,4.0,167.0,50.0,521.0,108.0,67.0,350.0,0,Action,81095645.59930305
The Last Witch Hunter,13.412445,106.0,5.9,2015.0,10.0,202.0,42.0,14000.0,788.0,612.0,117.0,21000,Fantasy,117836865.02241172
Rush Hour 3,9.718111,91.0,6.2,2007.0,8.0,162.0,420.0,268.0,268.0,173.0,221.0,0,Action,209536129.71487653
Safe,8.234382,94.0,6.5,2012.0,4.0,258.0,132.0,26000.0,828.0,317.0,134.0,12000,Action,40548882.93942356
Outbreak,13.676444,127.0,6.6,1995.0,3.0,64.0,249.0,18000.0,11000.0,808.0,130.0,0,Action,101812993.12598431
Major Dundee,3.055936,123.0,6.7,2065.0,4.0,53.0,541.0,773.0,575.0,288.0,67.0,251,War,3800000.9999999995
The Next Best Thing,2.971999,108.0,4.7,2000.0,3.0,86.0,154.0,774.0,692.0,347.0,162.0,378,Comedy,45053136.88850172
The Wedding Date,5.615303,88.0,6.1,2005.0,2.0,103.0,6.0,1000.0,650.0,458.0,250.0,0,Comedy,23834563.211981535
Ice Age: The Meltdown,16.646029,91.0,6.8,2006.0,3.0,164.0,107.0,835.0,590.0,241.0,253.0,0,Animation,123145239.09523888
The Hateful Eight,20.328822,167.0,7.8,2015.0,12.0,596.0,16000.0,46000.0,1000.0,1000.0,1018.0,114000,Crime,57609134.52206807
Star Trek: Generations,8.105708,118.0,6.6,1994.0,11.0,98.0,18.0,1000.0,946.0,906.0,249.0,0,Science Fiction,77377875.015748
Risen,8.759801,107.0,6.3,2016.0,2.0,122.0,58.0,141.0,76.0,47.0,117.0,21000,Action,25859746.757415436
Batman & Robin,17.038824,125.0,3.8,1997.0,6.0,183.0,541.0,920.0,890.0,409.0,1018.0,0,Action,254532481.31496042
All About the Benjamins,3.909079,95.0,5.8,2002.0,3.0,40.0,10.0,706.0,266.0,111.0,33.0,530,Action,25229757.09756101
Casino Royale,23.065078,144.0,8.0,2006.0,11.0,400.0,258.0,6000.0,1000.0,834.0,2301.0,0,Adventure,230897322.42857105
Casino Royale,23.065078,144.0,8.0,2006.0,11.0,400.0,258.0,6000.0,1000.0,834.0,2301.0,0,Adventure,230897322.42857105
Casino Royale,23.065078,144.0,8.0,2006.0,11.0,400.0,258.0,6000.0,1000.0,834.0,2301.0,0,Adventure,230897322.42857105
Casino Royale,23.065078,144.0,8.0,2006.0,11.0,400.0,258.0,6000.0,1000.0,834.0,2301.0,0,Adventure,230897322.42857105
Trapeze,1.801071,105.0,6.8,2056.0,5.0,20.0,82.0,746.0,119.0,69.0,35.0,283,Drama,4000001.0000000005
Friday the 13th Part VIII: Jason Takes Manhattan,7.743144,100.0,4.5,1989.0,7.0,129.0,6.0,935.0,120.0,65.0,291.0,1000,Horror,11871691.895179786
Nebraska,11.160699,115.0,7.7,2013.0,9.0,433.0,729.0,1000.0,844.0,622.0,274.0,28000,Drama,15985406.031829918
Bloodsport,8.822276,92.0,6.8,1988.0,2.0,61.0,15.0,633.0,403.0,49.0,210.0,0,Action,3561508.2685539476
To Kill a Mockingbird,14.284787,129.0,8.3,2062.0,12.0,127.0,89.0,3000.0,226.0,161.0,471.0,15000,Crime,2000001.0000000016
The Fast and the Furious: Tokyo Drift,2.238808,104.0,6.1,2006.0,6.0,158.0,681.0,584.0,227.0,159.0,378.0,0,Action,130841816.47619155
The Jacket,12.092096,103.0,7.1,2005.0,3.0,161.0,11.0,1000.0,948.0,566.0,263.0,0,Drama,46080154.60983101
Fright Night,9.665251,106.0,6.4,2011.0,8.0,358.0,44.0,596.0,343.0,133.0,242.0,23000,Horror,23453212.759632606
Caddyshack,10.451986,98.0,7.2,1980.0,7.0,71.0,11000.0,13000.0,573.0,484.0,250.0,0,Comedy,22596554.398058258
Dark Blue,4.98408,118.0,6.6,2002.0,12.0,71.0,41.0,556.0,463.0,274.0,125.0,455,Action,27031882.533101045
Shopgirl,4.349046,104.0,6.3,2005.0,10.0,124.0,14.0,827.0,545.0,161.0,268.0,1000,Comedy,16341807.884270335
The Skeleton Key,10.947957,104.0,6.5,2005.0,7.0,193.0,34.0,545.0,351.0,280.0,371.0,0,Drama,68325746.0076804
Silent House,10.239941,85.0,5.2,2011.0,1.0,218.0,9.0,120.0,44.0,32.0,154.0,0,Horror,2759202.383486188
Congo,7.260574,109.0,5.3,1995.0,6.0,55.0,155.0,426.0,387.0,293.0,147.0,0,Action,101812993.12598431
紅番區,12.314278,91.0,6.8,1995.0,1.0,62.0,7.0,186.0,147.0,36.0,81.0,0,Crime,15271949.818897633
Kill Bill: Vol. 1,25.261865,111.0,8.2,2003.0,10.0,354.0,16000.0,926.0,890.0,640.0,2105.0,13000,Action,47669125.42396312
Le Hussard sur le toit,1.690768,135.0,7.0,1995.0,9.0,28.0,22.0,837.0,541.0,45.0,25.0,262,War,71269095.48818901
Mulholland Drive,18.184056,147.0,7.9,2001.0,5.0,252.0,0.0,6000.0,889.0,669.0,1768.0,16000,Thriller,27031882.533101045
A Beautiful Mind,11.93646,135.0,8.2,2001.0,12.0,205.0,2000.0,1000.0,592.0,535.0,1171.0,29000,Drama,108127527.13240407
Won't Back Down,2.401289,121.0,6.4,2012.0,9.0,102.0,33.0,1000.0,919.0,505.0,37.0,0,Drama,21626071.367692504
Extraordinary Measures,6.523155,105.0,6.4,2010.0,1.0,126.0,12.0,11000.0,3000.0,946.0,64.0,0,Drama,44117594.64566908
Braveheart,20.755149,174.11587433319053,8.3,1995.0,5.0,132.0,0.0,906.0,466.0,403.0,1065.0,17000,Action,146610709.66141707
An Ideal Husband,3.873796,97.0,6.8,1999.0,4.0,105.0,32.0,893.0,692.0,327.0,132.0,646,Drama,25229757.09756101
Bandits,13.136791,123.0,6.5,2001.0,10.0,132.0,272.0,13000.0,450.0,193.0,261.0,0,Action,135159408.66550505
Little Black Book,5.093704,111.0,5.3,2004.0,8.0,73.0,34.0,1000.0,681.0,642.0,116.0,484,Comedy,55613979.49462375
In the Heart of the Sea,11.696923,122.0,6.9,2015.0,11.0,289.0,2000.0,26000.0,911.0,571.0,161.0,27000,Thriller,130929849.91379033
The Lord of the Rings: The Fellowship of the Ring,32.070725,174.11587433319053,8.9,2001.0,12.0,297.0,0.0,16000.0,5000.0,857.0,5060.0,21000,Adventure,167597666.5052266
Undercover Brother,5.00725,86.0,5.9,2002.0,5.0,81.0,92.0,744.0,489.0,466.0,179.0,0,Action,45053136.88850172
Wild Hogs,11.356011,100.0,5.9,2007.0,3.0,177.0,12.0,419.0,330.0,311.0,255.0,0,Action,23946987.138843074
一個好人,6.183021,113.0,6.2,1997.0,1.0,63.0,472.0,472.0,155.0,64.0,70.0,355,Crime,25895021.713110227
Rush Hour 2,8.345985,90.0,6.7,2001.0,8.0,127.0,420.0,191.0,165.0,141.0,394.0,0,Action,162191290.1986062
Romeo Must Die,8.369176,115.0,6.1,2000.0,3.0,70.0,43.0,5000.0,848.0,775.0,365.0,0,Action,45053136.88850172
(500) Days of Summer,16.376657,95.0,7.7,2009.0,7.0,331.0,464.0,23000.0,17000.0,11000.0,494.0,40000,Comedy,10848689.105082117
黃石的孩子,14.622493,125.0,7.0,2008.0,7.0,67.0,55.0,991.0,10.0,2.0,33.0,1000,Drama,57653819.107504226
Get on the Bus,5.230661,120.0,6.9,1996.0,10.0,28.0,0.0,1000.0,748.0,702.0,35.0,352,Drama,4887024.622047251
Due Date,11.73956,95.0,6.5,2010.0,11.0,307.0,480.0,21000.0,561.0,490.0,285.0,25000,Comedy,92504632.83769378
Run Fatboy Run,11.840495,100.0,6.5,2007.0,9.0,168.0,0.0,427.0,269.0,231.0,143.0,0,Comedy,14966867.33677692
PCU,8.888278,79.0,6.6,1994.0,4.0,15.0,157.0,4000.0,248.0,219.0,52.0,0,Comedy,18326339.58267716
X2,0.913096,133.0,7.4,2003.0,4.0,289.0,0.0,20000.0,505.0,346.0,1055.0,0,Adventure,174786790.55453125
Girl with a Pearl Earring,7.008512,101.0,6.9,2003.0,8.0,160.0,73.0,19000.0,14000.0,1000.0,296.0,0,Drama,25423534.02611369
The Informers,6.675032,98.0,4.9,2008.0,11.0,97.0,34.0,663.0,551.0,394.0,93.0,1000,Drama,25944219.148376953
Snowpiercer,14.131906,126.0,7.1,2013.0,8.0,488.0,584.0,11000.0,557.0,398.0,514.0,58000,Action,52218990.7706443
The Boy Next Door,10.200398,91.0,4.7,2015.0,1.0,149.0,357.0,3000.0,465.0,326.0,131.0,8000,Thriller,5237194.956551637
Return to Never Land,8.759774,72.0,5.8,2002.0,2.0,80.0,2.0,1000.0,677.0,434.0,79.0,302,Adventure,36042509.71080134
Get Carter,6.047757,102.0,5.2,2000.0,10.0,102.0,19.0,13000.0,530.0,351.0,284.0,604,Action,114615178.70034838
The Quick and the Dead,7.54701,107.0,6.5,1995.0,2.0,63.0,0.0,29000.0,165.0,159.0,216.0,0,Action,65160315.96062989
Winter Passing,4.456904,98.0,6.2,2006.0,2.0,50.0,9.0,11000.0,8000.0,405.0,53.0,414,Comedy,5387605.166666676
Your Sister's Sister,10.850569,90.0,6.7,2011.0,9.0,171.0,100.0,830.0,128.0,9.0,62.0,3000,Drama,172451.08646788672
Rushmore,5.997054,93.0,7.6,1998.0,9.0,179.0,0.0,13000.0,933.0,766.0,640.0,5000,Comedy,16219129.919860644
The Reaping,9.825841,99.0,5.6,2007.0,4.0,190.0,81.0,327.0,253.0,135.0,178.0,0,Thriller,59867466.34710763
The Exorcism of Emily Rose,10.966015,122.0,6.7,2005.0,9.0,233.0,301.0,1000.0,539.0,457.0,522.0,0,Crime,30190446.46850995
The Return of the Pink Panther,6.501177,113.0,7.0,1975.0,5.0,33.0,688.0,462.0,278.0,80.0,73.0,620,Mystery,28840707.319702614
Mad Max 2,11.189831,95.0,7.6,1981.0,12.0,177.0,750.0,745.0,531.0,41.0,294.0,0,Adventure,7532185.46601942
Harper,8.55931,121.0,6.8,2066.0,2.0,22.0,22.0,606.0,481.0,367.0,74.0,470,Action,3500001.0000000056
Return to the Blue Lagoon,8.929393,98.0,5.2,1991.0,8.0,14.0,8.0,14000.0,163.0,40.0,39.0,967,Adventure,26117720.96939561
The Fast and the Furious,1.406181,106.0,6.8,2001.0,6.0,187.0,357.0,23000.0,14000.0,4000.0,988.0,14000,Action,68480767.55052257
The Fast and the Furious,1.406181,106.0,6.8,2001.0,6.0,187.0,357.0,23000.0,14000.0,4000.0,988.0,14000,Action,68480767.55052257
The Fast and the Furious,1.406181,106.0,6.8,2001.0,6.0,187.0,357.0,23000.0,14000.0,4000.0,988.0,14000,Action,68480767.55052257
The Fast and the Furious,1.406181,106.0,6.8,2001.0,6.0,187.0,357.0,23000.0,14000.0,4000.0,988.0,14000,Action,68480767.55052257
The Fast and the Furious,1.406181,106.0,6.8,2001.0,6.0,187.0,357.0,23000.0,14000.0,4000.0,988.0,14000,Action,68480767.55052257
The Fast and the Furious,1.406181,106.0,6.8,2001.0,6.0,187.0,357.0,23000.0,14000.0,4000.0,988.0,14000,Action,68480767.55052257
The Fast and the Furious,1.406181,106.0,6.8,2001.0,6.0,187.0,357.0,23000.0,14000.0,4000.0,988.0,14000,Action,68480767.55052257
The Fast and the Furious,1.406181,106.0,6.8,2001.0,6.0,187.0,357.0,23000.0,14000.0,4000.0,988.0,14000,Action,68480767.55052257
The Fast and the Furious,1.406181,106.0,6.8,2001.0,6.0,187.0,357.0,23000.0,14000.0,4000.0,988.0,14000,Action,68480767.55052257
Supernova,5.496624,91.0,4.9,2000.0,1.0,100.0,394.0,889.0,290.0,68.0,282.0,589,Horror,162191290.1986062
First Blood,14.778884,93.0,7.7,1982.0,10.0,145.0,270.0,13000.0,954.0,535.0,376.0,0,Action,56491384.49514561
First Blood,14.778884,93.0,7.7,1982.0,10.0,145.0,270.0,13000.0,954.0,535.0,376.0,0,Action,56491384.49514561
First Blood,14.778884,93.0,7.7,1982.0,10.0,145.0,270.0,13000.0,954.0,535.0,376.0,0,Action,56491384.49514561
First Blood,14.778884,93.0,7.7,1982.0,10.0,145.0,270.0,13000.0,954.0,535.0,376.0,0,Action,56491384.49514561
Licence to Kill,11.137888,133.0,6.7,1989.0,7.0,117.0,46.0,683.0,349.0,275.0,317.0,0,Adventure,75978822.72915071
Pride and Glory,5.844016,130.0,6.6,2008.0,9.0,154.0,149.0,1000.0,807.0,798.0,132.0,0,Thriller,43240364.58062828
Click,9.796552,107.0,6.4,2006.0,6.0,173.0,153.0,11000.0,1000.0,233.0,685.0,7000,Comedy,126993527.78571434
WALL·E,16.088366,98.0,8.4,2008.0,6.0,421.0,475.0,1000.0,729.0,522.0,1043.0,16000,Animation,218647217.2589051
What to Expect When You're Expecting,7.271503,110.0,5.7,2012.0,5.0,170.0,52.0,10000.0,2000.0,651.0,89.0,14000,Romance,54065176.919231415
Life During Wartime,3.311392,97.0,6.4,2009.0,10.0,159.0,377.0,1000.0,887.0,844.0,37.0,0,Comedy,6509213.863049265
The Sentinel,12.915358,108.0,6.1,2006.0,4.0,161.0,69.0,310.0,219.0,206.0,213.0,690,Action,92358929.57142854
Ready to Rumble,3.69298,107.0,5.4,2000.0,4.0,51.0,48.0,1000.0,957.0,940.0,101.0,650,Action,43251011.45296161
Charlotte's Web,10.254314,97.0,6.3,2006.0,12.0,120.0,56.0,12000.0,8000.0,852.0,102.0,0,Comedy,130841816.47619155
Free Birds,7.713231,91.0,5.8,2013.0,10.0,118.0,39.0,1000.0,591.0,562.0,73.0,0,Animation,73266440.72922042
The Simpsons Movie,14.302911,87.0,7.3,2007.0,7.0,299.0,30.0,745.0,440.0,433.0,763.0,0,Animation,112251498.52582677
Captive,5.396271,97.0,5.4,2015.0,9.0,39.0,5.0,1000.0,426.0,349.0,22.0,0,Crime,2618597.9782758215
Hidalgo,8.140709,136.0,6.7,2004.0,3.0,140.0,394.0,24000.0,10000.0,1000.0,345.0,0,Western,158897082.41321066
Jaws,19.726114,124.0,8.1,1975.0,6.0,385.0,14000.0,813.0,559.0,366.0,962.0,21000,Horror,40376989.847583644
The Iceman,13.132127,105.0,6.8,2012.0,9.0,221.0,34.0,11000.0,11000.0,683.0,144.0,20000,Thriller,27032588.95961568
Identity Thief,7.321172,111.0,5.7,2013.0,2.0,275.0,91.0,4000.0,904.0,680.0,232.0,17000,Comedy,46624099.00950391
Stripes,11.341505,106.0,6.8,1981.0,6.0,52.0,425.0,13000.0,11000.0,901.0,134.0,0,Action,37660923.33009712
Riding Giants,2.203949,105.0,7.8,2004.0,7.0,74.0,147.0,52.0,52.0,28.0,37.0,0,Documentary,4131325.11674347
南京!南京!,7.216103,132.0,7.7,2009.0,4.0,149.0,14.0,52.0,32.0,3.0,62.0,0,Drama,17357901.968131404
Drive Angry,7.668829,105.0,5.4,2011.0,2.0,296.0,71.0,12000.0,2000.0,982.0,211.0,15000,Fantasy,68980035.58715484
An Education,8.593196,100.0,7.2,2009.0,10.0,278.0,92.0,3000.0,766.0,221.0,237.0,12000,Drama,10848689.105082117
The Wild Bunch,11.722424,145.0,7.9,2069.0,6.0,147.0,541.0,682.0,288.0,242.0,287.0,0,Adventure,6244088.000000003
Jefferson in Paris,1.596058,139.0,5.7,1995.0,3.0,20.0,133.0,423.0,15.0,5.0,27.0,127,Drama,28507638.795275558
Around the World in 80 Days,7.825072,120.0,5.9,2004.0,6.0,188.0,153.0,1000.0,1000.0,447.0,191.0,0,Action,174786790.55453125
Around the World in 80 Days,7.825072,120.0,5.9,2004.0,6.0,188.0,153.0,1000.0,1000.0,447.0,191.0,0,Action,174786790.55453125
Around the World in 80 Days,7.825072,120.0,5.9,2004.0,6.0,188.0,153.0,1000.0,1000.0,447.0,191.0,0,Action,174786790.55453125
Around the World in 80 Days,7.825072,120.0,5.9,2004.0,6.0,188.0,153.0,1000.0,1000.0,447.0,191.0,0,Action,174786790.55453125
Ruby in Paradise,0.941994,114.0,6.9,1993.0,10.0,11.0,9.0,159.0,143.0,86.0,28.0,81,Drama,1629008.8740157473
Ghost,11.945397,127.0,7.1,1990.0,7.0,77.0,109.0,2000.0,956.0,71.0,252.0,0,Fantasy,52235440.9387912
Drumline,5.270187,118.0,6.0,2002.0,12.0,64.0,30.0,962.0,593.0,284.0,185.0,2000,Drama,36042509.71080134
Legends of Oz: Dorothy's Return,6.660309,88.0,4.9,2013.0,6.0,51.0,6.0,2000.0,1000.0,854.0,54.0,5000,Animation,93248197.0190079
Home for the Holidays,8.416802,103.0,6.6,1995.0,11.0,45.0,0.0,21000.0,1000.0,801.0,76.0,0,Comedy,32580158.480314992
Sex Drive,9.106146,109.0,6.5,2008.0,10.0,102.0,51.0,948.0,822.0,630.0,103.0,0,Comedy,27385564.601064533
The Mask,14.13488,101.0,7.0,1994.0,7.0,57.0,55.0,789.0,424.0,360.0,213.0,0,Romance,46833977.37795277
Der Untergang,7.69224,156.0,8.2,2004.0,9.0,192.0,101.0,918.0,653.0,471.0,564.0,14000,Drama,29141328.488479286
Swordfish,9.646208,99.0,6.5,2001.0,6.0,166.0,57.0,20000.0,3000.0,820.0,543.0,0,Action,183816795.42508852
Cutthroat Island,7.284477,119.0,5.7,1995.0,12.0,61.0,212.0,1000.0,903.0,810.0,169.0,1000,Action,199553465.566929
Club Dread,6.57613,104.0,5.7,2004.0,2.0,66.0,422.0,861.0,499.0,422.0,201.0,713,Comedy,13506252.9201229
Bad Words,5.847166,88.0,6.6,2013.0,9.0,126.0,0.0,628.0,497.0,322.0,119.0,0,Comedy,12655113.316865323
Everest,10.758754,121.0,7.1,2015.0,9.0,361.0,175.0,963.0,580.0,221.0,265.0,40000,Adventure,72011417.90258494
Love Me Tender,1.157582,89.0,6.2,2056.0,11.0,39.0,0.0,356.0,110.0,102.0,36.0,365,Drama,1000000.9999999997
25th Hour,10.271871,135.0,7.6,2002.0,12.0,202.0,0.0,22000.0,3000.0,346.0,454.0,0,Crime,27031882.533101045
Into the Wild,15.423538,148.0,8.0,2007.0,9.0,274.0,0.0,17000.0,882.0,826.0,760.0,76000,Adventure,22450300.5051654
Clerks,10.513367,92.0,7.7,1994.0,9.0,136.0,0.0,898.0,657.0,216.0,615.0,0,Comedy,54980.015748031365
Stormbreaker,8.778999,93.0,5.1,2006.0,7.0,66.0,13.0,15000.0,460.0,173.0,187.0,823,Adventure,61572620.04761901
Diary of a Wimpy Kid: Rodrick Rules,8.425361,99.0,6.6,2011.0,3.0,103.0,42.0,975.0,569.0,557.0,45.0,0,Family,28971615.526605006
Talladega Nights: The Ballad of Ricky Bobby,6.936688,116.0,6.6,2006.0,8.0,164.0,285.0,8000.0,1000.0,989.0,437.0,0,Comedy,111600373.02380952
Marmaduke,12.285545,87.0,4.3,2010.0,6.0,98.0,9.0,15000.0,2000.0,1000.0,65.0,0,Family,71157410.10591787
You've Got Mail,10.237996,119.0,6.7,1998.0,12.0,153.0,0.0,15000.0,793.0,744.0,556.0,0,Comedy,117138154.31010474
Six Days Seven Nights,18.324219,98.0,5.9,1998.0,6.0,97.0,425.0,11000.0,643.0,397.0,164.0,0,Action,126148781.48780474
Collateral,13.455112,120.0,7.5,2004.0,8.0,299.0,0.0,10000.0,851.0,680.0,836.0,0,Drama,103283103.91858633
Bats,2.584025,91.0,4.1,1999.0,10.0,97.0,38.0,730.0,461.0,91.0,160.0,342,Horror,28834007.968641106
The Cabin in the Woods,14.811958,95.0,7.0,2012.0,4.0,634.0,246.0,26000.0,821.0,751.0,986.0,66000,Horror,40548882.93942356
Living Out Loud,1.575026,100.0,6.5,1998.0,10.0,24.0,98.0,1000.0,849.0,604.0,88.0,242,Comedy,21625506.226480868
End of Watch,7.45279,109.0,7.6,2012.0,9.0,355.0,453.0,15000.0,10000.0,953.0,336.0,38000,Crime,9461406.785865484
Four Weddings and a Funeral,8.990345,117.0,7.1,1994.0,3.0,84.0,179.0,1000.0,398.0,239.0,197.0,0,Comedy,12217560.055118127
Unbroken,10.543955,137.0,7.2,2014.0,12.0,322.0,11000.0,769.0,698.0,465.0,351.0,35000,Drama,85205419.69424161
Unbroken,10.543955,137.0,7.2,2014.0,12.0,322.0,11000.0,769.0,698.0,465.0,351.0,35000,Drama,85205419.69424161
Unbroken,10.543955,137.0,7.2,2014.0,12.0,322.0,11000.0,769.0,698.0,465.0,351.0,35000,Drama,85205419.69424161
Unbroken,10.543955,137.0,7.2,2014.0,12.0,322.0,11000.0,769.0,698.0,465.0,351.0,35000,Drama,85205419.69424161
The Hunger Games: Mockingjay - Part 2,26.628178,137.0,6.6,2015.0,11.0,389.0,508.0,34000.0,22000.0,14000.0,383.0,38000,Action,198616140.77980995
Dragonfly,4.924078,104.0,6.1,2002.0,2.0,117.0,293.0,780.0,265.0,256.0,243.0,0,Drama,108127527.13240407
Cradle 2 the Grave,8.364587,101.0,5.8,2003.0,2.0,109.0,43.0,5000.0,618.0,432.0,185.0,1000,Action,39724271.3533026
Tremors,15.750026,96.0,7.2,1990.0,1.0,132.0,31.0,651.0,610.0,536.0,248.0,11000,Action,26117720.96939561
Romance & Cigarettes,2.36594,105.0,6.2,2005.0,9.0,87.0,0.0,14000.0,12000.0,776.0,69.0,0,Comedy,25423534.02611369
Gangs of New York,14.922399,167.0,7.5,2002.0,12.0,233.0,17000.0,29000.0,14000.0,1000.0,1166.0,0,Drama,180212544.5540067
Where the Wild Things Are,12.36223,101.0,6.7,2009.0,10.0,333.0,0.0,925.0,468.0,279.0,388.0,11000,Family,144649175.73442835
Mr. 3000,4.902869,104.0,5.6,2004.0,6.0,63.0,30.0,1000.0,962.0,635.0,63.0,491,Comedy,47669125.42396312
Freaky Friday,7.867999,97.0,6.3,2003.0,8.0,129.0,70.0,2000.0,528.0,512.0,271.0,0,Comedy,41313242.16743477
Chloe,10.445867,96.0,6.3,2009.0,3.0,226.0,460.0,14000.0,153.0,73.0,166.0,0,Drama,21697377.210164253
The Cookout,1.758079,97.0,3.8,2004.0,9.0,21.0,3.0,1000.0,584.0,578.0,20.0,177,Comedy,25423534.02611369
Changeling,11.672394,141.0,7.7,2008.0,1.0,264.0,16000.0,11000.0,963.0,539.0,387.0,14000,Crime,79274000.89781839
The Pirates! In an Adventure with Scientists!,10.271517,88.0,6.7,2012.0,3.0,238.0,91.0,4000.0,796.0,591.0,101.0,0,Animation,81097764.87884714
Elysium,15.232738,109.0,6.6,2013.0,8.0,476.0,662.0,13000.0,2000.0,1000.0,814.0,61000,Science Fiction,153193465.8883692
Witness,10.312017,113.0,7.4,1985.0,2.0,83.0,608.0,11000.0,10000.0,733.0,175.0,0,Crime,34608848.583643146
Mirror Mirror,14.170183,106.0,5.6,2012.0,3.0,382.0,763.0,8000.0,886.0,809.0,208.0,18000,Adventure,114888499.82836679
The Revenant,23.501228,156.0,8.0,2015.0,12.0,556.0,0.0,29000.0,27000.0,733.0,1188.0,190000,Western,176755297.033618
Payback,9.112008,100.0,7.1,1999.0,2.0,143.0,241.0,1000.0,495.0,416.0,394.0,0,Drama,162191290.1986062
Doctor Dolittle,9.439079,85.0,5.4,1998.0,6.0,73.0,84.0,1000.0,1000.0,595.0,98.0,694,Comedy,127950906.92334507
The First Wives Club,10.177303,102.0,6.5,1996.0,9.0,50.0,37.0,944.0,893.0,452.0,117.0,0,Comedy,52942756.90551178
Colombiana,8.062578,108.0,6.4,2011.0,7.0,201.0,118.0,877.0,738.0,674.0,203.0,15000,Action,55184028.66972372
Country Strong,4.582024,117.0,6.3,2010.0,12.0,135.0,19.0,3000.0,646.0,461.0,114.0,0,Drama,21347223.731775355
Happy Feet,15.088318,108.0,6.4,2006.0,11.0,206.0,750.0,49000.0,20000.0,971.0,548.0,0,Animation,153931548.6190474
十月圍城,10.861339,139.0,6.8,2009.0,12.0,55.0,3.0,556.0,155.0,107.0,33.0,765,Drama,33269311.188918404
Million Dollar Arm,9.453942,124.0,7.0,2014.0,5.0,151.0,44.0,4000.0,774.0,367.0,96.0,10000,Drama,32771315.882400632
Now You See Me,17.852022,115.0,7.2,2013.0,5.0,384.0,255.0,11000.0,988.0,963.0,629.0,105000,Thriller,99908782.44893746
Goal!: The Dream Begins,9.783762,118.0,6.7,2005.0,6.0,90.0,41.0,722.0,580.0,577.0,114.0,0,Drama,47669125.42396312
The Molly Maguires,2.27258,124.0,6.8,2070.0,1.0,13.0,58.0,338.0,275.0,104.0,36.0,608,Drama,11000001.000000013
Kiss the Girls,12.235391,115.0,6.6,1997.0,10.0,83.0,39.0,11000.0,956.0,685.0,143.0,0,Drama,54979016.74803154
Jack Ryan: Shadow Recruit,11.234862,105.0,6.2,2014.0,1.0,313.0,0.0,539.0,394.0,288.0,289.0,17000,Action,78651156.71776147
Diamonds Are Forever,12.00491,120.0,6.5,2071.0,12.0,120.0,82.0,244.0,177.0,175.0,276.0,0,Adventure,7200000.9999999935
The Wash,2.483032,93.0,4.8,2001.0,11.0,27.0,69.0,522.0,231.0,69.0,38.0,842,Action,12614879.048780493
Punisher: War Zone,8.333526,102.0,5.9,2008.0,12.0,151.0,189.0,3000.0,967.0,766.0,280.0,0,Action,29547582.780096
Sahara,8.946243,124.0,6.1,2005.0,4.0,163.0,42.0,11000.0,973.0,848.0,463.0,0,Action,206566206.83717382
The Lion King,21.605761,89.0,8.5,1994.0,6.0,186.0,28.0,2000.0,886.0,847.0,656.0,17000,Family,91631693.91338573
Soldier,7.970031,99.0,6.0,1998.0,10.0,67.0,545.0,933.0,722.0,533.0,373.0,0,Action,135159408.66550505
The Lovely Bones,12.738789,136.0,6.6,2009.0,12.0,308.0,0.0,873.0,560.0,310.0,593.0,16000,Fantasy,94021964.57737835
The Lovely Bones,12.738789,136.0,6.6,2009.0,12.0,308.0,0.0,873.0,559.0,310.0,593.0,16000,Fantasy,94021964.57737835
The Lovely Bones,12.738789,136.0,6.6,2009.0,12.0,308.0,0.0,873.0,560.0,310.0,593.0,16000,Fantasy,94021964.57737835
The Lovely Bones,12.738789,136.0,6.6,2009.0,12.0,308.0,0.0,873.0,559.0,310.0,593.0,16000,Fantasy,94021964.57737835
The Insider,11.3569,157.0,7.8,1999.0,10.0,209.0,0.0,14000.0,826.0,680.0,521.0,0,Drama,162191290.1986062
Primer,7.15307,77.0,6.7,2004.0,10.0,143.0,291.0,291.0,45.0,8.0,371.0,19000,Science Fiction,11123.795698924743
Heaven is for Real,7.88371,99.0,5.9,2014.0,4.0,82.0,130.0,399.0,116.0,79.0,153.0,23000,Drama,15730232.143552309
The Lazarus Effect,5.840554,83.0,5.2,2015.0,1.0,152.0,26.0,10000.0,830.0,801.0,126.0,0,Thriller,4320686.014155106
Behind Enemy Lines,11.185625,106.0,6.4,2001.0,11.0,131.0,212.0,578.0,563.0,389.0,411.0,0,Action,72085018.42160277
Kingdom of the Spiders,2.884359,97.0,5.7,1977.0,8.0,95.0,8.0,423.0,23.0,22.0,84.0,0,Horror,2884071.6319702608
The Rugrats Movie,5.154373,79.0,5.9,1998.0,11.0,45.0,5.0,971.0,503.0,368.0,67.0,418,Animation,54063764.06620214
Valiant,11.836827,76.0,5.5,2005.0,3.0,93.0,2.0,1000.0,766.0,72.0,80.0,538,Animation,55613979.49462375
Blood Diamond,12.477872,143.0,8.0,2006.0,12.0,166.0,380.0,29000.0,3000.0,452.0,657.0,14000,Drama,153931548.6190474
Deux frères,5.300303,109.0,7.0,2004.0,4.0,88.0,218.0,21.0,17.0,8.0,124.0,2000,Adventure,118378326.65284169
Anna Karenina,8.543311,130.0,6.6,2012.0,9.0,324.0,456.0,2000.0,35.0,0.0,226.0,36000,Drama,21626071.367692504
Any Given Sunday,10.571434,163.0,6.9,1999.0,12.0,171.0,0.0,14000.0,2000.0,1000.0,452.0,0,Drama,99116899.95470366
Mr. Bean's Holiday,10.19853,90.0,6.4,2007.0,3.0,151.0,68.0,328.0,132.0,100.0,235.0,0,Family,37417166.841942295
Jingle All the Way,7.898202,89.0,5.8,1996.0,11.0,81.0,32.0,854.0,628.0,626.0,162.0,0,Family,122175591.55118129
Kevin Hart: Let Me Explain,11.110533,74.0,6.7,2013.0,7.0,26.0,15.0,1000.0,309.0,36.0,30.0,0,Comedy,21313874.375773184
The Last of the Mohicans,15.228794,112.0,7.6,1992.0,9.0,89.0,0.0,855.0,363.0,322.0,382.0,0,Action,94973528.16143799
Serial Mom,5.305311,95.0,6.8,1994.0,4.0,52.0,0.0,899.0,849.0,650.0,107.0,3000,Comedy,26471378.95275586
Must Love Dogs,9.378926,98.0,5.9,2005.0,7.0,120.0,30.0,944.0,940.0,664.0,262.0,0,Romance,47669125.42396312
I Know What You Did Last Summer,7.417157,100.0,5.8,1997.0,10.0,140.0,13.0,45000.0,4000.0,681.0,419.0,0,Horror,34616418.32283458
Bill & Ted's Excellent Adventure,15.109261,90.0,6.9,1989.0,2.0,81.0,65.0,18000.0,769.0,730.0,181.0,0,Adventure,23743382.79035959
Aliens,21.761179,137.0,8.4,1986.0,7.0,250.0,0.0,2000.0,626.0,604.0,1076.0,18000,Horror,53355307.6914499
Seabiscuit,7.851669,141.0,7.3,2003.0,7.0,175.0,378.0,12000.0,947.0,599.0,455.0,0,Drama,138240461.82949302
Safe Haven,7.598422,115.0,6.7,2013.0,2.0,184.0,529.0,576.0,447.0,325.0,160.0,23000,Romance,37299279.40760311
The Dictator,7.446085,83.0,6.5,2012.0,5.0,313.0,119.0,600.0,346.0,174.0,310.0,59000,Comedy,87855911.86875072
The General's Daughter,14.039655,116.0,6.4,1999.0,6.0,113.0,165.0,577.0,501.0,475.0,274.0,885,Crime,108127527.13240407
Thirteen,14.379879,100.0,6.8,2003.0,8.0,126.0,308.0,1000.0,482.0,374.0,545.0,0,Crime,3177942.6282642023
Midnight in Paris,11.43256,94.0,7.6,2011.0,5.0,487.0,11000.0,617.0,204.0,183.0,509.0,78000,Fantasy,41388021.75229282
The Raven,7.254242,111.0,6.4,2012.0,3.0,265.0,160.0,771.0,570.0,427.0,190.0,35000,Crime,35142365.34750043
Holy Motors,7.34241,115.0,7.0,2012.0,7.0,332.0,227.0,690.0,227.0,226.0,110.0,12000,Drama,21626071.367692504
Daddy Day Camp,5.414213,89.0,3.2,2007.0,8.0,52.0,0.0,555.0,484.0,405.0,32.0,256,Comedy,8980120.802066153
The Prestige,16.94556,130.0,8.5,2006.0,10.0,341.0,22000.0,23000.0,20000.0,19000.0,1100.0,49000,Drama,61572620.04761901
The Butterfly Effect,12.994939,113.0,7.6,2004.0,1.0,185.0,19.0,8000.0,902.0,829.0,1100.0,15000,Science Fiction,20656621.583717335
The Mexican,9.958406,123.0,6.1,2001.0,3.0,125.0,563.0,24000.0,11000.0,8000.0,344.0,2000,Action,102721150.825784
The Astronaut Farmer,6.862146,104.0,6.3,2006.0,10.0,113.0,35.0,24000.0,912.0,844.0,128.0,862,Adventure,20011102.190476205
Johnny English,8.739991,88.0,6.3,2003.0,4.0,122.0,29.0,427.0,304.0,252.0,285.0,2000,Adventure,63558833.565284155
300: Rise of an Empire,12.904677,102.0,6.2,2014.0,3.0,366.0,263.0,6000.0,1000.0,1000.0,523.0,71000,Action,144193786.48256302
Babe,14.404764,89.0,6.9,1995.0,7.0,79.0,108.0,405.0,368.0,204.0,182.0,5000,Fantasy,61087796.275590524
Air Force One,12.173291,124.0,6.5,1997.0,7.0,142.0,249.0,11000.0,10000.0,936.0,393.0,0,Action,173082087.61417297
A Sound of Thunder,4.980191,110.0,4.2,2005.0,5.0,113.0,0.0,1000.0,307.0,212.0,301.0,785,Thriller,127117666.13056847
Chasing Liberty,5.950792,111.0,6.1,2004.0,1.0,65.0,3.0,448.0,143.0,120.0,129.0,0,Comedy,36546329.725038394
Chasing Liberty,5.950792,111.0,6.1,2004.0,1.0,65.0,3.0,448.0,143.0,120.0,129.0,0,Comedy,36546329.725038394
Chasing Liberty,5.950792,111.0,6.1,2004.0,1.0,65.0,3.0,448.0,143.0,120.0,129.0,0,Comedy,36546329.725038394
Chasing Liberty,5.950792,111.0,6.1,2004.0,1.0,65.0,3.0,448.0,143.0,120.0,129.0,0,Comedy,36546329.725038394
Rebecca,8.590813,130.0,8.1,2040.0,4.0,144.0,13000.0,1000.0,991.0,333.0,276.0,0,Drama,1288000.999999999
My Big Fat Greek Wedding 2,6.344961,94.0,6.0,2016.0,3.0,156.0,52.0,567.0,312.0,261.0,103.0,19000,Romance,23273772.18167388
Desperado,6.950458,104.0,7.1,1995.0,8.0,93.0,0.0,16000.0,12000.0,4000.0,202.0,0,Thriller,14253819.897637784
The Game Plan,9.627676,110.0,6.4,2007.0,9.0,112.0,99.0,12000.0,941.0,835.0,83.0,0,Comedy,32927106.940909248
Contact,14.374866,150.0,7.5,1997.0,7.0,159.0,0.0,11000.0,1000.0,135.0,611.0,15000,Drama,183263386.82677183
Spaced Invaders,2.428279,100.0,5.3,1990.0,4.0,16.0,32.0,610.0,232.0,175.0,54.0,710,Comedy,7123015.537107889
Sydney White,6.463883,108.0,6.2,2007.0,9.0,72.0,18.0,714.0,701.0,433.0,50.0,0,Comedy,24695330.455681898
Adore,12.260159,100.0,6.2,2013.0,4.0,141.0,105.0,18000.0,6000.0,748.0,87.0,0,Drama,21313874.375773184
"The Book of Mormon Movie, Volume 1: The Journey",0.079856,120.0,3.0,2003.0,9.0,7.0,0.0,178.0,69.0,40.0,30.0,32,Drama,3177942.6282642023
The Hangover,23.947351,100.0,7.7,2009.0,6.0,334.0,480.0,14000.0,839.0,706.0,626.0,24000,Comedy,50627212.15704991
All The Queen's Men,1.652275,99.0,4.8,2001.0,10.0,19.0,24.0,776.0,595.0,125.0,40.0,193,Action,27031882.533101045
Белка и Стрелка. Звёздные собаки,4.037707,85.0,5.0,2010.0,3.0,16.0,0.0,21.0,15.0,7.0,8.0,200,Family,35578705.552958824
The Marine,6.679168,92.0,4.8,2006.0,10.0,78.0,8.0,472.0,239.0,129.0,284.0,0,Action,30786310.52380957
Riding in Cars with Boys,4.556123,132.0,6.5,2001.0,10.0,89.0,545.0,919.0,811.0,807.0,210.0,0,Comedy,86502021.90592365
Stonewall,3.531089,129.0,5.4,2015.0,9.0,74.0,776.0,25000.0,463.0,256.0,30.0,0,Drama,17675530.603361797
The Conspirator,5.481452,122.0,6.9,2010.0,9.0,199.0,0.0,18000.0,1000.0,939.0,135.0,0,Crime,35578705.552958824
The Horse Whisperer,7.685548,170.0,6.7,1998.0,5.0,96.0,0.0,19000.0,1000.0,380.0,263.0,0,Drama,108127527.13240407
The Purge: Anarchy,27.756026,104.0,6.4,2014.0,7.0,285.0,65.0,2000.0,971.0,908.0,244.0,15000,Horror,11797674.357664222
Lions for Lambs,5.80986,92.0,6.2,2007.0,10.0,227.0,0.0,11000.0,10000.0,10000.0,298.0,0,Action,52384033.17871914
Deadfall,8.435294,95.0,6.2,2012.0,11.0,162.0,24.0,16000.0,10000.0,874.0,86.0,0,Crime,16219553.775769394
Lake of Fire,0.91505,152.0,8.1,2006.0,9.0,47.0,194.0,103.0,2.0,0.0,29.0,570,Documentary,24629048.619047645
Hotel Transylvania 2,11.760218,89.0,6.6,2015.0,9.0,152.0,266.0,12000.0,11000.0,859.0,97.0,16000,Animation,104743880.13103281
Elizabethtown,11.82081,123.0,6.3,2005.0,10.0,190.0,488.0,5000.0,4000.0,2000.0,495.0,0,Comedy,90571337.40552995
Good Kill,8.35399,104.0,6.4,2015.0,4.0,166.0,487.0,991.0,943.0,118.0,68.0,0,Action,20948776.826206535
What Just Happened,10.510245,104.0,5.6,2008.0,10.0,137.0,272.0,22000.0,18000.0,17000.0,111.0,845,Comedy,36033637.31719017
Pi,10.621362,84.0,7.3,1998.0,7.0,138.0,0.0,1000.0,512.0,194.0,586.0,24000,Mystery,108128.52613240421
On the Waterfront,18.211093,108.0,8.1,2054.0,6.0,134.0,603.0,10000.0,416.0,279.0,281.0,0,Crime,910000.9999999997
Timecop,8.907074,99.0,5.9,1994.0,9.0,62.0,0.0,664.0,655.0,186.0,115.0,0,Thriller,54979016.74803154
Stir of Echoes,5.875606,99.0,6.9,1999.0,9.0,164.0,192.0,347.0,301.0,282.0,374.0,0,Horror,21625506.226480868
The Theory of Everything,11.85302,123.0,7.7,2014.0,11.0,419.0,120.0,13000.0,876.0,149.0,388.0,90000,Drama,19662789.92944038
The Master,8.074218,137.0,7.1,2012.0,9.0,546.0,0.0,378.0,18.0,15.0,405.0,27000,Drama,43252141.73538502
Antitrust,8.142166,108.0,6.1,2001.0,1.0,123.0,29.0,779.0,240.0,91.0,221.0,0,Action,54063764.06620214
Big Eyes,7.412826,105.0,7.0,2014.0,12.0,325.0,13000.0,11000.0,430.0,309.0,147.0,20000,Drama,13108526.952960247
A Lonely Place to Die,6.780752,99.0,6.2,2011.0,4.0,135.0,7.0,762.0,706.0,641.0,97.0,0,Adventure,5518403.766972381
Monte Carlo,8.34835,109.0,5.8,2011.0,7.0,94.0,15.0,3000.0,775.0,350.0,44.0,6000,Adventure,27592014.834861893
The Love Guru,6.258666,87.0,3.8,2008.0,6.0,150.0,12.0,3000.0,966.0,645.0,250.0,0,Comedy,89363419.06663159
Duplicity,9.097953,125.0,6.1,2009.0,3.0,211.0,209.0,8000.0,1000.0,896.0,184.0,0,Romance,113038488.20058545
Just My Luck,6.053567,103.0,5.5,2006.0,5.0,98.0,80.0,806.0,591.0,585.0,149.0,0,Comedy,43100834.33333339
The Robe,3.826281,135.0,6.7,2053.0,9.0,42.0,28.0,726.0,422.0,275.0,69.0,0,Drama,4100000.9999999907
Predators,9.034929,107.0,6.4,2010.0,7.0,351.0,190.0,2000.0,1000.0,520.0,619.0,17000,Action,56925928.284734234
Miracle at St. Anna,11.221186,160.0,6.1,2008.0,9.0,158.0,0.0,23000.0,1000.0,826.0,182.0,0,Drama,64860546.37094224
Martin Lawrence Live: Runteldat,0.527297,113.0,5.4,2002.0,8.0,24.0,9.0,71.0,65.0,12.0,35.0,63,Comedy,5406377.306620208
The Rock,13.249824,136.0,7.4,1996.0,6.0,122.0,0.0,12000.0,2000.0,904.0,415.0,51000,Action,152719489.1889766
Indiana Jones and the Last Crusade,14.788987,127.0,8.2,1989.0,5.0,149.0,14000.0,11000.0,844.0,440.0,477.0,0,Adventure,113968233.59372619
The Greatest Movie Ever Sold,4.39817,87.0,6.6,2011.0,4.0,130.0,293.0,16000.0,14000.0,808.0,45.0,0,Comedy,22073612.067889534
Pan,11.30428,111.0,5.7,2015.0,9.0,256.0,456.0,20000.0,548.0,394.0,186.0,24000,Adventure,196394774.3706868
Pan,11.30428,111.0,5.7,2015.0,9.0,256.0,456.0,20000.0,548.0,394.0,186.0,24000,Adventure,196394774.3706868
Pan,11.30428,111.0,5.7,2015.0,9.0,256.0,456.0,20000.0,559.0,394.0,186.0,24000,Adventure,196394774.3706868
Pan,11.30428,111.0,5.7,2015.0,9.0,256.0,456.0,20000.0,548.0,394.0,186.0,24000,Adventure,196394774.3706868
Pan,11.30428,111.0,5.7,2015.0,9.0,256.0,456.0,20000.0,548.0,394.0,186.0,24000,Adventure,196394774.3706868
Pan,11.30428,111.0,5.7,2015.0,9.0,256.0,456.0,20000.0,559.0,394.0,186.0,24000,Adventure,196394774.3706868
Pan,11.30428,111.0,5.7,2015.0,9.0,256.0,456.0,20000.0,548.0,394.0,186.0,24000,Adventure,196394774.3706868
Pan,11.30428,111.0,5.7,2015.0,9.0,256.0,456.0,20000.0,548.0,394.0,186.0,24000,Adventure,196394774.3706868
Pan,11.30428,111.0,5.7,2015.0,9.0,256.0,456.0,20000.0,559.0,394.0,186.0,24000,Adventure,196394774.3706868
Dazed and Confused,6.8652,102.0,7.6,1993.0,9.0,152.0,0.0,14000.0,1000.0,787.0,408.0,10000,Comedy,14050193.913385825
I Still Know What You Did Last Summer,11.023042,100.0,4.8,1998.0,11.0,125.0,41.0,45000.0,1000.0,970.0,418.0,891,Horror,117138154.31010474
The Lord of the Rings: The Two Towers,29.423537,174.11587433319053,8.8,2002.0,12.0,294.0,0.0,16000.0,5000.0,857.0,2417.0,10000,Adventure,142367910.40766555
Sweet Charity,0.537378,149.0,6.9,2069.0,1.0,15.0,189.0,683.0,641.0,388.0,64.0,548,Comedy,8000001.000000002
Crossover,0.906143,95.0,2.2,2006.0,9.0,25.0,17.0,592.0,378.0,255.0,36.0,244,Action,8928030.761904776
About Schmidt,11.066473,125.0,7.2,2002.0,12.0,217.0,729.0,442.0,344.0,322.0,612.0,0,Drama,54063764.06620214
Phone Booth,9.142772,81.0,7.1,2002.0,9.0,216.0,541.0,991.0,465.0,328.0,629.0,0,Thriller,23427631.662020937
Chappie,30.206365,120.0,6.8,2015.0,3.0,371.0,662.0,20000.0,2000.0,502.0,627.0,67000,Crime,64155626.967757665
Gothika,10.939066,98.0,5.8,2003.0,11.0,207.0,326.0,21000.0,534.0,416.0,376.0,0,Horror,63558833.565284155
Baggage Claim,5.590678,96.0,5.1,2013.0,9.0,52.0,68.0,3000.0,1000.0,1000.0,41.0,0,Comedy,11322996.230879538
Eddie the Eagle,7.528276,106.0,7.3,2016.0,2.0,216.0,452.0,20000.0,732.0,141.0,119.0,15000,Comedy,29738708.621027704
Eddie the Eagle,7.528276,106.0,7.3,2016.0,2.0,216.0,452.0,20000.0,732.0,141.0,119.0,15000,Comedy,29738708.621027704
Eddie the Eagle,7.528276,106.0,7.3,2016.0,2.0,216.0,452.0,20000.0,732.0,141.0,119.0,15000,Comedy,29738708.621027704
Eddie the Eagle,7.528276,106.0,7.3,2016.0,2.0,216.0,452.0,20000.0,732.0,141.0,119.0,15000,Comedy,29738708.621027704
The Black Stallion,10.246132,118.0,7.4,1979.0,10.0,33.0,19.0,481.0,81.0,48.0,90.0,0,Adventure,10168450.029126225
50 First Dates,11.134888,99.0,6.8,2004.0,2.0,147.0,88.0,11000.0,427.0,328.0,456.0,11000,Comedy,119172812.0599079
Burnt,8.066726,100.0,6.6,2015.0,10.0,175.0,53.0,14000.0,1000.0,580.0,129.0,25000,Drama,26185970.782758225
One for the Money,6.322435,91.0,5.3,2012.0,1.0,127.0,30.0,922.0,786.0,497.0,169.0,19000,Action,54065176.919231415
28 Days Later,17.656951,113.0,7.5,2002.0,10.0,224.0,0.0,133.0,32.0,27.0,1441.0,11000,Horror,9010628.177700365
House of 1000 Corpses,11.00913,89.0,6.0,2003.0,4.0,202.0,0.0,1000.0,340.0,303.0,922.0,0,Horror,11122796.69892474
Edge of Darkness,9.554067,117.0,6.6,2010.0,1.0,258.0,258.0,2000.0,1000.0,896.0,256.0,0,Crime,113851855.56946848
Kissing Jessica Stein,3.374229,97.0,6.5,2001.0,4.0,110.0,0.0,378.0,321.0,117.0,190.0,682,Comedy,1802126.435540071
I'm Not There.,9.351557,135.0,6.8,2007.0,10.0,231.0,162.0,23000.0,13000.0,228.0,230.0,0,Drama,29933733.673553865
From Dusk Till Dawn,15.339153,108.0,7.2,1996.0,1.0,165.0,0.0,16000.0,4000.0,844.0,592.0,12000,Horror,38688938.007874005
Kundun,5.01752,134.0,7.0,1997.0,12.0,85.0,17000.0,2.0,2.0,0.0,117.0,0,Drama,57015276.590551086
Trippin',0.218263,94.0,5.3,1999.0,5.0,16.0,9.0,927.0,209.0,200.0,8.0,143,Comedy,28834007.968641106
The Wrestler,7.903956,109.0,7.9,2008.0,9.0,391.0,0.0,1000.0,245.0,120.0,547.0,10000,Drama,8648073.716125648
Before Midnight,11.30324,108.0,7.9,2013.0,4.0,405.0,0.0,140.0,63.0,48.0,270.0,62000,Romance,3996352.257957481
Creepshow,10.434018,120.0,6.8,1982.0,11.0,127.0,0.0,875.0,826.0,602.0,211.0,0,Horror,30128738.86407765
Creepshow,10.434018,120.0,6.8,1982.0,11.0,127.0,0.0,875.0,826.0,602.0,211.0,0,Horror,30128738.86407765
Creepshow,10.434018,120.0,6.8,1982.0,11.0,127.0,0.0,875.0,826.0,602.0,211.0,0,Horror,30128738.86407765
Creepshow,10.434018,120.0,6.8,1982.0,11.0,127.0,0.0,875.0,826.0,602.0,211.0,0,Horror,30128738.86407765
Little Miss Sunshine,5.320117,102.0,7.8,2006.0,7.0,270.0,36.0,7000.0,150.0,27.0,889.0,15000,Comedy,12314524.809523813
Infamous,5.169999,110.0,7.0,2006.0,11.0,129.0,41.0,2000.0,812.0,442.0,102.0,0,Drama,20011102.190476205
Snitch,13.542675,112.0,6.4,2013.0,2.0,238.0,29.0,12000.0,1000.0,874.0,122.0,12000,Thriller,46624099.00950391
Snitch,13.542675,112.0,6.4,2013.0,2.0,238.0,29.0,12000.0,1000.0,874.0,122.0,12000,Thriller,46624099.00950391
Snitch,13.542675,112.0,6.4,2013.0,2.0,238.0,29.0,12000.0,1000.0,874.0,122.0,12000,Thriller,46624099.00950391
Snitch,13.542675,112.0,6.4,2013.0,2.0,238.0,29.0,12000.0,1000.0,874.0,122.0,12000,Thriller,46624099.00950391
Top Gun,20.301019,110.0,7.0,1986.0,5.0,173.0,12000.0,10000.0,1000.0,555.0,388.0,19000,Action,43261060.47955389
A Knight's Tale,10.90061,132.0,7.0,2001.0,5.0,167.0,241.0,13000.0,3000.0,996.0,658.0,0,Adventure,117138154.31010474
10 Things I Hate About You,12.069966,97.0,7.4,1999.0,3.0,133.0,19.0,23000.0,13000.0,835.0,549.0,10000,Comedy,28834007.968641106
The Machinist,10.737565,101.0,7.6,2004.0,2.0,204.0,122.0,23000.0,1000.0,360.0,458.0,21000,Thriller,7944855.070660518
Win a Date with Tad Hamilton!,5.924226,95.0,5.6,2004.0,1.0,84.0,126.0,2000.0,989.0,886.0,140.0,876,Comedy,27012504.840245746
Fast Times at Ridgemont High,14.658885,90.0,7.1,1982.0,8.0,118.0,143.0,1000.0,901.0,811.0,228.0,0,Comedy,16947416.04854369
Double Jeopardy,10.876463,105.0,6.5,1999.0,9.0,129.0,78.0,984.0,489.0,298.0,336.0,0,Crime,126148781.48780474
Last Action Hero,9.434006,130.0,6.5,1993.0,6.0,80.0,323.0,670.0,442.0,330.0,257.0,0,Adventure,173082087.61417297
The Animal,8.473369,84.0,4.8,2001.0,6.0,75.0,42.0,436.0,241.0,182.0,132.0,1000,Action,39646760.581881516
Sideways,12.646518,126.0,7.5,2004.0,10.0,285.0,729.0,912.0,306.0,284.0,835.0,0,Comedy,25423534.02611369
Double Impact,6.600651,110.0,5.6,1991.0,7.0,40.0,23.0,633.0,67.0,51.0,72.0,0,Thriller,35615073.685539365
The Neverending Story,14.225919,102.0,7.3,1984.0,4.0,99.0,249.0,523.0,312.0,271.0,284.0,21000,Drama,77869908.06319693
Step Up 2: The Streets,7.667579,98.0,6.2,2008.0,2.0,97.0,209.0,158.0,152.0,129.0,108.0,0,Music,33150946.411814943
Pollock,11.179864,122.0,7.0,2000.0,9.0,115.0,0.0,697.0,394.0,221.0,148.0,0,Drama,11.81275261324042
The Hurricane,5.716009,146.0,7.6,1999.0,9.0,65.0,278.0,18000.0,584.0,494.0,265.0,0,Drama,90106272.77700396
The Book of Life,10.337994,95.0,7.2,2014.0,10.0,156.0,34.0,17000.0,995.0,679.0,102.0,18000,Romance,65542630.76480133
Woo,2.326115,84.0,4.2,1998.0,5.0,23.0,18.0,1000.0,851.0,744.0,20.0,204,Comedy,23427631.662020937
Syriana,5.768575,128.0,6.9,2005.0,11.0,358.0,79.0,13000.0,903.0,414.0,625.0,0,Drama,79448541.70660533
Syriana,5.768575,128.0,6.9,2005.0,11.0,358.0,79.0,13000.0,903.0,414.0,625.0,0,Drama,79448541.70660533
Syriana,5.768575,128.0,6.9,2005.0,11.0,358.0,79.0,13000.0,903.0,414.0,625.0,0,Drama,79448541.70660533
Syriana,5.768575,128.0,6.9,2005.0,11.0,358.0,79.0,13000.0,903.0,414.0,625.0,0,Drama,79448541.70660533
Barbarella,14.304205,98.0,5.9,2068.0,10.0,107.0,35.0,949.0,178.0,170.0,186.0,0,Science Fiction,9000000.999999996
The Curse of the Were-Rabbit,11.766244,85.0,7.5,2005.0,9.0,209.0,9.0,567.0,269.0,100.0,307.0,0,Adventure,47669125.42396312
Sense and Sensibility,10.673167,136.0,7.7,1995.0,12.0,69.0,0.0,25000.0,14000.0,1000.0,196.0,0,Drama,33598288.40157484
Lone Wolf McQuade,5.839893,107.0,6.3,1983.0,4.0,29.0,8.0,926.0,400.0,268.0,65.0,0,Action,14420354.159851292
キュア,3.111281,111.0,7.5,1997.0,11.0,78.0,62.0,89.0,13.0,6.0,50.0,817,Crime,40726.19685039371
Los cronocrímenes,8.623982,92.0,7.1,2007.0,9.0,173.0,76.0,123.0,76.0,36.0,124.0,0,Science Fiction,3891386.2475620005
Don Juan DeMarco,7.438934,97.0,6.7,1994.0,10.0,44.0,19.0,40000.0,10000.0,977.0,117.0,0,Romance,50906497.06299219
Enter the Void,8.378149,161.0,7.2,2009.0,5.0,216.0,929.0,488.0,289.0,116.0,192.0,23000,Fantasy,18804393.71547567
V for Vendetta,20.214422,132.0,8.1,2006.0,3.0,525.0,160.0,20000.0,979.0,443.0,2042.0,48000,Action,83123036.71428564
Whip It,14.511442,111.0,6.9,2009.0,9.0,230.0,0.0,796.0,787.0,727.0,118.0,10000,Drama,21697377.210164253
Chernobyl Diaries,6.76513,88.0,5.0,2012.0,5.0,270.0,18.0,1000.0,466.0,300.0,271.0,24000,Horror,21626071.367692504
The Hobbit: The Desolation of Smaug,20.644776,161.0,7.8,2013.0,12.0,509.0,0.0,5000.0,972.0,773.0,951.0,83000,Adventure,202077644.52301505
Red Dawn,8.233168,114.0,6.3,1984.0,8.0,97.0,468.0,1000.0,1000.0,919.0,383.0,0,Action,12113097.654275112
Stealth,13.89018,121.0,5.1,2005.0,7.0,145.0,357.0,820.0,780.0,653.0,388.0,0,Action,214511060.90783566
Kick-Ass 2,13.570264,103.0,6.5,2013.0,7.0,350.0,65.0,17000.0,927.0,405.0,378.0,36000,Action,37299279.40760311
Without Limits,3.643468,117.0,7.2,1998.0,9.0,28.0,162.0,2000.0,878.0,745.0,57.0,942,Drama,45053136.88850172
The Day After Tomorrow,15.049695,124.0,6.5,2004.0,5.0,239.0,776.0,15000.0,2000.0,812.0,1159.0,19000,Action,198621352.76651305
Big Trouble in Little China,11.109932,99.0,7.2,1986.0,5.0,180.0,0.0,400.0,223.0,52.0,331.0,19000,Action,72101766.7992564
Paul Blart: Mall Cop,13.003122,91.0,5.3,2009.0,1.0,167.0,41.0,567.0,402.0,328.0,201.0,0,Action,37608786.43095135
Star Wars: Episode III - Revenge of the Sith,13.165421,140.0,7.6,2005.0,5.0,359.0,0.0,20000.0,16000.0,4000.0,3286.0,10000,Science Fiction,179553702.99692753
The Order,5.370818,102.0,5.1,2003.0,9.0,112.0,241.0,13000.0,891.0,127.0,204.0,704,Drama,55613979.49462375
Sweet Home Alabama,8.587129,108.0,6.2,2002.0,9.0,97.0,72.0,982.0,935.0,559.0,392.0,0,Comedy,54063764.06620214
Kill the Messenger,13.524048,112.0,6.9,2014.0,10.0,163.0,52.0,10000.0,963.0,688.0,99.0,13000,Thriller,6554263.976480127
Ride Along 2,9.420931,102.0,5.9,2016.0,1.0,119.0,167.0,2000.0,874.0,655.0,58.0,0,Action,51719492.514830835
Little Shop of Horrors,7.409179,94.0,7.1,1986.0,12.0,63.0,0.0,13000.0,854.0,413.0,165.0,0,Horror,72101766.7992564
The Visit,15.021058,94.0,6.3,2015.0,9.0,371.0,0.0,432.0,309.0,99.0,455.0,27000,Horror,6546493.4456895515
American Pie,18.344227,95.0,7.0,1999.0,7.0,145.0,80.0,3000.0,1000.0,1000.0,789.0,0,Comedy,19823380.79094075
Beyond the Mat,2.691433,102.0,7.6,1999.0,10.0,70.0,6.0,54.0,44.0,43.0,80.0,491,Documentary,3700932.2964459923
The Expendables 3,14.753545,127.0,6.1,2014.0,8.0,320.0,385.0,26000.0,13000.0,11000.0,351.0,56000,Action,117976734.57664287
Elmer Gantry,6.409512,146.0,7.7,2060.0,6.0,42.0,174.0,556.0,422.0,125.0,81.0,808,Drama,3000001.000000001
Eight Below,13.876881,120.0,7.3,2006.0,2.0,118.0,155.0,23000.0,984.0,249.0,263.0,11000,Adventure,61572620.04761901
The Great Raid,14.987902,132.0,6.6,2005.0,8.0,81.0,131.0,11000.0,298.0,242.0,183.0,0,Action,127117666.13056847
The Rose,2.132964,125.0,6.9,1979.0,11.0,32.0,43.0,563.0,236.0,122.0,52.0,1000,Drama,34836354.15533982
Fair Game,6.303785,108.0,6.8,2010.0,5.0,214.0,218.0,6000.0,3000.0,405.0,127.0,9000,Drama,31309261.006603807
The Mudge Boy,7.137026,94.0,7.1,2003.0,1.0,17.0,3.0,262.0,262.0,181.0,30.0,396,Drama,1271177.6513056844
The Twilight Saga: New Moon,30.121292,130.0,4.8,2009.0,3.0,299.0,129.0,21000.0,17000.0,12000.0,919.0,13000,Adventure,72324588.36721408
Run All Night,16.838145,114.0,6.6,2015.0,3.0,236.0,174.0,14000.0,988.0,655.0,205.0,15000,Action,65464925.45689547
Knocked Up,9.058516,129.0,6.9,2007.0,6.0,251.0,0.0,11000.0,985.0,529.0,559.0,0,Comedy,44900600.01033082
Rio 2,8.18534,102.0,6.3,2014.0,3.0,159.0,107.0,688.0,237.0,56.0,99.0,0,Animation,135017818.31549078
Quo Vadis,11.840985,171.0,7.1,2051.0,11.0,54.0,54.0,440.0,426.0,346.0,90.0,1000,Drama,8250000.9999999935
Sin City,15.010525,124.0,8.0,2005.0,4.0,374.0,436.0,3000.0,472.0,175.0,1732.0,13000,Action,63558833.565284155
Four Lions,11.934045,101.0,7.3,2010.0,5.0,246.0,69.0,414.0,365.0,106.0,148.0,17000,Comedy,1377161.5717613834
Furry Vengeance,10.794556,92.0,3.9,2010.0,4.0,101.0,16.0,3000.0,1000.0,734.0,84.0,0,Comedy,49810187.374142446
Le scaphandre et le papillon,11.090265,112.0,8.0,2007.0,5.0,259.0,232.0,413.0,412.0,177.0,175.0,13000,Drama,20953613.871487666
We Are Your Friends,9.023686,96.0,6.2,2015.0,8.0,158.0,31.0,804.0,625.0,328.0,60.0,0,Drama,7855791.934827467
Cirque du Soleil: Worlds Away,4.725759,91.0,6.7,2012.0,11.0,73.0,80.0,473.0,31.0,31.0,35.0,0,Fantasy,21626071.367692504
Fever Pitch,6.734065,103.0,6.2,2005.0,4.0,124.0,101.0,787.0,299.0,223.0,208.0,0,Comedy,47669125.42396312
The Blue Lagoon,11.578578,104.0,5.8,1980.0,7.0,36.0,116.0,1000.0,511.0,83.0,140.0,0,Romance,16947416.04854369
The Virgin Suicides,10.505387,97.0,7.2,1999.0,4.0,152.0,0.0,4000.0,899.0,826.0,520.0,0,Drama,10812753.613240417
Four Christmases,7.210383,88.0,5.7,2008.0,11.0,141.0,91.0,4000.0,3000.0,982.0,124.0,0,Comedy,115307637.21500881
In the Valley of Elah,9.604552,124.0,7.1,2007.0,8.0,232.0,549.0,11000.0,9000.0,883.0,224.0,0,History,34423793.5745869
Thank You for Smoking,9.369527,92.0,7.5,2005.0,9.0,239.0,655.0,24000.0,829.0,88.0,323.0,0,Comedy,10328311.291858695
Das Leben der Anderen,9.02255,137.0,8.4,2006.0,3.0,215.0,207.0,380.0,284.0,155.0,407.0,39000,Drama,3078631.952380954
World War Z,26.114917,116.0,7.0,2013.0,6.0,654.0,395.0,17000.0,11000.0,1000.0,995.0,129000,Action,202077644.52301505
Point Break,7.291872,114.0,5.3,2015.0,12.0,163.0,19.0,1000.0,897.0,848.0,163.0,37000,Action,137476342.35948044
Point Break,7.291872,114.0,5.3,2015.0,12.0,163.0,19.0,1000.0,897.0,848.0,163.0,37000,Action,137476342.35948044
Point Break,7.291872,114.0,5.3,2015.0,12.0,163.0,19.0,1000.0,897.0,848.0,163.0,37000,Action,137476342.35948044
Point Break,7.291872,114.0,5.3,2015.0,12.0,163.0,19.0,1000.0,897.0,848.0,163.0,37000,Action,137476342.35948044
Big Miracle,6.159379,107.0,6.5,2012.0,2.0,125.0,42.0,875.0,596.0,171.0,66.0,0,Adventure,54065176.919231415
Superbad,16.205105,113.0,7.6,2007.0,8.0,256.0,99.0,15000.0,833.0,778.0,555.0,0,Comedy,29933733.673553865
Free State of Jones,10.223582,139.0,6.9,2016.0,6.0,79.0,378.0,11000.0,552.0,303.0,47.0,10000,War,64649365.39353841
Australia,9.566135,165.0,6.6,2008.0,11.0,245.0,1000.0,309.0,284.0,165.0,450.0,0,Drama,187374909.84938905
"Definitely, Maybe",12.553657,112.0,7.1,2008.0,2.0,160.0,20.0,16000.0,109.0,61.0,168.0,0,Comedy,23061528.24300176
Back to the Future Part II,13.689855,108.0,7.8,1989.0,11.0,125.0,0.0,1000.0,869.0,690.0,327.0,12000,Adventure,94973528.16143799
A Cinderella Story,8.385361,95.0,5.9,2004.0,7.0,69.0,15.0,1000.0,852.0,528.0,232.0,0,Comedy,30190446.46850995
金陵十三釵,6.587711,145.0,7.5,2011.0,12.0,136.0,611.0,23000.0,196.0,28.0,130.0,13000,Drama,129682466.02385113
"Dude, Where’s My Car?",10.890236,83.0,5.5,2000.0,12.0,106.0,8.0,3000.0,934.0,612.0,469.0,0,Comedy,23427631.662020937
Extreme Ops,2.947411,93.0,4.4,2002.0,11.0,53.0,18.0,3000.0,545.0,443.0,82.0,158,Action,72085018.42160277
The Fighter,14.141837,116.0,7.8,2010.0,12.0,410.0,737.0,23000.0,238.0,141.0,389.0,36000,Drama,35578705.552958824
The Gift,8.585856,108.0,7.0,2015.0,7.0,297.0,0.0,1000.0,562.0,458.0,279.0,15000,Thriller,6546493.4456895515
The Gift,8.585856,108.0,7.0,2015.0,7.0,297.0,0.0,1000.0,562.0,458.0,279.0,15000,Thriller,6546493.4456895515
The Gift,8.585856,108.0,7.0,2015.0,7.0,297.0,0.0,1000.0,562.0,458.0,279.0,15000,Thriller,6546493.4456895515
The Gift,8.585856,108.0,7.0,2015.0,7.0,297.0,0.0,1000.0,562.0,458.0,279.0,15000,Thriller,6546493.4456895515
The Extra Man,3.18614,108.0,5.8,2010.0,8.0,104.0,30.0,474.0,403.0,281.0,29.0,916,Comedy,9962038.274828497
The Jungle Book 2,10.605851,72.0,5.3,2003.0,2.0,85.0,0.0,3000.0,455.0,384.0,58.0,227,Family,31779417.28264206
Red Lights,11.535478,119.0,6.2,2012.0,3.0,195.0,89.0,22000.0,2000.0,920.0,140.0,10000,Thriller,18922812.571730956
Super Troopers,7.351028,100.0,7.0,2001.0,1.0,100.0,422.0,816.0,577.0,422.0,333.0,0,Comedy,5406377.306620208
Notting Hill,9.874043,124.0,7.2,1999.0,5.0,150.0,50.0,8000.0,437.0,427.0,602.0,11000,Romance,75689269.29268296
Flicka,3.94159,95.0,6.0,2006.0,10.0,46.0,15.0,1000.0,786.0,461.0,76.0,1000,Drama,23089733.14285716
Escape from L.A.,12.229381,97.0,5.7,1996.0,8.0,104.0,0.0,12000.0,898.0,764.0,227.0,0,Action,101812993.12598431
A History of Violence,11.119707,96.0,7.4,2005.0,9.0,441.0,0.0,10000.0,917.0,882.0,1125.0,0,Drama,50847067.052227296
Happy Gilmore,9.592265,92.0,7.0,1996.0,2.0,77.0,221.0,11000.0,503.0,491.0,289.0,0,Comedy,24435119.110236183
Alvin and the Chipmunks: The Road Chip,14.307672,92.0,4.9,2015.0,12.0,70.0,12.0,35000.0,1000.0,1000.0,53.0,0,Adventure,20948776.826206535
Shall We Dance?,9.082538,107.0,6.2,2004.0,10.0,118.0,23.0,1000.0,593.0,418.0,211.0,0,Drama,79448541.70660533
Home on the Range,8.555544,76.0,5.4,2004.0,4.0,104.0,6.0,12000.0,513.0,421.0,88.0,304,Animation,174786790.55453125
Before Sunset,7.048957,80.0,8.1,2004.0,2.0,211.0,0.0,50.0,8.0,3.0,492.0,13000,Drama,4290222.198156678
一代宗師,8.959821,130.0,6.6,2013.0,1.0,273.0,0.0,643.0,290.0,7.0,111.0,13000,Action,5141972.951905288
Gigli,11.415316,121.0,2.7,2003.0,8.0,131.0,102.0,117.0,62.0,43.0,418.0,2000,Drama,85804424.96313357
Two Lovers,8.032616,110.0,7.0,2008.0,11.0,190.0,115.0,812.0,580.0,103.0,98.0,0,Drama,17296146.432251293
Batman Begins,28.505341,140.0,8.2,2005.0,6.0,478.0,22000.0,23000.0,14000.0,11000.0,2685.0,15000,Action,238345623.11981454
Larry Crowne,10.778028,98.0,6.1,2011.0,6.0,218.0,15000.0,15000.0,839.0,392.0,184.0,0,Comedy,41388021.75229282
Just Wright,8.870325,100.0,5.9,2010.0,5.0,70.0,43.0,988.0,826.0,696.0,36.0,0,Comedy,22770371.91389364
Mad Max: Fury Road,29.36178,120.0,8.1,2015.0,5.0,739.0,750.0,27000.0,9000.0,943.0,1588.0,191000,Action,196394774.3706868
Khumba,5.219667,85.0,5.6,2013.0,7.0,39.0,0.0,14000.0,12000.0,912.0,12.0,0,Animation,26642342.719716556
The Godfather: Part III,17.185349,162.0,7.6,1990.0,12.0,110.0,0.0,14000.0,1000.0,889.0,545.0,0,Crime,128214262.66794135
Modern Times,8.159556,87.0,8.5,2036.0,2.0,120.0,0.0,309.0,8.0,8.0,211.0,0,Drama,2.0
The Last King of Scotland,9.424157,121.0,7.6,2006.0,9.0,252.0,162.0,1000.0,149.0,25.0,351.0,0,Drama,9235893.857142873
Ice Age,17.328902,81.0,7.5,2002.0,3.0,193.0,77.0,1000.0,939.0,835.0,467.0,3000,Animation,106325401.69686402
Out Cold,4.197544,89.0,6.3,2001.0,11.0,37.0,2.0,799.0,711.0,651.0,90.0,0,Comedy,43251011.45296161
Evil Dead,12.01525,91.0,6.5,2013.0,4.0,543.0,201.0,394.0,150.0,58.0,789.0,70000,Horror,22645991.461759016
Cinderella Man,6.363884,144.0,8.0,2005.0,6.0,201.0,2000.0,680.0,655.0,537.0,529.0,0,Romance,139829432.64362532
The Scarlet Letter,6.752119,135.0,5.3,1995.0,10.0,34.0,596.0,10000.0,3000.0,2000.0,90.0,943,Drama,101812993.12598431
Mama,16.018525,100.0,6.2,2013.0,1.0,393.0,127.0,1000.0,340.0,250.0,304.0,57000,Horror,19981757.289787408
Breakdown,7.926621,95.0,7.0,1997.0,5.0,72.0,84.0,551.0,284.0,263.0,218.0,0,Drama,73305355.33070865
Dream House,9.995617,84.0,6.0,2011.0,9.0,174.0,260.0,6000.0,694.0,692.0,137.0,0,Drama,68980035.58715484
21 & Over,11.29356,93.0,5.8,2013.0,3.0,168.0,24.0,552.0,528.0,499.0,84.0,11000,Comedy,17317523.117815744
Coriolanus,6.914615,123.0,6.1,2011.0,2.0,196.0,0.0,18000.0,451.0,131.0,118.0,12000,Drama,10622926.326421833
Alice in Wonderland,17.285093,108.0,6.4,2010.0,3.0,451.0,13000.0,40000.0,25000.0,11000.0,736.0,24000,Family,215886753.03705037
Alice in Wonderland,17.285093,108.0,6.4,2010.0,3.0,451.0,13000.0,40000.0,25000.0,11000.0,736.0,24000,Family,215886753.03705037
Alice in Wonderland,17.285093,108.0,6.4,2010.0,3.0,451.0,13000.0,40000.0,25000.0,11000.0,736.0,24000,Family,215886753.03705037
Alice in Wonderland,17.285093,108.0,6.4,2010.0,3.0,451.0,13000.0,40000.0,25000.0,11000.0,736.0,24000,Family,215886753.03705037
Ghost Rider: Spirit of Vengeance,9.421301,95.0,4.3,2011.0,12.0,287.0,83.0,12000.0,1000.0,1000.0,331.0,18000,Action,78637240.42935628
The Grey,14.31675,117.0,6.7,2012.0,1.0,408.0,248.0,14000.0,798.0,726.0,755.0,32000,Action,33790735.949519604
Milk,10.680121,128.0,7.5,2008.0,11.0,324.0,835.0,11000.0,896.0,755.0,281.0,10000,History,28826910.053752203
My Big Fat Greek Wedding,6.719949,95.0,6.6,2002.0,2.0,168.0,38.0,567.0,312.0,249.0,756.0,5000,Comedy,9010628.177700365
Howard the Duck,10.722672,110.0,4.8,1986.0,8.0,81.0,8.0,1000.0,692.0,322.0,269.0,0,Comedy,106710614.38290043
Brokedown Palace,6.570918,100.0,6.4,1999.0,8.0,70.0,57.0,181.0,151.0,92.0,187.0,0,Drama,45053136.88850172
Don't Say a Word,6.824871,113.0,6.3,2001.0,9.0,113.0,39.0,1000.0,912.0,477.0,248.0,970,Thriller,90106272.77700396
Step Up,14.21769,104.0,6.5,2006.0,8.0,107.0,98.0,17000.0,2000.0,920.0,271.0,0,Music,18471786.714285713
Ladyhawke,8.157587,121.0,6.9,1985.0,3.0,52.0,503.0,2000.0,92.0,83.0,185.0,0,Adventure,57681413.63940513
The Cold Light of Day,11.112153,93.0,4.9,2012.0,4.0,119.0,19.0,15000.0,13000.0,619.0,113.0,0,Action,27032588.95961568
Indiana Jones and the Kingdom of the Crystal Skull,12.577266,122.0,6.2,2008.0,5.0,470.0,14000.0,11000.0,1000.0,1000.0,2054.0,5000,Adventure,218647217.2589051
Fun with Dick and Jane,13.473381,90.0,6.2,2005.0,12.0,135.0,23.0,957.0,550.0,233.0,258.0,2000,Comedy,158897082.41321066
When Harry Met Sally...,8.34322,96.0,7.7,1989.0,7.0,114.0,0.0,227.0,73.0,62.0,273.0,0,Comedy,37989411.86457537
The Dark Knight Rises,20.58258,165.0,8.4,2012.0,7.0,813.0,22000.0,27000.0,23000.0,23000.0,2701.0,164000,Action,205037596.06864718
Out of Africa,14.004074,161.0,7.1,1985.0,12.0,66.0,521.0,11000.0,920.0,184.0,200.0,0,Drama,89406190.59107806
Absolute Power,7.66124,121.0,6.7,1997.0,2.0,76.0,16000.0,16000.0,1000.0,826.0,142.0,1000,Crime,101812993.12598431
Go,8.344282,98.0,7.2,1999.0,4.0,137.0,218.0,900.0,563.0,376.0,418.0,0,Crime,11713816.331010466
Halloween 5: The Revenge of Michael Myers,6.585405,96.0,4.9,1989.0,10.0,137.0,2.0,742.0,256.0,120.0,287.0,926,Horror,11871691.895179786
8MM,7.473718,123.0,6.6,1999.0,2.0,138.0,541.0,12000.0,638.0,173.0,587.0,0,Thriller,72085018.42160277
Jack the Giant Slayer,11.606061,114.0,6.3,2013.0,2.0,338.0,0.0,979.0,557.0,140.0,205.0,22000,Action,202077644.52301505
Time Bandits,9.841623,116.0,6.9,1981.0,7.0,139.0,0.0,629.0,561.0,504.0,177.0,0,Family,18830462.165048555
Agent Cody Banks,10.445141,102.0,5.1,2003.0,3.0,79.0,91.0,1000.0,934.0,434.0,104.0,542,Action,44491183.79569892
Akeelah and the Bee,5.052049,112.0,7.4,2006.0,4.0,95.0,3.0,876.0,801.0,268.0,172.0,0,Drama,12314524.809523813
Maleficent,19.467404,97.0,6.9,2014.0,5.0,401.0,171.0,11000.0,2000.0,846.0,634.0,89000,Fantasy,198851893.41260675
해운대,4.136356,120.0,5.5,2009.0,6.0,43.0,2.0,94.0,80.0,13.0,25.0,558,Action,23143868.95750852
Welcome Home Roscoe Jenkins,4.386145,114.0,5.5,2008.0,2.0,76.0,92.0,940.0,706.0,436.0,39.0,464,Comedy,50447091.8440662
The Tourist,12.845045,103.0,6.0,2010.0,12.0,321.0,207.0,40000.0,11000.0,3000.0,374.0,25000,Action,142314819.21183562
The Tourist,12.845045,103.0,6.0,2010.0,12.0,321.0,207.0,40000.0,11000.0,3000.0,374.0,25000,Action,142314819.21183562
The Tourist,12.845045,103.0,6.0,2010.0,12.0,321.0,207.0,40000.0,11000.0,3000.0,374.0,25000,Action,142314819.21183562
The Tourist,12.845045,103.0,6.0,2010.0,12.0,321.0,207.0,40000.0,11000.0,3000.0,374.0,25000,Action,142314819.21183562
Rambo: First Blood Part II,11.924462,96.0,6.5,1985.0,5.0,96.0,170.0,13000.0,738.0,668.0,217.0,0,Action,126899108.80669144
Flipper,4.557006,95.0,5.3,1996.0,5.0,23.0,0.0,442.0,95.0,26.0,26.0,504,Adventure,51985714.77952748
To Rome with Love,7.812646,111.0,6.3,2012.0,4.0,275.0,11000.0,385.0,223.0,159.0,163.0,18000,Romance,22977700.765673336
"Crazy, Stupid, Love.",10.246173,118.0,7.4,2011.0,7.0,310.0,43.0,33000.0,15000.0,7000.0,292.0,44000,Comedy,68980035.58715484
Harry Potter and the Half-Blood Prince,19.083723,153.0,7.6,2009.0,7.0,375.0,282.0,25000.0,11000.0,10000.0,973.0,10000,Adventure,219427892.70255336
Bad Boys,9.262184,118.0,6.8,1995.0,4.0,63.0,0.0,10000.0,345.0,244.0,203.0,0,Action,38688938.007874005
The Happening,6.22229,91.0,5.0,2008.0,6.0,323.0,0.0,11000.0,946.0,751.0,1264.0,6000,Thriller,86480728.16125646
The Expendables,14.75562,103.0,6.4,2010.0,8.0,424.0,13000.0,26000.0,13000.0,5000.0,741.0,57000,Thriller,113851855.56946848
The Conjuring,14.90169,112.0,7.5,2013.0,7.0,511.0,0.0,6000.0,960.0,697.0,807.0,131000,Horror,17317523.117815744
If I Stay,9.659244,106.0,6.7,2014.0,8.0,141.0,15.0,17000.0,1000.0,602.0,132.0,15000,Drama,14419379.548256297
Alpha and Omega,8.16645,88.0,5.1,2010.0,9.0,84.0,0.0,681.0,611.0,518.0,84.0,0,Family,28462964.64236707
The Legend of Bagger Vance,9.034884,126.0,6.7,2000.0,11.0,125.0,0.0,13000.0,10000.0,9000.0,267.0,0,Fantasy,144170035.84320578
Joan of Arc,9.471838,148.0,6.4,1999.0,10.0,111.0,0.0,51.0,40.0,15.0,390.0,0,Adventure,108127527.13240407
The Haunting,8.967638,113.0,5.0,1999.0,7.0,167.0,101.0,14000.0,960.0,913.0,805.0,0,Horror,144170035.84320578
The Broken Hearts Club: A Romantic Comedy,1.795849,94.0,6.9,2000.0,2.0,51.0,112.0,1000.0,826.0,428.0,120.0,671,Comedy,1802126.435540071
Flatliners,11.890138,115.0,6.6,1990.0,8.0,49.0,541.0,8000.0,1000.0,442.0,148.0,0,Drama,61732793.654935054
Parker,13.963892,118.0,6.2,2013.0,1.0,224.0,138.0,26000.0,968.0,458.0,141.0,17000,Action,46624099.00950391
Marci X,4.15656,84.0,3.0,2003.0,8.0,28.0,121.0,836.0,624.0,587.0,66.0,241,Comedy,31779417.28264206
Touching the Void,7.594022,106.0,7.9,2003.0,9.0,121.0,162.0,21.0,5.0,3.0,156.0,0,Documentary,25423534.02611369
Top Hat,7.122093,101.0,7.7,2035.0,9.0,66.0,10.0,610.0,172.0,23.0,98.0,1000,Comedy,609000.9999999999
シン・ゴジラ,9.285519,120.0,6.8,2016.0,7.0,1.0,28.0,544.0,106.0,12.0,13.0,0,Action,19394810.318061564
シン・ゴジラ,9.285519,120.0,6.8,2016.0,7.0,1.0,28.0,544.0,106.0,12.0,13.0,0,Action,19394810.318061564
シン・ゴジラ,9.285519,120.0,6.8,2016.0,7.0,1.0,28.0,544.0,106.0,12.0,13.0,0,Action,19394810.318061564
シン・ゴジラ,9.285519,120.0,6.8,2016.0,7.0,1.0,28.0,544.0,106.0,12.0,13.0,0,Action,19394810.318061564
Saw,23.508433,103.0,7.6,2004.0,10.0,287.0,0.0,2000.0,878.0,651.0,1509.0,0,Horror,1906765.9769585247
Daddy Day Care,6.504927,92.0,5.6,2003.0,5.0,81.0,41.0,1000.0,955.0,522.0,116.0,886,Comedy,95338249.84792624
To Die For,10.448481,106.0,6.8,1995.0,5.0,59.0,835.0,1000.0,967.0,458.0,162.0,1000,Fantasy,40725197.850393705
Dabba,10.766409,104.0,7.8,2013.0,9.0,195.0,25.0,638.0,85.0,73.0,162.0,16000,Drama,1332118.0859858266
The Bone Collector,8.884406,118.0,6.7,1999.0,11.0,75.0,176.0,18000.0,11000.0,308.0,397.0,0,Drama,131555157.79442522
Friday the 13th Part VI: Jason Lives,8.122042,86.0,6.0,1986.0,8.0,158.0,41.0,956.0,316.0,155.0,307.0,0,Horror,8652212.895910803
Tombstone,11.338194,130.0,7.8,1993.0,12.0,84.0,170.0,2000.0,722.0,472.0,439.0,11000,Action,50906497.06299219
Trainwreck,17.310647,125.0,6.2,2015.0,7.0,332.0,0.0,492.0,392.0,213.0,309.0,25000,Comedy,45825448.11982692
Pale Rider,9.385078,115.0,7.3,1985.0,6.0,38.0,16000.0,16000.0,455.0,240.0,138.0,0,Romance,46145131.111524105
Pitch Perfect,11.03595,112.0,7.1,2012.0,9.0,223.0,36.0,10000.0,751.0,746.0,250.0,36000,Comedy,22977700.765673336
The Lake House,12.589019,99.0,6.8,2006.0,6.0,175.0,18.0,18000.0,426.0,211.0,548.0,0,Romance,61572620.04761901
Case 39,9.644085,109.0,6.2,2009.0,8.0,167.0,22.0,14000.0,716.0,355.0,174.0,0,Horror,39055278.17829556
Looper,12.727269,118.0,7.4,2012.0,9.0,589.0,0.0,23000.0,13000.0,502.0,667.0,75000,Action,40548882.93942356
Three Kings,12.287636,114.0,7.1,1999.0,9.0,150.0,737.0,2000.0,490.0,393.0,560.0,3000,Action,135159408.66550505
The Road,14.958098,111.0,7.2,2009.0,11.0,355.0,214.0,10000.0,9000.0,3000.0,504.0,32000,Adventure,46287736.91501691
Crimson Tide,8.657365,116.0,7.4,1995.0,5.0,82.0,12000.0,18000.0,10000.0,665.0,194.0,0,Action,107921772.65354332
Beasts of the Southern Wild,5.550496,93.0,7.2,2012.0,6.0,663.0,188.0,2000.0,458.0,168.0,269.0,31000,Drama,2432933.9163654107
Vals Im Bashir,7.636625,90.0,8.0,2008.0,6.0,231.0,56.0,56.0,0.0,0.0,156.0,0,Drama,2882691.905375216
When the Game Stands Tall,6.617708,115.0,6.6,2014.0,8.0,50.0,49.0,116.0,110.0,100.0,64.0,0,Drama,19662789.92944038
Miss Potter,8.599342,92.0,7.0,2006.0,12.0,124.0,108.0,876.0,142.0,135.0,142.0,0,Drama,46179465.285714254
Teenage Mutant Ninja Turtles: Out of the Shadows,13.047776,112.0,5.9,2016.0,6.0,181.0,13.0,5000.0,833.0,799.0,115.0,12000,Fantasy,174553284.8625535
The Pacifier,7.81645,95.0,5.6,2005.0,3.0,125.0,163.0,14000.0,799.0,650.0,225.0,0,Action,88982366.59139766
National Treasure,18.932203,131.0,6.9,2004.0,11.0,193.0,226.0,12000.0,625.0,341.0,692.0,0,Adventure,158897082.41321066
Fatal Attraction,14.260779,119.0,6.9,1987.0,9.0,94.0,213.0,886.0,276.0,249.0,201.0,3000,Romance,40376989.847583644
United 93,10.527141,111.0,7.6,2006.0,4.0,279.0,521.0,97.0,68.0,64.0,828.0,0,Drama,23089733.14285716
Clerks II,8.466725,97.0,7.3,2006.0,5.0,174.0,0.0,1000.0,898.0,657.0,472.0,0,Comedy,7696578.380952364
Jack Reacher,12.789812,130.0,7.0,2012.0,12.0,387.0,188.0,10000.0,3000.0,1000.0,448.0,38000,Crime,81097764.87884714
Jack Reacher,12.789812,130.0,7.0,2012.0,12.0,387.0,188.0,10000.0,3000.0,1000.0,448.0,38000,Crime,81097764.87884714
Jack Reacher,12.789812,130.0,7.0,2012.0,12.0,387.0,188.0,10000.0,3000.0,1000.0,448.0,38000,Crime,81097764.87884714
Jack Reacher,12.789812,130.0,7.0,2012.0,12.0,387.0,188.0,10000.0,3000.0,1000.0,448.0,38000,Crime,81097764.87884714
Mystery Men,10.466306,121.0,6.1,1999.0,8.0,125.0,18.0,1000.0,855.0,776.0,435.0,0,Adventure,122544530.6167249
Mad City,4.909738,114.0,6.3,1997.0,11.0,59.0,333.0,972.0,713.0,317.0,73.0,697,Action,101812993.12598431
Away We Go,6.590093,98.0,7.0,2009.0,6.0,217.0,0.0,925.0,472.0,374.0,115.0,7000,Drama,24590360.70485276
Sleep Dealer,3.750365,90.0,6.0,2008.0,12.0,47.0,8.0,426.0,399.0,35.0,40.0,0,Drama,3603364.6317190216
Mr. Popper's Penguins,15.214342,94.0,6.0,2011.0,6.0,189.0,70.0,1000.0,549.0,497.0,108.0,14000,Comedy,75878039.04587014
The Living Daylights,12.189038,130.0,6.7,1987.0,6.0,105.0,46.0,387.0,244.0,162.0,271.0,0,Action,115362826.27881029
The Last Emperor,11.076971,163.0,7.7,1987.0,10.0,75.0,973.0,1000.0,643.0,400.0,133.0,0,Drama,66333625.535316035
"The Chronicles of Narnia: The Lion, the Witch and the Wardrobe",18.13542,143.0,6.9,2005.0,12.0,284.0,80.0,1000.0,190.0,82.0,1463.0,0,Adventure,241041483.85812104
Ocean's Thirteen,12.16276,122.0,6.9,2007.0,6.0,238.0,0.0,14000.0,13000.0,11000.0,288.0,0,Crime,127218364.86260422
Banlieue 13,7.594102,84.0,7.1,2004.0,11.0,141.0,180.0,510.0,297.0,58.0,157.0,0,Action,19067650.769585222
Central do Brasil,4.919716,113.0,8.0,1998.0,1.0,71.0,179.0,119.0,14.0,11.0,257.0,0,Drama,5226164.763066202
少林足球,8.461631,113.0,7.3,2001.0,7.0,246.0,0.0,478.0,83.0,51.0,243.0,0,Action,28834007.968641106
Requiem for a Dream,6.874828,102.0,8.3,2000.0,10.0,234.0,0.0,1000.0,1000.0,167.0,1916.0,38000,Crime,8109565.459930313
What the #$*! Do We (K)now!?,7.631049,109.0,5.2,2004.0,4.0,74.0,0.0,847.0,670.0,428.0,486.0,2000,Documentary,25423534.02611369
Død snø,7.974726,91.0,6.3,2009.0,1.0,224.0,75.0,35.0,16.0,13.0,200.0,23000,Horror,1157194.3978754235
Jimmy Neutron: Boy Genius,7.308162,83.0,6.1,2001.0,12.0,66.0,8.0,770.0,677.0,179.0,118.0,425,Action,45053136.88850172
Big Fat Liar,4.643981,88.0,5.5,2002.0,2.0,69.0,189.0,934.0,927.0,799.0,99.0,896,Comedy,27031882.533101045
Big Fat Liar,4.643981,88.0,5.5,2002.0,2.0,69.0,189.0,934.0,927.0,799.0,99.0,896,Comedy,27031882.533101045
Big Fat Liar,4.643981,88.0,5.5,2002.0,2.0,69.0,189.0,934.0,927.0,799.0,99.0,896,Comedy,27031882.533101045
Big Fat Liar,4.643981,88.0,5.5,2002.0,2.0,69.0,189.0,934.0,927.0,799.0,99.0,896,Comedy,27031882.533101045
Jackass Number Two,7.915368,95.0,7.0,2006.0,9.0,104.0,79.0,608.0,362.0,218.0,196.0,641,Action,16932471.238095243
Ex Machina,14.14078,108.0,7.7,2015.0,1.0,489.0,232.0,149.0,145.0,123.0,611.0,109000,Drama,19639478.337068677
The Godfather,41.109264,174.11587433319053,9.2,2072.0,3.0,208.0,0.0,14000.0,10000.0,3000.0,2238.0,43000,Drama,6000001.0
The Holiday,14.043416,136.0,7.0,2006.0,12.0,157.0,278.0,14000.0,3000.0,213.0,483.0,19000,Comedy,130841816.47619155
GoldenEye,14.686036,130.0,7.2,1995.0,11.0,137.0,258.0,394.0,387.0,345.0,416.0,0,Adventure,118103071.866142
How to Be Single,8.898988,110.0,6.1,2016.0,1.0,148.0,11.0,2000.0,756.0,591.0,83.0,15000,Comedy,49133517.939089246
Confessions of a Dangerous Mind,7.645827,113.0,7.0,2002.0,12.0,181.0,0.0,504.0,147.0,89.0,276.0,3000,Comedy,54063764.06620214
Seventh Son,15.297821,102.0,5.5,2014.0,12.0,175.0,44.0,12000.0,3000.0,766.0,154.0,16000,Adventure,124530997.5531232
Child's Play,19.827546,87.0,6.7,1988.0,11.0,142.0,85.0,311.0,189.0,118.0,281.0,0,Horror,21369044.61132366
[REC]²,8.853168,85.0,6.5,2009.0,9.0,222.0,57.0,37.0,9.0,6.0,148.0,4000,Thriller,8100354.785127982
The Spy Who Loved Me,9.781451,125.0,7.0,1977.0,7.0,112.0,43.0,456.0,244.0,238.0,275.0,0,Adventure,80753978.69516729
Quest for Camelot,13.02535,86.0,6.3,1998.0,5.0,34.0,7.0,10000.0,908.0,795.0,67.0,0,Fantasy,72085018.42160277
Shallow Hal,12.520688,114.0,6.0,2001.0,11.0,109.0,101.0,700.0,655.0,398.0,426.0,0,Comedy,72085018.42160277
The American President,6.318445,106.0,6.8,1995.0,11.0,75.0,0.0,524.0,517.0,452.0,214.0,0,Comedy,126248111.23622024
Frankenweenie,10.296047,87.0,6.9,2012.0,10.0,370.0,13000.0,940.0,925.0,787.0,165.0,25000,Animation,52713547.52125065
The Lost Boys,9.099731,97.0,7.2,1987.0,7.0,147.0,541.0,967.0,847.0,673.0,339.0,19000,Horror,24514601.371747237
Scoop,8.16339,96.0,6.6,2006.0,7.0,177.0,11000.0,19000.0,427.0,405.0,248.0,0,Comedy,6157262.904761906
The Host,11.342024,125.0,5.8,2013.0,3.0,298.0,487.0,430.0,329.0,201.0,347.0,43000,Action,58613152.78337642
Along Came a Spider,13.214068,104.0,6.4,2001.0,4.0,133.0,93.0,11000.0,2000.0,878.0,317.0,0,Crime,108127527.13240407
The Avengers,44.77527430342312,143.0,8.0,2012.0,4.0,703.0,0.0,26000.0,21000.0,19000.0,1722.0,123000,Science Fiction,205037596.06864718
The Avengers,44.77527430342312,143.0,8.0,2012.0,4.0,703.0,0.0,26000.0,21000.0,19000.0,1722.0,123000,Science Fiction,205037596.06864718
The Avengers,44.77527430342312,143.0,8.0,2012.0,4.0,703.0,0.0,26000.0,21000.0,19000.0,1722.0,123000,Science Fiction,205037596.06864718
The Avengers,44.77527430342312,143.0,8.0,2012.0,4.0,703.0,0.0,26000.0,21000.0,19000.0,1722.0,123000,Science Fiction,205037596.06864718
The Evil Dead,10.421679,85.0,7.4,1981.0,10.0,304.0,0.0,634.0,66.0,58.0,740.0,12000,Horror,1318133.2815533963
Airborne,11.600224,91.0,6.3,1993.0,9.0,9.0,38.0,584.0,399.0,117.0,70.0,0,Action,5294276.590551181
Boys Don't Cry,6.536006,118.0,7.5,1999.0,9.0,123.0,108.0,173.0,148.0,103.0,434.0,0,Crime,3604251.871080146
Highlander III: The Sorcerer,6.866634,99.0,4.5,1994.0,11.0,32.0,5.0,1000.0,691.0,535.0,79.0,319,Action,52942756.90551178
Out of the Furnace,6.760321,116.0,6.7,2013.0,12.0,288.0,108.0,23000.0,820.0,120.0,231.0,17000,Thriller,29306576.89168812
Casablanca,13.916101,102.0,8.5,2042.0,11.0,242.0,345.0,2000.0,607.0,269.0,1123.0,23000,Drama,878001.0000000007
Mean Girls,11.454835,97.0,7.1,2004.0,4.0,159.0,70.0,2000.0,1000.0,625.0,554.0,0,Comedy,27012504.840245746
Lolita,9.551293,153.0,7.5,2062.0,6.0,103.0,0.0,617.0,367.0,177.0,207.0,0,Drama,2000001.0000000016
Lolita,9.551293,153.0,7.5,2062.0,6.0,103.0,0.0,618.0,367.0,177.0,207.0,0,Drama,2000001.0000000016
Lolita,9.551293,153.0,7.5,2062.0,6.0,103.0,0.0,617.0,367.0,177.0,207.0,0,Drama,2000001.0000000016
Lolita,9.551293,153.0,7.5,2062.0,6.0,103.0,0.0,618.0,367.0,177.0,207.0,0,Drama,2000001.0000000016
Transformers,5.587707,144.0,7.1,2007.0,6.0,396.0,0.0,662.0,599.0,581.0,1782.0,8000,Adventure,224502996.05165422
A Bridge Too Far,7.719173,174.11587433319053,7.4,1977.0,6.0,56.0,0.0,385.0,232.0,14.0,210.0,0,Drama,126899108.80669144
Krull,9.848674,117.0,6.1,1983.0,7.0,57.0,170.0,14000.0,192.0,136.0,178.0,0,Fantasy,77869908.06319693
Beginners,6.72639,105.0,7.2,2010.0,9.0,261.0,101.0,1000.0,394.0,157.0,142.0,15000,Drama,4554075.182778736
Murderball,1.687901,88.0,7.7,2005.0,7.0,110.0,30.0,15.0,0.0,0.0,70.0,0,Documentary,476692.2442396309
Percy Jackson: Sea of Monsters,10.338222,106.0,5.7,2013.0,8.0,183.0,87.0,8000.0,956.0,918.0,204.0,28000,Adventure,119890538.73872425
Source Code,9.796962,93.0,7.5,2011.0,3.0,522.0,0.0,15000.0,491.0,355.0,571.0,56000,Thriller,44147223.13577901
Find Me Guilty,15.295949,125.0,7.0,2006.0,3.0,94.0,0.0,22000.0,14000.0,968.0,108.0,0,Drama,20011102.190476205
High Anxiety,5.101153,94.0,6.6,1977.0,12.0,55.0,0.0,1000.0,628.0,605.0,102.0,0,Comedy,19611681.297397748
The Nutcracker,1.418221,93.0,5.9,1993.0,11.0,10.0,22.0,2.0,0.0,0.0,15.0,238,Family,38688938.007874005
Niagara,14.605464,92.0,7.0,2053.0,1.0,74.0,83.0,469.0,79.0,48.0,116.0,1000,Crime,1250000.999999999
The Three Stooges,13.371056,92.0,5.1,2012.0,4.0,162.0,101.0,971.0,860.0,760.0,189.0,13000,Comedy,40548882.93942356
The Manchurian Candidate,10.796939,129.0,6.6,2004.0,7.0,209.0,438.0,18000.0,1000.0,502.0,363.0,0,Drama,127117666.13056847
Jumper,11.03897,88.0,6.1,2008.0,2.0,238.0,218.0,17000.0,4000.0,521.0,488.0,0,Adventure,122514364.47844665
The Fifth Element,24.30526,126.0,7.6,1997.0,5.0,173.0,0.0,14000.0,13000.0,10000.0,742.0,18000,Adventure,183263386.82677183
The Fault in Our Stars,16.274653,125.0,7.6,2014.0,5.0,326.0,131.0,8000.0,1000.0,733.0,548.0,93000,Romance,15730232.143552309
The World's End,9.830382,109.0,6.9,2013.0,7.0,427.0,1000.0,177.0,55.0,24.0,401.0,49000,Comedy,26642342.719716556
Wag the Dog,7.603652,97.0,7.1,1997.0,12.0,130.0,272.0,22000.0,4000.0,957.0,218.0,12000,Comedy,30543898.637795307
Swept Away,3.492576,89.0,3.6,2002.0,10.0,71.0,0.0,990.0,711.0,119.0,215.0,725,Comedy,18021255.355400726
Green Zone,11.174041,115.0,6.8,2010.0,3.0,266.0,521.0,13000.0,537.0,95.0,261.0,0,War,142314819.21183562
Elizabeth,7.566321,124.0,7.4,1998.0,9.0,141.0,159.0,288.0,249.0,240.0,409.0,0,Drama,54063764.06620214
Atlas Shrugged Part III: Who is John Galt?,1.845554,99.0,4.3,2014.0,9.0,12.0,0.0,578.0,435.0,361.0,56.0,0,Drama,6554263.976480127
Tiny Furniture,2.799356,99.0,6.2,2010.0,11.0,113.0,969.0,969.0,529.0,433.0,35.0,0,Romance,92505.63183769309
The Counselor,14.723646,117.0,5.4,2013.0,10.0,336.0,0.0,13000.0,11000.0,1000.0,431.0,24000,Thriller,33302928.14964563
U-571,7.879924,116.0,6.6,2000.0,4.0,178.0,84.0,11000.0,919.0,563.0,602.0,0,Action,111731778.00348443
Escape from New York,10.124544,99.0,7.1,1981.0,5.0,201.0,0.0,742.0,602.0,381.0,284.0,0,Science Fiction,22596554.398058258
Jaws: The Revenge,9.327986,89.0,3.0,1987.0,7.0,80.0,114.0,912.0,535.0,434.0,383.0,0,Adventure,66333625.535316035
Snatch,14.014025,103.0,8.2,2000.0,9.0,151.0,0.0,26000.0,11000.0,1000.0,726.0,27000,Thriller,18021255.355400726
Snatch,14.014025,103.0,8.2,2000.0,9.0,151.0,0.0,26000.0,11000.0,1000.0,726.0,27000,Thriller,18021255.355400726
Snatch,14.014025,103.0,8.2,2000.0,9.0,151.0,0.0,26000.0,11000.0,1000.0,726.0,27000,Thriller,18021255.355400726
Snatch,14.014025,103.0,8.2,2000.0,9.0,151.0,0.0,26000.0,11000.0,1000.0,726.0,27000,Thriller,18021255.355400726
The Change-Up,6.906145,112.0,6.3,2011.0,8.0,215.0,71.0,16000.0,10000.0,634.0,149.0,13000,Comedy,71739236.97064082
Carlos,4.558075,174.11587433319053,7.6,2010.0,5.0,108.0,3967.958103398683,897.0,30.0,30.0,36.0,0,Crime,25616668.27813038
Lone Star,9.069963,135.0,7.4,1996.0,6.0,68.0,407.0,11000.0,189.0,111.0,173.0,0,Drama,10181300.21259841
Our Kind of Traitor,8.569996,108.0,6.3,2016.0,5.0,134.0,24.0,150.0,104.0,100.0,21.0,0,Thriller,20687797.60593236
Meet the Parents,14.178281,108.0,7.0,2000.0,10.0,150.0,116.0,22000.0,713.0,708.0,507.0,0,Comedy,99116899.95470366
"War, Inc.",4.800426,106.0,5.5,2008.0,4.0,79.0,0.0,603.0,175.0,91.0,112.0,883,Action,7206728.263438052
Keanu,7.942084,94.0,6.2,2016.0,4.0,129.0,10.0,826.0,622.0,415.0,84.0,0,Action,19394810.318061564
Cars 2,13.693002,106.0,6.2,2011.0,6.0,304.0,487.0,1000.0,919.0,776.0,283.0,10000,Animation,209280746.4562836
Vampires Suck,8.129407,82.0,3.4,2010.0,8.0,122.0,82.0,759.0,401.0,354.0,187.0,16000,Horror,28462964.64236707
Shark Night,6.062425,91.0,4.1,2011.0,9.0,231.0,160.0,963.0,936.0,852.0,130.0,0,Horror,38628820.36880661
Death Sentence,6.612175,105.0,6.7,2007.0,8.0,166.0,0.0,856.0,742.0,725.0,299.0,0,Action,29933733.673553865
The Sorcerer's Apprentice,12.533525,109.0,6.1,2010.0,7.0,235.0,226.0,12000.0,418.0,370.0,238.0,11000,Fantasy,213472228.31775308
Paranormal Activity,12.706424,86.0,6.3,2007.0,9.0,409.0,110.0,189.0,109.0,21.0,1189.0,12000,Horror,22451.299505165363
The 40 Year Old Virgin,11.519662,116.0,7.1,2005.0,8.0,217.0,0.0,7000.0,966.0,218.0,546.0,0,Comedy,41313242.16743477
Walk the Line,11.476443,136.0,7.8,2005.0,9.0,291.0,446.0,523.0,405.0,154.0,815.0,11000,Drama,44491183.79569892
The Sessions,5.760319,98.0,7.2,2012.0,5.0,337.0,20.0,422.0,374.0,365.0,126.0,11000,Drama,1351630.3979807845
Khiladi 786,0.704637,139.0,4.4,2012.0,12.0,23.0,2.0,634.0,284.0,61.0,31.0,365,Action,21626071.367692504
The Color of Money,11.613655,119.0,7.0,1986.0,10.0,59.0,17000.0,10000.0,970.0,638.0,115.0,0,Drama,39800175.72118959
Clockstoppers,4.920175,94.0,5.2,2002.0,3.0,69.0,906.0,2000.0,587.0,528.0,94.0,874,Adventure,46855262.324041784
Gravity,18.50194,91.0,7.7,2013.0,9.0,738.0,0.0,39.0,23.0,13.0,1885.0,147000,Science Fiction,139872295.02851155
The Transporter,13.217421,92.0,6.8,2002.0,10.0,171.0,255.0,26000.0,1000.0,447.0,460.0,0,Action,37844635.14634145
The Charge of the Light Brigade,5.39865,115.0,7.0,2036.0,10.0,24.0,345.0,843.0,490.0,94.0,52.0,204,Action,1200001.0000000005
[REC],8.504511,78.0,7.4,2007.0,4.0,252.0,57.0,120.0,9.0,7.0,374.0,15000,Horror,2245030.9505165387
Jarhead,9.997032,125.0,7.0,2005.0,11.0,262.0,0.0,15000.0,383.0,210.0,657.0,0,Drama,114405899.61751142
The Chronicles of Narnia: Prince Caspian,12.490891,150.0,6.5,2008.0,5.0,258.0,80.0,22000.0,216.0,201.0,438.0,0,Adventure,218647217.2589051
Made,3.531682,94.0,6.3,2001.0,7.0,81.0,4000.0,4000.0,585.0,334.0,165.0,393,Action,9010628.177700365
A Man Apart,17.714247,109.0,6.0,2003.0,4.0,110.0,473.0,14000.0,919.0,582.0,135.0,0,Action,57202950.30875566
Killing Zoe,4.948569,96.0,6.4,1993.0,10.0,37.0,675.0,902.0,424.0,164.0,93.0,853,Action,3054390.763779535
Take Shelter,5.59686,120.0,7.3,2011.0,11.0,359.0,337.0,982.0,463.0,41.0,219.0,14000,Thriller,6898004.458715478
The Soloist,11.328316,109.0,6.7,2009.0,4.0,210.0,456.0,21000.0,939.0,569.0,143.0,0,Drama,86789505.84065701
Pokémon 3: The Movie,10.264597,93.0,5.8,2000.0,7.0,39.0,8.0,88.0,82.0,49.0,55.0,38,Adventure,28834007.968641106
Ca$h,9.107829,108.0,5.9,2010.0,1.0,27.0,0.0,26000.0,854.0,410.0,38.0,694,Crime,9962038.274828497
Can't Hardly Wait,6.426937,100.0,6.5,1998.0,6.0,76.0,4.0,982.0,945.0,678.0,247.0,0,Comedy,18021255.355400726
John Carter,14.670353,132.0,6.6,2012.0,3.0,462.0,475.0,640.0,632.0,530.0,738.0,24000,Action,205037596.06864718
Mary Poppins,15.11549,139.0,7.8,2064.0,8.0,145.0,55.0,382.0,279.0,266.0,259.0,0,Comedy,6000001.0
Crazy/Beautiful,6.236729,99.0,6.4,2001.0,6.0,84.0,134.0,4000.0,1000.0,525.0,169.0,0,Drama,23427631.662020937
The Bounty,7.492912,132.0,7.0,1984.0,5.0,29.0,79.0,14000.0,12000.0,1000.0,95.0,1000,Action,72101766.7992564
Death at a Funeral,8.832907,90.0,7.3,2007.0,2.0,168.0,0.0,22000.0,557.0,548.0,199.0,0,Comedy,13470180.703099223
Death at a Funeral,8.832907,90.0,7.3,2007.0,2.0,168.0,0.0,22000.0,557.0,548.0,199.0,0,Comedy,13470180.703099223
Death at a Funeral,8.832907,90.0,7.3,2007.0,2.0,168.0,0.0,22000.0,557.0,548.0,199.0,0,Comedy,13470180.703099223
Death at a Funeral,8.832907,90.0,7.3,2007.0,2.0,168.0,0.0,22000.0,557.0,548.0,199.0,0,Comedy,13470180.703099223
Topaz,5.757907,143.0,6.2,2069.0,12.0,50.0,13000.0,204.0,187.0,148.0,89.0,414,Action,4000001.0000000005
Gremlins 2: The New Batch,14.383185,106.0,6.4,1990.0,6.0,105.0,287.0,16000.0,823.0,767.0,148.0,0,Comedy,118716909.95179783
Battle for the Planet of the Apes,11.644764,93.0,5.4,2073.0,6.0,62.0,88.0,595.0,356.0,196.0,91.0,511,Action,1700000.9999999958
A Passage to India,11.842837,163.0,7.3,1984.0,12.0,52.0,767.0,358.0,223.0,162.0,89.0,845,Drama,23072566.055762075
Deep Rising,6.922458,106.0,6.1,1998.0,1.0,106.0,208.0,3000.0,1000.0,855.0,273.0,0,Adventure,81095645.59930305
Vantage Point,7.001645,90.0,6.6,2008.0,2.0,235.0,38.0,2000.0,897.0,882.0,422.0,0,Drama,57653819.107504226
The Wiz,4.233081,134.0,5.6,1978.0,10.0,32.0,0.0,738.0,295.0,227.0,150.0,0,Adventure,90386214.59223312
Dracula 2000,6.000716,99.0,4.9,2000.0,12.0,122.0,71.0,18000.0,1000.0,1000.0,365.0,0,Thriller,50459513.195121944
Warm Bodies,10.430238,97.0,6.8,2013.0,1.0,452.0,129.0,303.0,18.0,7.0,326.0,81000,Horror,46624099.00950391
Heaven's Gate,4.393576,174.11587433319053,6.7,1980.0,11.0,102.0,517.0,12000.0,849.0,678.0,189.0,1000,Action,165708059.25242746
Mr. Smith Goes to Washington,8.168694,129.0,8.1,2039.0,10.0,96.0,964.0,607.0,319.0,248.0,245.0,0,Comedy,1500000.9999999986
RockNRolla,7.263988,114.0,7.2,2008.0,9.0,209.0,0.0,27000.0,18000.0,1000.0,192.0,12000,Action,25944219.148376953
Kiss of the Dragon,7.637345,98.0,6.6,2001.0,7.0,116.0,20.0,5000.0,888.0,872.0,254.0,0,Action,45053136.88850172
Gone Girl,44.77527430342312,145.0,8.1,2014.0,10.0,568.0,21000.0,835.0,812.0,625.0,1127.0,146000,Mystery,79962009.31305723
A Man for All Seasons,6.997888,120.0,7.7,2066.0,12.0,62.0,160.0,559.0,269.0,94.0,167.0,2000,Drama,3900001.000000008
Identity,17.955897,90.0,7.3,2003.0,4.0,136.0,446.0,1000.0,872.0,660.0,714.0,11000,Mystery,47669125.42396312
The Elephant Man,8.405672,124.0,8.2,1980.0,10.0,117.0,0.0,12000.0,754.0,452.0,356.0,9000,Drama,18830462.165048555
Friday the 13th: A New Beginning,9.094477,92.0,4.8,1985.0,3.0,160.0,13.0,42.0,27.0,17.0,342.0,1000,Horror,6344956.390334568
Idiocracy,12.130803,84.0,6.5,2006.0,9.0,121.0,406.0,586.0,497.0,233.0,434.0,79000,Adventure,46179465.285714254
San Andreas,20.547925,114.0,6.1,2015.0,5.0,358.0,62.0,12000.0,2000.0,884.0,499.0,52000,Action,144022834.80516985
Blade: Trinity,18.860681,123.0,5.8,2004.0,12.0,185.0,687.0,16000.0,1000.0,957.0,514.0,0,Science Fiction,103283103.91858633
Eden Lake,12.515435,91.0,6.7,2008.0,9.0,161.0,43.0,13000.0,698.0,418.0,357.0,0,Horror,23061528.24300176
Transformers: Revenge of the Fallen,4.351756,150.0,6.0,2009.0,6.0,366.0,0.0,894.0,581.0,464.0,1439.0,0,Science Fiction,216973763.10164183
The Green Hornet,7.888013,119.0,5.8,2011.0,1.0,447.0,1000.0,11000.0,1000.0,741.0,443.0,14000,Action,165552084.00917143
But I'm a Cheerleader,4.928139,85.0,6.8,1999.0,9.0,99.0,91.0,1000.0,1000.0,849.0,186.0,0,Comedy,2162551.5226480807
Ghost Ship,13.955376,91.0,5.6,2002.0,10.0,156.0,17.0,534.0,385.0,78.0,474.0,0,Horror,63074391.24390255
The Vow,9.524298,104.0,6.8,2012.0,2.0,214.0,23.0,17000.0,359.0,281.0,164.0,32000,Drama,40548882.93942356
Action Jackson,14.054862,96.0,5.6,1988.0,2.0,35.0,22.0,1000.0,841.0,794.0,65.0,978,Action,16620368.253251713
Lone Survivor,10.855502,121.0,7.5,2013.0,12.0,319.0,532.0,480.0,449.0,127.0,420.0,58000,Action,53284684.439433075
Zookeeper,11.341084,102.0,5.2,2011.0,7.0,178.0,153.0,3000.0,1000.0,269.0,127.0,0,Comedy,110368056.33944768
Anonymous,13.413895,130.0,6.8,2011.0,10.0,288.0,776.0,898.0,584.0,358.0,136.0,15000,Drama,41388021.75229282
Pulse,10.307277,90.0,4.7,2006.0,8.0,148.0,2.0,16000.0,1000.0,807.0,258.0,0,Horror,58493989.09523805
Turbulence,5.304043,100.0,5.0,1997.0,1.0,44.0,0.0,995.0,879.0,745.0,84.0,316,Action,111994292.33858272
Love & Other Drugs,7.575696,112.0,6.7,2010.0,11.0,219.0,380.0,15000.0,11000.0,2000.0,215.0,24000,Drama,42694446.46355067
Memoirs of a Geisha,7.680762,145.0,7.3,2005.0,12.0,229.0,252.0,879.0,691.0,210.0,548.0,0,Drama,135062520.20122844
Hannah Montana: The Movie,6.332878,102.0,4.7,2009.0,4.0,131.0,23.0,1000.0,1000.0,635.0,140.0,0,Comedy,50627212.15704991
The Canyons,4.281631,99.0,3.8,2013.0,7.0,162.0,261.0,924.0,835.0,461.0,87.0,0,Thriller,333030.27149645647
The Trouble with Harry,6.486117,99.0,7.0,2055.0,10.0,73.0,13000.0,282.0,255.0,232.0,150.0,0,Comedy,1200001.0000000005
3 Strikes,0.651625,82.0,4.7,2000.0,3.0,22.0,69.0,939.0,706.0,585.0,10.0,118,Action,10812753.613240417
The Women,6.62363,114.0,5.0,2008.0,9.0,124.0,15.0,851.0,680.0,650.0,125.0,0,Comedy,23061528.24300176
Thumbsucker,5.884228,96.0,6.5,2005.0,1.0,114.0,101.0,730.0,394.0,71.0,91.0,708,Comedy,25423534.02611369
Stolen,7.759429,96.0,5.5,2012.0,5.0,98.0,165.0,12000.0,774.0,566.0,86.0,0,Action,47307029.92932746
Marvin's Room,5.307984,98.0,6.7,1996.0,12.0,45.0,4.0,29000.0,22000.0,11000.0,71.0,1000,Drama,46833977.37795277
Never Back Down,14.753931,115.0,6.5,2008.0,3.0,140.0,65.0,3000.0,427.0,149.0,184.0,0,Drama,28826910.053752203
The Princess Diaries,7.387171,115.0,6.4,2001.0,8.0,108.0,0.0,11000.0,995.0,529.0,301.0,0,Comedy,66678642.11498245
Running with Scissors,4.926507,116.0,6.1,2006.0,10.0,132.0,708.0,433.0,398.0,316.0,188.0,0,Drama,18471786.714285713
Some Like It Hot,11.845107,122.0,8.2,2059.0,3.0,181.0,0.0,105.0,103.0,102.0,350.0,10000,Comedy,2883849.0000000023
Dante's Peak,7.240753,108.0,6.1,1997.0,2.0,93.0,79.0,650.0,293.0,268.0,277.0,0,Action,236206142.73228332
Bringing Down the House,5.762343,105.0,5.6,2003.0,3.0,121.0,163.0,1000.0,409.0,338.0,236.0,800,Comedy,31779417.28264206
The Beaver,5.484379,91.0,6.6,2011.0,2.0,276.0,0.0,34000.0,242.0,220.0,148.0,17000,Drama,28971615.526605006
All the King's Men,7.991168,125.0,6.1,2006.0,9.0,127.0,234.0,14000.0,12000.0,581.0,178.0,0,Drama,84662352.19047609
Paranormal Activity 3,10.996308,83.0,5.8,2011.0,10.0,251.0,24.0,581.0,438.0,434.0,314.0,24000,Horror,6898004.458715478
Sleepers,9.198283,147.0,7.5,1996.0,10.0,73.0,272.0,22000.0,11000.0,893.0,259.0,0,Crime,89595434.07086615
Frequency,10.163266,118.0,7.4,2000.0,4.0,168.0,40.0,2000.0,702.0,617.0,510.0,0,Crime,55865889.50174221
Wreck-It Ralph,13.697597,108.0,7.7,2012.0,11.0,377.0,66.0,975.0,931.0,833.0,345.0,40000,Family,205037596.06864718
Tomorrowland,22.296076,130.0,6.4,2015.0,5.0,443.0,663.0,2000.0,638.0,604.0,497.0,37000,Adventure,198616140.77980995
친절한 금자씨,7.400261,115.0,7.5,2005.0,7.0,202.0,0.0,717.0,126.0,38.0,131.0,4000,Drama,25423534.02611369
Surf's Up,11.526339,85.0,6.7,2007.0,6.0,154.0,9.0,12000.0,11000.0,970.0,112.0,0,Animation,127218364.86260422
The Fan,12.202063,116.0,5.9,1996.0,8.0,50.0,12000.0,22000.0,617.0,552.0,89.0,0,Drama,111994292.33858272
Miss Congeniality,9.510762,111.0,6.3,2000.0,12.0,140.0,80.0,545.0,337.0,213.0,370.0,0,Comedy,81095645.59930305
The Sisterhood of the Traveling Pants 2,4.631978,117.0,6.2,2008.0,8.0,73.0,43.0,953.0,713.0,523.0,33.0,894,Adventure,38916328.22256544
Woman Thou Art Loosed,0.129004,94.0,6.6,2004.0,9.0,17.0,78.0,912.0,637.0,469.0,23.0,187,Drama,4766913.442396312
The Prince of Egypt,11.898185,99.0,7.2,1998.0,12.0,120.0,59.0,770.0,263.0,145.0,353.0,0,Adventure,126148781.48780474
Corky Romano,4.890067,86.0,4.7,2001.0,10.0,62.0,5.0,584.0,580.0,532.0,100.0,365,Action,19823380.79094075
The Call,8.611077,94.0,6.7,2013.0,3.0,285.0,122.0,873.0,461.0,383.0,266.0,23000,Crime,17317523.117815744
10 Cloverfield Lane,14.421528,103.0,7.2,2016.0,3.0,411.0,16.0,14000.0,338.0,82.0,440.0,33000,Thriller,19394810.318061564
Sweet November,14.840318,119.0,6.7,2001.0,2.0,94.0,7.0,18000.0,9000.0,903.0,274.0,8000,Drama,72085018.42160277
Polisse,8.98296,127.0,7.3,2011.0,10.0,163.0,236.0,580.0,236.0,68.0,33.0,0,Drama,22073612.067889534
I Don't Know How She Does It,6.562982,89.0,5.0,2011.0,9.0,169.0,41.0,2000.0,1000.0,847.0,68.0,0,Romance,33110417.601834286
Superman Returns,13.284712,154.0,6.1,2006.0,6.0,434.0,0.0,18000.0,10000.0,903.0,2367.0,0,Adventure,233508937.5188047
Shaft,7.420019,99.0,6.0,2000.0,6.0,160.0,309.0,23000.0,1000.0,577.0,301.0,0,Action,82897771.03484325
Parental Guidance,11.746053,104.0,6.0,2012.0,12.0,139.0,99.0,3000.0,448.0,433.0,107.0,0,Comedy,33790735.949519604
Priest,8.259952,87.0,5.7,2011.0,5.0,225.0,124.0,865.0,441.0,77.0,233.0,20000,Action,82776042.50458613
Moon,13.336773,97.0,7.8,2009.0,6.0,415.0,0.0,18000.0,572.0,372.0,485.0,47000,Science Fiction,7232459.736721411
The Ugly Truth,8.450799,96.0,6.4,2009.0,7.0,174.0,126.0,18000.0,957.0,954.0,169.0,9000,Comedy,54966687.39908271
The Water Diviner,9.615664,112.0,7.0,2014.0,12.0,183.0,0.0,523.0,468.0,234.0,185.0,18000,War,29494184.394160546
Final Destination 2,12.638573,90.0,6.2,2003.0,1.0,175.0,160.0,748.0,439.0,392.0,472.0,0,Horror,41313242.16743477
And So It Goes,7.69684,94.0,5.9,2014.0,7.0,107.0,0.0,712.0,341.0,197.0,48.0,3000,Comedy,23595347.7153285
Rabbit Hole,7.007993,91.0,6.9,2010.0,12.0,248.0,263.0,967.0,289.0,192.0,144.0,0,Drama,7115741.910591782
State of Play,8.905732,127.0,7.1,2009.0,4.0,252.0,162.0,18000.0,748.0,379.0,235.0,0,Action,86789505.84065701
The Death and Life of Bobby Z,10.77166,97.0,5.8,2007.0,7.0,30.0,17.0,23000.0,10000.0,1000.0,31.0,0,Drama,32927106.940909248
Scarface,11.299673,170.0,8.3,1983.0,12.0,147.0,0.0,14000.0,670.0,638.0,851.0,19000,Action,72101766.7992564
Rent,9.530278,135.0,6.8,2005.0,11.0,146.0,0.0,3000.0,1000.0,715.0,754.0,3000,Drama,63558833.565284155
Mambo Italiano,2.873356,92.0,6.7,2003.0,6.0,67.0,9.0,636.0,210.0,71.0,67.0,352,Comedy,6930929.616221199
Trolljegeren,6.097684,103.0,6.9,2010.0,10.0,337.0,12.0,29.0,4.0,4.0,199.0,38000,Fantasy,4981019.637414245
The Aviator,9.86738,170.0,7.5,2004.0,12.0,267.0,17000.0,29000.0,3000.0,827.0,799.0,0,Drama,184320615.43932348
It's Kind of a Funny Story,8.172013,101.0,7.1,2010.0,7.0,163.0,16.0,943.0,769.0,472.0,150.0,20000,Comedy,11385186.456946844
Hard Candy,9.62025,103.0,7.0,2005.0,1.0,231.0,171.0,109.0,8.0,0.0,651.0,12000,Drama,1509523.273425499
Ночной дозор,8.803869,114.0,6.4,2004.0,6.0,232.0,335.0,114.0,28.0,16.0,310.0,0,Fantasy,6673678.419354833
Hansel & Gretel: Witch Hunters,10.337211,88.0,6.1,2013.0,1.0,349.0,75.0,10000.0,520.0,467.0,304.0,45000,Fantasy,66605855.29929125
Predator 2,11.736241,108.0,6.3,1990.0,11.0,119.0,81.0,2000.0,683.0,636.0,291.0,0,Science Fiction,83101837.26625864
"The Beast from 20,000 Fathoms",3.424057,80.0,6.6,2053.0,6.0,67.0,7.0,57.0,40.0,21.0,88.0,465,Adventure,210001.0
Butch Cassidy and the Sundance Kid,6.714577,110.0,8.0,2069.0,9.0,130.0,131.0,640.0,566.0,399.0,309.0,0,History,6000001.0
Annabelle,23.242452,99.0,5.5,2014.0,10.0,271.0,40.0,1000.0,421.0,300.0,291.0,45000,Horror,8520542.869424155
The Crying Game,7.404329,112.0,7.2,1992.0,9.0,63.0,277.0,1000.0,530.0,327.0,148.0,0,Romance,8798201.347268553
Raising Cain,8.816951,91.0,6.1,1992.0,8.0,33.0,0.0,636.0,330.0,298.0,80.0,541,Drama,28492059.148431566
Lars and the Real Girl,8.025118,106.0,7.3,2007.0,10.0,226.0,44.0,33000.0,730.0,552.0,299.0,19000,Comedy,17960240.60413232
Percy Jackson & the Olympians: The Lightning Thief,9.785895,118.0,5.9,2010.0,2.0,217.0,0.0,8000.0,3000.0,1000.0,419.0,9000,Adventure,135199078.3012439
Dylan Dog: Dead of Night,12.763976,107.0,5.1,2011.0,3.0,138.0,14.0,403.0,368.0,311.0,75.0,0,Action,27592014.834861893
Harold & Kumar Escape from Guantanamo Bay,13.065315,107.0,6.5,2008.0,4.0,153.0,22.0,1000.0,954.0,816.0,165.0,0,Comedy,17296146.432251293
Snakes on a Plane,7.418574,105.0,5.5,2006.0,8.0,285.0,160.0,852.0,521.0,491.0,1033.0,4000,Action,50797411.71428569
Snakes on a Plane,7.418574,105.0,5.5,2006.0,8.0,285.0,160.0,852.0,521.0,490.0,1033.0,4000,Action,50797411.71428569
Snakes on a Plane,7.418574,105.0,5.5,2006.0,8.0,285.0,160.0,852.0,521.0,491.0,1033.0,4000,Action,50797411.71428569
Snakes on a Plane,7.418574,105.0,5.5,2006.0,8.0,285.0,160.0,852.0,521.0,490.0,1033.0,4000,Action,50797411.71428569
The Book Thief,16.373622,131.0,7.5,2013.0,11.0,252.0,33.0,876.0,526.0,326.0,236.0,53000,Drama,21313874.375773184
Happiness,5.493697,139.0,7.7,1998.0,10.0,148.0,377.0,22000.0,11000.0,812.0,499.0,0,Comedy,5406377.306620208
No Strings Attached,8.88057,107.0,6.2,2011.0,1.0,245.0,425.0,20000.0,962.0,766.0,178.0,24000,Comedy,34490018.293577336
Bachelorette,10.893224,87.0,5.3,2012.0,8.0,156.0,21.0,4000.0,3000.0,416.0,129.0,0,Comedy,4054889.193942353
Shadow Conspiracy,3.733574,103.0,4.9,1997.0,1.0,24.0,170.0,849.0,623.0,269.0,41.0,68,Action,91631693.91338573
Battle: Los Angeles,6.753746,116.0,5.7,2011.0,3.0,355.0,473.0,833.0,697.0,464.0,800.0,25000,Action,96572049.42201675
Resident Evil: Retribution,0.948759,95.0,5.3,2012.0,9.0,239.0,545.0,14000.0,1000.0,974.0,423.0,32000,Action,87855911.86875072
Stake Land,7.814255,98.0,6.4,2010.0,9.0,215.0,53.0,530.0,238.0,65.0,141.0,0,Drama,925047.3183769302
Signs,11.211568,106.0,6.8,2002.0,8.0,208.0,0.0,710.0,529.0,242.0,2335.0,0,Drama,129753032.35888523
Glory,7.521346,122.0,7.8,1989.0,12.0,60.0,380.0,18000.0,11000.0,2000.0,365.0,0,War,42738088.22264725
Glory,7.521346,122.0,7.8,1989.0,12.0,60.0,380.0,18000.0,11000.0,2000.0,365.0,0,War,42738088.22264725
Glory,7.521346,122.0,7.8,1989.0,12.0,60.0,380.0,18000.0,11000.0,2000.0,365.0,0,War,42738088.22264725
Glory,7.521346,122.0,7.8,1989.0,12.0,60.0,380.0,18000.0,11000.0,2000.0,365.0,0,War,42738088.22264725
Act of Valor,12.159818,110.0,6.4,2012.0,2.0,216.0,16.0,93.0,17.0,11.0,349.0,15000,Action,16219553.775769394
Pride and Prejudice and Zombies,7.954623,108.0,5.8,2016.0,2.0,225.0,23.0,2000.0,860.0,845.0,134.0,73000,Romance,36203645.060381524
O,5.378833,95.0,6.1,2001.0,8.0,92.0,596.0,1000.0,835.0,697.0,153.0,0,Drama,28834007.968641106
O,5.378833,95.0,6.1,2001.0,8.0,92.0,596.0,1000.0,835.0,697.0,153.0,0,Drama,28834007.968641106
O,5.378833,95.0,6.1,2001.0,8.0,92.0,596.0,1000.0,835.0,697.0,153.0,0,Drama,28834007.968641106
O,5.378833,95.0,6.1,2001.0,8.0,92.0,596.0,1000.0,835.0,697.0,153.0,0,Drama,28834007.968641106
The Saint,10.97633,116.0,6.2,1997.0,4.0,64.0,176.0,192.0,117.0,84.0,184.0,0,Thriller,138465670.29133856
Toy Story,21.946943,81.0,8.3,1995.0,10.0,166.0,487.0,15000.0,1000.0,802.0,391.0,0,Animation,61087796.275590524
Krampus,15.553313,98.0,6.2,2015.0,11.0,198.0,66.0,3000.0,658.0,562.0,181.0,27000,Horror,19639478.337068677
Gun Shy,6.370105,101.0,5.6,2000.0,2.0,49.0,3.0,14000.0,1000.0,826.0,91.0,242,Action,18021255.355400726
Sinister 2,17.602928,97.0,5.3,2015.0,8.0,189.0,11.0,1000.0,412.0,220.0,126.0,13000,Horror,13092985.89137912
Zodiac,19.083823,157.0,7.7,2007.0,3.0,377.0,21000.0,21000.0,15000.0,495.0,589.0,12000,Crime,97284632.18905006
Up in the Air,8.338562,109.0,7.4,2009.0,9.0,391.0,655.0,24000.0,10000.0,940.0,452.0,19000,Drama,36162294.68360703
After Earth,10.747642,100.0,4.8,2013.0,5.0,349.0,0.0,10000.0,943.0,894.0,744.0,37000,Science Fiction,173175222.17815715
Renaissance,9.746725,105.0,6.6,2006.0,3.0,112.0,2.0,805.0,306.0,69.0,90.0,0,Action,27707679.5714286
Pixels,21.14796,105.0,5.6,2015.0,7.0,253.0,0.0,22000.0,11000.0,1000.0,342.0,39000,Action,115218268.04413708
High Crimes,8.371005,115.0,6.4,2002.0,4.0,114.0,73.0,11000.0,3000.0,505.0,175.0,893,Drama,75689269.29268296
One Day,11.239012,107.0,7.0,2011.0,3.0,221.0,92.0,11000.0,5000.0,358.0,181.0,49000,Drama,20694011.37614644
Free Style,0.739681,94.0,3.9,2008.0,12.0,16.0,50.0,835.0,632.0,422.0,4.0,58,Drama,23061528.24300176
Latter Days,3.334942,107.0,7.0,2003.0,7.0,35.0,6.0,23000.0,813.0,522.0,252.0,0,Drama,1350626.192012288
The Awakening,9.336568,107.0,6.5,2011.0,8.0,195.0,58.0,874.0,579.0,537.0,112.0,10000,Horror,6619649.325145942
A Better Life,3.033797,98.0,7.2,2011.0,6.0,94.0,129.0,749.0,252.0,221.0,81.0,0,Drama,13796007.917430973
Daybreakers,10.038613,98.0,6.4,2009.0,1.0,292.0,35.0,125.0,37.0,16.0,281.0,0,Fantasy,28929835.94688567
The Haunted Mansion,11.605735,87.0,5.2,2003.0,11.0,122.0,50.0,691.0,569.0,441.0,179.0,988,Thriller,143007374.2718895
How to Train Your Dragon 2,12.256689,102.0,7.8,2014.0,6.0,292.0,255.0,18000.0,3000.0,953.0,343.0,46000,Fantasy,190073627.31792405
Beerfest,7.481125,110.0,6.2,2006.0,8.0,91.0,422.0,33000.0,459.0,422.0,177.0,0,Comedy,26938021.833333362
Bottle Rocket,6.904831,91.0,6.9,1996.0,2.0,83.0,0.0,387.0,96.0,65.0,184.0,0,Comedy,14253819.897637784
The Legend of Zorro,8.940007,129.0,6.0,2005.0,10.0,137.0,258.0,2000.0,277.0,163.0,244.0,951,Action,119172812.0599079
The Frozen Ground,12.388833,105.0,6.4,2013.0,7.0,120.0,17.0,12000.0,991.0,897.0,133.0,11000,Thriller,36260228.08053418
Stone,11.275132,105.0,5.4,2010.0,10.0,138.0,43.0,22000.0,14000.0,827.0,135.0,0,Drama,31309261.006603807
The Boondock Saints,12.457908,108.0,7.6,1999.0,1.0,100.0,78.0,12000.0,333.0,184.0,876.0,16000,Action,10812753.613240417
The Place Beyond the Pines,7.492658,140.0,7.3,2013.0,3.0,417.0,310.0,33000.0,748.0,619.0,376.0,47000,Drama,19981757.289787408
The Big Short,13.143061,130.0,7.8,2015.0,12.0,426.0,285.0,33000.0,23000.0,767.0,374.0,99000,Comedy,36660358.69586154
Waitress,11.276024,108.0,7.0,2007.0,5.0,173.0,191.0,597.0,541.0,336.0,204.0,0,Comedy,2993374.2673553852
Chill Factor,3.062626,101.0,5.2,1999.0,9.0,68.0,3.0,372.0,248.0,239.0,94.0,120,Action,126148781.48780474
Crocodile Dundee II,8.948565,110.0,5.7,1988.0,5.0,32.0,5.0,442.0,162.0,57.0,62.0,489,Adventure,37989411.86457537
Made of Honor,6.417385,101.0,5.8,2008.0,5.0,128.0,10.0,1000.0,689.0,681.0,101.0,3000,Comedy,57653819.107504226
Conversations with Other Women,2.333661,84.0,6.9,2006.0,6.0,365.0,3.0,10000.0,651.0,446.0,54.0,0,Drama,692692.9642857137
Lost in Translation,11.609441,102.0,7.7,2003.0,8.0,265.0,0.0,19000.0,13000.0,11.0,1848.0,17000,Drama,6355884.256528426
Kick-Ass,17.26045,117.0,7.6,2010.0,3.0,447.0,905.0,553.0,488.0,385.0,801.0,36000,Action,39848150.099314
My Life in Ruins,7.19669,95.0,5.9,2009.0,2.0,112.0,80.0,567.0,503.0,399.0,75.0,0,Comedy,24590360.70485276
The Man,11.127884,83.0,5.5,2005.0,9.0,72.0,10.0,688.0,99.0,69.0,76.0,676,Action,25423534.02611369
Argo,14.238234,120.0,7.7,2012.0,10.0,656.0,0.0,1000.0,660.0,650.0,695.0,89000,Drama,60147509.21014491
Arachnophobia,5.418428,103.0,6.5,1990.0,8.0,74.0,155.0,687.0,151.0,125.0,136.0,0,Comedy,73604484.55011483
The Lost Weekend,8.731331,101.0,7.9,2045.0,11.0,97.0,0.0,287.0,160.0,66.0,136.0,0,Drama,1250000.999999999
Four Brothers,6.84109,109.0,6.8,2005.0,8.0,123.0,309.0,1000.0,654.0,482.0,340.0,0,Action,71503687.63594463
Quarantine,6.140116,89.0,6.0,2008.0,10.0,198.0,66.0,137000.0,1000.0,1000.0,369.0,0,Horror,17296146.432251293
Not Another Teen Movie,9.101896,89.0,5.8,2001.0,12.0,97.0,11.0,11000.0,983.0,971.0,393.0,0,Comedy,28834007.968641106
X-Men Origins: Wolverine,1.456541,107.0,6.5,2009.0,4.0,350.0,151.0,20000.0,16000.0,2000.0,641.0,0,Adventure,216973763.10164183
The Big Bounce,6.496271,88.0,4.9,2004.0,1.0,75.0,5.0,11000.0,387.0,338.0,93.0,288,Comedy,79448541.70660533
Dracula Untold,16.316318,92.0,6.2,2014.0,10.0,261.0,28.0,3000.0,692.0,423.0,423.0,37000,Horror,91759682.67072223
12 Rounds,13.591485,108.0,5.6,2009.0,3.0,113.0,212.0,969.0,794.0,347.0,113.0,0,Action,28929835.94688567
Alien³,17.126768,114.0,6.4,1992.0,5.0,210.0,21000.0,534.0,273.0,243.0,776.0,0,Science Fiction,118716909.95179783
Whatever It Takes,3.550711,94.0,5.5,2000.0,3.0,50.0,9.0,11000.0,897.0,612.0,89.0,816,Drama,27031882.533101045
Snake Eyes,11.604533,98.0,6.1,1998.0,8.0,117.0,0.0,12000.0,854.0,697.0,241.0,880,Crime,131555157.79442522
Cool Runnings,8.30721,98.0,7.0,1993.0,9.0,39.0,226.0,953.0,730.0,496.0,97.0,0,Comedy,28507638.795275558
The Life of David Gale,9.930326,130.0,7.5,2003.0,2.0,141.0,317.0,18000.0,14000.0,256.0,420.0,0,Drama,79448541.70660533
House on Haunted Hill,10.187278,93.0,5.6,1999.0,10.0,147.0,37.0,885.0,828.0,545.0,536.0,0,Horror,34240384.27526137
District 9,11.589835,112.0,7.9,2009.0,8.0,472.0,662.0,2000.0,433.0,107.0,1262.0,22000,Science Fiction,43394753.42032837
Finding Forrester,10.536255,136.0,7.3,2000.0,12.0,137.0,835.0,670.0,370.0,225.0,297.0,0,Drama,77491394.72822295
First Knight,15.178338,134.0,6.0,1995.0,7.0,53.0,109.0,919.0,303.0,249.0,180.0,0,Action,111994292.33858272
Death Race,13.53003,105.0,6.4,2008.0,8.0,230.0,545.0,26000.0,872.0,805.0,211.0,0,Action,64860546.37094224
The French Connection,6.694959,104.0,7.7,2071.0,10.0,138.0,607.0,813.0,165.0,109.0,280.0,0,Action,1800001.000000004
The French Connection,6.694959,104.0,7.7,2071.0,10.0,138.0,607.0,813.0,165.0,109.0,280.0,0,Action,1800001.000000004
The French Connection,6.694959,104.0,7.7,2071.0,10.0,138.0,607.0,813.0,165.0,109.0,280.0,0,Action,1800001.000000004
The French Connection,6.694959,104.0,7.7,2071.0,10.0,138.0,607.0,813.0,165.0,109.0,280.0,0,Action,1800001.000000004
In Bruges,9.895652,107.0,7.9,2008.0,2.0,300.0,454.0,65.0,49.0,39.0,513.0,32000,Comedy,21620182.790314093
Idle Hands,6.851628,92.0,6.3,1999.0,4.0,59.0,6.0,890.0,729.0,577.0,198.0,0,Thriller,45053136.88850172
Tomorrow Never Dies,17.159576,119.0,6.5,1997.0,12.0,160.0,55.0,811.0,766.0,387.0,328.0,0,Adventure,223988583.6771657
Maze Runner: The Scorch Trials,41.225769,132.0,6.3,2015.0,9.0,249.0,47.0,988.0,960.0,240.0,360.0,24000,Action,79867208.83741243
Courageous,7.666558,129.0,6.9,2011.0,9.0,34.0,589.0,690.0,589.0,341.0,175.0,10000,Drama,1379601.6917430956
Drive,15.388875,100.0,7.8,2011.0,8.0,676.0,0.0,33000.0,745.0,228.0,1264.0,81000,Drama,20694011.37614644
Connie and Carla,9.502332,98.0,6.3,2004.0,4.0,76.0,54.0,786.0,567.0,463.0,117.0,924,Music,31779417.28264206
Sorcerer,13.966833,121.0,7.7,1977.0,6.0,84.0,607.0,813.0,85.0,35.0,116.0,0,Action,126899108.80669144
About Last Night,9.543004,100.0,6.0,2014.0,2.0,90.0,38.0,833.0,807.0,460.0,42.0,0,Comedy,16385658.441200325
Bedazzled,8.781588,93.0,6.1,2000.0,10.0,125.0,11000.0,3000.0,575.0,484.0,254.0,0,Fantasy,86502021.90592365
Dead Poets Society,19.905716,129.0,8.1,1989.0,6.0,96.0,608.0,49000.0,1000.0,1000.0,491.0,23000,Drama,38939147.1361897
Ed Wood,11.720358,127.0,7.8,1994.0,9.0,148.0,13000.0,40000.0,13000.0,940.0,420.0,0,Comedy,36652678.16535438
Hoop Dreams,9.47666,171.0,8.3,1994.0,9.0,53.0,23.0,7.0,6.0,2.0,74.0,0,Documentary,1425382.8897637788
Let Me In,11.11946,116.0,7.1,2010.0,10.0,390.0,198.0,17000.0,1000.0,884.0,366.0,25000,Drama,28462964.64236707
The Craft,12.860385,101.0,6.5,1996.0,5.0,93.0,26.0,838.0,328.0,266.0,195.0,6000,Drama,30543898.637795307
Skyline,7.676017,100.0,4.5,2010.0,11.0,221.0,25.0,929.0,927.0,861.0,944.0,13000,Science Fiction,14231482.821183527
The Dark Knight,44.77527430342312,152.0,9.0,2008.0,7.0,645.0,22000.0,23000.0,13000.0,11000.0,4667.0,37000,Drama,218647217.2589051
Serendipity,5.715737,90.0,6.8,2001.0,10.0,122.0,23.0,11.0,9.0,6.0,374.0,12000,Comedy,50459513.195121944
The 33,8.383246,120.0,6.9,2015.0,8.0,120.0,36.0,562.0,499.0,399.0,56.0,0,Drama,32732463.22844776
The Blair Witch Project,14.838386,81.0,6.5,1999.0,7.0,360.0,19.0,170.0,170.0,39.0,3400.0,0,Horror,108128.52613240421
بچه‌های آسمان,7.523517,89.0,8.2,1997.0,8.0,46.0,373.0,36.0,35.0,27.0,130.0,0,Drama,366527.7716535433
The Jackal,11.131917,124.0,6.4,1997.0,11.0,83.0,105.0,24000.0,13000.0,460.0,227.0,0,Action,122175591.55118129
Red River,6.09018,133.0,7.7,2048.0,8.0,91.0,393.0,862.0,376.0,281.0,162.0,0,Western,3000001.000000001
"I Love You, Man",12.929653,105.0,7.0,2009.0,3.0,215.0,29.0,24000.0,4000.0,257.0,215.0,0,Comedy,59306162.64111558
Under the Rainbow,0.69162,98.0,5.3,1981.0,7.0,13.0,15.0,691.0,374.0,281.0,34.0,501,Comedy,75321845.66019419
We Bought a Zoo,10.563152,124.0,7.0,2011.0,12.0,257.0,488.0,19000.0,13000.0,1000.0,199.0,22000,Drama,68980035.58715484
Disturbia,18.006896,105.0,6.8,2007.0,4.0,253.0,154.0,884.0,617.0,502.0,491.0,0,Thriller,29933733.673553865
Disturbia,18.006896,105.0,6.8,2007.0,4.0,253.0,154.0,884.0,617.0,501.0,491.0,0,Thriller,29933733.673553865
Disturbia,18.006896,105.0,6.8,2007.0,4.0,253.0,154.0,884.0,617.0,502.0,491.0,0,Thriller,29933733.673553865
Disturbia,18.006896,105.0,6.8,2007.0,4.0,253.0,154.0,884.0,617.0,501.0,491.0,0,Thriller,29933733.673553865
Red Riding Hood,10.174298,100.0,5.4,2011.0,3.0,291.0,308.0,10000.0,2000.0,913.0,283.0,20000,Fantasy,57943230.05321003
A Guy Thing,4.444724,101.0,5.6,2003.0,1.0,81.0,13.0,651.0,555.0,499.0,92.0,401,Comedy,31779417.28264206
How Do You Know,5.458387,121.0,5.4,2010.0,12.0,168.0,274.0,273.0,216.0,157.0,196.0,0,Comedy,170777782.8542021
Kicking & Screaming,9.875573,95.0,5.6,2005.0,5.0,94.0,58.0,14000.0,8000.0,3000.0,118.0,743,Romance,71503687.63594463
RoboCop,10.246549,102.0,6.1,2014.0,1.0,492.0,294.0,10000.0,2000.0,1000.0,630.0,60000,Action,157302312.4355236
RoboCop,10.246549,102.0,6.1,2014.0,1.0,492.0,294.0,10000.0,2000.0,1000.0,630.0,60000,Action,157302312.4355236
RoboCop,10.246549,102.0,6.1,2014.0,1.0,492.0,294.0,10000.0,2000.0,1000.0,630.0,60000,Action,157302312.4355236
RoboCop,10.246549,102.0,6.1,2014.0,1.0,492.0,294.0,10000.0,2000.0,1000.0,630.0,60000,Action,157302312.4355236
Driven,5.310558,116.0,4.6,2001.0,4.0,109.0,212.0,13000.0,658.0,462.0,346.0,886,Action,169399791.94076627
The Mechanic,9.832342,93.0,6.5,2011.0,1.0,252.0,165.0,26000.0,956.0,350.0,181.0,16000,Action,55184028.66972372
Fantastic Four,17.246484,100.0,4.3,2015.0,8.0,369.0,128.0,596.0,360.0,78.0,695.0,41000,Action,157115819.6965493
Fantastic Four,17.246484,100.0,4.3,2015.0,8.0,369.0,128.0,596.0,360.0,78.0,695.0,41000,Action,157115819.6965493
Fantastic Four,17.246484,100.0,4.3,2015.0,8.0,369.0,128.0,596.0,360.0,78.0,695.0,41000,Action,157115819.6965493
Fantastic Four,17.246484,100.0,4.3,2015.0,8.0,369.0,128.0,596.0,360.0,78.0,695.0,41000,Action,157115819.6965493
"Legally Blonde 2: Red, White & Blonde",7.288046,95.0,4.8,2003.0,7.0,133.0,0.0,934.0,655.0,643.0,297.0,660,Comedy,71503687.63594463
Extract,11.23915,92.0,6.1,2009.0,9.0,192.0,406.0,24000.0,15000.0,968.0,106.0,0,Comedy,11571934.978754237
Killer Joe,6.452069,102.0,6.7,2011.0,9.0,376.0,607.0,11000.0,414.0,251.0,216.0,12000,Crime,13796007.917430973
Back to the Future Part III,13.043999,118.0,7.5,1990.0,5.0,111.0,0.0,1000.0,869.0,690.0,263.0,0,Adventure,94973528.16143799
Jurassic Park,8.863776,127.0,8.2,1993.0,6.0,308.0,14000.0,967.0,610.0,191.0,895.0,19000,Adventure,128284371.07874012
God's Not Dead 2,5.957998,121.0,4.4,2016.0,4.0,29.0,18.0,634.0,420.0,295.0,102.0,0,Drama,6464937.439353847
It's All Gone Pete Tong,2.812182,90.0,7.2,2004.0,9.0,58.0,31.0,326.0,246.0,137.0,67.0,0,Drama,3177942.6282642023
Super Mario Bros.,7.198455,104.0,4.2,1993.0,5.0,36.0,5.0,5000.0,922.0,687.0,290.0,0,Adventure,97740473.44094546
The Judge,17.887943,141.0,7.4,2014.0,10.0,276.0,71.0,21000.0,3000.0,3000.0,275.0,47000,Drama,65542630.76480133
The Terminator,19.293562,108.0,8.1,1984.0,10.0,204.0,0.0,2000.0,663.0,255.0,692.0,13000,Action,18458053.044609673
Glee: The Concert Movie,9.202416,84.0,5.6,2011.0,8.0,67.0,64.0,2000.0,892.0,748.0,21.0,0,Documentary,12416407.22568785
Baby's Day Out,12.508518,99.0,6.2,1994.0,7.0,22.0,32.0,1000.0,619.0,479.0,78.0,0,Action,101812993.12598431
Vượt Sóng,0.044561,135.0,7.2,2006.0,2.0,15.0,5.0,51.0,24.0,5.0,19.0,100,Drama,2001111.1190476194
The Bourne Legacy,14.89499,120.0,6.6,2012.0,8.0,436.0,209.0,10000.0,826.0,602.0,504.0,31000,Action,175711822.73750213
Furious 7,27.275687,137.0,7.1,2015.0,4.0,424.0,0.0,26000.0,23000.0,14000.0,657.0,94000,Action,198616140.77980995
Blazing Saddles,13.233262,93.0,7.7,2074.0,2.0,121.0,0.0,1000.0,1000.0,628.0,363.0,12000,Western,2600000.9999999986
The Bridge on the River Kwai,8.851646,161.0,8.1,2057.0,10.0,122.0,767.0,682.0,119.0,87.0,273.0,0,Drama,3000001.000000001
The Unborn,7.108555,87.0,4.7,2009.0,1.0,178.0,687.0,10000.0,787.0,389.0,230.0,0,Horror,23143868.95750852
The Unborn,7.108555,87.0,4.7,2009.0,1.0,178.0,687.0,10000.0,787.0,389.0,230.0,0,Horror,23143868.95750852
The Unborn,7.108555,87.0,4.7,2009.0,1.0,178.0,687.0,10000.0,787.0,389.0,230.0,0,Horror,23143868.95750852
The Unborn,7.108555,87.0,4.7,2009.0,1.0,178.0,687.0,10000.0,787.0,389.0,230.0,0,Horror,23143868.95750852
The Last Godfather,1.223071,100.0,3.5,2010.0,12.0,4.0,26.0,898.0,391.0,385.0,17.0,502,Action,19070186.64038593
From Hell,7.79014,122.0,6.7,2001.0,10.0,208.0,117.0,40000.0,1000.0,140.0,541.0,0,Horror,63074391.24390255
From Hell,7.79014,122.0,6.7,2001.0,10.0,208.0,117.0,40000.0,1000.0,140.0,541.0,0,Horror,63074391.24390255
From Hell,7.79014,122.0,6.7,2001.0,10.0,208.0,117.0,40000.0,1000.0,140.0,541.0,0,Horror,63074391.24390255
From Hell,7.79014,122.0,6.7,2001.0,10.0,208.0,117.0,40000.0,1000.0,140.0,541.0,0,Horror,63074391.24390255
Sabotage,6.966505,110.0,5.7,2014.0,3.0,233.0,453.0,1000.0,206.0,120.0,212.0,10000,Action,45879841.83536096
Sabotage,6.966505,110.0,5.7,2014.0,3.0,233.0,453.0,1000.0,206.0,120.0,212.0,10000,Action,45879841.83536096
Sabotage,6.966505,110.0,5.7,2014.0,3.0,233.0,453.0,1000.0,206.0,120.0,212.0,10000,Action,45879841.83536096
Sabotage,6.966505,110.0,5.7,2014.0,3.0,233.0,453.0,1000.0,206.0,120.0,212.0,10000,Action,45879841.83536096
Groundhog Day,12.989627,101.0,8.0,1993.0,2.0,147.0,11000.0,13000.0,571.0,512.0,609.0,38000,Romance,29729394.70078745
Billy Elliot,12.158424,110.0,7.7,2000.0,5.0,151.0,335.0,838.0,203.0,34.0,433.0,0,Drama,9010628.177700365
What's Eating Gilbert Grape,10.3919,118.0,7.7,1993.0,12.0,80.0,529.0,40000.0,29000.0,472.0,292.0,14000,Romance,22398859.26771657
Alien,23.37742,117.0,8.5,1979.0,5.0,392.0,0.0,1000.0,581.0,513.0,1110.0,23000,Horror,41427015.56310684
Nighthawks,5.830675,99.0,6.3,1981.0,3.0,36.0,6.0,13000.0,970.0,142.0,107.0,0,Action,18830462.165048555
Ida,8.651053,80.0,7.4,2013.0,10.0,269.0,84.0,88.0,64.0,46.0,123.0,17000,Drama,2876414.7814274714
Captain Phillips,13.776068,134.0,7.8,2013.0,10.0,491.0,521.0,15000.0,535.0,186.0,527.0,65000,Action,73266440.72922042
A Lot Like Love,10.596719,107.0,6.6,2005.0,4.0,112.0,13.0,618.0,172.0,165.0,161.0,0,Comedy,47669125.42396312
Margaret,5.113573,149.0,6.5,2011.0,9.0,116.0,50.0,13000.0,1000.0,338.0,119.0,0,Drama,19314410.68440332
Terminator 3: Rise of the Machines,20.818907,109.0,6.3,2003.0,7.0,280.0,84.0,648.0,284.0,191.0,1676.0,0,Action,241041483.85812104
長江七號,5.917685,86.0,6.4,2008.0,1.0,83.0,0.0,46.0,33.0,3.0,66.0,1000,Comedy,23061528.24300176
Traffic,8.338222,147.0,7.5,2000.0,12.0,223.0,0.0,599.0,399.0,215.0,867.0,0,Thriller,86502021.90592365
Star Wars: Episode II - Attack of the Clones,14.072511,142.0,6.6,2002.0,5.0,284.0,0.0,20000.0,16000.0,4000.0,3516.0,0,Adventure,216255053.26480854
My Name Is Bruce,8.708789,86.0,6.1,2007.0,10.0,100.0,0.0,634.0,328.0,158.0,88.0,0,Comedy,2245030.9505165387
The Fall of the Roman Empire,2.824367,174.11587433319053,6.7,2064.0,3.0,30.0,75.0,617.0,134.0,102.0,91.0,560,War,19000001.000000015
Murder by Numbers,9.645801,120.0,6.2,2002.0,4.0,136.0,58.0,33000.0,455.0,401.0,302.0,0,Crime,90106272.77700396
Murder by Numbers,9.645801,120.0,6.2,2002.0,4.0,136.0,58.0,33000.0,455.0,400.0,302.0,0,Crime,90106272.77700396
Murder by Numbers,9.645801,120.0,6.2,2002.0,4.0,136.0,58.0,33000.0,455.0,401.0,302.0,0,Crime,90106272.77700396
Murder by Numbers,9.645801,120.0,6.2,2002.0,4.0,136.0,58.0,33000.0,455.0,400.0,302.0,0,Crime,90106272.77700396
Runaway Bride,8.919469,116.0,5.6,1999.0,7.0,103.0,0.0,8000.0,3000.0,995.0,255.0,0,Comedy,126148781.48780474
Phantasm II,8.733192,97.0,6.4,1988.0,7.0,81.0,152.0,674.0,174.0,135.0,100.0,812,Action,7123015.537107889
Righteous Kill,7.094624,101.0,6.0,2008.0,9.0,198.0,50.0,22000.0,14000.0,1000.0,248.0,0,Action,86480728.16125646
Assault on Precinct 13,11.552956,109.0,6.3,2005.0,1.0,152.0,25.0,954.0,739.0,431.0,220.0,999,Thriller,47669125.42396312
Quantum of Solace,13.67812,106.0,6.5,2008.0,10.0,403.0,395.0,451.0,412.0,393.0,1243.0,0,Adventure,218647217.2589051
Pompeii,12.204174,105.0,5.5,2014.0,2.0,272.0,545.0,795.0,172.0,74.0,308.0,20000,Action,170410838.38848376
Post Grad,9.747452,89.0,5.3,2009.0,8.0,97.0,96.0,24000.0,971.0,360.0,53.0,0,Comedy,21697377.210164253
Undiscovered,1.494688,97.0,4.2,2005.0,8.0,41.0,0.0,922.0,374.0,230.0,45.0,128,Comedy,14300738.327188922
Oorlogswinter,3.92107,103.0,7.0,2008.0,11.0,111.0,12.0,163.0,20.0,19.0,37.0,0,Drama,5765382.8107504165
My Fair Lady,12.494394,170.0,7.7,2064.0,10.0,82.0,165.0,453.0,272.0,244.0,258.0,0,Drama,17000000.999999974
Grandma's Boy,6.741159,94.0,6.9,2006.0,1.0,61.0,4.0,2000.0,936.0,556.0,202.0,0,Comedy,24629048.619047645
Urban Legends: Final Cut,12.243528,97.0,4.4,2000.0,9.0,108.0,83.0,912.0,786.0,579.0,227.0,243,Horror,25229757.09756101
TRON: Legacy,21.259,125.0,6.8,2010.0,12.0,469.0,364.0,12000.0,10000.0,1000.0,665.0,30000,Adventure,215886753.03705037
TRON: Legacy,21.259,125.0,6.8,2010.0,12.0,469.0,364.0,12000.0,10000.0,1000.0,665.0,30000,Adventure,215886753.03705037
TRON: Legacy,21.259,125.0,6.8,2010.0,12.0,469.0,364.0,12000.0,10000.0,1000.0,665.0,30000,Adventure,215886753.03705037
TRON: Legacy,21.259,125.0,6.8,2010.0,12.0,469.0,364.0,12000.0,10000.0,1000.0,665.0,30000,Adventure,215886753.03705037
Katy Perry: Part of Me,8.960713,93.0,6.0,2012.0,6.0,68.0,4.0,28.0,9.0,8.0,50.0,0,Documentary,16219553.775769394
Captain America: The Winter Soldier,18.717704,136.0,7.7,2014.0,3.0,576.0,94.0,19000.0,11000.0,2000.0,742.0,55000,Action,198851893.41260675
Herbie Fully Loaded,9.35239,101.0,4.9,2005.0,6.0,117.0,23.0,660.0,651.0,541.0,168.0,1000,Comedy,79448541.70660533
Scooby-Doo 2: Monsters Unleashed,7.65458,93.0,5.3,2004.0,3.0,94.0,67.0,4000.0,2000.0,596.0,149.0,567,Mystery,25423534.02611369
Nerve,14.9837,96.0,6.5,2016.0,7.0,86.0,24.0,646.0,441.0,374.0,35.0,0,Mystery,24566759.469544657
The Martian,25.62993,141.0,8.0,2015.0,9.0,568.0,0.0,13000.0,801.0,372.0,1023.0,153000,Drama,141404237.82689407
Looney Tunes: Back in Action,13.666488,90.0,5.8,2003.0,11.0,101.0,287.0,3000.0,739.0,695.0,160.0,665,Animation,127117666.13056847
Party Monster,3.007842,98.0,6.2,2003.0,9.0,39.0,13.0,3000.0,971.0,600.0,158.0,0,Comedy,7944855.070660518
This Is Where I Leave You,11.313659,103.0,6.6,2014.0,9.0,156.0,189.0,2000.0,1000.0,949.0,145.0,14000,Drama,25954882.386861276
Aloft,3.851653,112.0,5.3,2014.0,2.0,56.0,43.0,144.0,63.0,47.0,11.0,675,Drama,10486821.762368223
American Hustle,16.478036,138.0,7.2,2013.0,12.0,538.0,737.0,34000.0,23000.0,14000.0,751.0,63000,Drama,53284684.439433075
X-Men: The Last Stand,0.867943,104.0,6.6,2006.0,5.0,334.0,420.0,20000.0,808.0,560.0,1912.0,0,Adventure,233508937.5188047
キャプテンハーロック,7.857666,115.0,6.4,2013.0,9.0,62.0,21.0,173.0,59.0,47.0,28.0,0,Animation,39963513.57957474
In the Cut,5.799628,119.0,5.4,2003.0,9.0,138.0,319.0,1000.0,65.0,48.0,354.0,656,Mystery,19067650.769585222
The Artist,11.440948,100.0,7.8,2011.0,5.0,576.0,405.0,996.0,897.0,628.0,583.0,30000,Drama,20694011.37614644
Freeheld,4.955317,103.0,6.6,2015.0,10.0,133.0,6.0,7000.0,1000.0,935.0,25.0,0,Romance,9165090.423965367
Show Boat,2.01799,107.0,6.8,2051.0,7.0,14.0,24.0,960.0,715.0,244.0,46.0,438,Music,2300001.0
All About Steve,9.288013,99.0,4.8,2009.0,9.0,128.0,3.0,14000.0,982.0,628.0,143.0,0,Comedy,21697377.210164253
Pink Flamingos,5.738871,93.0,6.0,2072.0,3.0,73.0,0.0,462.0,143.0,105.0,183.0,0,Horror,12000.999999999978
21,8.33756,123.0,6.8,2008.0,3.0,144.0,126.0,18000.0,5000.0,1000.0,278.0,0,Drama,50447091.8440662
"Good Night, and Good Luck.",7.523098,93.0,7.4,2005.0,9.0,351.0,0.0,21000.0,650.0,566.0,526.0,0,Drama,11122796.69892474
Get Smart,11.35779,110.0,6.5,2008.0,6.0,265.0,88.0,13000.0,12000.0,11000.0,380.0,0,Action,115307637.21500881
A View to a Kill,12.840798,131.0,6.3,1985.0,5.0,108.0,46.0,1000.0,439.0,433.0,300.0,0,Adventure,86522119.95910795
The Golden Compass,11.481379,113.0,6.1,2007.0,12.0,251.0,129.0,16000.0,6000.0,1000.0,666.0,0,Adventure,227042286.70280543
Biutiful,7.131568,148.0,7.4,2010.0,10.0,288.0,0.0,30.0,9.0,7.0,127.0,29000,Drama,22770371.91389364
A Home at the End of the World,4.136105,96.0,6.6,2004.0,7.0,84.0,15.0,18000.0,986.0,874.0,135.0,1000,Romance,10328311.291858695
Gods and Generals,5.374563,174.11587433319053,6.2,2003.0,2.0,84.0,33.0,789.0,640.0,67.0,497.0,953,Drama,88982366.59139766
Jackie Brown,16.415498,154.0,7.5,1997.0,12.0,140.0,16000.0,22000.0,1000.0,889.0,462.0,0,Comedy,24435119.110236183
Project Almanac,9.363482,106.0,6.4,2015.0,1.0,177.0,16.0,452.0,328.0,265.0,177.0,0,Science Fiction,15711582.869654896
Paranormal Activity: The Marked Ones,8.898523,84.0,5.1,2014.0,1.0,220.0,52.0,510.0,358.0,332.0,155.0,10000,Horror,6554263.976480127
Cleopatra,8.591238,174.11587433319053,7.0,2063.0,6.0,72.0,311.0,940.0,726.0,595.0,192.0,0,Drama,31115001.000000026
For Your Eyes Only,9.765123,127.0,6.7,1981.0,6.0,112.0,46.0,844.0,402.0,244.0,263.0,2000,Adventure,105450583.52427171
Final Destination 3,11.872997,93.0,5.8,2006.0,2.0,216.0,70.0,440.0,346.0,318.0,571.0,0,Horror,38482887.90476197
Eyes Wide Shut,13.268484,159.0,7.5,1999.0,7.0,280.0,0.0,10000.0,580.0,521.0,1500.0,10000,Mystery,117138154.31010474
The Odd Life of Timothy Green,5.426921,105.0,6.6,2012.0,8.0,169.0,54.0,3000.0,2000.0,988.0,110.0,11000,Fantasy,21626071.367692504
Evan Almighty,9.156877,96.0,5.4,2007.0,6.0,186.0,293.0,87000.0,11000.0,7000.0,257.0,2000,Fantasy,227042286.70280543
The Flintstones in Viva Rock Vegas,6.053595,90.0,3.7,2000.0,4.0,57.0,32.0,1000.0,891.0,809.0,85.0,500,Science Fiction,149576412.14982587
Blended,10.395472,117.0,6.5,2014.0,5.0,173.0,153.0,35000.0,11000.0,734.0,184.0,12000,Comedy,52434104.81184108
Appaloosa,12.392754,115.0,6.7,2008.0,9.0,190.0,0.0,10000.0,311.0,107.0,202.0,0,Drama,28826910.053752203
Virtuosity,5.188399,106.0,5.5,1995.0,8.0,44.0,32.0,18000.0,723.0,650.0,88.0,0,Action,61087796.275590524
Alone With Her,2.392367,78.0,6.0,2006.0,4.0,71.0,0.0,262.0,163.0,61.0,31.0,244,Crime,1539316.4761904764
The Whole Ten Yards,7.15606,98.0,5.5,2004.0,4.0,74.0,41.0,13000.0,2000.0,900.0,112.0,462,Comedy,63558833.565284155
The Ballad of Jack and Rose,4.173231,111.0,6.5,2005.0,3.0,75.0,58.0,552.0,265.0,42.0,68.0,608,Drama,2383457.221198158
Frances Ha,8.471415,86.0,7.4,2013.0,5.0,345.0,387.0,962.0,481.0,270.0,139.0,11000,Comedy,21313874.375773184
Mao's Last Dancer,1.862215,117.0,7.3,2009.0,10.0,83.0,78.0,989.0,258.0,238.0,53.0,0,Drama,36162294.68360703
Max Payne,10.08043,100.0,5.3,2008.0,10.0,228.0,212.0,15000.0,552.0,248.0,398.0,0,Action,50447091.8440662
Dressed to Kill,9.3806,105.0,7.1,1980.0,6.0,121.0,0.0,754.0,567.0,517.0,201.0,0,Horror,24479600.51456313
A Few Good Men,12.330249,138.0,7.7,1992.0,12.0,81.0,0.0,10000.0,2000.0,574.0,319.0,0,Drama,94973528.16143799
Glory Road,5.244654,118.0,7.2,2006.0,1.0,95.0,0.0,696.0,663.0,543.0,145.0,0,Drama,24629048.619047645
The Cotton Club,9.508061,127.0,6.6,1984.0,12.0,36.0,0.0,12000.0,5000.0,886.0,84.0,828,Music,167276097.65427488
Safe House,8.338675,115.0,6.7,2012.0,2.0,298.0,79.0,18000.0,16000.0,820.0,276.0,19000,Action,114888499.82836679
Drinking Buddies,7.745083,90.0,6.1,2013.0,8.0,155.0,217.0,10000.0,10000.0,243.0,106.0,0,Romance,21313874.375773184
The Wolverine,3.918287,126.0,6.7,2013.0,7.0,440.0,446.0,20000.0,992.0,929.0,533.0,68000,Action,159854051.31829974
Videodrome,7.945039,87.0,7.2,1983.0,2.0,179.0,0.0,391.0,20.0,15.0,228.0,0,Horror,17165989.401487004
The Finest Hours,10.385757,114.0,6.7,2016.0,1.0,178.0,44.0,788.0,562.0,531.0,113.0,12000,Action,103438984.02966157
Janky Promoters,1.192891,85.0,5.1,2009.0,10.0,4.0,7.0,706.0,405.0,240.0,10.0,402,Comedy,14464918.473442823
The Art of War,9.800232,117.0,5.7,2000.0,8.0,110.0,18.0,2000.0,1000.0,249.0,167.0,470,Crime,72085018.42160277
"Jeff, Who Lives at Home",5.872794,83.0,6.4,2011.0,9.0,182.0,157.0,2000.0,616.0,581.0,112.0,0,Drama,13796007.917430973
Superman II,10.301621,127.0,6.8,1980.0,12.0,121.0,44.0,593.0,467.0,420.0,269.0,0,Action,203368981.582524
Yes Man,9.756289,104.0,6.8,2008.0,12.0,190.0,235.0,14000.0,11000.0,1000.0,243.0,0,Comedy,100894182.68813252
Halloween 4: The Return of Michael Myers,6.199806,88.0,5.8,1988.0,10.0,144.0,27.0,742.0,120.0,101.0,374.0,0,Horror,11871691.895179786
Switchback,3.742824,118.0,6.4,1997.0,10.0,38.0,11.0,37.0,12.0,12.0,81.0,389,Action,75341615.17322831
13 Hours: The Secret Soldiers of Benghazi,18.022579,144.0,7.3,2016.0,1.0,204.0,0.0,769.0,726.0,681.0,219.0,44000,Action,64649365.39353841
Intolerable Cruelty,13.469862,100.0,6.3,2003.0,9.0,161.0,0.0,436.0,399.0,210.0,322.0,0,Crime,95338249.84792624
Dark City,12.851984,100.0,7.6,1998.0,2.0,222.0,295.0,3000.0,882.0,531.0,624.0,14000,Mystery,48657387.7595819
Jeepers Creepers,10.414363,90.0,6.2,2001.0,7.0,190.0,108.0,1000.0,322.0,270.0,985.0,0,Horror,18021255.355400726
The Invasion,5.228837,99.0,5.9,2007.0,8.0,232.0,101.0,1000.0,422.0,327.0,273.0,0,Science Fiction,119734931.69421485
Star Trek V: The Final Frontier,12.308007,107.0,5.5,1989.0,6.0,98.0,0.0,12000.0,664.0,643.0,293.0,0,Science Fiction,71230146.37107888
Scary Movie 2,10.869056,83.0,5.4,2001.0,7.0,127.0,322.0,1000.0,422.0,179.0,548.0,0,Comedy,81095645.59930305
The Wolf of Wall Street,16.382422,174.11587433319053,8.2,2013.0,12.0,606.0,17000.0,29000.0,11000.0,4000.0,1138.0,138000,Crime,133211709.59858263
The Bounty Hunter,6.715263,110.0,5.5,2010.0,3.0,161.0,72.0,18000.0,1000.0,789.0,135.0,0,Action,56925928.284734234
The Shawshank Redemption,44.77527430342312,142.0,9.3,1994.0,9.0,199.0,0.0,11000.0,745.0,461.0,4144.0,108000,Drama,50906497.06299219
Promised Land,7.06378,106.0,6.6,2012.0,9.0,242.0,835.0,13000.0,826.0,363.0,102.0,10000,Drama,20274441.96971175
Guardians of the Galaxy,44.77527430342312,121.0,8.0,2014.0,7.0,653.0,571.0,14000.0,14000.0,3000.0,1097.0,96000,Action,198851893.41260675
License to Wed,7.102076,91.0,5.3,2007.0,7.0,120.0,42.0,49000.0,838.0,766.0,119.0,913,Comedy,52384033.17871914
Man on a Ledge,10.528173,102.0,6.6,2012.0,1.0,258.0,20.0,107.0,81.0,54.0,153.0,11000,Action,56768435.715192996
Crank: High Voltage,10.044642,96.0,6.1,2009.0,4.0,150.0,83.0,26000.0,968.0,926.0,223.0,0,Action,28929835.94688567
Raging Bull,8.868558,129.0,8.1,1980.0,11.0,151.0,17000.0,22000.0,394.0,356.0,494.0,0,Drama,67789661.19417483
Child's Play 2,14.310479,84.0,6.0,1990.0,11.0,59.0,5.0,659.0,628.0,435.0,166.0,0,Drama,30866397.327467505
Alexander's Ragtime Band,0.632261,106.0,6.8,2038.0,5.0,10.0,85.0,480.0,392.0,300.0,29.0,60,Drama,2000001.0000000016
A Farewell to Arms,1.914697,89.0,6.4,2032.0,12.0,42.0,57.0,998.0,164.0,99.0,46.0,213,Drama,5.000000000000001
Phenomenon,5.575992,123.0,6.4,1996.0,7.0,53.0,226.0,3000.0,941.0,796.0,118.0,0,Drama,65160315.96062989
King Kong,19.761164,174.11587433319053,7.2,2005.0,12.0,446.0,0.0,6000.0,919.0,84.0,2618.0,0,Adventure,241041483.85812104
King Kong,19.761164,174.11587433319053,7.2,2005.0,12.0,446.0,0.0,6000.0,918.0,84.0,2618.0,0,Adventure,241041483.85812104
King Kong,19.761164,174.11587433319053,7.2,2005.0,12.0,446.0,0.0,6000.0,918.0,84.0,2618.0,0,Adventure,241041483.85812104
King Kong,19.761164,174.11587433319053,7.2,2005.0,12.0,446.0,0.0,6000.0,919.0,84.0,2618.0,0,Adventure,241041483.85812104
King Kong,19.761164,174.11587433319053,7.2,2005.0,12.0,446.0,0.0,6000.0,918.0,84.0,2618.0,0,Adventure,241041483.85812104
King Kong,19.761164,174.11587433319053,7.2,2005.0,12.0,446.0,0.0,6000.0,918.0,84.0,2618.0,0,Adventure,241041483.85812104
King Kong,19.761164,174.11587433319053,7.2,2005.0,12.0,446.0,0.0,6000.0,919.0,84.0,2618.0,0,Adventure,241041483.85812104
King Kong,19.761164,174.11587433319053,7.2,2005.0,12.0,446.0,0.0,6000.0,918.0,84.0,2618.0,0,Adventure,241041483.85812104
King Kong,19.761164,174.11587433319053,7.2,2005.0,12.0,446.0,0.0,6000.0,918.0,84.0,2618.0,0,Adventure,241041483.85812104
Apollo 13,18.761467,140.0,7.7,1995.0,6.0,159.0,2000.0,15000.0,968.0,552.0,296.0,5000,Drama,105885512.81102392
Wall Street,11.672701,126.0,7.3,1987.0,12.0,114.0,0.0,826.0,508.0,168.0,219.0,0,Crime,43261060.47955389
Resident Evil: Afterlife,0.452934,97.0,5.8,2010.0,9.0,253.0,545.0,14000.0,1000.0,529.0,410.0,19000,Action,85388891.927102
New in Town,12.357072,97.0,5.7,2009.0,1.0,121.0,3.0,24000.0,827.0,631.0,78.0,0,Comedy,11571934.978754237
The Adventures of Tintin,19.201504,107.0,7.3,2011.0,10.0,440.0,14000.0,2000.0,871.0,845.0,447.0,44000,Adventure,179348090.92660278
We Were Soldiers,11.34706,138.0,7.2,2002.0,3.0,141.0,130.0,4000.0,973.0,841.0,742.0,5000,Action,135159408.66550505
A Guy Named Joe,0.662665,120.0,6.9,2044.0,3.0,9.0,149.0,760.0,675.0,315.0,27.0,116,Drama,2627000.9999999967
Prom,6.167646,104.0,5.4,2011.0,4.0,83.0,18.0,1000.0,962.0,741.0,32.0,0,Comedy,11036806.533944756
Anastasia,11.911173,94.0,7.1,1997.0,11.0,78.0,383.0,4000.0,808.0,753.0,191.0,0,Animation,107921772.65354332
The Mist,8.435642,126.0,7.1,2007.0,11.0,330.0,0.0,2000.0,850.0,745.0,1066.0,20000,Science Fiction,26940360.406198442
The Smurfs 2,10.640864,105.0,5.3,2013.0,7.0,125.0,67.0,681.0,71.0,40.0,59.0,0,Fantasy,139872295.02851155
The Fifth Estate,10.850442,128.0,6.2,2013.0,10.0,224.0,386.0,19000.0,17000.0,203.0,105.0,11000,Drama,37299279.40760311
Untraceable,7.85217,101.0,6.2,2008.0,1.0,195.0,40.0,2000.0,648.0,398.0,245.0,0,Drama,50447091.8440662
Scream 3,9.738371,116.0,5.7,2000.0,2.0,212.0,0.0,287.0,157.0,71.0,734.0,0,Horror,72085018.42160277
The Bourne Supremacy,20.40426,108.0,7.7,2004.0,7.0,239.0,521.0,13000.0,805.0,129.0,806.0,0,Action,119172812.0599079
Cedar Rapids,4.84886,87.0,6.3,2011.0,2.0,212.0,44.0,1000.0,939.0,727.0,85.0,0,Comedy,22073612.067889534
一個人的武林,6.636514,100.0,6.4,2014.0,10.0,65.0,3.0,79.0,68.0,55.0,26.0,0,Crime,32771315.882400632
The Interview,14.526049,112.0,6.5,2014.0,12.0,293.0,133.0,11000.0,392.0,365.0,835.0,50000,Action,57677515.193025246
Amores perros,5.958138,154.0,8.0,2000.0,6.0,157.0,0.0,85.0,79.0,35.0,361.0,11000,Drama,3604251.871080146
Fantastic Mr. Fox,8.695893,87.0,7.9,2009.0,10.0,335.0,0.0,13000.0,11000.0,563.0,245.0,15000,Adventure,57859670.89377124
The Black Dahlia,6.506572,121.0,5.6,2006.0,9.0,240.0,0.0,19000.0,972.0,854.0,644.0,0,Drama,76965774.80952428
Once Upon a Time in Mexico,8.843365,102.0,6.3,2003.0,9.0,178.0,0.0,40000.0,4000.0,876.0,471.0,0,Action,46080154.60983101
Major League,5.304376,107.0,7.2,1989.0,2.0,57.0,42.0,1000.0,854.0,808.0,97.0,0,Comedy,26117720.96939561
Full Frontal,2.186683,96.0,4.7,2002.0,8.0,108.0,0.0,8000.0,724.0,685.0,172.0,134,Comedy,3604251.871080146
The Three Burials of Melquiades Estrada,9.117934,121.0,7.3,2005.0,11.0,172.0,0.0,572.0,324.0,289.0,199.0,0,Adventure,23834563.211981535
Oculus,8.698043,104.0,6.5,2013.0,9.0,336.0,59.0,972.0,407.0,202.0,339.0,23000,Horror,6660586.429929115
Exit Wounds,12.280827,101.0,5.6,2001.0,3.0,107.0,43.0,2000.0,1000.0,655.0,232.0,742,Action,90106272.77700396
A Thousand Words,5.446745,91.0,5.9,2012.0,3.0,70.0,48.0,61.0,46.0,39.0,93.0,0,Drama,54065176.919231415
The Last Legion,8.920545,102.0,5.4,2007.0,4.0,90.0,4.0,14000.0,394.0,112.0,174.0,0,Action,100278005.4564053
Pirates of the Caribbean: The Curse of the Black Pearl,44.77527430342312,143.0,8.1,2003.0,7.0,271.0,563.0,40000.0,5000.0,1000.0,2113.0,10000,Adventure,222455914.9784945
La migliore offerta,8.995603,124.0,7.8,2013.0,1.0,124.0,911.0,5000.0,234.0,232.0,131.0,31000,Drama,17983581.660808656
Snow Flower and the Secret Fan,2.003832,104.0,6.1,2011.0,7.0,56.0,61.0,974.0,595.0,451.0,22.0,0,Drama,184874.3906970334
Ace Ventura: Pet Detective,11.247957,86.0,6.9,1994.0,2.0,61.0,293.0,759.0,595.0,567.0,242.0,0,Comedy,30543898.637795307
Fido,5.284805,91.0,6.7,2006.0,9.0,140.0,8.0,553.0,177.0,33.0,98.0,0,Romance,12314524.809523813
The Ring Two,16.15818,110.0,5.4,2005.0,3.0,196.0,62.0,6000.0,989.0,874.0,560.0,0,Drama,79448541.70660533
The World Is Not Enough,12.130127,128.0,6.4,1999.0,11.0,197.0,150.0,766.0,536.0,244.0,683.0,2000,Adventure,243286934.79791045
Logan's Run,6.842274,119.0,6.8,1976.0,6.0,112.0,23.0,1000.0,659.0,440.0,242.0,0,Adventure,51913272.375464626
Killing Them Softly,6.777326,97.0,6.2,2012.0,9.0,414.0,181.0,11000.0,820.0,748.0,369.0,20000,Crime,20274441.96971175
Eraser,6.919314,115.0,6.2,1996.0,6.0,81.0,55.0,1000.0,773.0,383.0,131.0,0,Action,203625985.25196874
Moonlight Mile,14.074906,117.0,6.6,2002.0,9.0,111.0,52.0,15000.0,1000.0,347.0,147.0,365,Romance,37844635.14634145
Olympus Has Fallen,10.978188,120.0,6.5,2013.0,3.0,358.0,845.0,18000.0,11000.0,992.0,698.0,45000,Action,93248197.0190079
Speed 2: Cruise Control,11.268531,121.0,4.0,1997.0,6.0,79.0,101.0,673.0,368.0,202.0,248.0,894,Action,308893712.30046654
Cats & Dogs,8.142251,87.0,5.2,2001.0,7.0,105.0,6.0,3000.0,664.0,405.0,235.0,0,Comedy,108127527.13240407
The Last Temptation of Christ,11.370288,164.0,7.5,1988.0,8.0,114.0,17000.0,883.0,618.0,159.0,308.0,0,Drama,16620368.253251713
Scary Movie 5,14.27281,86.0,3.6,2013.0,4.0,153.0,92.0,31000.0,881.0,636.0,177.0,13000,Comedy,26642342.719716556
About a Boy,10.956665,101.0,7.1,2002.0,4.0,158.0,129.0,66.0,5.0,3.0,391.0,0,Drama,48657387.7595819
Hitman,13.765241,89.0,6.2,2007.0,11.0,193.0,87.0,866.0,794.0,280.0,376.0,0,Action,35920480.208264604
The Warrior's Way,5.510805,100.0,6.2,2010.0,12.0,95.0,19.0,624.0,489.0,433.0,102.0,0,Adventure,59772224.64897081
Pirates of the Caribbean: On Stranger Tides,27.88772,136.0,6.6,2011.0,5.0,448.0,252.0,40000.0,11000.0,1000.0,484.0,58000,Adventure,209280746.4562836
Conquest of the Planet of the Apes,12.843375,88.0,6.1,2072.0,6.0,80.0,88.0,595.0,70.0,67.0,95.0,794,Action,1700000.9999999958
Gangster Squad,8.581558,113.0,6.7,2013.0,1.0,415.0,181.0,33000.0,301.0,300.0,264.0,40000,Crime,79927026.15914978
Catch a Fire,3.451518,101.0,6.7,2006.0,10.0,108.0,176.0,543.0,113.0,15.0,59.0,447,Action,24629048.619047645
Sicario,19.511221,121.0,7.7,2015.0,9.0,478.0,777.0,455.0,221.0,219.0,461.0,59000,Action,39278955.67413733
The Last Exorcism Part II,5.874458,88.0,4.0,2013.0,2.0,161.0,8.0,45000.0,541.0,400.0,68.0,0,Horror,6660586.429929115
Rosemary's Baby,11.504558,136.0,8.0,2068.0,6.0,215.0,2000.0,917.0,563.0,449.0,447.0,13000,Horror,3200001.000000008
Big Momma's House 2,7.622875,99.0,4.8,2006.0,1.0,65.0,14.0,17000.0,826.0,633.0,82.0,663,Comedy,61572620.04761901
Reno 911!: Miami,4.468247,84.0,5.9,2007.0,2.0,89.0,134.0,655.0,651.0,307.0,73.0,441,Action,14966867.33677692
Vampire in Brooklyn,9.071127,100.0,4.7,1995.0,10.0,34.0,0.0,723.0,422.0,364.0,53.0,1000,Comedy,28507638.795275558
Dreamcatcher,7.694847,136.0,5.5,2003.0,3.0,175.0,759.0,11000.0,599.0,354.0,662.0,4000,Drama,108050016.36098298
Stand by Me,15.206957,89.0,8.1,1986.0,8.0,99.0,0.0,217.0,107.0,107.0,584.0,24000,Crime,23072566.055762075
The Life Aquatic with Steve Zissou,6.936677,119.0,7.2,2004.0,12.0,259.0,0.0,13000.0,1000.0,639.0,632.0,0,Adventure,79448541.70660533
Bend It Like Beckham,6.262677,112.0,6.7,2002.0,4.0,161.0,98.0,883.0,528.0,397.0,438.0,0,Comedy,6307726.562334499
Regression,10.03628,106.0,5.6,2015.0,10.0,140.0,448.0,9000.0,750.0,648.0,62.0,0,Horror,20948776.826206535
Gremlins,11.333125,106.0,7.3,1984.0,6.0,183.0,287.0,767.0,281.0,233.0,245.0,14000,Fantasy,31724777.95167292
Joy,12.975936,124.0,6.6,2015.0,12.0,315.0,737.0,34000.0,22000.0,14000.0,256.0,24000,Drama,78557910.3482746
Chain Reaction,15.874491,107.0,5.7,1996.0,8.0,47.0,99.0,18000.0,11000.0,581.0,95.0,1000,Action,101812993.12598431
Eye of the Dolphin,0.46335,100.0,5.6,2007.0,8.0,18.0,0.0,640.0,261.0,249.0,18.0,140,Drama,3741717.5841942313
Star Trek IV: The Voyage Home,12.596956,119.0,7.3,1986.0,11.0,106.0,12000.0,12000.0,664.0,643.0,219.0,0,Science Fiction,69217696.1672863
L'Auberge espagnole,5.94395,122.0,7.3,2002.0,5.0,88.0,82.0,809.0,447.0,269.0,149.0,0,Drama,9551265.808362365
Crossroads,6.631356,93.0,3.9,2002.0,2.0,111.0,33.0,1000.0,188.0,135.0,578.0,0,Action,21625506.226480868
Crossroads,6.631356,93.0,3.9,2002.0,2.0,111.0,33.0,1000.0,188.0,135.0,578.0,0,Action,21625506.226480868
Crossroads,6.631356,93.0,3.9,2002.0,2.0,111.0,33.0,1000.0,188.0,135.0,578.0,0,Action,21625506.226480868
Crossroads,6.631356,93.0,3.9,2002.0,2.0,111.0,33.0,1000.0,188.0,135.0,578.0,0,Action,21625506.226480868
21 Grams,6.372278,124.0,7.6,2003.0,9.0,192.0,0.0,6000.0,979.0,430.0,559.0,0,Drama,31779417.28264206
The Last Castle,9.807552,131.0,6.9,2001.0,10.0,110.0,37.0,968.0,848.0,507.0,281.0,0,Action,129753032.35888523
Mystic River,12.602438,138.0,7.9,2003.0,10.0,229.0,16000.0,616.0,541.0,262.0,935.0,12000,Thriller,39724271.3533026
Hart's War,14.116474,125.0,6.4,2002.0,2.0,112.0,40.0,13000.0,787.0,407.0,196.0,997,Drama,126148781.48780474
Admission,10.098539,107.0,5.7,2013.0,3.0,150.0,80.0,2000.0,257.0,252.0,87.0,5000,Comedy,17317523.117815744
The Limey,7.807741,89.0,6.9,1999.0,5.0,111.0,0.0,402.0,296.0,132.0,240.0,944,Action,18021255.355400726
Zero Effect,3.621052,116.0,6.9,1998.0,1.0,81.0,52.0,624.0,385.0,102.0,151.0,507,Comedy,9010628.177700365
Charlie St. Cloud,6.273131,99.0,6.4,2010.0,5.0,117.0,23.0,405.0,268.0,135.0,75.0,0,Drama,62618521.01320761
葉問3,8.970494,105.0,7.0,2015.0,12.0,78.0,25.0,461.0,79.0,51.0,45.0,12000,Action,47134746.60896477
Money Monster,11.953822,98.0,6.5,2016.0,5.0,268.0,0.0,8000.0,698.0,638.0,103.0,0,Thriller,34910657.77251076
Bloody Sunday,7.757913,107.0,7.6,2002.0,1.0,92.0,521.0,773.0,89.0,80.0,120.0,0,Action,28834007.968641106
The Train,4.412564,133.0,7.8,2064.0,9.0,64.0,287.0,343.0,94.0,28.0,124.0,0,Action,5800001.000000001
She's the Man,6.916201,105.0,6.4,2006.0,3.0,91.0,99.0,17000.0,1000.0,960.0,261.0,0,Comedy,30786310.52380957
Batman Returns,15.001681,126.0,7.1,1992.0,6.0,153.0,13000.0,920.0,811.0,390.0,610.0,0,Action,189947055.32287714
Cirque du Freak: The Vampire's Assistant,10.829432,109.0,5.8,2009.0,10.0,157.0,80.0,14000.0,4000.0,835.0,157.0,0,Adventure,57859670.89377124
Crash,9.785147,112.0,7.7,2004.0,1.0,287.0,549.0,3000.0,912.0,911.0,1624.0,18000,Drama,10328311.291858695
Crash,9.785147,112.0,7.7,2004.0,1.0,287.0,549.0,3000.0,912.0,911.0,1624.0,18000,Drama,10328311.291858695
Crash,9.785147,112.0,7.7,2004.0,1.0,287.0,549.0,3000.0,912.0,911.0,1624.0,18000,Drama,10328311.291858695
Crash,9.785147,112.0,7.7,2004.0,1.0,287.0,549.0,3000.0,912.0,911.0,1624.0,18000,Drama,10328311.291858695
Simon Birch,2.651408,114.0,6.8,1998.0,9.0,60.0,160.0,1000.0,367.0,271.0,219.0,0,Comedy,36042509.71080134
Total Recall,12.954444,113.0,7.5,1990.0,6.0,196.0,719.0,605.0,308.0,217.0,391.0,0,Action,154331982.63733768
Total Recall,12.954444,113.0,7.5,1990.0,6.0,196.0,719.0,605.0,308.0,217.0,391.0,0,Action,154331982.63733768
Total Recall,12.954444,113.0,7.5,1990.0,6.0,196.0,719.0,605.0,308.0,217.0,391.0,0,Action,154331982.63733768
Total Recall,12.954444,113.0,7.5,1990.0,6.0,196.0,719.0,605.0,308.0,217.0,391.0,0,Action,154331982.63733768
Pirates of the Caribbean: At World's End,31.363664,169.0,7.1,2007.0,5.0,302.0,563.0,40000.0,5000.0,1000.0,1238.0,0,Adventure,227042286.70280543
Lockout,8.772263,95.0,6.0,2012.0,4.0,289.0,4.0,788.0,447.0,80.0,236.0,10000,Action,27032588.95961568
Black Snake Moan,7.050403,116.0,6.9,2006.0,12.0,197.0,153.0,3000.0,788.0,539.0,200.0,0,Drama,23089733.14285716
Anomalisa,10.428421,90.0,7.2,2015.0,12.0,328.0,26.0,1000.0,442.0,0.0,140.0,0,Animation,10474388.913103288
The Other Woman,9.389354,109.0,6.0,2014.0,4.0,191.0,415.0,982.0,971.0,119.0,189.0,16000,Comedy,52434104.81184108
A Scanner Darkly,11.643026,100.0,7.0,2006.0,5.0,232.0,0.0,21000.0,18000.0,407.0,293.0,0,Animation,13392045.642857142
Fish Tank,6.070216,123.0,7.3,2009.0,5.0,248.0,121.0,13000.0,260.0,168.0,112.0,0,Drama,4339476.24203284
Mine vaganti,5.633243,110.0,7.2,2010.0,2.0,81.0,798.0,580.0,26.0,16.0,29.0,0,Comedy,9962038.274828497
Bottle Shock,3.334353,110.0,6.8,2008.0,8.0,109.0,19.0,25000.0,579.0,39.0,89.0,0,Comedy,7206728.263438052
The Deer Hunter,7.729445,174.11587433319053,8.1,1978.0,12.0,140.0,517.0,22000.0,11000.0,652.0,1026.0,11000,Drama,56491384.49514561
She's All That,7.064982,95.0,5.9,1999.0,1.0,96.0,7.0,23000.0,1000.0,1000.0,389.0,0,Comedy,18021255.355400726
Gentleman's Agreement,6.857318,118.0,7.2,2047.0,11.0,61.0,603.0,936.0,297.0,167.0,113.0,0,Drama,2000001.0000000016
Frida,11.283472,123.0,7.3,2002.0,8.0,128.0,278.0,4000.0,1000.0,898.0,271.0,0,Drama,21625506.226480868
The Valley of Decision,0.230534,119.0,7.3,2045.0,6.0,7.0,10.0,509.0,284.0,275.0,29.0,68,Drama,2160001.0000000023
The Midnight Meat Train,13.389735,98.0,6.0,2008.0,8.0,177.0,129.0,14000.0,1000.0,1000.0,209.0,0,Mystery,21620182.790314093
Cop Out,14.313079,107.0,5.5,2010.0,2.0,203.0,0.0,13000.0,642.0,574.0,176.0,0,Action,42694446.46355067
Princess Kaiulani,1.818296,130.0,6.1,2010.0,5.0,26.0,3.0,679.0,537.0,204.0,14.0,0,Drama,12808334.639065176
I Spit on Your Grave,12.805294,108.0,6.2,2010.0,6.0,225.0,68.0,635.0,445.0,374.0,209.0,17000,Thriller,2846297.364236712
Zero Dark Thirty,9.649303,157.0,7.4,2012.0,12.0,558.0,0.0,1000.0,1000.0,304.0,640.0,39000,Thriller,54065176.919231415
Sea of Love,9.801967,113.0,6.8,1989.0,9.0,43.0,17.0,14000.0,599.0,551.0,112.0,0,Drama,45112426.40168324
Match Point,9.020372,124.0,7.6,2005.0,10.0,278.0,11000.0,19000.0,567.0,400.0,735.0,0,Drama,23834563.211981535
The Girl Next Door,13.083718,108.0,6.7,2004.0,4.0,126.0,42.0,355.0,155.0,111.0,513.0,0,Comedy,39724271.3533026
Machete,7.120403,105.0,6.6,2010.0,9.0,391.0,20.0,22000.0,982.0,844.0,392.0,44000,Action,28462964.64236707
Resident Evil,7.781293,100.0,6.6,2002.0,3.0,226.0,545.0,14000.0,2000.0,766.0,1138.0,0,Horror,59470140.372822344
The Great Debaters,8.735448,126.0,7.5,2007.0,12.0,112.0,18000.0,18000.0,2000.0,697.0,118.0,0,Drama,22450300.5051654
The Amityville Horror,13.088552,90.0,5.9,2005.0,4.0,220.0,15.0,87000.0,17000.0,16000.0,518.0,0,Horror,30190446.46850995
Bienvenue chez les ch'tis,7.250134,106.0,7.1,2008.0,1.0,78.0,172.0,172.0,55.0,27.0,49.0,3000,Comedy,15854800.979563674
Capote,6.01272,114.0,7.3,2005.0,9.0,271.0,152.0,22000.0,68.0,27.0,416.0,0,Crime,11122796.69892474
Saint John of Las Vegas,2.894924,84.0,5.6,2009.0,6.0,45.0,0.0,22000.0,12000.0,966.0,11.0,407,Comedy,5496669.63990827
Broken City,12.136158,109.0,6.1,2013.0,1.0,298.0,90.0,1000.0,412.0,344.0,134.0,0,Thriller,74598557.81520633
Twins,5.952494,107.0,6.2,1988.0,12.0,27.0,425.0,742.0,384.0,247.0,79.0,0,Comedy,35615073.685539365
What Women Want,9.963079,127.0,6.5,2000.0,12.0,149.0,278.0,2000.0,955.0,912.0,395.0,0,Comedy,126148781.48780474
Madea Goes to Jail,2.844534,103.0,4.6,2009.0,2.0,44.0,0.0,923.0,619.0,543.0,45.0,804,Comedy,23143868.95750852
The Kite Runner,5.970067,128.0,7.6,2007.0,10.0,201.0,395.0,283.0,206.0,161.0,230.0,0,Drama,29933733.673553865
American Pie 2,10.25103,108.0,6.4,2001.0,8.0,142.0,6.0,3000.0,1000.0,1000.0,431.0,0,Comedy,54063764.06620214
Mean Streets,8.212399,110.0,7.2,2073.0,10.0,112.0,17000.0,22000.0,926.0,354.0,223.0,0,Drama,500000.99999999977
London Has Fallen,15.037993,99.0,5.9,2016.0,3.0,225.0,24.0,18000.0,992.0,864.0,323.0,28000,Action,77579238.27224614
My Blueberry Nights,11.119593,111.0,6.6,2007.0,5.0,192.0,0.0,20000.0,329.0,20.0,117.0,0,Drama,14966867.33677692
The Adventures of Pluto Nash,8.903754,95.0,3.9,2002.0,8.0,66.0,31.0,3000.0,695.0,683.0,164.0,416,Action,180212544.5540067
Tower Heist,7.762917,104.0,6.2,2011.0,11.0,236.0,420.0,2000.0,906.0,535.0,194.0,0,Action,103470052.88073221
Old School,16.195894,91.0,7.0,2003.0,2.0,123.0,480.0,8000.0,909.0,497.0,404.0,0,Comedy,38135300.53917051
Steel,2.890462,97.0,3.0,1997.0,8.0,36.0,34.0,503.0,489.0,465.0,62.0,0,Science Fiction,32580158.480314992
The Secret Life of Walter Mitty,8.684892,114.0,7.3,2013.0,12.0,362.0,0.0,3000.0,806.0,423.0,515.0,70000,Adventure,119890538.73872425
The Truman Show,13.155901,103.0,8.2,1998.0,6.0,213.0,608.0,2000.0,617.0,576.0,877.0,18000,Comedy,108127527.13240407
This Is England,2.514638,101.0,7.7,2006.0,9.0,172.0,222.0,1000.0,788.0,698.0,192.0,11000,Drama,3663571.833333336
Robin Hood: Prince of Thieves,10.639244,143.0,6.9,1991.0,6.0,67.0,58.0,25000.0,11000.0,720.0,322.0,0,Adventure,113968233.59372619
Hot Pursuit,6.90658,87.0,5.1,2015.0,5.0,155.0,98.0,472.0,328.0,253.0,118.0,0,Action,45825448.11982692
Losin' It,3.132019,100.0,5.0,1983.0,4.0,7.0,161.0,10000.0,422.0,172.0,16.0,168,Comedy,20188495.4237918
Baby Mama,10.901355,99.0,6.0,2008.0,4.0,145.0,5.0,2000.0,1000.0,966.0,97.0,0,Comedy,43240364.58062828
The Iron Lady,7.421245,105.0,6.4,2011.0,12.0,331.0,58.0,11000.0,1000.0,583.0,350.0,18000,History,17934809.992660265
Wish I Was Here,6.149295,120.0,6.6,2014.0,1.0,149.0,0.0,17000.0,1000.0,379.0,93.0,0,Drama,7209690.274128139
The Fisher King,11.184385,137.0,7.5,1991.0,9.0,84.0,0.0,12000.0,443.0,161.0,170.0,12000,Comedy,56984117.296863
The To Do List,7.081404,104.0,5.8,2013.0,7.0,97.0,38.0,801.0,727.0,690.0,79.0,0,Comedy,1998176.6289787388
ATL,2.582818,105.0,6.2,2006.0,3.0,54.0,49.0,680.0,503.0,104.0,92.0,874,Drama,30786310.52380957
Transformers: Dark of the Moon,4.503505,154.0,6.2,2011.0,6.0,428.0,0.0,894.0,829.0,581.0,899.0,46000,Action,209280746.4562836
The Three Musketeers,6.303466,110.0,5.7,2011.0,8.0,228.0,545.0,14000.0,8000.0,5000.0,254.0,19000,Adventure,103470052.88073221
Cold Mountain,9.645543,154.0,7.2,2003.0,12.0,198.0,333.0,22000.0,20000.0,16000.0,674.0,0,Drama,125528695.3164361
Deadpool,44.77527430342312,108.0,8.0,2016.0,2.0,579.0,84.0,16000.0,805.0,361.0,1058.0,117000,Action,74993263.69650468
Beetlejuice,10.627364,92.0,7.5,1988.0,2.0,109.0,13000.0,925.0,692.0,217.0,306.0,15000,Fantasy,35615073.685539365
Alex Cross,8.279285,101.0,5.2,2012.0,10.0,211.0,357.0,907.0,445.0,374.0,151.0,11000,Action,60823323.90913524
My Week with Marilyn,12.203066,99.0,6.9,2011.0,10.0,386.0,64.0,13000.0,2000.0,918.0,216.0,17000,Drama,8829445.427155808
You Only Live Twice,10.359669,117.0,6.8,2067.0,6.0,130.0,43.0,742.0,462.0,244.0,267.0,0,Action,9500001.000000015
Fight Club,44.77527430342312,139.0,8.8,1999.0,10.0,315.0,21000.0,11000.0,783.0,637.0,2968.0,48000,Drama,113533903.43902461
Urban Legend,6.081401,99.0,5.6,1998.0,9.0,101.0,9.0,975.0,912.0,648.0,426.0,0,Horror,25229757.09756101
Flyboys,5.460942,140.0,6.5,2006.0,9.0,123.0,23.0,11000.0,779.0,579.0,247.0,2000,Action,92358929.57142854
The Longest Day,10.770928,174.11587433319053,7.7,2062.0,9.0,53.0,19.0,726.0,249.0,196.0,192.0,0,Action,10000000.999999996
The Exorcist,12.137595,122.0,8.1,2073.0,12.0,304.0,607.0,1000.0,931.0,259.0,1058.0,18000,Drama,8000001.000000002
Indiana Jones and the Temple of Doom,15.802306,118.0,7.5,1984.0,5.0,148.0,14000.0,11000.0,429.0,237.0,524.0,0,Adventure,80753978.69516729
Johnson Family Vacation,3.223039,97.0,4.6,2004.0,4.0,45.0,4.0,1000.0,1000.0,826.0,49.0,243,Comedy,19067650.769585222
American History X,18.157166,119.0,8.5,1998.0,10.0,162.0,194.0,1000.0,816.0,602.0,1420.0,35000,Drama,36042509.71080134
Hudson Hawk,9.782014,100.0,5.7,1991.0,5.0,60.0,36.0,13000.0,773.0,554.0,249.0,0,Action,154331982.63733768
Man of Steel,18.538834,143.0,7.1,2013.0,6.0,733.0,0.0,15000.0,3000.0,748.0,2536.0,118000,Action,202077644.52301505
Knockaround Guys,6.557426,92.0,6.1,2001.0,9.0,57.0,34.0,14000.0,442.0,366.0,135.0,566,Crime,27031882.533101045
Into the Storm,9.092925,89.0,5.8,2014.0,8.0,228.0,77.0,490.0,298.0,159.0,210.0,15000,Action,65542630.76480133
Dreamgirls,7.739633,134.0,6.6,2006.0,12.0,241.0,386.0,912.0,549.0,525.0,503.0,0,Drama,107752084.33333331
Wrath of the Titans,7.739904,99.0,5.7,2012.0,3.0,310.0,473.0,14000.0,897.0,502.0,253.0,19000,Adventure,202744410.69711757
Julie & Julia,8.142089,123.0,7.0,2009.0,8.0,252.0,0.0,11000.0,935.0,923.0,277.0,13000,Romance,57859670.89377124
About Time,11.213913,123.0,7.8,2013.0,8.0,274.0,628.0,565.0,555.0,171.0,391.0,105000,Comedy,15985406.031829918
Michael Clayton,7.857078,119.0,7.2,2007.0,9.0,299.0,209.0,1000.0,896.0,521.0,363.0,0,Drama,37417166.841942295
Faithful,1.296862,91.0,5.7,1996.0,4.0,21.0,150.0,979.0,385.0,150.0,19.0,69,Comedy,26471378.95275586
Secretary,10.936827,104.0,6.9,2002.0,1.0,163.0,30.0,769.0,413.0,296.0,390.0,15000,Comedy,7208502.742160275
Another Year,5.000657,129.0,7.4,2010.0,11.0,248.0,608.0,1000.0,579.0,386.0,141.0,0,Comedy,11385186.456946844
Ice Age: Dawn of the Dinosaurs,12.980624,94.0,6.9,2009.0,6.0,188.0,107.0,835.0,256.0,117.0,132.0,0,Animation,130184258.26098488
My Sister's Keeper,6.793972,109.0,7.3,2009.0,6.0,148.0,415.0,673.0,489.0,228.0,184.0,15000,Drama,43394753.42032837
Thunderball,10.517835,130.0,6.9,2065.0,12.0,129.0,92.0,244.0,189.0,177.0,275.0,0,Adventure,5500001.000000001
Spy Kids,9.576745,88.0,5.6,2001.0,3.0,122.0,0.0,2000.0,843.0,640.0,205.0,0,Action,63074391.24390255
Eat Pray Love,15.904834,133.0,5.8,2010.0,8.0,213.0,708.0,11000.0,8000.0,745.0,302.0,26000,Drama,85388891.927102
Ransom,8.772188,117.0,6.7,1996.0,11.0,79.0,2000.0,960.0,848.0,808.0,158.0,1000,Action,162900788.4015749
Labor Day,6.108646,111.0,6.9,2013.0,12.0,217.0,655.0,24000.0,14000.0,405.0,111.0,0,Drama,23978108.547744837
Starsky & Hutch,10.776138,101.0,6.1,2004.0,3.0,173.0,480.0,881.0,869.0,767.0,308.0,0,Comedy,95338249.84792624
The Town,13.081203,125.0,7.5,2010.0,9.0,378.0,0.0,10000.0,4000.0,206.0,420.0,29000,Crime,52656483.738379136
Men of Honor,7.177649,129.0,7.2,2000.0,9.0,98.0,88.0,22000.0,9000.0,975.0,224.0,0,Drama,57668014.93728228
Interview with the Vampire,11.970205,123.0,7.5,1994.0,11.0,120.0,277.0,11000.0,10000.0,4000.0,406.0,11000,Horror,122175591.55118129
Willy Wonka & the Chocolate Factory,12.416635,100.0,7.8,2071.0,6.0,104.0,21.0,240.0,177.0,124.0,349.0,0,Family,3000001.000000001
Species,13.492845,108.0,5.9,1995.0,7.0,97.0,79.0,900.0,759.0,25.0,140.0,0,Science Fiction,71269095.48818901
Evita,6.709803,134.0,6.3,1996.0,12.0,76.0,317.0,57.0,40.0,34.0,194.0,0,History,111994292.33858272
Deep Blue Sea,7.493615,105.0,5.9,1999.0,7.0,199.0,212.0,1000.0,975.0,811.0,643.0,0,Action,108127527.13240407
That Thing You Do!,8.685761,108.0,7.0,1996.0,10.0,75.0,15000.0,15000.0,9000.0,982.0,212.0,0,Comedy,32580158.480314992
Tuck Everlasting,5.951492,90.0,6.6,2002.0,10.0,69.0,13.0,882.0,874.0,613.0,127.0,0,Drama,27031882.533101045
55 Days at Peking,2.972529,154.0,6.7,2063.0,5.0,15.0,117.0,715.0,490.0,86.0,50.0,419,Action,17000000.999999974
The Conjuring 2,14.767317,134.0,7.3,2016.0,5.0,300.0,0.0,1000.0,575.0,336.0,279.0,40000,Horror,51719492.514830835
The Perfect Storm,18.911961,130.0,6.5,2000.0,3.0,231.0,249.0,784.0,638.0,461.0,779.0,0,Drama,216255053.26480854
Blood Work,5.852263,110.0,6.4,2002.0,8.0,146.0,16000.0,16000.0,1000.0,581.0,260.0,705,Crime,90106272.77700396
Lucky Number Slevin,11.15092,110.0,7.7,2006.0,2.0,202.0,118.0,13000.0,11000.0,1000.0,507.0,10000,Drama,41561518.85714288
Lucky Number Slevin,11.15092,110.0,7.7,2006.0,2.0,202.0,118.0,13000.0,11000.0,1000.0,507.0,10000,Drama,41561518.85714288
Lucky Number Slevin,11.15092,110.0,7.7,2006.0,2.0,202.0,118.0,13000.0,11000.0,1000.0,507.0,10000,Drama,41561518.85714288
Lucky Number Slevin,11.15092,110.0,7.7,2006.0,2.0,202.0,118.0,13000.0,11000.0,1000.0,507.0,10000,Drama,41561518.85714288
Race to Witch Mountain,8.176147,98.0,5.7,2009.0,3.0,166.0,99.0,12000.0,536.0,433.0,110.0,0,Adventure,72324588.36721408
The Twilight Saga: Eclipse,34.047399,124.0,5.1,2010.0,6.0,293.0,171.0,21000.0,17000.0,10000.0,498.0,29000,Adventure,96774077.38404827
Moby Dick,4.31583,116.0,7.3,2056.0,6.0,42.0,1000.0,232.0,169.0,68.0,115.0,0,Adventure,4500001.000000002
Juno,11.791591,96.0,7.4,2007.0,12.0,387.0,655.0,24000.0,3000.0,973.0,881.0,10000,Comedy,11225150.752582688
Juno,11.791591,96.0,7.4,2007.0,12.0,387.0,655.0,24000.0,3000.0,973.0,881.0,10000,Comedy,11225150.752582688
Juno,11.791591,96.0,7.4,2007.0,12.0,387.0,655.0,24000.0,3000.0,973.0,881.0,10000,Comedy,11225150.752582688
Juno,11.791591,96.0,7.4,2007.0,12.0,387.0,655.0,24000.0,3000.0,973.0,881.0,10000,Comedy,11225150.752582688
15 Minutes,12.149946,120.0,6.1,2001.0,3.0,151.0,17.0,22000.0,9000.0,808.0,265.0,748,Action,108127527.13240407
Dom Hemingway,5.713974,93.0,6.1,2013.0,11.0,151.0,47.0,554.0,524.0,13.0,66.0,0,Comedy,21313874.375773184
Dolphin Tale,6.695229,113.0,6.8,2011.0,9.0,131.0,188.0,11000.0,680.0,631.0,86.0,0,Drama,51045226.594494425
The Internship,0.393865,119.0,6.3,2013.0,6.0,246.0,189.0,1000.0,847.0,839.0,281.0,22000,Comedy,77262791.98717794
Ted,19.638605,106.0,6.9,2012.0,6.0,457.0,3000.0,15000.0,3000.0,1000.0,623.0,74000,Comedy,67581470.89903924
Epic,11.913405,102.0,6.6,2013.0,5.0,203.0,77.0,14000.0,151.0,120.0,113.0,17000,Animation,133211709.59858263
The Constant Gardener,11.556484,129.0,7.3,2005.0,8.0,226.0,353.0,883.0,430.0,151.0,568.0,0,Drama,39724271.3533026
Midnight Special,12.682927,112.0,6.6,2016.0,2.0,263.0,337.0,4000.0,820.0,201.0,156.0,0,Adventure,23273772.18167388
Dances with Wolves,11.654349,174.11587433319053,8.0,1990.0,11.0,92.0,0.0,933.0,839.0,232.0,382.0,0,Adventure,52235440.9387912
Take Me Home Tonight,8.132811,97.0,6.3,2011.0,3.0,136.0,31.0,2000.0,2000.0,562.0,83.0,0,Comedy,26212414.143118802
Aloha,8.451297,105.0,5.4,2015.0,5.0,138.0,488.0,15000.0,14000.0,13000.0,172.0,11000,Drama,48444045.09810271
Aloha,8.451297,105.0,5.4,2015.0,5.0,138.0,488.0,15000.0,14000.0,13000.0,172.0,11000,Drama,48444045.09810271
Aloha,8.451297,105.0,5.4,2015.0,5.0,138.0,488.0,15000.0,14000.0,13000.0,172.0,11000,Drama,48444045.09810271
Aloha,8.451297,105.0,5.4,2015.0,5.0,138.0,488.0,15000.0,14000.0,13000.0,172.0,11000,Drama,48444045.09810271
Peggy Sue Got Married,7.471655,103.0,6.4,1986.0,10.0,44.0,0.0,12000.0,899.0,805.0,96.0,0,Comedy,51913272.375464626
Collateral Damage,10.175503,108.0,5.5,2002.0,2.0,135.0,99.0,672.0,174.0,172.0,339.0,941,Action,153180663.02090597
Ghosts of Mars,7.058599,98.0,4.9,2001.0,8.0,156.0,0.0,26000.0,1000.0,900.0,460.0,0,Action,50459513.195121944
The Good Dinosaur,12.319595,93.0,6.7,2015.0,11.0,298.0,113.0,275.0,150.0,113.0,345.0,20000,Adventure,198616140.77980995
May,8.398158,93.0,6.6,2002.0,1.0,114.0,75.0,701.0,461.0,446.0,277.0,0,Drama,901063.7177700365
Penguins of Madagascar,22.201607,92.0,6.6,2014.0,11.0,153.0,35.0,19000.0,411.0,179.0,118.0,11000,Family,173032543.5790753
Ace Ventura: When Nature Calls,8.205448,90.0,6.4,1995.0,11.0,59.0,176.0,531.0,461.0,460.0,178.0,0,Crime,61087796.275590524
The Men Who Stare at Goats,6.253084,93.0,6.2,2009.0,10.0,271.0,293.0,18000.0,12000.0,939.0,268.0,15000,Comedy,34715802.93626277
A Civil Action,9.353499,115.0,6.6,1998.0,3.0,110.0,234.0,3000.0,552.0,521.0,181.0,1000,Drama,126148781.48780474
The Next Three Days,9.591425,133.0,7.3,2010.0,11.0,239.0,549.0,10000.0,796.0,343.0,237.0,27000,Romance,42694446.46355067
Elektra,13.802674,97.0,4.7,2005.0,1.0,196.0,38.0,3000.0,1000.0,1000.0,380.0,0,Action,68325746.0076804
Noah,14.924487,139.0,5.8,2014.0,3.0,434.0,0.0,12000.0,9000.0,8000.0,1240.0,71000,Drama,163856575.4120033
Speed Racer,7.134168,135.0,6.1,2008.0,5.0,284.0,0.0,690.0,107.0,87.0,414.0,0,Action,172961455.32251358
Zombieland,11.063029,88.0,7.5,2009.0,10.0,445.0,181.0,15000.0,13000.0,11.0,553.0,26000,Comedy,34137206.237325095
Home Run,1.472463,114.0,5.9,2013.0,4.0,10.0,29.0,890.0,848.0,449.0,32.0,0,Drama,1598541.5031829912
The Station Agent,5.85469,88.0,7.6,2003.0,1.0,154.0,310.0,22000.0,833.0,587.0,286.0,0,Drama,794486.4070660541
Donnie Brasco,12.201954,127.0,7.7,1997.0,2.0,117.0,179.0,40000.0,14000.0,646.0,234.0,0,Crime,71269095.48818901
Legends of the Fall,12.199047,133.0,7.5,1994.0,12.0,57.0,380.0,12000.0,11000.0,918.0,329.0,11000,Adventure,61087796.275590524
My Soul to Take,5.282976,107.0,4.8,2010.0,10.0,160.0,0.0,798.0,374.0,255.0,136.0,0,Drama,35578705.552958824
My Soul to Take,5.282976,107.0,4.8,2010.0,10.0,160.0,0.0,798.0,374.0,255.0,136.0,0,Drama,35578705.552958824
My Soul to Take,5.282976,107.0,4.8,2010.0,10.0,160.0,0.0,798.0,374.0,255.0,136.0,0,Drama,35578705.552958824
My Soul to Take,5.282976,107.0,4.8,2010.0,10.0,160.0,0.0,798.0,374.0,255.0,136.0,0,Drama,35578705.552958824
Friday,14.56965,91.0,7.2,1995.0,4.0,20.0,473.0,826.0,723.0,624.0,157.0,8000,Comedy,7126910.448818898
The Ides of March,6.82647,101.0,7.1,2011.0,9.0,421.0,0.0,33000.0,22000.0,1000.0,288.0,22000,Drama,17245009.646788694
Harsh Times,7.659357,120.0,6.8,2005.0,9.0,118.0,453.0,24000.0,23000.0,2000.0,222.0,0,Crime,3177942.6282642023
Wild Target,6.712894,98.0,6.7,2010.0,6.0,68.0,36.0,10000.0,692.0,405.0,86.0,0,Action,11385186.456946844
Howards End,10.854598,140.0,7.4,1992.0,3.0,51.0,133.0,12000.0,898.0,136.0,86.0,788,Drama,37989411.86457537
Bride of Chucky,13.018491,89.0,5.6,1998.0,10.0,114.0,31.0,285.0,81.0,71.0,292.0,0,Horror,45053136.88850172
Blow Out,7.536295,108.0,7.4,1981.0,7.0,120.0,0.0,517.0,376.0,101.0,149.0,2000,Drama,67789661.19417483
The Equalizer,17.618057,132.0,7.3,2014.0,9.0,292.0,845.0,18000.0,17000.0,683.0,436.0,56000,Thriller,72096893.74128154
Astérix aux Jeux Olympiques,9.671944,116.0,5.2,2008.0,1.0,33.0,0.0,936.0,276.0,141.0,36.0,291,Fantasy,140171422.81205106
You Don't Mess with the Zohan,13.116461,113.0,5.6,2008.0,6.0,198.0,221.0,11000.0,600.0,503.0,380.0,0,Comedy,129721091.74188401
Evil Dead II,13.520764,84.0,7.7,1987.0,3.0,252.0,0.0,634.0,328.0,199.0,537.0,0,Horror,10382655.275092945
The Outsiders,6.435926,91.0,7.0,1983.0,3.0,60.0,0.0,10000.0,919.0,699.0,308.0,10000,Crime,28840707.319702614
Boyhood,6.430591,164.0,7.9,2014.0,6.0,548.0,0.0,230.0,193.0,127.0,836.0,92000,Drama,5243411.381184111
Waterloo,3.240624,128.0,7.3,2070.0,10.0,16.0,27.0,279.0,128.0,87.0,76.0,690,History,25000000.999999963
The Kingdom,13.842333,110.0,7.0,2007.0,8.0,234.0,532.0,3000.0,638.0,461.0,289.0,0,Thriller,104768065.35743833
The Hobbit: An Unexpected Journey,23.253089,169.0,7.8,2012.0,11.0,645.0,0.0,5000.0,972.0,773.0,1367.0,166000,Adventure,205037596.06864718
Maurice Richard,0.860734,124.0,7.6,2005.0,10.0,20.0,2.0,413.0,265.0,23.0,31.0,520,Drama,12711767.513056835
Domestic Disturbance,6.353996,89.0,5.6,2001.0,10.0,98.0,17.0,12000.0,708.0,303.0,190.0,361,Mystery,135159408.66550505
Public Enemies,10.364794,140.0,6.9,2009.0,7.0,357.0,0.0,40000.0,23000.0,1000.0,585.0,0,History,115719340.78754291
Repo! The Genetic Opera,5.25696,98.0,6.4,2008.0,7.0,147.0,163.0,2000.0,716.0,636.0,259.0,8000,Horror,23061528.24300176
This Is 40,11.418802,134.0,6.2,2012.0,12.0,285.0,0.0,529.0,130.0,120.0,248.0,18000,Comedy,47307029.92932746
The Kids Are All Right,5.899155,106.0,7.0,2010.0,7.0,323.0,450.0,14000.0,3000.0,712.0,291.0,16000,Comedy,4981019.637414245
Basic,14.327717,98.0,6.4,2003.0,4.0,131.0,323.0,933.0,631.0,511.0,286.0,0,Action,79448541.70660533
Star Trek III: The Search for Spock,6.197298,105.0,6.6,1984.0,5.0,110.0,12000.0,12000.0,664.0,643.0,192.0,0,Science Fiction,51913272.375464626
I Am Legend,11.379355,101.0,7.2,2007.0,12.0,323.0,508.0,10000.0,1000.0,558.0,1413.0,11000,Drama,224502996.05165422
Get on Up,7.92736,139.0,6.9,2014.0,8.0,165.0,150.0,521.0,491.0,400.0,104.0,11000,Drama,20973642.524736423
The Glass House,6.418936,106.0,5.8,2001.0,9.0,95.0,12.0,962.0,844.0,595.0,200.0,804,Drama,54063764.06620214
Space Jam,11.054251,88.0,6.5,1996.0,11.0,46.0,30.0,13000.0,967.0,366.0,123.0,0,Animation,162900788.4015749
Bound,12.449574,108.0,7.3,1996.0,9.0,120.0,0.0,3000.0,441.0,126.0,208.0,2000,Crime,9163170.291338587
9,18.502877,79.0,7.0,2009.0,8.0,263.0,30.0,940.0,271.0,265.0,245.0,13000,Action,43394753.42032837
Punch-Drunk Love,6.753969,95.0,7.3,2002.0,10.0,251.0,0.0,11000.0,876.0,98.0,888.0,0,Comedy,45053136.88850172
कभी अलविदा ना कहना,2.37252,174.11587433319053,6.1,2006.0,8.0,20.0,160.0,8000.0,1000.0,860.0,264.0,659,Drama,11390935.523809541
Walk Hard: The Dewey Cox Story,7.219935,96.0,6.8,2007.0,12.0,171.0,52.0,553.0,214.0,134.0,200.0,0,Comedy,52384033.17871914
He Got Game,13.06943,136.0,6.9,1998.0,5.0,48.0,0.0,18000.0,14000.0,3000.0,109.0,0,Drama,45053136.88850172
The Wackness,5.598338,99.0,6.9,2008.0,7.0,147.0,129.0,976.0,617.0,362.0,75.0,0,Drama,8648073.716125648
The Beastmaster,5.577636,118.0,6.2,1982.0,8.0,44.0,152.0,21000.0,982.0,826.0,87.0,0,Action,60257476.72815544
The Polar Express,14.27536,100.0,6.6,2004.0,11.0,188.0,0.0,15000.0,726.0,267.0,444.0,10000,Adventure,241041483.85812104
Boogeyman,9.704289,89.0,4.2,2005.0,2.0,140.0,19.0,526.0,392.0,349.0,389.0,1000,Thriller,31779417.28264206
The November Man,13.310556,108.0,6.3,2014.0,8.0,172.0,79.0,775.0,614.0,537.0,152.0,0,Crime,19662789.92944038
Superbabies: Baby Geniuses 2,7.538821,88.0,1.5,2004.0,8.0,32.0,84.0,650.0,384.0,177.0,129.0,0,Comedy,25423534.02611369
The Art of Getting By,5.24456,83.0,6.5,2011.0,6.0,122.0,19.0,947.0,685.0,322.0,71.0,0,Drama,22073612.067889534
Gridiron Gang,5.025475,125.0,7.1,2006.0,9.0,85.0,21.0,12000.0,2000.0,581.0,134.0,0,Action,46179465.285714254
"Lock, Stock and Two Smoking Barrels",4.60786,105.0,8.1,1998.0,3.0,116.0,0.0,26000.0,1000.0,452.0,523.0,21000,Comedy,2432870.3379790992
Guess Who,6.71898,105.0,5.9,2005.0,3.0,104.0,8.0,1000.0,358.0,278.0,160.0,919,Comedy,55613979.49462375
Blast from the Past,8.355977,112.0,6.7,1999.0,2.0,95.0,37.0,3000.0,874.0,480.0,239.0,0,Comedy,63074391.24390255
Barbershop,6.498789,102.0,6.3,2002.0,4.0,91.0,167.0,656.0,528.0,436.0,156.0,770,Comedy,21625506.226480868
54,8.736869,106.0,5.9,1998.0,8.0,63.0,15.0,4000.0,957.0,812.0,181.0,0,Music,23427631.662020937
Enemy of the State,12.978751,132.0,7.3,1998.0,11.0,81.0,12000.0,10000.0,660.0,619.0,415.0,0,Action,162191290.1986062
Mr. Holland's Opus,7.137117,137.0,7.3,1995.0,12.0,42.0,65.0,975.0,345.0,320.0,154.0,0,Music,32580158.480314992
Alien: Resurrection,15.57784,109.0,6.2,1997.0,11.0,223.0,0.0,1000.0,720.0,672.0,656.0,0,Science Fiction,142538189.97637817
Analyze This,7.634017,103.0,6.7,1999.0,3.0,145.0,11000.0,22000.0,979.0,636.0,337.0,0,Comedy,144170035.84320578
Quills,5.387711,124.0,7.2,2000.0,11.0,132.0,133.0,14000.0,230.0,170.0,314.0,0,Drama,24328694.379790965
Unknown,14.443599,113.0,6.8,2011.0,2.0,349.0,174.0,14000.0,903.0,767.0,332.0,29000,Action,41388021.75229282
Unknown,14.443599,113.0,6.8,2011.0,2.0,349.0,174.0,14000.0,902.0,767.0,332.0,29000,Action,41388021.75229282
Unknown,14.443599,113.0,6.8,2011.0,2.0,349.0,174.0,14000.0,903.0,767.0,332.0,29000,Action,41388021.75229282
Unknown,14.443599,113.0,6.8,2011.0,2.0,349.0,174.0,14000.0,902.0,767.0,332.0,29000,Action,41388021.75229282
"Mystery, Alaska",4.512767,119.0,6.7,1999.0,10.0,74.0,116.0,738.0,428.0,385.0,123.0,913,Drama,50459513.195121944
The One,9.769047,87.0,5.9,2001.0,11.0,98.0,70.0,26000.0,5000.0,848.0,294.0,0,Action,88304147.34146348
The Passion of the Christ,13.194168,127.0,7.2,2004.0,2.0,406.0,0.0,260.0,252.0,113.0,2814.0,13000,Drama,47669125.42396312
Black Swan,12.989056,108.0,8.0,2010.0,12.0,669.0,0.0,20000.0,15000.0,1000.0,1140.0,106000,Drama,18500927.36753864
Spice World,4.257516,93.0,3.7,1997.0,12.0,33.0,14.0,1000.0,401.0,199.0,261.0,0,Adventure,50906497.06299219
Doom,11.953553,105.0,5.2,2005.0,10.0,237.0,43.0,12000.0,585.0,452.0,814.0,0,Adventure,95338249.84792624
Unfriended,10.07817,82.0,5.6,2015.0,4.0,270.0,6.0,707.0,305.0,142.0,309.0,13000,Horror,1309299.489137911
"4 luni, 3 săptămîni și 2 zile",9.990406,113.0,7.9,2007.0,8.0,233.0,163.0,131.0,60.0,27.0,172.0,14000,Drama,1275941.3220765668
Dope,7.948581,103.0,7.2,2015.0,6.0,180.0,44.0,637.0,256.0,190.0,89.0,23000,Crime,916509.9423965373
Cloud Atlas,13.494246,172.0,7.4,2012.0,10.0,511.0,670.0,15000.0,5000.0,1000.0,828.0,124000,Drama,137866199.59404
Red Planet,8.534176,106.0,5.7,2000.0,11.0,145.0,14.0,2.0,0.0,0.0,348.0,995,Thriller,144170035.84320578
Halloween: Resurrection,8.502529,94.0,3.9,2002.0,7.0,151.0,28.0,2000.0,864.0,731.0,614.0,0,Horror,23427631.662020937
Legion,13.795875,100.0,5.3,2010.0,1.0,226.0,124.0,2000.0,850.0,534.0,315.0,0,Horror,37001853.73507729
22 Jump Street,10.901496,112.0,7.0,2014.0,6.0,330.0,97.0,17000.0,920.0,584.0,322.0,24000,Crime,65542630.76480133
The Dilemma,7.513067,111.0,5.3,2011.0,1.0,185.0,2000.0,17000.0,1000.0,244.0,141.0,0,Comedy,96572049.42201675
Top Five,7.355355,102.0,6.4,2014.0,12.0,161.0,0.0,3000.0,966.0,555.0,93.0,0,Drama,20973642.524736423
Killers,6.540621,100.0,5.5,2010.0,6.0,140.0,126.0,19000.0,1000.0,925.0,120.0,0,Action,106736114.65887654
Nim's Island,7.558125,96.0,6.0,2008.0,4.0,139.0,3.0,18000.0,82.0,35.0,110.0,0,Adventure,53329782.7494415
Starship Troopers,14.412644,129.0,7.3,1997.0,11.0,192.0,719.0,660.0,475.0,423.0,1049.0,0,Adventure,213807284.4645668
Mission: Impossible - Ghost Protocol,14.25843,133.0,7.4,2011.0,12.0,432.0,663.0,10000.0,10000.0,690.0,512.0,35000,Action,200042101.30274785
This Means War,12.366641,103.0,6.3,2012.0,2.0,241.0,368.0,27000.0,1000.0,520.0,238.0,18000,Action,87855911.86875072
Shalako,6.229674,113.0,5.6,2068.0,11.0,10.0,74.0,984.0,423.0,387.0,41.0,209,Western,1455000.9999999988
Stargate: The Ark of Truth,9.218164,97.0,7.2,2008.0,3.0,18.0,49.0,878.0,847.0,687.0,42.0,389,Adventure,10089419.168813266
La Bamba,6.476534,108.0,7.0,1987.0,7.0,18.0,7.0,699.0,63.0,51.0,63.0,0,Drama,18746460.107806716
Lo imposible,10.027434,113.0,7.5,2012.0,9.0,371.0,171.0,6000.0,382.0,284.0,322.0,54000,Thriller,56768435.715192996
Dick,3.960622,94.0,6.2,1999.0,8.0,81.0,26.0,16000.0,8000.0,4000.0,210.0,0,Comedy,23427631.662020937
The Last Dragon,6.830599,108.0,6.8,1985.0,3.0,55.0,78.0,854.0,841.0,619.0,109.0,0,Action,28840707.319702614
Tammy,7.359522,97.0,4.9,2014.0,7.0,148.0,265.0,989.0,830.0,265.0,144.0,11000,Comedy,26217052.905920498
Paul Blart: Mall Cop 2,17.02038,94.0,4.5,2015.0,4.0,76.0,99.0,598.0,557.0,377.0,123.0,8000,Action,49753343.58724054
Pay It Forward,10.479723,122.0,7.2,2000.0,10.0,157.0,75.0,18000.0,3000.0,754.0,660.0,16000,Drama,72085018.42160277
The Tree of Life,11.204539,139.0,6.8,2011.0,5.0,584.0,0.0,11000.0,1000.0,687.0,975.0,39000,Drama,44147223.13577901
The Whole Nine Yards,12.061521,98.0,6.7,2000.0,2.0,129.0,36.0,13000.0,2000.0,900.0,318.0,0,Comedy,74427781.48780538
Lights Out,11.494907,81.0,6.3,2016.0,7.0,159.0,26.0,2000.0,509.0,300.0,95.0,0,Horror,6335638.710566771
Pocahontas,13.280069,81.0,6.7,1995.0,6.0,92.0,12.0,23000.0,2000.0,752.0,216.0,0,Adventure,111994292.33858272
The New World,7.694502,135.0,6.7,2005.0,12.0,222.0,0.0,23000.0,909.0,855.0,671.0,0,Drama,47669125.42396312
Warrior,13.121626,140.0,8.1,2011.0,9.0,317.0,149.0,27000.0,798.0,581.0,514.0,77000,Action,34490018.293577336
Pet Sematary,8.365761,103.0,6.5,1989.0,4.0,98.0,52.0,969.0,886.0,426.0,248.0,0,Drama,27304890.05891353
Subway,8.066663,104.0,6.5,1985.0,4.0,30.0,0.0,1000.0,572.0,164.0,45.0,739,Action,5768142.263940516
What Dreams May Come,11.218378,113.0,7.0,1998.0,10.0,121.0,25.0,49000.0,448.0,129.0,619.0,32000,Drama,153180663.02090597
Takers,7.000421,107.0,6.2,2010.0,8.0,119.0,34.0,23000.0,4000.0,1000.0,132.0,0,Action,45540742.82778731
The Little Vampire,9.41834,95.0,5.8,2000.0,10.0,38.0,34.0,554.0,439.0,368.0,38.0,0,Family,39646760.581881516
Fireproof,5.329195,122.0,6.5,2008.0,9.0,50.0,589.0,848.0,153.0,150.0,215.0,0,Drama,720673.7263438042
The Muppet Movie,6.769866,97.0,7.6,1979.0,5.0,63.0,21.0,1000.0,985.0,842.0,92.0,0,Adventure,60257476.72815544
Nurse 3-D,5.192042,99.0,4.5,2013.0,9.0,129.0,36.0,1000.0,948.0,899.0,75.0,0,Horror,14.321170859858263
The Young Victoria,8.437587,105.0,7.2,2009.0,3.0,188.0,212.0,2000.0,1000.0,919.0,100.0,0,Drama,50627212.15704991
Take the Lead,5.364459,108.0,6.6,2006.0,3.0,101.0,3.0,1000.0,712.0,439.0,127.0,0,Music,46179465.285714254
Drop Dead Gorgeous,6.396767,98.0,6.7,1999.0,7.0,77.0,31.0,4000.0,980.0,551.0,321.0,0,Comedy,18021255.355400726
Virgin Territory,6.100498,93.0,4.7,2007.0,12.0,21.0,2.0,4000.0,476.0,217.0,28.0,366,Adventure,56874093.079752274
Max Keeble's Big Move,2.828884,86.0,5.4,2001.0,10.0,37.0,25.0,833.0,626.0,611.0,69.0,371,Comedy,21625506.226480868
The Scorpion King,9.488117,92.0,5.5,2002.0,4.0,167.0,55.0,12000.0,1000.0,416.0,432.0,0,Action,108127527.13240407
The Thirteenth Floor,9.356587,100.0,7.0,1999.0,4.0,111.0,9.0,599.0,380.0,363.0,302.0,0,Thriller,28834007.968641106
The Sweetest Thing,8.889064,84.0,5.2,2002.0,4.0,99.0,16.0,44.0,28.0,16.0,403.0,0,Romance,77491394.72822295
Ben-Hur,11.51021,125.0,5.7,2016.0,8.0,1.0,335.0,11000.0,745.0,635.0,1.0,0,Adventure,129298729.78707722
Ben-Hur,11.51021,125.0,5.7,2016.0,8.0,1.0,335.0,11000.0,744.0,635.0,1.0,0,Adventure,129298729.78707722
Ben-Hur,11.51021,125.0,5.7,2016.0,8.0,1.0,335.0,11000.0,744.0,635.0,1.0,0,Adventure,129298729.78707722
Ben-Hur,11.51021,125.0,5.7,2016.0,8.0,1.0,335.0,11000.0,745.0,635.0,1.0,0,Adventure,129298729.78707722
Ben-Hur,11.51021,125.0,5.7,2016.0,8.0,1.0,335.0,11000.0,744.0,635.0,1.0,0,Adventure,129298729.78707722
Ben-Hur,11.51021,125.0,5.7,2016.0,8.0,1.0,335.0,11000.0,744.0,635.0,1.0,0,Adventure,129298729.78707722
Ben-Hur,11.51021,125.0,5.7,2016.0,8.0,1.0,335.0,11000.0,745.0,635.0,1.0,0,Adventure,129298729.78707722
Ben-Hur,11.51021,125.0,5.7,2016.0,8.0,1.0,335.0,11000.0,744.0,635.0,1.0,0,Adventure,129298729.78707722
Ben-Hur,11.51021,125.0,5.7,2016.0,8.0,1.0,335.0,11000.0,744.0,635.0,1.0,0,Adventure,129298729.78707722
There Goes My Baby,0.377787,99.0,6.3,1994.0,9.0,5.0,11.0,665.0,446.0,327.0,31.0,119,Drama,21380729.346456703
Mean Creek,12.428269,90.0,7.1,2004.0,1.0,126.0,9.0,710.0,634.0,595.0,154.0,1000,Crime,794486.4070660541
Cats Don't Dance,3.406836,75.0,6.9,1997.0,3.0,18.0,10.0,3000.0,2000.0,826.0,49.0,643,Animation,65160315.96062989
The Last House on the Left,13.634766,110.0,6.5,2009.0,3.0,241.0,29.0,956.0,878.0,616.0,279.0,0,Crime,21697377.210164253
The Last House on the Left,13.634766,110.0,6.5,2009.0,3.0,241.0,29.0,956.0,878.0,616.0,279.0,0,Crime,21697377.210164253
The Last House on the Left,13.634766,110.0,6.5,2009.0,3.0,241.0,29.0,956.0,878.0,616.0,279.0,0,Crime,21697377.210164253
The Last House on the Left,13.634766,110.0,6.5,2009.0,3.0,241.0,29.0,956.0,878.0,616.0,279.0,0,Crime,21697377.210164253
The Producers,5.037224,134.0,6.4,2005.0,12.0,168.0,38.0,11000.0,8000.0,2000.0,409.0,0,Comedy,71503687.63594463
Kill List,15.014569,95.0,6.4,2011.0,9.0,255.0,214.0,513.0,257.0,246.0,209.0,0,Horror,689801.3458715492
The Piano,7.436758,121.0,7.5,1993.0,5.0,83.0,319.0,1000.0,18.0,11.0,241.0,0,Drama,14253819.897637784
Paul,10.24382,104.0,6.9,2011.0,2.0,342.0,99.0,176.0,61.0,57.0,334.0,42000,Adventure,55184028.66972372
Spectre,24.926577,148.0,6.8,2015.0,10.0,602.0,0.0,11000.0,393.0,161.0,994.0,85000,Action,198616140.77980995
Atlantis: The Lost Empire,10.901602,95.0,6.9,2001.0,6.0,146.0,21.0,12000.0,802.0,503.0,289.0,0,Animation,216255053.26480854
The Incredibles,22.220214,115.0,8.0,2004.0,11.0,283.0,663.0,1000.0,723.0,55.0,815.0,0,Action,146185315.9001549
功夫,8.636632,99.0,7.7,2004.0,2.0,377.0,0.0,264.0,62.0,59.0,354.0,0,Action,31779417.28264206
Out of Time,10.738888,105.0,6.5,2003.0,10.0,124.0,73.0,18000.0,886.0,323.0,157.0,1000,Thriller,79448541.70660533
The Informant!,11.698089,108.0,6.5,2009.0,9.0,248.0,0.0,13000.0,734.0,690.0,175.0,0,Drama,31822819.44157423
The Island of Dr. Moreau,12.725343,96.0,4.6,1996.0,8.0,70.0,287.0,10000.0,368.0,44.0,164.0,0,Fantasy,81450394.70078787
Rambo III,11.624866,102.0,5.8,1988.0,5.0,84.0,10.0,13000.0,1000.0,349.0,171.0,2000,Action,149583306.27926537
올드보이,10.616859,120.0,8.3,2003.0,1.0,305.0,0.0,717.0,78.0,38.0,809.0,43000,Drama,4766913.442396312
Rounders,8.783454,121.0,7.3,1998.0,9.0,128.0,131.0,13000.0,940.0,599.0,290.0,0,Drama,21625506.226480868
Renaissance Man,4.985157,128.0,6.2,1994.0,6.0,12.0,545.0,783.0,754.0,353.0,61.0,680,Comedy,81450394.70078787
The Hours,14.686487,114.0,7.5,2002.0,12.0,174.0,335.0,11000.0,577.0,530.0,660.0,0,Drama,45053136.88850172
Compliance,7.563444,90.0,6.4,2012.0,8.0,286.0,25.0,601.0,260.0,235.0,175.0,0,Drama,21626071.367692504
The Musketeer,4.260945,104.0,4.8,2001.0,9.0,107.0,0.0,964.0,931.0,327.0,291.0,299,Action,72085018.42160277
Chocolat,8.9256,121.0,7.2,2000.0,12.0,152.0,529.0,541.0,399.0,163.0,498.0,18000,Comedy,45053136.88850172
Saw 3D,16.626655,90.0,5.5,2010.0,10.0,178.0,52.0,723.0,346.0,298.0,279.0,12000,Horror,28462964.64236707
Burn,0.466236,86.0,7.4,2012.0,11.0,22.0,15.0,2.0,0.0,0.0,6.0,801,Foreign,304117.61454567563
The Fourth Kind,13.751992,98.0,5.9,2009.0,11.0,183.0,58.0,14000.0,537.0,242.0,330.0,15000,Mystery,14464918.473442823
Avengers: Age of Ultron,37.37942,141.0,7.3,2015.0,4.0,635.0,0.0,26000.0,21000.0,19000.0,1117.0,118000,Action,198616140.77980995
Child 44,17.608346,137.0,6.4,2015.0,3.0,172.0,79.0,27000.0,254.0,194.0,185.0,18000,Crime,65464925.45689547
The Siege,9.019114,116.0,6.4,1998.0,11.0,120.0,380.0,18000.0,13000.0,774.0,281.0,0,Drama,126148781.48780474
Hackers,14.810519,107.0,6.2,1995.0,9.0,79.0,34.0,11000.0,922.0,472.0,223.0,12000,Action,40725197.850393705
The Phantom,8.079541,100.0,5.1,1996.0,6.0,60.0,23.0,1000.0,642.0,579.0,148.0,0,Adventure,91631693.91338573
The Longest Yard,7.349843,113.0,6.4,2005.0,5.0,134.0,88.0,11000.0,437.0,421.0,316.0,0,Comedy,130295607.75883265
Cellular,5.918816,94.0,6.5,2004.0,9.0,127.0,160.0,550.0,216.0,167.0,355.0,2000,Action,39724271.3533026
Out of Sight,7.349812,123.0,7.0,1998.0,6.0,158.0,0.0,3000.0,745.0,23.0,307.0,0,Romance,86502021.90592365
John Q,8.867562,116.0,7.1,2002.0,2.0,129.0,415.0,18000.0,669.0,644.0,394.0,0,Drama,64876516.67944243
The Book of Eli,14.39853,118.0,6.8,2010.0,1.0,325.0,117.0,18000.0,15000.0,10000.0,560.0,20000,Action,113851855.56946848
Music and Lyrics,7.196688,96.0,6.5,2007.0,2.0,175.0,30.0,799.0,690.0,664.0,291.0,0,Comedy,59867466.34710763
Let's Go to Prison,3.856827,84.0,5.9,2006.0,11.0,46.0,0.0,812.0,466.0,242.0,58.0,931,Comedy,6157262.904761906
Windtalkers,7.455875,134.0,6.1,2002.0,6.0,152.0,610.0,12000.0,836.0,617.0,454.0,0,Drama,207244426.0871084
Ted 2,42.061481,115.0,6.3,2015.0,6.0,280.0,3000.0,14000.0,11000.0,3000.0,229.0,30000,Comedy,89032298.26137789
The DUFF,8.592449,100.0,6.4,2015.0,2.0,132.0,17.0,35000.0,966.0,429.0,116.0,8000,Romance,11129038.157672243
The Visual Bible: The Gospel of John,1.551648,125.0,7.8,2003.0,9.0,25.0,10.0,866.0,147.0,109.0,74.0,0,Drama,15889709.141321052
The Misfits,5.317544,124.0,7.2,2061.0,1.0,70.0,1000.0,862.0,403.0,268.0,121.0,0,Drama,4000001.0000000005
Wall Street: Money Never Sleeps,9.819864,133.0,6.2,2010.0,9.0,297.0,0.0,903.0,592.0,17.0,245.0,13000,Drama,99620373.74828473
Harry Potter and the Chamber of Secrets,29.741452,161.0,7.4,2002.0,11.0,232.0,0.0,11000.0,10000.0,9000.0,858.0,0,Adventure,180212544.5540067
The Crocodile Hunter: Collision Course,3.148745,90.0,5.4,2002.0,7.0,61.0,0.0,477.0,238.0,234.0,106.0,332,Family,28834007.968641106
El Mariachi,9.972591,81.0,6.8,1992.0,9.0,56.0,0.0,121.0,20.0,6.0,130.0,0,Action,522355.39938791137
Showdown in Little Tokyo,11.521011,79.0,6.1,1991.0,8.0,45.0,73.0,1000.0,1000.0,112.0,102.0,0,Action,18994706.432287674
Sky High,8.061423,100.0,6.3,2005.0,7.0,127.0,31.0,947.0,742.0,591.0,217.0,0,Adventure,55613979.49462375
Pain & Gain,9.218002,130.0,6.4,2013.0,4.0,335.0,0.0,12000.0,412.0,385.0,287.0,43000,Thriller,33302928.14964563
Tadpole,9.203416,78.0,6.2,2002.0,11.0,91.0,56.0,376.0,346.0,184.0,101.0,132,Comedy,270319.8153310102
Strange Wilderness,5.024661,87.0,5.2,2008.0,2.0,58.0,29.0,1000.0,794.0,522.0,120.0,847,Comedy,23061528.24300176
Friday the 13th Part 2,8.710824,87.0,6.1,1981.0,5.0,242.0,49.0,309.0,121.0,59.0,394.0,0,Horror,4707616.291262132
Conan the Destroyer,10.151366,103.0,5.9,1984.0,6.0,77.0,130.0,691.0,476.0,406.0,109.0,2000,Adventure,51913272.375464626
Kids,4.877872,91.0,7.0,1995.0,7.0,71.0,184.0,3000.0,202.0,82.0,408.0,0,Drama,3054390.763779535
The Queen,7.904371,103.0,7.3,2006.0,9.0,280.0,350.0,326.0,48.0,39.0,421.0,0,Drama,23089733.14285716
Scrooged,11.465634,101.0,6.9,1988.0,11.0,88.0,503.0,13000.0,1000.0,1000.0,159.0,11000,Fantasy,37989411.86457537
Something's Gotta Give,8.524847,128.0,6.7,2003.0,12.0,145.0,278.0,18000.0,4000.0,343.0,402.0,0,Drama,127117666.13056847
Our Family Wedding,8.204894,103.0,5.1,2010.0,3.0,71.0,44.0,953.0,849.0,625.0,20.0,1000,Comedy,19924075.549656972
The Perfect Game,1.830829,118.0,6.9,2010.0,4.0,41.0,50.0,968.0,844.0,655.0,33.0,0,Drama,17789353.276479468
The Mask of Zorro,11.348096,136.0,6.8,1998.0,7.0,156.0,258.0,12000.0,174.0,94.0,318.0,0,Action,171201917.37630638
The Matador,3.867472,96.0,6.7,2005.0,5.0,191.0,47.0,3000.0,497.0,442.0,234.0,808,Action,15889709.141321052
The Mortal Instruments: City of Bones,14.336187,130.0,5.8,2013.0,8.0,212.0,91.0,5000.0,2000.0,1000.0,457.0,44000,Action,79927026.15914978
Against the Ropes,1.381022,106.0,5.3,2004.0,2.0,76.0,534.0,865.0,534.0,511.0,50.0,177,Romance,61969862.75115198
Robots,12.949715,91.0,6.4,2005.0,3.0,163.0,77.0,1000.0,311.0,208.0,269.0,0,Animation,119172812.0599079
Jersey Boys,6.447072,134.0,6.8,2014.0,6.0,249.0,16000.0,880.0,413.0,235.0,190.0,16000,Music,52434104.81184108
Cars,18.907948,117.0,7.3,2006.0,6.0,256.0,487.0,1000.0,843.0,769.0,584.0,0,Animation,184717858.142857
Gandhi,12.383755,174.11587433319053,8.0,1982.0,11.0,95.0,0.0,545.0,429.0,249.0,256.0,12000,Drama,82854030.12621365
The Cable Guy,7.586577,96.0,6.1,1996.0,6.0,72.0,0.0,2000.0,1000.0,302.0,345.0,0,Comedy,95704213.59842543
Play It to the Bone,4.347609,124.0,5.5,1999.0,12.0,73.0,41.0,512.0,481.0,197.0,59.0,153,Comedy,43251011.45296161
10th & Wolf,3.034823,107.0,6.2,2006.0,2.0,26.0,53.0,954.0,551.0,463.0,34.0,294,Action,12314524.809523813
St. Vincent,13.655752,102.0,7.2,2014.0,10.0,275.0,51.0,13000.0,6000.0,360.0,171.0,33000,Comedy,17041084.738848347
The Italian Job,13.995044,110.0,7.0,2003.0,5.0,155.0,473.0,26000.0,9000.0,82.0,497.0,0,Action,95338249.84792624
Antwone Fisher,10.944654,120.0,7.3,2002.0,12.0,121.0,18000.0,18000.0,638.0,543.0,159.0,0,Drama,22526568.94425089
Pontypool,6.407207,93.0,6.5,2009.0,3.0,178.0,49.0,413.0,98.0,57.0,142.0,0,Horror,2169738.6210164214
Extreme Measures,4.990506,118.0,6.2,1996.0,9.0,47.0,150.0,24000.0,210.0,182.0,75.0,352,Drama,77377875.015748
Amadeus,12.677592,160.0,8.4,1984.0,10.0,134.0,869.0,692.0,670.0,521.0,549.0,16000,Drama,51913272.375464626
Beneath the Planet of the Apes,12.325947,95.0,6.0,2070.0,5.0,78.0,57.0,220.0,162.0,158.0,150.0,0,Adventure,3000001.000000001
White House Down,9.920223,131.0,6.3,2013.0,6.0,339.0,776.0,17000.0,551.0,256.0,434.0,33000,Action,199817563.89787376
Bridge of Spies,13.707888,141.0,7.6,2015.0,10.0,459.0,14000.0,15000.0,535.0,423.0,355.0,55000,Thriller,52371940.56551632
The X Files: I Want to Believe,9.863584,104.0,5.9,2008.0,7.0,270.0,251.0,826.0,716.0,296.0,492.0,0,Drama,43240364.58062828
Joy Ride,10.337689,97.0,6.6,2001.0,10.0,140.0,131.0,23000.0,81.0,62.0,339.0,0,Mystery,41448886.017421566
Animal House,7.525382,109.0,7.4,1978.0,7.0,94.0,644.0,1000.0,783.0,559.0,257.0,0,Comedy,10168450.029126225
The Score,14.741992,124.0,6.8,2001.0,7.0,141.0,0.0,22000.0,10000.0,580.0,445.0,0,Action,122544530.6167249
Rock Star,10.076223,105.0,6.3,2001.0,9.0,107.0,65.0,628.0,316.0,108.0,191.0,0,Music,102721150.825784
Patriot Games,11.075674,117.0,6.8,1992.0,6.0,47.0,176.0,11000.0,530.0,308.0,137.0,0,Drama,106845219.05661826
Dinosaur,9.998415,82.0,6.4,2000.0,5.0,145.0,0.0,1000.0,558.0,388.0,241.0,0,Animation,229770994.0313588
A Mighty Heart,16.770196,100.0,6.6,2007.0,1.0,190.0,187.0,11000.0,883.0,254.0,118.0,923,Drama,23946987.138843074
Trainspotting,19.348466,93.0,8.1,1996.0,2.0,134.0,0.0,2000.0,887.0,557.0,514.0,21000,Drama,8145040.370078736
Prefontaine,2.93818,106.0,6.8,1997.0,1.0,23.0,23.0,1000.0,273.0,200.0,37.0,0,Drama,16290079.740157472
Florence Foster Jenkins,10.829116,110.0,6.8,2016.0,5.0,87.0,350.0,11000.0,183.0,83.0,32.0,0,Comedy,37496632.3482523
Exorcist: The Beginning,13.02369,114.0,5.1,2004.0,8.0,167.0,212.0,613.0,422.0,394.0,308.0,893,Horror,127117666.13056847
The Bad Lieutenant: Port of Call - New Orleans,8.405395,122.0,6.6,2009.0,9.0,280.0,0.0,12000.0,463.0,407.0,212.0,6000,Drama,36162294.68360703
Paranormal Activity 4,6.188286,95.0,4.7,2012.0,10.0,248.0,24.0,235.0,119.0,113.0,247.0,26000,Horror,6758147.989903912
Die Another Day,12.996474,133.0,6.1,2002.0,11.0,264.0,93.0,769.0,766.0,746.0,1185.0,0,Adventure,252297561.9756098
Team America: World Police,11.428941,98.0,7.2,2004.0,10.0,233.0,406.0,860.0,523.0,406.0,700.0,0,Music,50847067.052227296
The Princess Bride,15.15267,98.0,8.0,1987.0,9.0,185.0,0.0,18000.0,636.0,594.0,718.0,33000,Adventure,46145131.111524105
Titan A.E.,7.515631,94.0,6.6,2000.0,6.0,131.0,383.0,13000.0,1000.0,886.0,377.0,0,Animation,135159408.66550505
Random Hearts,4.140398,133.0,5.4,1999.0,10.0,96.0,521.0,11000.0,1000.0,970.0,290.0,295,Drama,115336028.87456536
Diary of a Wimpy Kid: Dog Days,10.225555,94.0,6.3,2012.0,8.0,88.0,42.0,975.0,569.0,517.0,35.0,0,Comedy,29735847.75557724
The Stepford Wives,10.81552,93.0,5.4,2004.0,6.0,169.0,0.0,11000.0,2000.0,465.0,407.0,0,Action,143007374.2718895
Prometheus,16.624854,124.0,7.0,2012.0,5.0,775.0,0.0,13000.0,9000.0,641.0,2326.0,97000,Science Fiction,175711822.73750213
Trust,7.778097,104.0,6.9,2010.0,9.0,109.0,0.0,617.0,163.0,67.0,137.0,10000,Crime,13519908.73012439
Apocalypse Now,13.5963,153.0,8.4,1979.0,8.0,261.0,0.0,11000.0,10000.0,3000.0,983.0,19000,Drama,118631906.33980589
Tom Jones,3.315827,128.0,6.4,2063.0,10.0,30.0,62.0,883.0,269.0,69.0,56.0,328,Adventure,1000000.9999999997
Freddy vs. Jason,14.015739,97.0,5.7,2003.0,8.0,273.0,31.0,918.0,782.0,662.0,885.0,3000,Horror,47669125.42396312
The Age of Adaline,10.542026,112.0,7.2,2015.0,4.0,214.0,43.0,11000.0,2000.0,1000.0,209.0,34000,Fantasy,32732463.22844776
The Way of the Gun,6.03633,119.0,6.6,2000.0,9.0,117.0,188.0,187.0,127.0,35.0,327.0,1000,Action,15318067.202090573
Alfie,10.411608,103.0,6.2,2004.0,10.0,135.0,14.0,865.0,826.0,624.0,146.0,0,Comedy,95338249.84792624
Brooklyn's Finest,12.50422,133.0,6.7,2009.0,1.0,197.0,847.0,3000.0,960.0,625.0,138.0,4000,Crime,24590360.70485276
Money Train,7.337906,103.0,5.7,1995.0,11.0,40.0,29.0,584.0,220.0,97.0,62.0,617,Action,122175591.55118129
U2 3D,0.900864,85.0,8.4,2007.0,5.0,68.0,0.0,468.0,67.0,44.0,31.0,116,Music,22450300.5051654
Porky's,12.650546,94.0,6.2,1981.0,11.0,75.0,84.0,110.0,95.0,95.0,152.0,0,Comedy,15064369.93203885
Les Misérables,13.52408,157.0,7.5,2012.0,12.0,488.0,0.0,20000.0,13000.0,11000.0,845.0,144000,Drama,82449394.27682796
Spawn,11.366417,96.0,5.2,1997.0,7.0,70.0,20.0,2000.0,2000.0,968.0,209.0,0,Action,81450394.70078787
The Hustler,9.333533,134.0,7.9,2061.0,9.0,100.0,31.0,654.0,491.0,366.0,167.0,0,Drama,2000001.0000000016
BloodRayne,6.514132,95.0,3.0,2005.0,10.0,143.0,892.0,783.0,595.0,492.0,471.0,937,Action,39724271.3533026
Gosford Park,14.101101,137.0,7.2,2001.0,11.0,187.0,500.0,1000.0,559.0,555.0,651.0,0,Drama,35682084.623693384
The Bodyguard,9.805017,129.0,6.4,1992.0,11.0,48.0,81.0,970.0,854.0,164.0,126.0,0,Thriller,59358455.47589896
Alone in the Dark,5.871243,96.0,2.4,2005.0,1.0,148.0,892.0,310.0,294.0,81.0,521.0,1000,Action,31779417.28264206
Aliens in the Attic,11.618472,86.0,5.4,2009.0,7.0,82.0,13.0,1000.0,701.0,553.0,55.0,916,Adventure,65092129.63049264
Drowning Mona,4.372616,96.0,5.7,2000.0,3.0,84.0,22.0,8000.0,2000.0,324.0,148.0,492,Comedy,28834007.968641106
Angel Eyes,5.3962,102.0,5.7,2001.0,5.0,106.0,43.0,308.0,285.0,280.0,180.0,689,Drama,95512649.08362387
Velvet Goldmine,16.5293,119.0,6.9,1998.0,10.0,103.0,162.0,23000.0,776.0,277.0,314.0,0,Drama,28834007.968641106
The Back-Up Plan,6.629999,106.0,5.3,2010.0,4.0,148.0,16.0,1000.0,700.0,584.0,97.0,0,Comedy,49810187.374142446
S.W.A.T.,13.334952,117.0,6.1,2003.0,8.0,144.0,69.0,10000.0,1000.0,1000.0,340.0,0,Action,127117666.13056847
Paparazzi,12.553403,84.0,5.7,2004.0,9.0,77.0,2.0,787.0,555.0,472.0,138.0,269,Action,31779417.28264206
Save the Last Dance,4.794088,112.0,6.2,2001.0,1.0,101.0,49.0,656.0,363.0,237.0,320.0,0,Drama,23427631.662020937
The Terminal,14.092373,128.0,7.4,2004.0,6.0,151.0,14000.0,15000.0,466.0,232.0,596.0,16000,Comedy,95338249.84792624
The Long Kiss Goodnight,14.482345,120.0,6.8,1996.0,10.0,94.0,212.0,394.0,380.0,263.0,285.0,4000,Crime,132356890.76377936
Along Came Polly,15.725542,90.0,6.0,2004.0,1.0,108.0,29.0,22000.0,923.0,650.0,268.0,0,Comedy,66736775.19354824
Abduction,10.512109,106.0,5.1,2011.0,9.0,180.0,309.0,327.0,73.0,63.0,173.0,13000,Thriller,48286025.21100829
Incendies,8.596012,130.0,8.3,2010.0,9.0,226.0,777.0,131.0,66.0,58.0,156.0,37000,Drama,9677408.638404815
Inside Deep Throat,3.21768,92.0,6.7,2005.0,2.0,123.0,13.0,373.0,334.0,218.0,64.0,592,History,3177942.6282642023
Drei,4.898882,119.0,6.7,2010.0,12.0,76.0,670.0,24.0,20.0,9.0,18.0,2000,Romance,24193520.09601201
The Tigger Movie,7.023414,77.0,6.3,2000.0,2.0,89.0,25.0,304.0,253.0,16.0,53.0,347,Animation,54063764.06620214
Becoming Jane,7.829737,120.0,7.0,2007.0,3.0,150.0,11.0,11000.0,838.0,281.0,151.0,0,Drama,24695330.455681898
Toy Story 2,17.547693,92.0,7.9,1999.0,10.0,191.0,487.0,15000.0,1000.0,967.0,515.0,0,Animation,162191290.1986062
Raising Victor Vargas,1.178723,88.0,7.2,2002.0,5.0,59.0,6.0,302.0,270.0,68.0,135.0,219,Drama,1441701.3484320529
The Brothers Bloom,7.973126,114.0,6.7,2008.0,9.0,182.0,0.0,975.0,877.0,446.0,105.0,0,Adventure,28826910.053752203
Hot Tub Time Machine,11.967652,101.0,6.4,2010.0,3.0,265.0,38.0,496.0,390.0,318.0,243.0,12000,Science Fiction,51233335.556260854
Transcendence,9.730176,119.0,6.2,2014.0,4.0,355.0,0.0,40000.0,11000.0,968.0,462.0,37000,Thriller,131085260.52960263
All That Jazz,5.632325,123.0,7.8,1979.0,12.0,84.0,189.0,813.0,388.0,87.0,146.0,0,Drama,64023568.96116502
Titanic,26.88907,170.79708358548532,7.9,1997.0,11.0,315.0,0.0,29000.0,14000.0,794.0,2528.0,26000,Drama,308763423.9065714
Very Bad Things,10.432293,100.0,6.3,1998.0,9.0,100.0,532.0,4000.0,796.0,711.0,481.0,0,Comedy,54063764.06620214
My Best Friend's Girl,14.114136,101.0,5.8,2008.0,9.0,80.0,41.0,1000.0,500.0,490.0,100.0,0,Romance,28826910.053752203
Suspect Zero,7.550891,99.0,5.8,2004.0,8.0,101.0,54.0,748.0,489.0,398.0,139.0,817,Crime,42902212.98156687
Cape Fear,10.302735,128.0,7.3,1991.0,11.0,120.0,17000.0,22000.0,1000.0,387.0,261.0,0,Crime,83101837.26625864
American Outlaws,10.855383,94.0,5.9,2001.0,8.0,44.0,10.0,694.0,605.0,141.0,162.0,433,Action,63074391.24390255
Shortbus,11.547748,101.0,6.4,2006.0,5.0,160.0,263.0,71.0,51.0,37.0,206.0,0,Romance,3078631.952380954
Rang De Basanti,4.102052,157.0,8.1,2006.0,1.0,33.0,85.0,397.0,227.0,199.0,321.0,0,Drama,3386495.0476190466
I Married a Strange Person!,0.817002,72.0,6.9,1998.0,8.0,19.0,45.0,5.0,2.0,0.0,21.0,178,Drama,451.5313588850173
Ayurveda: Art of Being,0.113042,101.0,7.5,2001.0,9.0,15.0,95.0,7152.338015535263,5269.676349654863,2881.340809802218,12.0,379,Documentary,540638.6306620208
Obvious Child,6.480574,83.0,6.7,2014.0,6.0,155.0,9.0,612.0,457.0,313.0,73.0,0,Comedy,22284495.120032437
Honey,11.863954,94.0,5.3,2003.0,11.0,97.0,23.0,2000.0,1000.0,582.0,144.0,0,Romance,28601475.65437784
The Boy,17.028854,97.0,6.0,2016.0,1.0,159.0,19.0,4000.0,334.0,130.0,155.0,20000,Horror,12929873.878707683
Ernest et Célestine,7.225779,78.0,7.8,2012.0,12.0,99.0,2.0,6000.0,637.0,186.0,32.0,0,Animation,16917878.51075378
Young Adult,6.142913,94.0,6.3,2011.0,12.0,325.0,655.0,9000.0,786.0,390.0,203.0,0,Comedy,16555209.300917167
Barbecue,4.707275,98.0,6.1,2014.0,4.0,17.0,0.0,186.0,41.0,5.0,1.0,348,Comedy,7865116.571776163
Captain America: The First Avenger,19.323582,124.0,6.9,2011.0,7.0,510.0,394.0,11000.0,3000.0,2000.0,679.0,46000,Action,193144097.84403282
Running Scared,7.435544,122.0,7.3,2006.0,1.0,157.0,47.0,23000.0,979.0,834.0,419.0,0,Action,26168364.095238116
Boat Trip,6.515316,94.0,4.9,2002.0,10.0,63.0,2.0,890.0,852.0,461.0,132.0,1000,Comedy,36042509.71080134
The Age of Innocence,8.013617,139.0,7.2,1993.0,9.0,56.0,17000.0,554.0,382.0,94.0,150.0,0,Drama,69232835.64566936
Jade,11.418917,95.0,5.3,1995.0,10.0,50.0,607.0,2000.0,979.0,602.0,70.0,422,Action,101812993.12598431
Robin Hood,10.56812,140.0,6.6,2010.0,5.0,343.0,0.0,891.0,882.0,738.0,546.0,17000,Action,215795694.08325154
The Negotiator,7.65502,140.0,7.3,1998.0,7.0,68.0,473.0,18000.0,822.0,294.0,279.0,3000,Action,90106272.77700396
White Fang,12.318052,107.0,6.7,1991.0,1.0,10.0,116.0,327.0,172.0,25.0,31.0,0,Action,33240735.5065035
Salton Sea,12.106615,103.0,7.0,2002.0,1.0,79.0,154.0,1000.0,783.0,576.0,180.0,2000,Crime,32438258.839721214
天將雄師,5.462048,127.0,5.9,2015.0,2.0,68.0,10.0,21.0,18.0,7.0,86.0,0,Action,85104402.7939644
What's Your Number?,6.958086,106.0,6.0,2011.0,9.0,151.0,20.0,11000.0,904.0,783.0,91.0,0,Comedy,27592014.834861893
Wayne's World,10.180776,94.0,7.0,1992.0,2.0,61.0,122.0,1000.0,619.0,617.0,176.0,0,Music,47486764.580719195
Rango,10.581925,107.0,7.3,2011.0,3.0,362.0,563.0,40000.0,1000.0,939.0,337.0,26000,Animation,186246094.38531816
Inception,29.108149,148.0,8.8,2010.0,7.0,642.0,22000.0,29000.0,27000.0,23000.0,2803.0,175000,Action,215795694.08325154
The Perks of Being a Wallflower,12.775679,102.0,7.9,2012.0,9.0,364.0,139.0,8000.0,3000.0,850.0,457.0,131000,Drama,17571183.17375021
xXx: State of the Union,19.144611,101.0,4.5,2005.0,4.0,77.0,93.0,287.0,233.0,218.0,213.0,0,Action,95338249.84792624
Aliens vs Predator: Requiem,10.793324,94.0,4.6,2007.0,12.0,211.0,25.0,1000.0,741.0,473.0,998.0,0,Fantasy,59867466.34710763
Ice Princess,9.313354,98.0,6.1,2005.0,3.0,67.0,3.0,90.0,89.0,28.0,81.0,901,Drama,39724271.3533026
Garfield,10.003679,80.0,5.1,2004.0,6.0,116.0,12.0,13000.0,258.0,58.0,232.0,795,Animation,79448541.70660533
The Conversation,13.245638,113.0,7.7,2074.0,4.0,149.0,0.0,11000.0,481.0,324.0,313.0,6000,Crime,1600001.000000004
Sorority Row,5.010852,101.0,5.2,2009.0,9.0,167.0,10.0,1000.0,668.0,472.0,126.0,0,Horror,18081147.84180354
Ong Bak 2,8.553506,98.0,6.2,2008.0,12.0,110.0,0.0,64.0,45.0,7.0,72.0,0,Adventure,12251437.34784466
Extremely Loud & Incredibly Close,7.82605,129.0,6.9,2011.0,12.0,283.0,335.0,15000.0,467.0,64.0,341.0,39000,Drama,55184028.66972372
American Splendor,7.05435,101.0,7.4,2003.0,8.0,180.0,30.0,14000.0,119.0,92.0,226.0,0,Comedy,27012504.840245746
Shark Tale,17.999273,90.0,6.0,2004.0,9.0,143.0,10.0,22000.0,17000.0,11000.0,288.0,0,Animation,119172812.0599079
"Me, Myself & Irene",9.95456,116.0,6.6,2000.0,6.0,155.0,101.0,889.0,624.0,79.0,481.0,0,Comedy,91908398.21254377
Little Children,7.311148,136.0,7.5,2006.0,10.0,251.0,143.0,14000.0,617.0,280.0,320.0,5000,Romance,40022203.3809524
Bathing Beauty,0.789574,101.0,6.4,2044.0,7.0,8.0,24.0,675.0,659.0,226.0,28.0,144,Comedy,2361000.999999999
Spider-Man 3,27.614265,139.0,6.3,2007.0,5.0,392.0,0.0,24000.0,11000.0,4000.0,1902.0,0,Fantasy,226946522.45229396
Spider-Man 3,27.614265,139.0,6.3,2007.0,5.0,392.0,0.0,24000.0,11000.0,4000.0,1902.0,0,Fantasy,226946522.45229396
Spider-Man 3,27.614265,139.0,6.3,2007.0,5.0,392.0,0.0,24000.0,11000.0,4000.0,1902.0,0,Fantasy,226946522.45229396
Spider-Man 3,27.614265,139.0,6.3,2007.0,5.0,392.0,0.0,24000.0,11000.0,4000.0,1902.0,0,Fantasy,226946522.45229396
The Rainmaker,6.683398,135.0,7.2,1997.0,11.0,91.0,0.0,13000.0,936.0,913.0,141.0,0,Drama,81450394.70078787
Vertical Limit,6.548229,124.0,6.0,2000.0,12.0,134.0,258.0,867.0,826.0,748.0,379.0,0,Action,135159408.66550505
Message in a Bottle,5.101392,131.0,6.3,1999.0,2.0,85.0,43.0,18000.0,652.0,362.0,223.0,0,Romance,144170035.84320578
We Own the Night,7.572144,117.0,6.8,2007.0,5.0,222.0,115.0,3000.0,327.0,97.0,199.0,0,Drama,31430420.307231538
The Incredible Hulk,19.125537,114.0,6.6,2008.0,6.0,354.0,255.0,3000.0,1000.0,882.0,643.0,0,Science Fiction,216201818.90314108
Y tu mamá también,13.962548,106.0,7.7,2001.0,6.0,173.0,0.0,269.0,43.0,19.0,385.0,0,Drama,9010628.177700365
Madea's Family Reunion,4.304175,110.0,5.3,2006.0,2.0,46.0,0.0,1000.0,907.0,685.0,137.0,676,Drama,9235893.857142873
"I, Robot",14.43075,115.0,7.1,2004.0,7.0,225.0,295.0,10000.0,981.0,466.0,789.0,0,Action,190676498.6958523
Metropolis,14.487867,153.0,8.3,2027.0,1.0,260.0,756.0,136.0,23.0,18.0,413.0,12000,Drama,92620000.99999952
Buffalo '66,9.167761,110.0,7.4,1998.0,1.0,106.0,787.0,1000.0,787.0,642.0,318.0,0,Romance,2703189.153310101
12 Angry Men,16.503959,96.0,9.0,2057.0,3.0,177.0,0.0,359.0,259.0,253.0,888.0,40000,Drama,350000.9999999997
Endless Love,8.757277,103.0,6.2,2014.0,2.0,98.0,19.0,15000.0,989.0,942.0,76.0,0,Drama,26217052.905920498
Walking With Dinosaurs,8.883866,87.0,5.2,2013.0,12.0,113.0,43.0,882.0,396.0,210.0,66.0,0,Animation,106569367.87886603
Predator,18.495694,107.0,7.8,1987.0,6.0,217.0,323.0,1000.0,1000.0,794.0,629.0,13000,Science Fiction,51913272.375464626
Hitch,13.35076,118.0,6.6,2005.0,2.0,171.0,72.0,10000.0,975.0,681.0,372.0,0,Comedy,111227957.98924713
Crazy Heart,9.347931,112.0,7.2,2009.0,12.0,273.0,108.0,12000.0,628.0,175.0,226.0,0,Drama,10125443.23140997
Street Fighter: The Legend of Chun-Li,6.660188,97.0,3.7,2009.0,2.0,103.0,43.0,841.0,342.0,77.0,179.0,0,Action,72324588.36721408
Under Siege 2: Dark Territory,7.490247,100.0,5.6,1995.0,7.0,47.0,14.0,789.0,520.0,488.0,126.0,1000,Action,122175591.55118129
Under the Skin,6.707974,108.0,6.3,2014.0,3.0,454.0,143.0,19000.0,50.0,21.0,616.0,29000,Thriller,17434340.517437123
City Island,7.016044,104.0,7.3,2009.0,3.0,149.0,20.0,3000.0,591.0,130.0,101.0,0,Drama,8678951.484065682
A Dangerous Method,9.865944,99.0,6.4,2011.0,9.0,345.0,0.0,13000.0,10000.0,691.0,190.0,36000,Drama,20694011.37614644
Garden State,11.630809,102.0,7.4,2004.0,7.0,205.0,0.0,625.0,379.0,294.0,978.0,0,Comedy,3972428.0353302625
Batman,19.10673,126.0,7.5,1989.0,6.0,186.0,13000.0,920.0,549.0,488.0,817.0,12000,Fantasy,83101837.26625864
Family Plot,4.845776,121.0,6.8,1976.0,4.0,67.0,13000.0,897.0,844.0,416.0,111.0,609,Comedy,11536283.527881054
Dumb and Dumber,9.844558,107.0,7.3,1994.0,12.0,84.0,137.0,879.0,854.0,481.0,438.0,0,Comedy,32580158.480314992
Roger & Me,4.877009,91.0,7.5,1989.0,9.0,40.0,909.0,909.0,91.0,42.0,133.0,667,Documentary,379895.1086457527
Alive,8.662287,120.0,7.1,1993.0,1.0,43.0,155.0,344.0,242.0,240.0,112.0,0,Action,65160315.96062989
El secreto de sus ojos,11.251632,129.0,8.2,2009.0,8.0,262.0,195.0,827.0,88.0,50.0,231.0,33000,Crime,2892984.494688564
The Woman in Black,8.896679,95.0,6.4,2012.0,2.0,462.0,43.0,11000.0,326.0,259.0,509.0,29000,Drama,22977700.765673336
The Naked Gun 33⅓: The Final Insult,10.587232,83.0,6.5,1994.0,3.0,43.0,88.0,3000.0,459.0,348.0,85.0,1000,Comedy,61087796.275590524
Des hommes et des dieux,4.476836,120.0,7.2,2010.0,5.0,195.0,22.0,186.0,135.0,32.0,89.0,0,Drama,5692593.728473419
Seven Pounds,21.708267,123.0,7.6,2008.0,12.0,202.0,125.0,10000.0,3000.0,835.0,599.0,26000,Drama,79274000.89781839
Jason X,7.793873,91.0,4.5,2001.0,7.0,205.0,52.0,1000.0,935.0,489.0,673.0,0,Horror,19823380.79094075
Creed,33.449723,133.0,7.6,2015.0,11.0,437.0,0.0,13000.0,597.0,531.0,362.0,70000,Drama,48444045.09810271
Jonah Hex,9.482806,80.0,4.7,2010.0,6.0,178.0,39.0,13000.0,541.0,364.0,176.0,0,Action,66887965.55956298
Submarine,7.346099,97.0,7.3,2011.0,3.0,249.0,0.0,920.0,680.0,594.0,100.0,17000,Drama,23453212.759632606
The Sum of All Fears,9.268136,124.0,6.5,2002.0,5.0,176.0,31.0,11000.0,655.0,497.0,568.0,0,Thriller,122544530.6167249
The Hunchback of Notre Dame,13.553999,91.0,7.0,1996.0,6.0,80.0,21.0,2000.0,700.0,542.0,230.0,0,Drama,203625985.25196874
They Live,11.292364,94.0,7.2,1988.0,11.0,172.0,0.0,355.0,151.0,133.0,333.0,27000,Action,9497353.716143832
The Giver,12.472206,94.0,6.4,2014.0,8.0,198.0,176.0,12000.0,11000.0,10000.0,260.0,58000,Drama,32771315.882400632
Iron Man,22.073099,126.0,7.9,2008.0,4.0,486.0,4000.0,21000.0,12000.0,4000.0,1055.0,10000,Action,201788364.37626538
Finding Neverland,15.529604,106.0,7.6,2004.0,10.0,226.0,395.0,40000.0,14000.0,2000.0,632.0,0,Drama,39724271.3533026
Hell's Angels,5.276546,127.0,7.3,2030.0,11.0,35.0,177.0,431.0,12.0,4.0,53.0,279,Action,3950001.0000000005
Los lunes al sol,2.061389,113.0,7.5,2002.0,9.0,64.0,58.0,331.0,27.0,9.0,38.0,0,Drama,7208502.742160275
Mission: Impossible II,18.97178,123.0,6.1,2000.0,5.0,237.0,610.0,10000.0,794.0,653.0,1426.0,0,Adventure,225265680.44250903
Dr. Strangelove or: How I Learned to Stop Worrying and Love the Bomb,9.80398,95.0,8.3,2064.0,1.0,192.0,0.0,654.0,575.0,277.0,839.0,18000,Drama,1800001.000000004
My Baby's Daddy,5.513522,86.0,4.5,2004.0,1.0,33.0,17.0,873.0,691.0,581.0,18.0,151,Comedy,27012504.840245746
It Happened One Night,6.465257,105.0,8.1,2034.0,2.0,124.0,964.0,380.0,114.0,21.0,235.0,0,Comedy,325000.9999999993
The Spectacular Now,8.098964,95.0,7.0,2013.0,8.0,220.0,53.0,8000.0,1000.0,478.0,178.0,10000,Comedy,3330293.714964566
The Postman,6.537407,170.79708358548532,6.1,1997.0,12.0,79.0,0.0,766.0,674.0,582.0,376.0,0,Drama,162900788.4015749
Machete Kills,9.251084,107.0,5.6,2013.0,9.0,260.0,0.0,2000.0,749.0,99.0,164.0,48000,Action,15985406.031829918
Home Fries,2.312844,93.0,5.1,1998.0,11.0,42.0,23.0,925.0,660.0,629.0,88.0,247,Drama,27031882.533101045
Another Earth,8.957372,92.0,6.9,2011.0,7.0,242.0,135.0,574.0,399.0,259.0,228.0,21000,Drama,137961.06917430976
Allegiant,18.386172,121.0,5.7,2016.0,3.0,181.0,124.0,6000.0,5000.0,943.0,144.0,12000,Adventure,142228602.66578466
L!fe Happens,10.114319,100.0,5.6,2011.0,6.0,18.0,28.0,945.0,756.0,501.0,15.0,995,Comedy,1283029.6433210787
Rapa Nui,7.180346,107.0,6.4,1994.0,9.0,9.0,58.0,699.0,533.0,324.0,25.0,399,Adventure,40725197.850393705
Concussion,7.739783,123.0,7.1,2015.0,11.0,219.0,15.0,10000.0,979.0,745.0,138.0,23000,Drama,45825448.11982692
A Bug's Life,16.869209,95.0,7.2,1998.0,11.0,117.0,487.0,18000.0,1000.0,1000.0,317.0,0,Adventure,216255053.26480854
Leaving Las Vegas,10.332025,112.0,7.5,1995.0,10.0,123.0,81.0,12000.0,898.0,687.0,286.0,0,Drama,7330536.433070868
Things We Lost in the Fire,11.446274,113.0,7.1,2007.0,9.0,146.0,369.0,1000.0,418.0,295.0,88.0,0,Drama,23946987.138843074
Apollo 18,10.711742,86.0,5.2,2011.0,7.0,228.0,17.0,520.0,270.0,205.0,323.0,0,Horror,6898004.458715478
House of Sand and Fog,9.245145,126.0,7.5,2003.0,12.0,158.0,26.0,638.0,624.0,385.0,469.0,0,Drama,26218019.433179766
Viy,5.653476,127.0,5.2,2014.0,1.0,25.0,0.0,1000.0,65.0,48.0,18.0,0,Thriller,34082168.47769672
Jackass 3D,10.997518,94.0,7.0,2010.0,10.0,156.0,79.0,608.0,362.0,218.0,81.0,0,Comedy,28462964.64236707
Cursed,8.949722,97.0,5.1,2005.0,2.0,158.0,0.0,1000.0,573.0,520.0,325.0,0,Horror,55613979.49462375
Battle of the Year,5.0739,110.0,5.0,2013.0,9.0,65.0,9.0,997.0,941.0,826.0,25.0,0,Music,26642342.719716556
Mulan,21.180857,88.0,7.7,1998.0,6.0,143.0,7.0,2000.0,500.0,484.0,222.0,12000,Animation,162191290.1986062
Captain Corelli's Mandolin,9.243715,131.0,5.9,2001.0,8.0,96.0,108.0,23000.0,243.0,58.0,220.0,0,Drama,102721150.825784
Hancock,11.017324,92.0,6.4,2008.0,7.0,318.0,532.0,10000.0,9000.0,979.0,590.0,0,Fantasy,216201818.90314108
The BFG,18.769476,120.0,6.3,2016.0,6.0,252.0,14000.0,535.0,400.0,358.0,106.0,27000,Adventure,181018221.30190766
Doctor Zhivago,8.489499,170.79708358548532,7.9,2065.0,12.0,89.0,767.0,597.0,396.0,382.0,255.0,7000,Drama,11000001.000000013
August Rush,8.874048,114.0,7.4,2007.0,11.0,148.0,59.0,49000.0,702.0,403.0,364.0,18000,Family,37417166.841942295
Adam,7.003724,99.0,7.1,2009.0,7.0,122.0,6.0,828.0,390.0,194.0,70.0,0,Drama,24590360.70485276
Brokeback Mountain,11.787044,134.0,7.7,2005.0,9.0,357.0,0.0,15000.0,13000.0,11000.0,2254.0,13000,Drama,22245592.397849444
The Right Stuff,14.902397,170.79708358548532,7.8,1983.0,10.0,80.0,133.0,2000.0,826.0,820.0,170.0,0,Drama,77869908.06319693
Sin City: A Dame to Kill For,20.623642,102.0,6.5,2014.0,8.0,339.0,436.0,23000.0,13000.0,6000.0,239.0,32000,Crime,85205419.69424161
The Greatest Show on Earth,4.011363,152.0,6.5,2052.0,1.0,44.0,309.0,232.0,178.0,132.0,107.0,625,Action,4000001.0000000005
The Specialist,10.388183,110.0,5.6,1994.0,10.0,38.0,49.0,13000.0,279.0,20.0,116.0,0,Action,91631693.91338573
Things to Do in Denver When You're Dead,4.486179,116.0,6.7,1995.0,12.0,52.0,39.0,12000.0,970.0,642.0,144.0,0,Drama,16290079.740157472
Smokin' Aces,7.906434,109.0,6.6,2006.0,12.0,186.0,248.0,16000.0,988.0,968.0,482.0,3000,Action,26168364.095238116
Paint Your Wagon,10.648872,158.0,6.6,2069.0,10.0,20.0,32.0,16000.0,756.0,417.0,106.0,0,Drama,20000001.000000015
An Inconvenient Truth,6.684925,100.0,7.4,2006.0,1.0,372.0,49.0,861.0,68.0,0.0,504.0,0,Documentary,1539316.4761904764
Unfinished Business,10.24952,91.0,5.4,2015.0,3.0,90.0,31.0,1000.0,249.0,141.0,89.0,0,Comedy,45825448.11982692
Assassins,11.065939,132.0,6.3,1995.0,10.0,61.0,503.0,45000.0,13000.0,282.0,84.0,0,Action,101812993.12598431
Funny Games,6.841586,112.0,6.5,2007.0,10.0,250.0,0.0,6000.0,294.0,287.0,436.0,0,Horror,22450300.5051654
War Horse,8.166363,146.0,7.2,2011.0,12.0,388.0,14000.0,25000.0,19000.0,979.0,488.0,28000,Drama,91053646.65504381
The Secret Life of Pets,11.01395,87.0,6.5,2016.0,6.0,165.0,11.0,1000.0,904.0,745.0,155.0,36000,Animation,96974047.59030762
Ride Along,9.895752,99.0,6.1,2014.0,1.0,146.0,167.0,655.0,521.0,460.0,109.0,0,Action,32771315.882400632
The Messenger,5.499937,113.0,7.1,2009.0,11.0,217.0,38.0,12000.0,712.0,706.0,92.0,0,Drama,9402197.357737832
Spaceballs,9.10373,96.0,7.1,1987.0,6.0,103.0,0.0,1000.0,605.0,542.0,273.0,13000,Comedy,65468404.345724925
Rio,10.403228,96.0,6.9,2011.0,4.0,240.0,107.0,11000.0,560.0,350.0,186.0,19000,Animation,124164063.25687869
The Young and Prodigious T.S. Spivet,6.839535,105.0,7.0,2013.0,10.0,122.0,0.0,716.0,648.0,223.0,28.0,5000,Adventure,43959864.83753224
Beyond the Lights,6.293515,116.0,6.8,2014.0,9.0,71.0,107.0,893.0,664.0,658.0,37.0,0,Romance,9175969.167072196
The Thin Red Line,9.783966,170.0,7.6,1998.0,12.0,156.0,0.0,648.0,568.0,463.0,1448.0,0,Drama,93710523.64808358
Mad Max Beyond Thunderdome,12.689648,107.0,6.2,1985.0,6.0,117.0,750.0,794.0,531.0,60.0,193.0,0,Action,35489998.495334595
The Collection,8.031713,94.0,6.1,2012.0,9.0,147.0,87.0,1000.0,581.0,444.0,99.0,14000,Horror,22977700.765673336
The Best Little Whorehouse in Texas,2.171346,114.0,6.1,1982.0,7.0,11.0,19.0,1000.0,883.0,842.0,48.0,0,Comedy,131813229.15534088
Southpaw,12.370126,123.0,7.3,2015.0,6.0,305.0,845.0,15000.0,1000.0,424.0,277.0,44000,Action,39278955.67413733
300,18.108408,117.0,7.6,2006.0,12.0,460.0,0.0,18000.0,13000.0,447.0,2073.0,13000,Action,100055506.95238087
Marie Antoinette,8.852557,123.0,6.5,2006.0,5.0,260.0,0.0,4000.0,887.0,826.0,619.0,0,Drama,61572620.04761901
Super,8.309635,96.0,6.7,2010.0,9.0,238.0,571.0,2000.0,973.0,370.0,203.0,19000,Comedy,3557871.4552958873
刺客聶隱娘,6.294815,105.0,6.3,2015.0,8.0,205.0,141.0,1000.0,103.0,56.0,87.0,0,Action,19639478.337068677
Географ глобус пропил,1.99353,120.0,7.3,2013.0,7.0,8.0,0.0,114.0,45.0,22.0,3.0,282,Drama,22645991.461759016
Astro Boy,13.293466,94.0,6.2,2009.0,10.0,138.0,42.0,12000.0,9000.0,668.0,77.0,0,Animation,94021964.57737835
2016: Obama's America,1.221216,87.0,4.8,2012.0,7.0,30.0,67.0,871.0,118.0,67.0,199.0,0,Documentary,3379074.494951953
New Year's Eve,6.948818,118.0,5.6,2011.0,12.0,200.0,0.0,22000.0,988.0,307.0,134.0,20000,Comedy,77257639.73761354
Æon Flux,12.201912,93.0,5.4,2005.0,11.0,178.0,45.0,9000.0,460.0,352.0,532.0,0,Action,98516191.47619054
A Night at the Roxbury,12.480685,81.0,6.2,1998.0,10.0,63.0,12.0,8000.0,357.0,281.0,239.0,0,Comedy,30636133.404181138
Donnie Darko,18.303148,113.0,8.0,2001.0,1.0,283.0,219.0,15000.0,933.0,701.0,2110.0,33000,Fantasy,10812753.613240417
The Running Man,9.389976,101.0,6.6,1987.0,11.0,120.0,343.0,581.0,571.0,384.0,226.0,0,Action,77869908.06319693
Born on the Fourth of July,13.617646,145.0,7.2,1989.0,12.0,72.0,0.0,10000.0,854.0,560.0,173.0,4000,Drama,33240735.5065035
G.I. Jane,9.37934,125.0,6.0,1997.0,8.0,97.0,0.0,10000.0,2000.0,957.0,142.0,2000,Action,101812993.12598431
Fifty Shades of Black,6.785049,92.0,3.5,2016.0,1.0,59.0,89.0,729.0,706.0,355.0,53.0,11000,Romance,25859746.757415436
The Iron Giant,15.441459,86.0,8.1,1999.0,8.0,162.0,663.0,14000.0,631.0,521.0,514.0,0,Adventure,126148781.48780474
The Boss,7.533146,91.0,5.4,2016.0,4.0,154.0,265.0,22000.0,779.0,265.0,96.0,0,Comedy,37496632.3482523
Snow Angels,5.080935,106.0,6.8,2008.0,3.0,88.0,234.0,947.0,530.0,442.0,57.0,415,Drama,24502873.695689358
Ray,10.603762,152.0,7.7,2004.0,10.0,209.0,138.0,904.0,876.0,748.0,433.0,0,Drama,63558833.565284155
An American Carol,2.151159,83.0,4.0,2008.0,10.0,45.0,119.0,885.0,816.0,633.0,205.0,797,Comedy,28826910.053752203
Man on Fire,9.635691,146.0,7.7,2004.0,4.0,171.0,12000.0,18000.0,992.0,451.0,690.0,14000,Action,111227957.98924713
The Amazing Spider-Man 2,26.23687,142.0,6.6,2014.0,4.0,495.0,464.0,15000.0,10000.0,825.0,1067.0,41000,Action,198768019.5986139
Mo' Better Blues,2.715137,129.0,6.7,1990.0,8.0,23.0,0.0,18000.0,269.0,203.0,30.0,720,Drama,23743382.79035959
We Need to Talk About Kevin,5.325574,112.0,7.4,2011.0,9.0,389.0,159.0,3000.0,294.0,77.0,301.0,38000,Drama,9657205.84220168
My Favorite Martian,12.65102,94.0,5.1,1999.0,2.0,49.0,80.0,1000.0,417.0,230.0,73.0,448,Comedy,117138154.31010474
The Fugitive,10.08937,130.0,7.8,1993.0,8.0,119.0,99.0,11000.0,1000.0,812.0,270.0,0,Adventure,89595434.07086615
"Pink Ribbons, Inc.",0.489328,97.0,7.3,2011.0,9.0,23.0,4.0,8985.88393751757,0.0,2711.323142531025,10.0,5000,Documentary,1241641.6225687864
Cinderella,19.801128,105.0,6.9,2015.0,3.0,343.0,0.0,2000.0,520.0,502.0,322.0,56000,Romance,124383357.46810146
Cinderella,19.801128,105.0,6.9,2015.0,3.0,343.0,0.0,2000.0,520.0,502.0,323.0,56000,Romance,124383357.46810146
Cinderella,19.801128,105.0,6.9,2015.0,3.0,343.0,0.0,2000.0,520.0,502.0,322.0,56000,Romance,124383357.46810146
Cinderella,19.801128,105.0,6.9,2015.0,3.0,343.0,0.0,2000.0,520.0,502.0,323.0,56000,Romance,124383357.46810146
The Boat That Rocked,8.395618,116.0,7.3,2009.0,4.0,195.0,628.0,22000.0,882.0,830.0,209.0,21000,Drama,72324588.36721408
Pulp Fiction,45.17727282093515,154.0,8.9,1994.0,9.0,215.0,16000.0,13000.0,902.0,857.0,2195.0,45000,Thriller,16290079.740157472
Solitary Man,5.829644,90.0,6.3,2009.0,9.0,116.0,34.0,966.0,681.0,506.0,60.0,0,Comedy,21697377.210164253
Cats & Dogs 2 : The Revenge of Kitty Galore,7.941637,82.0,4.4,2010.0,7.0,91.0,62.0,975.0,760.0,615.0,63.0,0,Comedy,120967596.4800605
R.I.P.D.,9.369679,96.0,5.6,2013.0,7.0,208.0,124.0,16000.0,12000.0,1000.0,210.0,20000,Fantasy,173175222.17815715
Miracle,8.248999,135.0,7.5,2004.0,2.0,129.0,149.0,639.0,617.0,250.0,289.0,0,Drama,44491183.79569892
Texas Chainsaw 3D,7.214828,92.0,4.8,2013.0,1.0,282.0,34.0,383.0,333.0,322.0,255.0,16000,Horror,26642342.719716556
Nacho Libre,12.042646,92.0,5.9,2006.0,6.0,163.0,100.0,678.0,635.0,327.0,441.0,0,Comedy,49258096.2380953
Ishtar,3.986985,107.0,4.7,1987.0,5.0,49.0,124.0,636.0,631.0,572.0,126.0,754,Action,158623885.7583642
Psycho,36.826309,109.0,8.5,2060.0,6.0,290.0,13000.0,606.0,332.0,285.0,1040.0,18000,Drama,806949.0000000012
Elf,8.754132,97.0,7.1,2003.0,10.0,152.0,4000.0,22000.0,11000.0,8000.0,395.0,21000,Comedy,50847067.052227296
Escape from Alcatraz,11.837667,111.0,7.6,1979.0,6.0,53.0,152.0,16000.0,466.0,459.0,142.0,0,Crime,30128738.86407765
Clash of the Titans,11.972347,106.0,5.8,2010.0,4.0,344.0,255.0,14000.0,1000.0,850.0,637.0,15000,Adventure,177893523.76479477
Clash of the Titans,11.972347,106.0,5.8,2010.0,4.0,344.0,255.0,14000.0,1000.0,850.0,637.0,15000,Adventure,177893523.76479477
Clash of the Titans,11.972347,106.0,5.8,2010.0,4.0,344.0,255.0,14000.0,1000.0,850.0,637.0,15000,Adventure,177893523.76479477
Clash of the Titans,11.972347,106.0,5.8,2010.0,4.0,344.0,255.0,14000.0,1000.0,850.0,637.0,15000,Adventure,177893523.76479477
House at the End of the Street,8.513457,101.0,5.5,2012.0,9.0,224.0,13.0,34000.0,924.0,261.0,160.0,10000,Horror,9326243.846067404
Ratatouille,20.50803,111.0,8.1,2007.0,6.0,318.0,663.0,1000.0,1000.0,954.0,626.0,10000,Animation,224502996.05165422
Hide and Seek,6.102059,101.0,5.9,2005.0,1.0,180.0,21.0,22000.0,812.0,317.0,450.0,0,Horror,39724271.3533026
Footloose,10.403992,107.0,6.6,1984.0,2.0,60.0,71.0,967.0,455.0,304.0,113.0,0,Drama,23649380.182156123
Footloose,10.403992,107.0,6.6,1984.0,2.0,60.0,71.0,967.0,455.0,304.0,113.0,0,Drama,23649380.182156123
Footloose,10.403992,107.0,6.6,1984.0,2.0,60.0,71.0,967.0,455.0,304.0,113.0,0,Drama,23649380.182156123
Footloose,10.403992,107.0,6.6,1984.0,2.0,60.0,71.0,967.0,455.0,304.0,113.0,0,Drama,23649380.182156123
The Huntsman: Winter's War,17.260203,114.0,6.1,2016.0,4.0,231.0,19.0,26000.0,11000.0,9000.0,134.0,16000,Action,148693539.1051384
The Angry Birds Movie,11.171927,97.0,6.3,2016.0,5.0,141.0,6.0,22000.0,1000.0,415.0,126.0,14000,Family,94388073.01456635
Winnie the Pooh,7.357682,63.0,7.1,2011.0,4.0,162.0,15.0,759.0,73.0,69.0,55.0,0,Animation,41388021.75229282
The Ninth Gate,11.316349,133.0,6.7,1999.0,8.0,172.0,2000.0,40000.0,903.0,541.0,638.0,0,Horror,68480767.55052257
The Santa Clause,9.665424,97.0,6.6,1994.0,11.0,64.0,11.0,901.0,775.0,595.0,111.0,0,Fantasy,44797717.53543301
Imagine Me & You,6.008971,93.0,6.8,2005.0,2.0,85.0,21.0,186.0,119.0,112.0,149.0,0,Drama,27012504.840245746
Never Let Me Go,8.278794,104.0,7.1,2010.0,9.0,328.0,132.0,10000.0,882.0,844.0,320.0,33000,Drama,21347223.731775355
The Shallows,13.689175,86.0,6.3,2016.0,6.0,186.0,174.0,619.0,350.0,2.0,139.0,0,Horror,21980784.893803097
Magnolia,9.091636,170.79708358548532,8.0,1999.0,12.0,224.0,0.0,786.0,625.0,272.0,1437.0,13000,Drama,66678642.11498245
Pacific Rim,33.949359,131.0,6.9,2013.0,7.0,575.0,0.0,16000.0,968.0,919.0,1106.0,83000,Action,201992410.11825585
Control,8.00969,121.0,7.6,2007.0,9.0,183.0,210.0,845.0,631.0,471.0,143.0,13000,Drama,25443673.77252073
Space Battleship Yamato,5.23198,131.0,6.0,2010.0,12.0,44.0,7.0,84.0,33.0,16.0,49.0,0,Science Fiction,17077779.185420267
Life or Something Like It,6.332398,103.0,5.8,2002.0,4.0,86.0,65.0,11000.0,944.0,311.0,128.0,835,Comedy,72085018.42160277
Office Space,12.329066,89.0,7.6,1999.0,2.0,144.0,406.0,989.0,939.0,759.0,621.0,16000,Comedy,18021255.355400726
Megamind,11.603905,95.0,7.3,2010.0,10.0,233.0,96.0,24000.0,11000.0,8000.0,187.0,13000,Animation,185009264.6753854
Left Behind,11.519053,110.0,3.1,2014.0,10.0,169.0,179.0,12000.0,1000.0,734.0,374.0,31000,Thriller,20973642.524736423
Left Behind,11.519053,110.0,3.1,2014.0,10.0,169.0,179.0,12000.0,1000.0,734.0,374.0,31000,Thriller,20973642.524736423
Left Behind,11.519053,110.0,3.1,2014.0,10.0,169.0,179.0,12000.0,1000.0,734.0,374.0,31000,Thriller,20973642.524736423
Left Behind,11.519053,110.0,3.1,2014.0,10.0,169.0,179.0,12000.0,1000.0,734.0,374.0,31000,Thriller,20973642.524736423
Thunderbirds,14.363421,95.0,4.3,2004.0,7.0,76.0,906.0,956.0,579.0,287.0,229.0,437,Action,90571337.40552995
Neighbors,11.90575,96.0,6.3,2014.0,5.0,351.0,89.0,920.0,798.0,329.0,397.0,21000,Comedy,23595347.7153285
Deck the Halls,5.162761,93.0,5.1,2006.0,11.0,71.0,14.0,2000.0,1000.0,728.0,110.0,1000,Comedy,26168364.095238116
Hearts in Atlantis,6.425321,101.0,6.9,2001.0,9.0,135.0,96.0,12000.0,495.0,442.0,268.0,0,Drama,55865889.50174221
Boom Town,1.52854,119.0,7.0,2040.0,8.0,12.0,6.0,1000.0,760.0,380.0,34.0,236,Adventure,2000001.0000000016
No Country for Old Men,15.565484,122.0,8.2,2007.0,11.0,488.0,1000.0,2000.0,939.0,883.0,1518.0,21000,Crime,37417166.841942295
Home Alone,0.702543,103.0,7.7,1990.0,11.0,102.0,0.0,3000.0,1000.0,925.0,305.0,20000,Comedy,42738088.22264725
The Client,15.263829,119.0,6.7,1994.0,7.0,39.0,541.0,821.0,577.0,551.0,94.0,1000,Drama,91631693.91338573
The Royal Tenenbaums,9.707542,110.0,7.6,2001.0,10.0,220.0,0.0,13000.0,1000.0,327.0,962.0,0,Comedy,37844635.14634145
The Sound of Music,9.06773,170.79708358548532,8.1,2065.0,3.0,119.0,338.0,354.0,209.0,195.0,406.0,15000,Drama,8200000.999999994
Bullet to the Head,8.26008,92.0,5.7,2013.0,1.0,279.0,394.0,13000.0,11000.0,565.0,131.0,10000,Action,73266440.72922042
Corpse Bride,12.920032,77.0,7.4,2005.0,9.0,267.0,13000.0,40000.0,16000.0,973.0,467.0,0,Romance,63558833.565284155
Final Fantasy: The Spirits Within,10.223851,106.0,6.4,2001.0,7.0,166.0,6.0,12000.0,2000.0,422.0,788.0,0,Adventure,246891185.66898975
Rescue Dawn,9.604564,126.0,7.3,2006.0,9.0,198.0,0.0,23000.0,342.0,294.0,205.0,0,Adventure,15393155.761904785
Sucker Punch,13.779527,110.0,6.1,2011.0,3.0,435.0,0.0,4000.0,2000.0,826.0,918.0,42000,Action,113127257.7229335
The Man Who Shot Liberty Valance,6.641827,123.0,8.1,2062.0,4.0,107.0,673.0,756.0,423.0,332.0,214.0,0,Western,3200001.000000008
The Work and the Glory,0.52757,110.0,6.5,2004.0,11.0,6.0,0.0,373.0,266.0,249.0,33.0,31,Drama,11917282.105990779
Thor: The Dark World,34.905447,112.0,6.7,2013.0,10.0,486.0,230.0,26000.0,20000.0,12000.0,532.0,63000,Action,201992410.11825585
The Hurt Locker,9.403724,131.0,7.5,2008.0,10.0,388.0,0.0,10000.0,602.0,383.0,876.0,16000,Drama,21620182.790314093
Gattaca,12.89312,106.0,7.7,1997.0,9.0,175.0,487.0,685.0,485.0,263.0,641.0,17000,Thriller,73305355.33070865
Planet 51,10.44244,91.0,6.0,2009.0,11.0,156.0,2.0,12000.0,10000.0,480.0,72.0,0,Science Fiction,101254423.31409976
The Curious Case of Benjamin Button,17.934821,166.0,7.8,2008.0,11.0,362.0,21000.0,11000.0,1000.0,919.0,822.0,23000,Fantasy,216201818.90314108
True Romance,17.189328,120.0,7.9,1993.0,9.0,122.0,12000.0,11000.0,10000.0,975.0,460.0,15000,Action,25453249.031496104
Close Encounters of the Third Kind,10.610446,135.0,7.6,1977.0,11.0,171.0,14000.0,559.0,481.0,252.0,339.0,0,Science Fiction,115362826.27881029
Bandslam,5.757056,111.0,6.3,2009.0,8.0,79.0,650.0,690.0,224.0,181.0,39.0,1000,Comedy,28929835.94688567
Taxi Driver,14.092713,114.0,8.2,1976.0,2.0,211.0,17000.0,22000.0,745.0,595.0,881.0,35000,Crime,7498584.643122672
16 Blocks,11.887779,105.0,6.6,2006.0,3.0,199.0,503.0,13000.0,929.0,795.0,305.0,0,Action,84662352.19047609
The Gambler,8.728556,111.0,6.0,2014.0,12.0,175.0,81.0,3000.0,571.0,81.0,145.0,0,Thriller,32771315.882400632
The Gambler,8.728556,111.0,6.0,2014.0,12.0,175.0,81.0,3000.0,571.0,81.0,145.0,0,Thriller,32771315.882400632
The Gambler,8.728556,111.0,6.0,2014.0,12.0,175.0,81.0,3000.0,571.0,81.0,145.0,0,Thriller,32771315.882400632
The Gambler,8.728556,111.0,6.0,2014.0,12.0,175.0,81.0,3000.0,571.0,81.0,145.0,0,Thriller,32771315.882400632
The Texas Chainsaw Massacre 2,9.501011,101.0,5.6,1986.0,8.0,159.0,365.0,237.0,28.0,14.0,258.0,0,Horror,13555132.970260235
Crocodile Dundee in Los Angeles,6.640385,92.0,4.8,2001.0,4.0,71.0,23.0,460.0,442.0,162.0,119.0,387,Adventure,38114953.961672515
Over the Hedge,9.382953,83.0,6.7,2006.0,4.0,166.0,12.0,13000.0,7000.0,925.0,250.0,0,Comedy,123145239.09523888
Monsters vs Aliens,14.243634,94.0,6.4,2009.0,3.0,219.0,11.0,1000.0,973.0,459.0,187.0,0,Animation,219335340.13013425
My Beautiful Laundrette,2.793003,97.0,6.8,1985.0,9.0,46.0,350.0,114.0,61.0,33.0,64.0,0,Romance,2480301.743494428
The Alamo,12.240901,137.0,6.1,2004.0,4.0,106.0,102.0,2000.0,973.0,877.0,267.0,701,Western,230400769.04915568
The Alamo,12.240901,137.0,6.1,2004.0,4.0,106.0,102.0,2000.0,973.0,877.0,267.0,701,Western,230400769.04915568
The Alamo,12.240901,137.0,6.1,2004.0,4.0,106.0,102.0,2000.0,973.0,877.0,267.0,701,Western,230400769.04915568
The Alamo,12.240901,137.0,6.1,2004.0,4.0,106.0,102.0,2000.0,973.0,877.0,267.0,701,Western,230400769.04915568
Jerry Maguire,11.807601,139.0,7.3,1996.0,12.0,109.0,488.0,10000.0,743.0,597.0,318.0,0,Comedy,101812993.12598431
Wrong Turn,14.079718,84.0,6.1,2003.0,5.0,191.0,36.0,2000.0,683.0,648.0,540.0,0,Horror,20021033.258064497
The Purge,23.207663,86.0,5.8,2013.0,5.0,361.0,65.0,942.0,810.0,535.0,578.0,31000,Science Fiction,3996352.257957481
Dr. Dolittle 2,7.906683,87.0,4.8,2001.0,6.0,91.0,41.0,1000.0,692.0,574.0,79.0,266,Comedy,126148781.48780474
3 Days to Kill,17.861119,113.0,6.2,2014.0,2.0,211.0,368.0,933.0,194.0,114.0,211.0,10000,Action,36703873.668288715
Grown Ups 2,9.411725,100.0,5.4,2013.0,7.0,139.0,221.0,12000.0,11000.0,11000.0,255.0,14000,Comedy,106569367.87886603
Old Dogs,9.52295,88.0,5.3,2009.0,11.0,124.0,12.0,49000.0,1000.0,931.0,120.0,0,Comedy,50627212.15704991
On Her Majesty's Secret Service,9.356264,142.0,6.7,2069.0,12.0,143.0,13.0,803.0,314.0,244.0,452.0,0,Adventure,6500000.999999999
Enemy at the Gates,10.704813,131.0,7.5,2001.0,3.0,187.0,218.0,5000.0,35.0,29.0,662.0,0,War,122544530.6167249
Meet the Spartans,6.416753,84.0,2.8,2008.0,1.0,111.0,82.0,869.0,759.0,362.0,409.0,0,Comedy,43240364.58062828
Twister,8.739144,113.0,6.6,1996.0,5.0,114.0,101.0,22000.0,946.0,848.0,395.0,0,Action,187335906.51181072
The Rage: Carrie 2,4.766591,104.0,4.8,1999.0,3.0,85.0,52.0,711.0,490.0,484.0,253.0,897,Horror,37844635.14634145
Hesher,5.886972,106.0,6.9,2010.0,1.0,134.0,58.0,23000.0,20000.0,973.0,99.0,19000,Drama,9962038.274828497
Good Will Hunting,15.064833,126.0,8.3,1997.0,12.0,161.0,835.0,49000.0,13000.0,893.0,682.0,31000,Drama,20362599.425196815
Swimming Pool,14.481103,102.0,6.7,2003.0,5.0,160.0,341.0,844.0,521.0,15.0,288.0,0,Thriller,12393973.350230416
Final Destination 5,12.912491,92.0,5.9,2011.0,8.0,277.0,77.0,703.0,682.0,495.0,227.0,20000,Horror,64841233.51192551
Tumbleweeds,0.88888,102.0,6.7,1999.0,11.0,64.0,149.0,409.0,277.0,276.0,73.0,121,Comedy,562264.1358885025
White Noise,6.143324,101.0,5.5,2005.0,1.0,173.0,13.0,494.0,392.0,368.0,403.0,0,Drama,15889709.141321052
"Good bye, Lenin!",10.605595,121.0,7.7,2003.0,2.0,153.0,31.0,65.0,51.0,43.0,225.0,11000,Comedy,7627060.907834104
A Nightmare on Elm Street Part 2: Freddy's Revenge,8.668146,87.0,5.5,1985.0,10.0,138.0,28.0,426.0,359.0,217.0,327.0,0,Horror,8652212.895910803
The Edge,15.174973,117.0,7.0,1997.0,9.0,95.0,93.0,12000.0,1000.0,904.0,182.0,0,Action,34616418.32283458
Shrek Forever After,11.803808,93.0,6.3,2010.0,5.0,226.0,31.0,4000.0,225.0,213.0,173.0,0,Comedy,215795694.08325154
Angela's Ashes,4.496585,145.0,7.3,1999.0,12.0,99.0,317.0,876.0,219.0,70.0,163.0,0,Drama,46.05313588850177
When a Stranger Calls,5.149058,87.0,5.1,2006.0,2.0,152.0,165.0,1000.0,431.0,383.0,468.0,0,Horror,23089733.14285716
Son of God,6.477292,138.0,5.8,2014.0,2.0,61.0,25.0,329.0,134.0,55.0,174.0,15000,Drama,28838758.096512586
The Pirate,1.830178,102.0,6.8,2048.0,6.0,41.0,136.0,89.0,78.0,48.0,54.0,359,Music,3700001.000000002
Road Trip,8.00158,93.0,6.5,2000.0,5.0,103.0,480.0,1000.0,490.0,486.0,302.0,0,Comedy,28834007.968641106
Equilibrium,12.671637,107.0,7.3,2002.0,12.0,146.0,110.0,23000.0,876.0,722.0,1137.0,20000,Action,36042509.71080134
Journey 2: The Mysterious Island,9.46307,94.0,5.7,2012.0,1.0,178.0,62.0,14000.0,12000.0,722.0,133.0,0,Adventure,106778723.44048207
Johnny English Reborn,10.668658,101.0,6.3,2011.0,9.0,152.0,32.0,219.0,141.0,104.0,142.0,17000,Crime,62082032.12843921
The Remains of the Day,12.222576,134.0,7.8,1993.0,11.0,58.0,133.0,12000.0,310.0,258.0,156.0,0,Drama,23416989.18897641
She's the One,10.827266,96.0,6.0,1996.0,8.0,43.0,0.0,385.0,356.0,111.0,98.0,453,Comedy,7126910.448818898
Spy Kids 3-D: Game Over,8.025145,84.0,4.4,2003.0,7.0,93.0,0.0,13000.0,4000.0,2000.0,188.0,681,Action,60380891.9370199
Mamma Mia!,10.534437,108.0,6.5,2008.0,7.0,238.0,58.0,14000.0,11000.0,838.0,611.0,10000,Comedy,74949964.53975552
Pearl Harbor,11.419388,170.79708358548532,6.2,2001.0,5.0,191.0,0.0,3000.0,961.0,691.0,1999.0,0,History,252297561.9756098
Twilight,31.282029,122.0,5.3,2008.0,11.0,350.0,308.0,17000.0,12000.0,10000.0,1535.0,19000,Adventure,53329782.7494415
Twilight,31.282029,122.0,5.3,2008.0,11.0,350.0,308.0,17000.0,12000.0,10000.0,1535.0,19000,Adventure,53329782.7494415
Twilight,31.282029,122.0,5.3,2008.0,11.0,350.0,308.0,17000.0,12000.0,10000.0,1535.0,19000,Adventure,53329782.7494415
Twilight,31.282029,122.0,5.3,2008.0,11.0,350.0,308.0,17000.0,12000.0,10000.0,1535.0,19000,Adventure,53329782.7494415
Practical Magic,7.757795,104.0,6.3,1998.0,10.0,92.0,165.0,1000.0,967.0,944.0,257.0,0,Drama,135159408.66550505
Undisputed,13.35278,96.0,6.1,2002.0,8.0,64.0,394.0,922.0,855.0,565.0,88.0,977,Action,36042509.71080134
Rise of the Planet of the Apes,41.613762,105.0,7.6,2011.0,8.0,529.0,81.0,11000.0,1000.0,779.0,646.0,47000,Thriller,128302865.3321079
Cliffhanger,9.830853,112.0,6.5,1993.0,5.0,74.0,212.0,13000.0,730.0,369.0,172.0,0,Action,142538189.97637817
The Four Feathers,6.894153,132.0,6.5,2002.0,9.0,105.0,159.0,3000.0,61.0,39.0,215.0,0,War,63074391.24390255
Nine 1/2 Weeks,6.706262,117.0,5.9,1986.0,2.0,38.0,213.0,567.0,67.0,45.0,118.0,0,Drama,49029201.74349437
Poltergeist III,7.977693,98.0,4.7,1988.0,6.0,66.0,17.0,1000.0,887.0,770.0,114.0,616,Horror,24930551.879877586
Jack and Jill,6.620033,91.0,3.3,2011.0,11.0,156.0,221.0,14000.0,11000.0,553.0,264.0,0,Comedy,108988455.64770447
Armageddon,13.235112,151.0,6.7,1998.0,7.0,167.0,0.0,13000.0,12000.0,537.0,1171.0,11000,Action,252297561.9756098
The Last Days on Mars,9.113415,98.0,5.5,2013.0,8.0,120.0,7.0,805.0,766.0,507.0,160.0,0,Science Fiction,22645991.461759016
Black Christmas,7.888302,84.0,4.7,2006.0,12.0,186.0,17.0,607.0,318.0,179.0,278.0,0,Horror,13853840.285714278
Love the Coopers,5.660649,107.0,5.8,2015.0,11.0,97.0,24.0,10000.0,566.0,85.0,68.0,0,Comedy,22258075.31534443
Hang 'em High,7.266576,114.0,7.0,2068.0,7.0,26.0,57.0,16000.0,844.0,426.0,109.0,0,Western,1800001.000000004
Spider-Man 2,10.834506,127.0,7.5,2004.0,6.0,300.0,0.0,24000.0,11000.0,4000.0,1303.0,0,Action,240939814.88101152
High School Musical 2,6.529094,104.0,5.3,2007.0,8.0,44.0,197.0,755.0,632.0,578.0,162.0,586,Comedy,25443673.77252073
Superman,15.460102,143.0,7.4,1978.0,12.0,169.0,503.0,10000.0,593.0,467.0,497.0,0,Action,207135073.81553409
La grande bellezza,8.176134,142.0,7.7,2013.0,5.0,280.0,667.0,211.0,98.0,70.0,124.0,29000,Comedy,16518252.866224252
Star Trek: The Motion Picture,8.277765,132.0,6.4,1979.0,12.0,134.0,338.0,12000.0,664.0,643.0,405.0,0,Science Fiction,131813229.15534088
Lilo & Stitch,18.469238,85.0,7.3,2002.0,6.0,180.0,255.0,1000.0,533.0,443.0,367.0,0,Animation,144170035.84320578
Sicko,6.766086,123.0,8.0,2007.0,5.0,263.0,909.0,909.0,203.0,184.0,429.0,0,Documentary,13470180.703099223
Kung Fu Panda,16.897541,90.0,7.6,2008.0,6.0,266.0,54.0,11000.0,967.0,562.0,360.0,6000,Adventure,187374909.84938905
La misma luna,2.410635,106.0,7.3,2008.0,3.0,75.0,36.0,953.0,399.0,345.0,58.0,0,Drama,24502873.695689358
Menace II Society,5.260924,97.0,7.5,1993.0,5.0,28.0,117.0,851.0,582.0,556.0,96.0,0,Drama,7126910.448818898
Beverly Hills Cop III,11.787784,104.0,5.5,1994.0,5.0,36.0,644.0,437.0,289.0,174.0,114.0,669,Action,101812993.12598431
Orphan,8.730934,123.0,7.0,2009.0,7.0,265.0,174.0,87000.0,1000.0,602.0,383.0,20000,Horror,28929835.94688567
Anacondas: The Hunt for the Blood Orchid,10.749404,97.0,4.7,2004.0,8.0,94.0,27.0,601.0,543.0,522.0,144.0,686,Adventure,31779417.28264206
The Astronaut's Wife,14.705865,109.0,5.4,1999.0,8.0,107.0,7.0,40000.0,9000.0,1000.0,260.0,1000,Drama,135159408.66550505
The Astronaut's Wife,14.705865,109.0,5.4,1999.0,8.0,107.0,7.0,40000.0,9000.0,1000.0,260.0,1000,Drama,135159408.66550505
The Astronaut's Wife,14.705865,109.0,5.4,1999.0,8.0,107.0,7.0,40000.0,9000.0,1000.0,260.0,1000,Drama,135159408.66550505
The Astronaut's Wife,14.705865,109.0,5.4,1999.0,8.0,107.0,7.0,40000.0,9000.0,1000.0,260.0,1000,Drama,135159408.66550505
Resident Evil: Apocalypse,7.850797,94.0,6.1,2004.0,9.0,191.0,38.0,14000.0,919.0,706.0,672.0,0,Horror,71503687.63594463
Open Water,10.652818,79.0,5.8,2004.0,8.0,235.0,9.0,48.0,10.0,7.0,916.0,0,Drama,206567.20583717362
MacGruber,11.107782,90.0,5.6,2010.0,5.0,163.0,434.0,1000.0,622.0,472.0,125.0,0,Action,14231482.821183527
Amistad,2.263584,155.0,7.3,1997.0,12.0,77.0,14000.0,12000.0,11000.0,11000.0,227.0,0,Drama,73305355.33070865
Gulliver's Travels,7.565799,85.0,4.9,2010.0,12.0,184.0,11.0,480.0,392.0,116.0,121.0,0,Comedy,159392597.39725628
Liar Liar,10.102471,86.0,6.9,1997.0,3.0,73.0,293.0,509.0,418.0,255.0,243.0,0,Comedy,91631693.91338573
Step Brothers,8.579638,98.0,6.9,2008.0,7.0,173.0,285.0,8000.0,3000.0,105.0,277.0,0,Comedy,93687455.42469466
The Ant Bully,7.000272,88.0,5.8,2006.0,7.0,105.0,8.0,12000.0,11000.0,8000.0,70.0,593,Fantasy,76965774.80952428
Miss Julie,3.791712,120.0,5.5,2014.0,9.0,88.0,440.0,631.0,0.0,0.0,14.0,0,Drama,7209690.274128139
Million Dollar Baby,14.471373,132.0,8.1,2004.0,12.0,268.0,16000.0,16000.0,11000.0,567.0,1106.0,14000,Drama,47669125.42396312
Pitch Perfect 2,15.862632,115.0,6.4,2015.0,5.0,221.0,0.0,10000.0,1000.0,751.0,185.0,40000,Comedy,37969657.18499933
Young Frankenstein,9.339316,106.0,8.0,2074.0,12.0,129.0,0.0,1000.0,595.0,481.0,315.0,14000,Comedy,2800001.000000002
Half Nelson,12.155115,107.0,7.1,2006.0,8.0,208.0,31.0,33000.0,519.0,71.0,189.0,0,Drama,1077521.8333333344
Flight,10.973822,138.0,7.3,2012.0,11.0,449.0,0.0,18000.0,984.0,874.0,491.0,64000,Drama,41900512.33740426
Edward Scissorhands,17.612244,105.0,7.9,1990.0,12.0,111.0,13000.0,40000.0,967.0,658.0,588.0,16000,Fantasy,47486764.580719195
Me and Orson Welles,3.600917,114.0,6.7,2009.0,11.0,160.0,0.0,962.0,266.0,240.0,69.0,0,Comedy,36162294.68360703
The Hills Have Eyes,18.960549,107.0,6.4,2006.0,3.0,265.0,192.0,1000.0,1000.0,580.0,855.0,0,Horror,23089733.14285716
No End in Sight,1.987795,102.0,8.2,2007.0,7.0,79.0,117.0,393.0,21.0,17.0,55.0,0,Documentary,2993374.2673553852
Recess: School's Out,4.195694,83.0,6.5,2001.0,1.0,44.0,6.0,759.0,563.0,345.0,38.0,227,Science Fiction,18021255.355400726
My Super Ex-Girlfriend,12.819565,95.0,5.2,2006.0,6.0,147.0,425.0,973.0,776.0,560.0,203.0,1000,Fantasy,26168364.095238116
Devil's Due,10.591125,89.0,4.2,2014.0,1.0,137.0,14.0,971.0,479.0,270.0,120.0,0,Horror,9175969.167072196
Jumping the Broom,2.664211,112.0,5.7,2011.0,5.0,52.0,70.0,1000.0,912.0,826.0,59.0,0,Comedy,9105365.565504419
Foolish,0.431822,84.0,4.9,1999.0,4.0,16.0,11.0,489.0,469.0,249.0,13.0,43,Comedy,30636133.404181138
Eternal Sunshine of the Spotless Mind,12.906327,108.0,8.3,2004.0,3.0,273.0,1000.0,14000.0,4000.0,1000.0,1514.0,52000,Science Fiction,31779417.28264206
Our Idiot Brother,5.918193,90.0,6.4,2011.0,8.0,179.0,37.0,11000.0,3000.0,1000.0,115.0,11000,Comedy,13796007.917430973
Nine,5.658857,112.0,5.8,2009.0,12.0,205.0,252.0,529.0,48.0,30.0,232.0,0,Drama,115719340.78754291
Clear and Present Danger,7.513245,141.0,6.9,1994.0,8.0,42.0,176.0,11000.0,913.0,672.0,133.0,0,Action,126248111.23622024
Charlie Wilson's War,9.979162,102.0,7.0,2007.0,12.0,269.0,0.0,22000.0,15000.0,15000.0,289.0,0,Comedy,112251498.52582677
Ocean's Eleven,12.114932,116.0,7.7,2001.0,12.0,186.0,0.0,11000.0,1000.0,471.0,845.0,0,Thriller,153180663.02090597
Warcraft,12.572718,123.0,6.7,2016.0,5.0,275.0,0.0,3000.0,716.0,648.0,781.0,89000,Action,196059056.15656462
Stomp the Yard,5.607508,114.0,5.4,2007.0,5.0,86.0,41.0,997.0,826.0,748.0,162.0,0,Drama,19456927.23781001
The Illusionist,11.494009,110.0,7.5,2006.0,8.0,236.0,168.0,3000.0,979.0,96.0,645.0,15000,Fantasy,61572620.04761901
The Illusionist,11.494009,110.0,7.5,2006.0,8.0,236.0,168.0,3000.0,979.0,96.0,645.0,15000,Fantasy,61572620.04761901
The Illusionist,11.494009,110.0,7.5,2006.0,8.0,236.0,168.0,3000.0,979.0,96.0,645.0,15000,Fantasy,61572620.04761901
The Illusionist,11.494009,110.0,7.5,2006.0,8.0,236.0,168.0,3000.0,979.0,96.0,645.0,15000,Fantasy,61572620.04761901
Paycheck,12.571789,119.0,6.3,2003.0,12.0,196.0,610.0,834.0,780.0,716.0,347.0,0,Action,95338249.84792624
AVP: Alien vs. Predator,12.636205,101.0,5.7,2004.0,8.0,247.0,545.0,886.0,766.0,727.0,1283.0,0,Adventure,111227957.98924713
Down Terrace,1.585713,89.0,6.4,2009.0,9.0,53.0,214.0,177.0,95.0,59.0,22.0,535,Drama,45119.97058316279
Borat: Cultural Learnings of America for Make Benefit Glorious Nation of Kazakhstan,8.278336,82.0,7.4,2006.0,11.0,343.0,119.0,332.0,165.0,6.0,1198.0,0,Comedy,27707679.5714286
Cloverfield,12.868098,85.0,7.0,2008.0,1.0,459.0,198.0,2000.0,1000.0,387.0,2192.0,0,Action,36033637.31719017
The Chronicles of Narnia: The Voyage of the Dawn Treader,12.383398,113.0,6.3,2010.0,8.0,228.0,150.0,531.0,82.0,59.0,227.0,11000,Adventure,215795694.08325154
A Time to Kill,13.309013,149.0,7.5,1996.0,7.0,71.0,541.0,18000.0,11000.0,1000.0,236.0,0,Crime,81450394.70078787
Rock of Ages,12.558042,123.0,5.9,2012.0,6.0,360.0,163.0,394.0,217.0,66.0,356.0,33000,Comedy,101372205.84855887
Live Free or Die Hard,14.886039,128.0,7.1,2007.0,6.0,354.0,235.0,13000.0,300.0,297.0,782.0,0,Action,164635530.70454484
Bulworth,3.385342,108.0,6.8,1998.0,5.0,110.0,631.0,631.0,199.0,95.0,227.0,0,Comedy,54063764.06620214
Blindness,7.462378,121.0,6.5,2008.0,5.0,229.0,353.0,45.0,30.0,18.0,300.0,0,Drama,36033637.31719017
Song One,6.743182,86.0,5.8,2014.0,1.0,43.0,4.0,11000.0,485.0,444.0,21.0,0,Drama,7865116.571776163
Slow West,10.132064,84.0,6.9,2015.0,4.0,246.0,85.0,13000.0,884.0,748.0,88.0,0,Romance,22258075.31534443
School for Scoundrels,10.725567,100.0,5.9,2006.0,9.0,110.0,480.0,970.0,931.0,579.0,97.0,484,Comedy,30786310.52380957
Project X,9.803023,88.0,6.7,2012.0,3.0,229.0,166.0,971.0,329.0,281.0,261.0,29000,Comedy,16219553.775769394
Frenzy,5.316387,116.0,7.4,2072.0,5.0,110.0,13000.0,195.0,146.0,118.0,199.0,0,Crime,3500001.0000000056
Unfaithful,8.96839,124.0,6.7,2002.0,5.0,152.0,213.0,838.0,593.0,372.0,533.0,0,Thriller,90106272.77700396
FearDotCom,5.160215,101.0,3.4,2002.0,8.0,104.0,37.0,2000.0,886.0,595.0,388.0,612,Horror,72085018.42160277
G.I. Joe: The Rise of Cobra,11.787058,118.0,5.7,2009.0,8.0,250.0,208.0,23000.0,2000.0,570.0,534.0,0,Adventure,219335340.13013425
The Wraith,7.657918,93.0,5.9,1986.0,11.0,70.0,28.0,1000.0,695.0,415.0,100.0,0,Romance,7786991.706319707
Catwoman,13.340272,104.0,3.4,2004.0,7.0,212.0,26.0,827.0,825.0,566.0,660.0,0,Action,158897082.41321066
The Hunger Games: Mockingjay - Part 1,45.17727282093515,123.0,6.6,2014.0,11.0,403.0,508.0,34000.0,22000.0,14000.0,591.0,52000,Science Fiction,163856575.4120033
Girl 6,4.405169,108.0,5.3,1996.0,3.0,30.0,0.0,873.0,680.0,599.0,33.0,251,Comedy,24435119.110236183
Standing Ovation,0.221837,105.0,3.1,2010.0,7.0,9.0,12.0,25.0,11.0,10.0,6.0,277,Comedy,24193520.09601201
Safety Not Guaranteed,7.067494,85.0,6.9,2012.0,6.0,271.0,365.0,934.0,830.0,522.0,260.0,31000,Comedy,1013723.0484855871
12 Years a Slave,30.316249,134.0,8.1,2013.0,10.0,597.0,0.0,2000.0,660.0,500.0,695.0,83000,Drama,26642342.719716556
Cheaper by the Dozen 2,7.101422,94.0,5.5,2005.0,12.0,77.0,163.0,12000.0,3000.0,2000.0,128.0,781,Comedy,95338249.84792624
Star Wars,42.149697,121.0,8.6,1977.0,5.0,282.0,0.0,11000.0,1000.0,504.0,1470.0,33000,Adventure,63449554.90334572
Victor Frankenstein,9.447808,109.0,6.0,2015.0,11.0,159.0,118.0,11000.0,1000.0,287.0,91.0,11000,Drama,52371940.56551632
Victor Frankenstein,9.447808,109.0,6.0,2015.0,11.0,159.0,118.0,11000.0,1000.0,287.0,91.0,11000,Drama,52371940.56551632
Victor Frankenstein,9.447808,109.0,6.0,2015.0,11.0,159.0,118.0,11000.0,1000.0,287.0,91.0,11000,Drama,52371940.56551632
Victor Frankenstein,9.447808,109.0,6.0,2015.0,11.0,159.0,118.0,11000.0,1000.0,287.0,91.0,11000,Drama,52371940.56551632
Victor Frankenstein,9.447808,109.0,6.0,2015.0,11.0,159.0,118.0,11000.0,1000.0,287.0,91.0,11000,Drama,52371940.56551632
Victor Frankenstein,9.447808,109.0,6.0,2015.0,11.0,159.0,118.0,11000.0,1000.0,287.0,91.0,11000,Drama,52371940.56551632
Victor Frankenstein,9.447808,109.0,6.0,2015.0,11.0,159.0,118.0,11000.0,1000.0,287.0,91.0,11000,Drama,52371940.56551632
Victor Frankenstein,9.447808,109.0,6.0,2015.0,11.0,159.0,118.0,11000.0,1000.0,287.0,91.0,11000,Drama,52371940.56551632
Victor Frankenstein,9.447808,109.0,6.0,2015.0,11.0,159.0,118.0,11000.0,1000.0,287.0,91.0,11000,Drama,52371940.56551632
C'era una volta il West,15.589351,170.79708358548532,8.5,2068.0,12.0,164.0,0.0,973.0,423.0,392.0,565.0,10000,Western,5000000.999999999
The Intern,15.651705,121.0,7.1,2015.0,9.0,241.0,278.0,22000.0,11000.0,808.0,304.0,54000,Comedy,45825448.11982692
The Legend of the Lone Ranger,1.38292,98.0,4.9,1981.0,8.0,25.0,28.0,372.0,262.0,102.0,41.0,346,Action,67789661.19417483
Carrie,18.399055,100.0,5.8,2013.0,10.0,359.0,108.0,17000.0,2000.0,534.0,371.0,39000,Drama,39963513.57957474
Carrie,18.399055,100.0,5.8,2013.0,10.0,359.0,108.0,17000.0,2000.0,534.0,371.0,39000,Drama,39963513.57957474
Carrie,18.399055,100.0,5.8,2013.0,10.0,359.0,108.0,17000.0,2000.0,534.0,371.0,39000,Drama,39963513.57957474
Carrie,18.399055,100.0,5.8,2013.0,10.0,359.0,108.0,17000.0,2000.0,534.0,371.0,39000,Drama,39963513.57957474
Facing the Giants,7.485908,111.0,6.5,2006.0,9.0,31.0,589.0,589.0,150.0,51.0,382.0,0,Drama,153932.5476190479
The Golden Child,8.236472,94.0,6.0,1986.0,12.0,29.0,23.0,400.0,255.0,148.0,69.0,0,Action,72101766.7992564
Stardust,14.784525,127.0,7.6,2007.0,8.0,228.0,905.0,15000.0,588.0,271.0,492.0,15000,Adventure,104768065.35743833
Men with Brooms,1.418177,102.0,5.9,2002.0,9.0,9.0,329.0,611.0,329.0,280.0,83.0,0,Comedy,13515941.766550532
Selma,7.107071,127.0,7.5,2014.0,12.0,364.0,151.0,1000.0,1000.0,852.0,212.0,22000,History,26217052.905920498
The Inkwell,0.613335,110.0,6.3,1994.0,4.0,7.0,10.0,851.0,780.0,582.0,11.0,160,Comedy,34616418.32283458
Courage Under Fire,11.595316,117.0,6.6,1996.0,7.0,65.0,380.0,18000.0,13000.0,826.0,107.0,975,Drama,93667953.75590624
Center Stage,10.491734,115.0,6.7,2000.0,5.0,68.0,13.0,757.0,220.0,111.0,210.0,0,Drama,32438258.839721214
The Legend of Tarzan,45.17727282093515,109.0,6.2,2016.0,6.0,248.0,282.0,11000.0,10000.0,103.0,239.0,29000,Action,196059056.15656462
The Legend of Tarzan,45.17727282093515,109.0,6.2,2016.0,6.0,248.0,282.0,11000.0,10000.0,103.0,239.0,29000,Action,196059056.15656462
The Legend of Tarzan,45.17727282093515,109.0,6.2,2016.0,6.0,248.0,282.0,11000.0,10000.0,103.0,239.0,29000,Action,196059056.15656462
The Legend of Tarzan,45.17727282093515,109.0,6.2,2016.0,6.0,248.0,282.0,11000.0,10000.0,103.0,239.0,29000,Action,196059056.15656462
Grosse Pointe Blank,7.556814,107.0,7.3,1997.0,4.0,111.0,5.0,893.0,822.0,141.0,296.0,0,Action,34616418.32283458
Fiddler on the Roof,9.227244,170.79708358548532,8.0,2071.0,11.0,66.0,278.0,402.0,343.0,51.0,150.0,0,Drama,9000000.999999996
The Thomas Crown Affair,10.961226,113.0,6.9,1999.0,8.0,152.0,323.0,1000.0,977.0,835.0,419.0,0,Drama,86502021.90592365
Gran Torino,14.794228,116.0,8.1,2008.0,12.0,366.0,16000.0,16000.0,601.0,198.0,871.0,28000,Drama,47564400.93869108
디워,6.280906,90.0,3.5,2007.0,2.0,93.0,26.0,889.0,618.0,535.0,364.0,0,Fantasy,104768065.35743833
Inside Job,10.30535,109.0,8.2,2010.0,10.0,171.0,117.0,13000.0,125.0,18.0,129.0,63000,Documentary,2846297.364236712
J. Edgar,9.529382,137.0,6.5,2011.0,11.0,392.0,16000.0,29000.0,6000.0,363.0,279.0,16000,Drama,48286025.21100829
Grudge Match,11.655588,113.0,6.4,2013.0,12.0,211.0,88.0,22000.0,13000.0,785.0,115.0,12000,Comedy,53284684.439433075
Far from Heaven,10.107519,107.0,7.3,2002.0,9.0,181.0,162.0,2000.0,258.0,135.0,378.0,0,Drama,24328694.379790965
A Walk Among the Tombstones,14.914924,113.0,6.5,2014.0,9.0,253.0,71.0,14000.0,439.0,313.0,207.0,15000,Crime,36703873.668288715
Die Hard,16.640522,131.0,8.2,1988.0,7.0,233.0,323.0,25000.0,13000.0,541.0,722.0,25000,Action,66481470.01300692
Men in Black II,16.775716,88.0,6.2,2002.0,7.0,208.0,188.0,10000.0,3000.0,826.0,606.0,2000,Action,252297561.9756098
The Lost World: Jurassic Park,0.788123,129.0,6.6,1997.0,5.0,177.0,14000.0,610.0,506.0,227.0,552.0,0,Adventure,148646969.50393724
For Greater Glory - The True Story of Cristiada,4.482331,145.0,6.6,2012.0,6.0,43.0,0.0,639.0,377.0,280.0,57.0,0,History,16219553.775769394
RED,12.595165,111.0,7.0,2010.0,10.0,315.0,124.0,13000.0,11000.0,357.0,328.0,32000,Action,82542595.56286466
Madagascar: Escape 2 Africa,12.668733,89.0,6.6,2008.0,10.0,167.0,35.0,1000.0,851.0,436.0,119.0,0,Family,216201818.90314108
Rush,10.63552,123.0,8.1,2013.0,9.0,393.0,2000.0,26000.0,10000.0,471.0,475.0,83000,Drama,50620450.26746136
Notes on a Scandal,8.593087,92.0,7.4,2006.0,12.0,220.0,14.0,386.0,99.0,78.0,281.0,0,Drama,23089733.14285716
The End of the Affair,6.200344,102.0,7.0,1999.0,12.0,90.0,277.0,327.0,261.0,57.0,165.0,0,Drama,41448886.017421566
Suicide Squad,42.965027,123.0,5.9,2016.0,8.0,418.0,452.0,10000.0,336.0,329.0,971.0,80000,Action,196059056.15656462
Snow White and the Seven Dwarfs,16.263878,83.0,7.6,2037.0,12.0,145.0,0.0,82.0,47.0,31.0,204.0,0,Fantasy,1488423.9999999977
Sunshine Cleaning,9.098119,102.0,6.8,2008.0,1.0,195.0,19.0,968.0,934.0,260.0,134.0,0,Comedy,7206728.263438052
Conan the Barbarian,10.52008,129.0,6.9,1982.0,4.0,166.0,468.0,919.0,691.0,183.0,337.0,0,Adventure,75321845.66019419
Conan the Barbarian,10.52008,129.0,6.9,1982.0,4.0,166.0,468.0,919.0,691.0,183.0,337.0,0,Adventure,75321845.66019419
Conan the Barbarian,10.52008,129.0,6.9,1982.0,4.0,166.0,468.0,919.0,691.0,183.0,337.0,0,Adventure,75321845.66019419
Conan the Barbarian,10.52008,129.0,6.9,1982.0,4.0,166.0,468.0,919.0,691.0,183.0,337.0,0,Adventure,75321845.66019419
13 Going on 30,12.632595,98.0,6.3,2004.0,4.0,119.0,56.0,3000.0,2000.0,533.0,339.0,0,Comedy,58791921.12288793
Independence Day,17.634197,145.0,7.0,1996.0,6.0,185.0,776.0,10000.0,2000.0,933.0,856.0,16000,Action,152719489.1889766
A Low Down Dirty Shame,3.021526,100.0,5.9,1994.0,11.0,8.0,322.0,851.0,543.0,534.0,26.0,368,Action,20362599.425196815
The Grand Budapest Hotel,14.442048,99.0,8.1,2014.0,2.0,536.0,0.0,13000.0,1000.0,670.0,644.0,149000,Comedy,39325578.85888076
How Stella Got Her Groove Back,3.645263,124.0,5.7,1998.0,8.0,29.0,8.0,508.0,270.0,232.0,51.0,0,Comedy,36042509.71080134
She's Out of My League,8.101247,104.0,6.4,2010.0,3.0,180.0,14.0,2000.0,934.0,756.0,131.0,0,Comedy,28462964.64236707
Commando,10.193652,90.0,6.7,1985.0,10.0,124.0,73.0,1000.0,745.0,581.0,437.0,0,Action,28840707.319702614
Batman Forever,13.321354,121.0,5.4,1995.0,6.0,144.0,541.0,920.0,710.0,680.0,539.0,0,Action,203625985.25196874
The Devil Wears Prada,13.102384,109.0,6.9,2006.0,6.0,208.0,64.0,11000.0,11000.0,505.0,631.0,0,Comedy,53876042.66666671
Almost Famous,9.086699,122.0,7.9,2000.0,9.0,149.0,488.0,22000.0,11000.0,947.0,822.0,15000,Drama,108127527.13240407
Star Trek VI: The Undiscovered Country,5.90057,113.0,7.2,1991.0,12.0,112.0,120.0,12000.0,1000.0,664.0,188.0,0,Science Fiction,64107131.83397092
Hocus Pocus,10.390708,96.0,6.9,1993.0,7.0,36.0,197.0,580.0,336.0,115.0,132.0,16000,Comedy,57015276.590551086
एबीसीडी,0.917727,160.0,6.3,2013.0,2.0,15.0,168.0,733.0,168.0,71.0,38.0,1000,Drama,22645991.461759016
Antz,16.025625,83.0,6.5,1998.0,10.0,131.0,35.0,13000.0,11000.0,754.0,289.0,0,Adventure,108127527.13240407
Ghost Rider,11.902354,114.0,5.3,2007.0,2.0,276.0,160.0,12000.0,701.0,402.0,681.0,0,Thriller,164635530.70454484
Chronicle,12.47441,84.0,7.0,2012.0,2.0,414.0,128.0,963.0,465.0,371.0,471.0,32000,Science Fiction,20274441.96971175
Big Momma's House,7.978985,98.0,5.2,2000.0,5.0,100.0,67.0,826.0,436.0,330.0,148.0,1000,Crime,54063764.06620214
You Can't Take It With You,4.370592,126.0,7.8,2038.0,8.0,51.0,964.0,319.0,302.0,275.0,133.0,0,Comedy,1644737.0000000016
RoboCop 3,8.685798,104.0,4.2,1993.0,4.0,75.0,87.0,1000.0,826.0,691.0,180.0,716,Action,44797717.53543301
The Forbidden Kingdom,6.997601,104.0,6.5,2008.0,4.0,206.0,50.0,5000.0,962.0,947.0,279.0,0,Action,79274000.89781839
Shrek 2,16.22986,93.0,7.4,2004.0,5.0,205.0,80.0,692.0,309.0,48.0,483.0,0,Adventure,238345623.11981454
태극기 휘날리며,9.140411,140.0,8.0,2004.0,2.0,86.0,16.0,717.0,517.0,489.0,224.0,0,Action,27012504.840245746
Stitches,8.328705,86.0,5.7,2012.0,5.0,98.0,5.0,121.0,94.0,47.0,53.0,0,Horror,135163.9397980783
Saving Silverman,8.526823,90.0,5.9,2001.0,2.0,97.0,221.0,240.0,226.0,110.0,201.0,739,Comedy,39646760.581881516
Layer Cake,9.642214,105.0,7.2,2004.0,9.0,149.0,905.0,27000.0,594.0,466.0,263.0,0,Drama,10328311.291858695
Transformers: Age of Extinction,18.495599,165.0,5.6,2014.0,6.0,378.0,0.0,974.0,956.0,808.0,918.0,56000,Science Fiction,198768019.5986139
I Spy,10.404277,97.0,5.4,2002.0,10.0,105.0,84.0,989.0,229.0,150.0,141.0,531,Action,126148781.48780474
Escobar: Paradise Lost,12.543659,120.0,6.5,2014.0,10.0,106.0,30.0,14000.0,287.0,55.0,39.0,0,Thriller,22284495.120032437
Treasure Planet,16.141913,95.0,7.2,2002.0,11.0,127.0,63.0,23000.0,770.0,720.0,217.0,0,Adventure,252297561.9756098
A Nightmare on Elm Street 5: The Dream Child,7.534739,89.0,5.0,1989.0,8.0,88.0,81.0,321.0,101.0,92.0,227.0,1000,Horror,18994706.432287674
Tomcats,4.63422,95.0,5.3,2001.0,3.0,75.0,5.0,1000.0,660.0,443.0,121.0,449,Comedy,19823380.79094075
The Hunt for Red October,15.91126,134.0,7.5,1990.0,3.0,104.0,323.0,826.0,692.0,495.0,241.0,0,Action,71230146.37107888
The Lincoln Lawyer,6.807442,119.0,7.3,2011.0,3.0,274.0,65.0,11000.0,980.0,638.0,203.0,25000,Crime,55184028.66972372
Event Horizon,11.335072,96.0,6.6,1997.0,8.0,172.0,545.0,722.0,585.0,552.0,857.0,10000,Horror,122175591.55118129
Hellboy,13.206854,122.0,6.9,2004.0,4.0,242.0,0.0,366.0,334.0,160.0,597.0,0,Fantasy,104872074.73271872
Opposite Sex,3.436499,96.0,4.5,2014.0,11.0,1.0,246.0,756.0,521.0,491.0,3.0,0,Comedy,4325814.564476884
Devil,7.094276,80.0,6.3,2010.0,1.0,273.0,66.0,2000.0,904.0,816.0,319.0,16000,Horror,14231482.821183527
Non-Stop,19.650229,106.0,6.9,2014.0,1.0,359.0,174.0,14000.0,664.0,660.0,384.0,24000,Action,65542630.76480133
The Amazing Spider-Man,31.102267,136.0,6.9,2012.0,6.0,599.0,464.0,15000.0,10000.0,963.0,1225.0,56000,Action,204951113.18482003
Battlefield Earth,5.276926,118.0,2.5,2000.0,5.0,174.0,64.0,743.0,117.0,41.0,1308.0,0,Action,79293520.16376355
Damnation Alley,2.217704,91.0,5.3,1977.0,9.0,41.0,22.0,669.0,642.0,255.0,71.0,903,Action,98058402.48698926
An Unfinished Life,7.761954,108.0,7.0,2005.0,9.0,107.0,529.0,11000.0,329.0,83.0,152.0,0,Drama,47669125.42396312
Blue Crush,6.455738,104.0,5.7,2002.0,8.0,69.0,134.0,585.0,495.0,64.0,216.0,0,Adventure,45053136.88850172
The Crow,15.799336,102.0,7.5,1994.0,5.0,118.0,295.0,720.0,581.0,380.0,545.0,15000,Fantasy,30543898.637795307
The East,6.53667,116.0,6.8,2013.0,5.0,200.0,129.0,10000.0,918.0,782.0,119.0,12000,Drama,8658762.058907872
Shanghai Knights,7.469778,115.0,6.2,2003.0,2.0,165.0,71.0,154.0,131.0,55.0,192.0,955,Action,79448541.70660533
Chi bi,11.867516,150.0,7.3,2008.0,7.0,160.0,610.0,755.0,643.0,478.0,105.0,0,Adventure,115799136.01437443
The House Bunny,9.920106,97.0,5.6,2008.0,8.0,129.0,29.0,15000.0,852.0,816.0,126.0,0,Romance,36033637.31719017
The Bank Job,8.732701,112.0,7.2,2008.0,2.0,222.0,79.0,26000.0,811.0,287.0,189.0,0,Thriller,28826910.053752203
While We're Young,9.42755,97.0,6.3,2015.0,4.0,270.0,387.0,6000.0,139.0,64.0,96.0,0,Comedy,13092985.89137912
Monster,7.189024,110.0,7.3,2003.0,11.0,185.0,260.0,9000.0,844.0,592.0,533.0,0,Crime,12711767.513056835
The Kid,15.045725,104.0,6.1,2000.0,7.0,86.0,226.0,13000.0,718.0,577.0,139.0,0,Fantasy,117138154.31010474
Scream 2,11.264845,120.0,6.3,1997.0,12.0,195.0,0.0,865.0,851.0,221.0,488.0,0,Horror,48870237.22047246
The Mothman Prophecies,8.50563,119.0,6.4,2002.0,1.0,166.0,89.0,650.0,537.0,395.0,460.0,0,Drama,57668014.93728228
The American,7.275649,104.0,6.3,2010.0,8.0,333.0,210.0,978.0,191.0,101.0,463.0,10000,Crime,28462964.64236707
The Count of Monte Cristo,10.765924,131.0,7.7,2002.0,1.0,138.0,58.0,15000.0,1000.0,720.0,544.0,0,Action,63074391.24390255
Cast Away,21.296343,143.0,7.8,2000.0,12.0,221.0,0.0,15000.0,410.0,272.0,1051.0,23000,Adventure,162191290.1986062
30 Days of Night,8.764548,113.0,6.6,2007.0,10.0,304.0,171.0,430.0,72.0,63.0,527.0,0,Horror,44900600.01033082
Big Fish,14.739983,125.0,8.0,2003.0,12.0,235.0,13000.0,12000.0,1000.0,883.0,816.0,26000,Adventure,111227957.98924713
Scream,13.326443,111.0,7.4,1996.0,12.0,242.0,0.0,611.0,422.0,157.0,869.0,11000,Crime,28507638.795275558
Killer Elite,8.046632,116.0,6.4,2011.0,9.0,189.0,5.0,26000.0,22000.0,748.0,157.0,17000,Action,91053646.65504381
Mirrormask,5.354783,101.0,6.7,2005.0,1.0,116.0,21.0,420.0,291.0,161.0,151.0,0,Fantasy,6355884.256528426
Boiler Room,8.518425,118.0,7.0,2000.0,2.0,132.0,46.0,14000.0,826.0,701.0,246.0,0,Crime,46855262.324041784
The Big Year,10.267905,100.0,6.2,2011.0,10.0,108.0,64.0,734.0,574.0,296.0,125.0,11000,Comedy,56563629.36146686
Nightcrawler,21.277073,117.0,7.8,2014.0,10.0,534.0,66.0,15000.0,241.0,85.0,552.0,65000,Crime,11142248.060016232
The Squid and the Whale,10.952762,81.0,7.3,2005.0,10.0,110.0,387.0,436.0,25.0,18.0,232.0,0,Comedy,2383457.221198158
Star Trek Into Darkness,15.78129,132.0,7.7,2013.0,5.0,590.0,14000.0,19000.0,981.0,928.0,1171.0,92000,Action,201992410.11825585
Mission: Impossible - Rogue Nation,17.836882,131.0,7.4,2015.0,7.0,465.0,188.0,10000.0,10000.0,641.0,440.0,47000,Action,196394774.3706868
The Yellow Handkerchief,3.919317,102.0,6.7,2008.0,12.0,60.0,4.0,17000.0,13000.0,882.0,36.0,1000,Drama,21620182.790314093
High Noon,16.715935,85.0,7.9,2052.0,3.0,153.0,160.0,998.0,575.0,433.0,333.0,3000,Western,730000.9999999985
88 Minutes,8.552967,108.0,5.9,2007.0,2.0,158.0,50.0,14000.0,975.0,494.0,262.0,0,Crime,44900600.01033082
Aladdin,16.357419,90.0,8.0,1992.0,11.0,124.0,63.0,49000.0,2000.0,631.0,244.0,0,Animation,66481470.01300692
Blue Valentine,11.107914,112.0,7.3,2010.0,12.0,377.0,310.0,33000.0,2000.0,616.0,283.0,25000,Drama,4981019.637414245
X-Men: First Class,0.738633,132.0,7.7,2011.0,5.0,500.0,905.0,34000.0,13000.0,1000.0,698.0,54000,Action,209192473.85246974
Death Becomes Her,11.017417,104.0,6.7,1992.0,7.0,49.0,0.0,13000.0,11000.0,812.0,173.0,8000,Fantasy,130588600.84697786
One Hour Photo,10.753445,96.0,6.8,2002.0,8.0,207.0,132.0,49000.0,989.0,933.0,605.0,0,Horror,21625506.226480868
Dumb and Dumber To,15.402597,110.0,5.6,2014.0,11.0,218.0,101.0,13000.0,899.0,839.0,285.0,55000,Comedy,52434104.81184108
You Kill Me,4.725299,90.0,6.4,2007.0,2.0,121.0,131.0,497.0,113.0,90.0,76.0,830,Comedy,5986747.534710755
Striptease,11.341502,115.0,4.6,1996.0,6.0,51.0,31.0,2000.0,472.0,210.0,118.0,877,Drama,101812993.12598431
Monster House,15.402378,91.0,6.7,2006.0,7.0,190.0,27.0,12000.0,970.0,925.0,229.0,0,Animation,115448661.71428563
Saw III,14.938035,108.0,6.2,2006.0,10.0,210.0,163.0,723.0,651.0,482.0,614.0,0,Horror,15393155.761904785
Think Like a Man,5.264551,122.0,6.5,2012.0,4.0,77.0,167.0,997.0,966.0,807.0,62.0,0,Comedy,16219553.775769394
Inglourious Basterds,16.89564,153.0,8.4,2009.0,8.0,486.0,16000.0,13000.0,11000.0,11000.0,1527.0,42000,Drama,101254423.31409976
Land of the Dead,9.478117,93.0,6.2,2005.0,6.0,252.0,0.0,654.0,529.0,233.0,662.0,0,Horror,23834563.211981535
The Vatican Tapes,5.149301,91.0,4.7,2015.0,7.0,93.0,83.0,3000.0,1000.0,794.0,53.0,0,Thriller,17020881.358792808
Babel,12.60853,143.0,7.5,2006.0,9.0,285.0,0.0,11000.0,119.0,51.0,908.0,0,Drama,38482887.90476197
Chasing Papi,1.251134,80.0,4.8,2003.0,4.0,32.0,17.0,591.0,579.0,571.0,41.0,419,Comedy,27012504.840245746
Stop-Loss,5.430566,113.0,6.4,2008.0,3.0,143.0,108.0,23000.0,17000.0,2000.0,99.0,982,Drama,36033637.31719017
The Boondock Saints II: All Saints Day,8.051448,118.0,6.2,2009.0,11.0,91.0,78.0,12000.0,3000.0,968.0,188.0,0,Action,11571934.978754237
The Devil Inside,5.747675,83.0,4.2,2012.0,1.0,225.0,19.0,403.0,169.0,128.0,290.0,12000,Thriller,1351630.3979807845
Lucy,36.447603,89.0,6.4,2014.0,7.0,433.0,0.0,19000.0,11000.0,903.0,918.0,83000,Action,52434104.81184108
The Other Side of Heaven,1.782377,113.0,6.2,2001.0,4.0,27.0,7.0,11000.0,43.0,35.0,85.0,650,Action,12614879.048780493
My Bloody Valentine,5.245883,101.0,5.4,2009.0,1.0,264.0,71.0,10000.0,960.0,725.0,268.0,0,Mystery,21697377.210164253
The Ballad of Cable Hogue,2.537955,121.0,7.2,2070.0,5.0,31.0,541.0,575.0,372.0,242.0,62.0,357,Action,3716946.999999998
Kiss Kiss Bang Bang,11.76054,103.0,7.5,2005.0,9.0,223.0,1000.0,21000.0,1000.0,611.0,336.0,0,Action,23834563.211981535
Torque,5.574983,84.0,4.1,2004.0,1.0,86.0,33.0,1000.0,1000.0,1000.0,207.0,0,Action,63558833.565284155
Mindhunters,7.600017,106.0,6.3,2004.0,5.0,127.0,212.0,1000.0,968.0,749.0,226.0,2000,Mystery,42902212.98156687
Man on Wire,8.359021,94.0,7.7,2008.0,7.0,194.0,120.0,41.0,27.0,0.0,134.0,0,Thriller,24502873.695689358
K-19: The Widowmaker,7.718723,138.0,6.7,2002.0,7.0,136.0,0.0,14000.0,602.0,123.0,278.0,0,Drama,180212544.5540067
Dune,9.261189,137.0,6.3,1984.0,12.0,144.0,0.0,913.0,362.0,202.0,569.0,11000,Action,115362826.27881029
Man of the Year,7.018483,115.0,6.2,2006.0,10.0,111.0,272.0,49000.0,2000.0,1000.0,236.0,0,Comedy,30786310.52380957
Narc,5.20644,105.0,7.1,2002.0,1.0,127.0,248.0,673.0,466.0,147.0,214.0,1000,Action,11713816.331010466
Lords of Dogtown,4.350049,107.0,7.1,2005.0,6.0,119.0,308.0,13000.0,947.0,872.0,194.0,5000,Drama,39724271.3533026
Insurgent,27.887186,119.0,6.2,2015.0,3.0,263.0,124.0,14000.0,5000.0,1000.0,258.0,27000,Adventure,144022834.80516985
Bad Moms,9.362056,100.0,6.2,2016.0,7.0,81.0,24.0,15000.0,1000.0,851.0,46.0,18000,Comedy,25859746.757415436
Bad Moms,9.362056,100.0,6.2,2016.0,7.0,81.0,24.0,15000.0,1000.0,851.0,46.0,18000,Comedy,25859746.757415436
Bad Moms,9.362056,100.0,6.2,2016.0,7.0,81.0,24.0,15000.0,1000.0,851.0,46.0,18000,Comedy,25859746.757415436
Bad Moms,9.362056,100.0,6.2,2016.0,7.0,81.0,24.0,15000.0,1000.0,851.0,46.0,18000,Comedy,25859746.757415436
Mortal Kombat: Annihilation,6.532498,95.0,3.6,1997.0,11.0,59.0,40.0,663.0,349.0,342.0,256.0,1000,Action,61087796.275590524
Spring Breakers,14.830235,94.0,5.3,2013.0,1.0,444.0,520.0,11000.0,892.0,192.0,561.0,25000,Drama,6660586.429929115
Basquiat,4.797674,108.0,6.9,1996.0,8.0,42.0,232.0,10000.0,721.0,353.0,78.0,0,Drama,6031506.502795264
Pinocchio,14.202284,88.0,7.5,2040.0,2.0,105.0,3.0,1000.0,48.0,40.0,147.0,0,Animation,2600000.9999999986
Tusk,6.820925,102.0,5.4,2014.0,9.0,254.0,0.0,40000.0,3000.0,387.0,261.0,20000,Comedy,3670388.2668288723
Grown Ups,23.981251,102.0,6.0,2010.0,6.0,179.0,221.0,12000.0,11000.0,4000.0,311.0,12000,Comedy,113851855.56946848
Curious George,12.602502,86.0,6.5,2006.0,2.0,87.0,5.0,8000.0,2000.0,1000.0,118.0,624,Adventure,76965774.80952428
Carriers,8.153954,84.0,6.0,2009.0,9.0,130.0,10.0,3000.0,552.0,394.0,119.0,0,Action,24590360.70485276
Who Killed the Electric Car?,8.570312,92.0,7.6,2006.0,8.0,87.0,2.0,783.0,659.0,5.0,155.0,0,Documentary,1539316.4761904764
From Paris with Love,6.885593,92.0,6.4,2010.0,2.0,203.0,180.0,211.0,135.0,75.0,211.0,0,Action,74003706.47015455
Buried,7.389437,94.0,7.0,2010.0,9.0,363.0,89.0,16000.0,517.0,263.0,447.0,24000,Drama,2828721.4841875504
Charlie and the Chocolate Factory,22.038405,115.0,6.7,2005.0,7.0,276.0,13000.0,40000.0,16000.0,588.0,1361.0,0,Adventure,238345623.11981454
Flubber,7.016942,93.0,5.3,1997.0,11.0,53.0,10.0,49000.0,570.0,159.0,64.0,0,Comedy,162900788.4015749
Gettysburg,6.588347,170.79708358548532,7.6,1993.0,10.0,22.0,33.0,854.0,702.0,251.0,256.0,0,War,34616418.32283458
The Secret Life of Bees,6.390463,114.0,7.2,2008.0,9.0,109.0,107.0,664.0,551.0,549.0,56.0,0,Adventure,15854800.979563674
Fled,3.906949,98.0,5.4,1996.0,7.0,36.0,114.0,4000.0,561.0,537.0,29.0,204,Action,50906497.06299219
Wild Wild West,9.887602,106.0,4.9,1999.0,6.0,85.0,188.0,10000.0,4000.0,582.0,648.0,0,Action,273261009.4260271
Trading Places,14.285052,116.0,7.5,1983.0,6.0,71.0,644.0,392.0,249.0,199.0,159.0,0,Comedy,117093268.657993
Everything You Always Wanted to Know About Sex *But Were Afraid to Ask,5.378481,88.0,6.7,2072.0,8.0,50.0,11000.0,11000.0,300.0,258.0,78.0,0,Comedy,2000001.0000000016
Get Hard,8.178015,100.0,6.0,2015.0,3.0,173.0,164.0,8000.0,2000.0,723.0,144.0,14000,Comedy,52371940.56551632
Legend,11.187833,131.0,6.9,2015.0,9.0,260.0,241.0,27000.0,154.0,151.0,174.0,43000,Crime,32732463.22844776
アキラ,10.888917,124.0,8.0,1988.0,7.0,150.0,78.0,6.0,5.0,4.0,430.0,0,Science Fiction,18994706.432287674
Night at the Museum: Secret of the Tomb,19.539436,97.0,6.2,2014.0,12.0,154.0,189.0,49000.0,3000.0,1000.0,126.0,11000,Adventure,166478280.6025955
Inside Out,23.985587,94.0,8.1,2015.0,6.0,536.0,0.0,1000.0,767.0,384.0,773.0,118000,Drama,198532366.40400696
The Adjustment Bureau,9.420301,106.0,7.0,2011.0,3.0,413.0,53.0,13000.0,963.0,593.0,407.0,36000,Science Fiction,69255955.72550336
Troy,15.387275,163.0,7.3,2004.0,5.0,220.0,249.0,11000.0,5000.0,844.0,1694.0,0,Adventure,240939814.88101152
Mallrats,8.25547,94.0,7.0,1995.0,10.0,93.0,0.0,1000.0,898.0,781.0,434.0,0,Romance,12217560.055118127
Superman IV: The Quest for Peace,7.990679,90.0,3.7,1987.0,7.0,94.0,22.0,1000.0,593.0,488.0,259.0,1000,Action,49029201.74349437
Raise Your Voice,4.387004,103.0,5.8,2004.0,8.0,46.0,80.0,1000.0,872.0,782.0,212.0,1000,Music,23834563.211981535
Baby Geniuses,7.707344,97.0,2.6,1999.0,3.0,45.0,84.0,899.0,842.0,782.0,168.0,0,Science Fiction,21625506.226480868
And When Did You Last See Your Father?,1.040302,92.0,6.8,2007.0,10.0,90.0,14.0,14000.0,1000.0,291.0,34.0,429,Drama,25443673.77252073
Escape from the Planet of the Apes,12.120267,98.0,6.3,2071.0,5.0,74.0,11.0,595.0,521.0,450.0,92.0,819,Action,2500000.9999999953
Eastern Promises,9.897909,100.0,7.6,2007.0,9.0,356.0,0.0,10000.0,6000.0,509.0,398.0,0,Thriller,77079362.63440102
Wicker Park,5.605652,114.0,6.9,2004.0,9.0,98.0,118.0,489.0,93.0,40.0,298.0,0,Drama,47669125.42396312
Wicker Park,5.605652,114.0,6.9,2004.0,9.0,98.0,118.0,489.0,93.0,40.0,298.0,0,Drama,47669125.42396312
Wicker Park,5.605652,114.0,6.9,2004.0,9.0,98.0,118.0,489.0,93.0,40.0,298.0,0,Drama,47669125.42396312
Wicker Park,5.605652,114.0,6.9,2004.0,9.0,98.0,118.0,489.0,93.0,40.0,298.0,0,Drama,47669125.42396312
The Runaways,19.42051,106.0,6.5,2010.0,3.0,259.0,50.0,17000.0,908.0,741.0,129.0,0,Drama,14231482.821183527
Showgirls,17.502375,128.0,5.1,1995.0,9.0,181.0,719.0,16000.0,893.0,683.0,450.0,0,Drama,91631693.91338573
The Great Gatsby,17.598936,143.0,7.2,2013.0,5.0,490.0,1000.0,29000.0,509.0,77.0,753.0,115000,Drama,139872295.02851155
The Great Gatsby,17.598936,143.0,7.2,2013.0,5.0,490.0,1000.0,29000.0,509.0,76.0,753.0,115000,Drama,139872295.02851155
The Great Gatsby,17.598936,143.0,7.2,2013.0,5.0,490.0,1000.0,29000.0,509.0,77.0,753.0,115000,Drama,139872295.02851155
The Great Gatsby,17.598936,143.0,7.2,2013.0,5.0,490.0,1000.0,29000.0,509.0,76.0,753.0,115000,Drama,139872295.02851155
Return of the Jedi,14.586087,135.0,8.3,1983.0,5.0,197.0,37.0,11000.0,1000.0,504.0,647.0,14000,Adventure,93299685.94423808
Death Race 2000,6.064898,80.0,6.2,1975.0,4.0,164.0,43.0,13000.0,926.0,668.0,147.0,0,Action,1730443.379182152
Mr. Deeds,6.674356,96.0,5.8,2002.0,6.0,117.0,65.0,12000.0,11000.0,828.0,309.0,0,Comedy,90106272.77700396
The Waterboy,9.461823,90.0,6.2,1998.0,11.0,108.0,153.0,11000.0,1000.0,427.0,300.0,0,Comedy,41448886.017421566
Last Holiday,5.53836,112.0,6.6,2006.0,1.0,99.0,61.0,1000.0,976.0,501.0,116.0,0,Adventure,69269197.42857134
Beastly,7.364563,86.0,5.5,2011.0,1.0,148.0,33.0,15000.0,976.0,583.0,129.0,16000,Drama,23453212.759632606
The Five-Year Engagement,12.84554,124.0,6.2,2012.0,4.0,232.0,89.0,2000.0,401.0,372.0,141.0,11000,Comedy,40548882.93942356
The Faculty,13.462253,104.0,6.6,1998.0,12.0,154.0,0.0,4000.0,4000.0,1000.0,502.0,0,Horror,27031882.533101045
The Princess and the Frog,16.616517,97.0,7.2,2009.0,12.0,228.0,63.0,852.0,578.0,525.0,214.0,5000,Romance,151881634.4711496
Deuce Bigalow: European Gigolo,5.341117,83.0,4.7,2005.0,8.0,98.0,2.0,591.0,489.0,137.0,166.0,887,Comedy,34957358.910906315
xXx,12.722381,124.0,5.8,2002.0,8.0,191.0,357.0,14000.0,223.0,212.0,737.0,10000,Action,126148781.48780474
How to Train Your Dragon,14.416681,98.0,8.1,2010.0,3.0,288.0,255.0,18000.0,953.0,759.0,492.0,33000,Fantasy,215795694.08325154
Chicken Little,18.584609,81.0,5.7,2005.0,11.0,161.0,10.0,925.0,729.0,397.0,251.0,912,Animation,238345623.11981454
The Shaggy Dog,4.878907,98.0,4.4,2006.0,3.0,76.0,48.0,21000.0,936.0,722.0,83.0,747,Comedy,76965774.80952428
The Land Before Time,13.631352,69.0,7.4,1988.0,11.0,24.0,383.0,912.0,320.0,191.0,133.0,5000,Animation,29204360.602142334
Le fabuleux destin d'Amélie Poulain,12.879381,122.0,8.3,2001.0,4.0,242.0,0.0,326.0,326.0,54.0,1314.0,39000,Comedy,18021255.355400726
Brave,15.876341,93.0,7.1,2012.0,6.0,488.0,56.0,2000.0,1000.0,838.0,428.0,39000,Animation,204951113.18482003
The Switch,5.695408,101.0,6.1,2010.0,5.0,181.0,8.0,544.0,449.0,110.0,120.0,0,Comedy,27039816.460248735
There Will Be Blood,8.200627,158.0,8.2,2007.0,12.0,398.0,0.0,272.0,111.0,104.0,1107.0,16000,Drama,37417166.841942295
Goosebumps,12.365292,103.0,6.3,2015.0,8.0,218.0,11.0,2000.0,1000.0,543.0,154.0,35000,Adventure,75939313.36999904
Goosebumps,12.365292,103.0,6.3,2015.0,8.0,218.0,11.0,2000.0,1000.0,543.0,154.0,35000,Adventure,75939313.36999904
Goosebumps,12.365292,103.0,6.3,2015.0,8.0,218.0,11.0,2000.0,1000.0,543.0,154.0,35000,Adventure,75939313.36999904
Goosebumps,12.365292,103.0,6.3,2015.0,8.0,218.0,11.0,2000.0,1000.0,543.0,154.0,35000,Adventure,75939313.36999904
Tears of the Sun,10.614987,121.0,6.6,2003.0,3.0,89.0,845.0,13000.0,1000.0,787.0,394.0,0,Action,111227957.98924713
The Muppet Christmas Carol,14.630571,85.0,7.8,1992.0,12.0,75.0,53.0,227.0,94.0,84.0,147.0,0,Comedy,40363750.04361132
Napoleon Dynamite,10.287419,95.0,7.0,2004.0,6.0,220.0,100.0,970.0,759.0,482.0,1473.0,0,Comedy,635589.3256528408
Easy A,15.138144,92.0,7.0,2010.0,9.0,262.0,87.0,15000.0,1000.0,424.0,264.0,19000,Comedy,11385186.456946844
Haywire,9.574817,93.0,5.8,2011.0,11.0,394.0,0.0,17000.0,13000.0,947.0,397.0,0,Action,31730816.91009119
New Nightmare,9.860522,112.0,6.4,1994.0,10.0,109.0,0.0,969.0,449.0,112.0,271.0,0,Horror,28507638.795275558
Raiders of the Lost Ark,19.901576,115.0,8.4,1981.0,6.0,234.0,14000.0,11000.0,783.0,488.0,771.0,16000,Adventure,67789661.19417483
Blade,15.043454,120.0,7.1,1998.0,8.0,184.0,45.0,886.0,650.0,595.0,582.0,0,Horror,81095645.59930305
The Mummy Returns,16.945657,130.0,6.4,2001.0,4.0,202.0,208.0,12000.0,3000.0,591.0,890.0,0,Adventure,176608293.68292677
Cop Land,9.15931,104.0,7.0,1997.0,8.0,131.0,446.0,22000.0,13000.0,1000.0,207.0,2000,Action,30543898.637795307
Going the Distance,6.876053,102.0,6.3,2010.0,9.0,167.0,8.0,839.0,730.0,472.0,113.0,0,Comedy,45540742.82778731
Solomon and Sheba,1.739898,139.0,6.1,2059.0,12.0,14.0,54.0,746.0,333.0,70.0,33.0,270,Drama,5000000.999999999
Open Range,16.532577,139.0,7.4,2003.0,8.0,153.0,0.0,3000.0,693.0,648.0,494.0,0,Western,34957358.910906315
Romeo + Juliet,11.774061,120.0,6.7,1996.0,10.0,106.0,1000.0,29000.0,1000.0,954.0,506.0,10000,Drama,29525768.71653539
A Good Year,7.82187,118.0,6.9,2006.0,9.0,147.0,0.0,883.0,883.0,567.0,196.0,9000,Comedy,53876042.66666671
The SpongeBob SquarePants Movie,11.213712,87.0,7.2,2004.0,11.0,89.0,47.0,19000.0,542.0,217.0,186.0,0,Animation,47669125.42396312
Tank Girl,7.602087,98.0,5.4,1995.0,3.0,60.0,54.0,6000.0,923.0,919.0,173.0,0,Action,50906497.06299219
Funny Ha Ha,1.147626,85.0,6.4,2002.0,9.0,43.0,26.0,26.0,6.0,3.0,61.0,108,Drama,30636133.404181138
The Taking of Pelham 1 2 3,15.09911,106.0,6.4,2009.0,6.0,267.0,12000.0,18000.0,464.0,385.0,285.0,0,Thriller,144649175.73442835
Les triplettes de Belleville,8.35586,80.0,7.7,2003.0,6.0,167.0,162.0,23.0,6.0,0.0,312.0,0,Adventure,12711767.513056835
Poetic Justice,6.972599,109.0,6.1,1993.0,7.0,12.0,309.0,592.0,556.0,279.0,31.0,0,Drama,28507638.795275558
Cloudy with a Chance of Meatballs 2,14.412061,95.0,6.3,2013.0,9.0,169.0,18.0,622.0,161.0,18.0,85.0,15000,Animation,103905133.70689468
Sex Tape,27.470696,97.0,5.1,2014.0,7.0,201.0,52.0,683.0,392.0,214.0,158.0,0,Comedy,52434104.81184108
She Done Him Wrong,1.840758,66.0,6.3,2033.0,2.0,35.0,16.0,418.0,85.0,28.0,59.0,328,Comedy,200000.99999999997
Vanity Fair,6.614456,141.0,6.2,2004.0,9.0,118.0,300.0,805.0,539.0,73.0,148.0,767,Drama,36546329.725038394
괴물,9.386916,119.0,7.1,2006.0,7.0,363.0,584.0,629.0,398.0,74.0,279.0,7000,Horror,16932471.238095243
The Imitation Game,31.59594,113.0,8.0,2014.0,11.0,454.0,77.0,19000.0,393.0,305.0,608.0,165000,History,18351937.334144365
The Wedding Planner,8.056016,103.0,5.4,2001.0,1.0,108.0,163.0,11000.0,2000.0,968.0,229.0,0,Comedy,63074391.24390255
Little Man,7.067602,98.0,4.5,2006.0,8.0,78.0,322.0,979.0,862.0,723.0,187.0,0,Comedy,98516191.47619054
Queen of the Damned,8.436243,101.0,5.3,2002.0,2.0,137.0,48.0,775.0,541.0,531.0,695.0,0,Drama,63074391.24390255
A Most Wanted Man,10.432407,121.0,6.7,2014.0,7.0,291.0,210.0,22000.0,164.0,123.0,158.0,13000,Thriller,19662789.92944038
"It's a Mad, Mad, Mad, Mad World",13.266545,163.0,7.5,2063.0,11.0,61.0,176.0,924.0,898.0,760.0,344.0,0,Action,9400001.000000015
The Beach,14.430311,119.0,6.6,2000.0,2.0,118.0,0.0,29000.0,414.0,39.0,548.0,0,Drama,72085018.42160277
Because of Winn-Dixie,6.067722,106.0,6.4,2005.0,2.0,96.0,61.0,907.0,807.0,649.0,88.0,1000,Comedy,22245592.397849444
Cheaper by the Dozen,7.364297,98.0,5.9,2003.0,12.0,104.0,189.0,3000.0,2000.0,597.0,288.0,0,Comedy,63558833.565284155
The Wizard of Oz,22.064932,102.0,8.1,2039.0,8.0,213.0,149.0,695.0,421.0,357.0,533.0,14000,Adventure,2777000.999999999
The Railway Man,6.099421,116.0,7.1,2013.0,12.0,186.0,6.0,25000.0,14000.0,212.0,119.0,18000,Drama,23978108.547744837
The Andromeda Strain,11.081253,131.0,7.2,2071.0,3.0,57.0,338.0,116.0,112.0,45.0,171.0,0,Science Fiction,6500000.999999999
"McFarland, USA",6.894606,128.0,7.4,2015.0,2.0,113.0,51.0,427.0,234.0,89.0,83.0,21000,Drama,22258075.31534443
The Texas Chain Saw Massacre,15.526413,83.0,7.4,2074.0,10.0,277.0,365.0,383.0,371.0,177.0,826.0,0,Horror,85000.99999999996
The Texas Chain Saw Massacre,15.526413,83.0,7.4,2074.0,10.0,277.0,365.0,383.0,371.0,177.0,826.0,0,Horror,85000.99999999996
The Texas Chain Saw Massacre,15.526413,83.0,7.4,2074.0,10.0,277.0,365.0,383.0,371.0,177.0,826.0,0,Horror,85000.99999999996
The Texas Chain Saw Massacre,15.526413,83.0,7.4,2074.0,10.0,277.0,365.0,383.0,371.0,177.0,826.0,0,Horror,85000.99999999996
Law Abiding Citizen,16.639047,109.0,7.4,2009.0,10.0,216.0,473.0,18000.0,1000.0,963.0,429.0,21000,Drama,76664063.60924688
EverAfter,13.309701,121.0,7.1,1998.0,7.0,92.0,72.0,1000.0,794.0,343.0,345.0,0,Drama,46855262.324041784
Ender's Game,12.500305,114.0,6.6,2013.0,10.0,326.0,151.0,11000.0,635.0,430.0,554.0,123000,Science Fiction,146532880.458441
Hoodwinked!,6.398984,80.0,6.5,2005.0,12.0,142.0,19.0,11000.0,979.0,854.0,247.0,0,Animation,23834563.211981535
Red Dragon,2.968157,124.0,7.2,2002.0,9.0,210.0,420.0,22000.0,12000.0,876.0,764.0,0,Crime,140565784.97212604
Saw VI,17.360894,90.0,6.0,2009.0,10.0,156.0,52.0,723.0,651.0,647.0,194.0,0,Horror,15911410.220787082
The Emperor's New Groove,12.297375,78.0,7.4,2000.0,12.0,141.0,10.0,558.0,452.0,253.0,297.0,0,Adventure,180212544.5540067
Sky Captain and the World of Tomorrow,9.64113,107.0,6.1,2004.0,9.0,197.0,14.0,11000.0,1000.0,582.0,618.0,0,Mystery,111227957.98924713
The Debt,8.426611,113.0,6.8,2010.0,4.0,258.0,108.0,1000.0,100.0,22.0,165.0,0,Drama,28462964.64236707
Remember the Titans,6.587726,113.0,7.8,2000.0,9.0,157.0,132.0,33000.0,18000.0,1000.0,402.0,0,Drama,54063764.06620214
End of Days,9.62371,121.0,5.8,1999.0,11.0,174.0,0.0,1000.0,1000.0,595.0,524.0,2000,Action,180212544.5540067
The Funeral,2.772039,99.0,6.6,1996.0,1.0,48.0,220.0,812.0,787.0,599.0,48.0,344,Crime,25453249.031496104
Amour,7.663947,127.0,7.9,2012.0,7.0,447.0,0.0,678.0,432.0,319.0,190.0,33000,Drama,12029502.64202897
Capitalism: A Love Story,6.032166,120.0,7.4,2009.0,9.0,222.0,909.0,1000.0,909.0,173.0,188.0,10000,Documentary,28929835.94688567
Unforgiven,10.942149,131.0,8.2,1992.0,8.0,131.0,16000.0,16000.0,11000.0,638.0,495.0,10000,Western,33240735.5065035
Bowling for Columbine,11.393859,120.0,8.0,2002.0,10.0,215.0,909.0,909.0,504.0,184.0,888.0,4000,Documentary,7208502.742160275
The Good Girl,4.388338,93.0,6.4,2002.0,1.0,107.0,44.0,15000.0,11000.0,596.0,298.0,938,Drama,14417004.48432056
Abandon,3.485213,99.0,4.8,2002.0,10.0,72.0,79.0,16000.0,11000.0,956.0,157.0,261,Drama,45053136.88850172
Ladder 49,7.650411,115.0,6.5,2004.0,10.0,125.0,13.0,2000.0,1000.0,579.0,323.0,0,Drama,95338249.84792624
Kill Bill: Vol. 2,21.533072,136.0,8.0,2004.0,4.0,304.0,16000.0,890.0,387.0,348.0,935.0,0,Action,47669125.42396312
The Adventures of Ford Fairlane,3.834949,104.0,6.4,1990.0,7.0,48.0,212.0,879.0,560.0,380.0,113.0,2000,Action,116342571.77276216
七人の侍,15.01777,170.79708358548532,8.6,2054.0,4.0,153.0,0.0,304.0,8.0,4.0,596.0,11000,Action,2000001.0000000016
Couples Retreat,15.152577,113.0,5.5,2009.0,9.0,166.0,0.0,4000.0,722.0,721.0,144.0,0,Comedy,101254423.31409976
Stuart Little 2,9.274909,78.0,5.5,2002.0,7.0,71.0,50.0,886.0,799.0,537.0,69.0,459,Family,216255053.26480854
Men in Black 3,10.684385,106.0,6.8,2012.0,5.0,451.0,188.0,10000.0,816.0,718.0,341.0,40000,Action,204951113.18482003
From Russia with Love,12.536729,115.0,7.3,2063.0,10.0,167.0,92.0,559.0,201.0,177.0,358.0,0,Action,2000001.0000000016
The Full Monty,8.333322,91.0,7.2,1997.0,8.0,122.0,11.0,1000.0,891.0,121.0,174.0,0,Comedy,7126910.448818898
The Full Monty,8.333322,91.0,7.2,1997.0,8.0,122.0,11.0,1000.0,891.0,121.0,174.0,0,Comedy,7126910.448818898
The Full Monty,8.333322,91.0,7.2,1997.0,8.0,122.0,11.0,1000.0,891.0,121.0,174.0,0,Comedy,7126910.448818898
The Full Monty,8.333322,91.0,7.2,1997.0,8.0,122.0,11.0,1000.0,891.0,121.0,174.0,0,Comedy,7126910.448818898
The Crazies,10.914556,101.0,6.5,2010.0,2.0,308.0,42.0,991.0,894.0,219.0,251.0,0,Mystery,28462964.64236707
Daddy's Home,8.009226,96.0,6.2,2015.0,12.0,145.0,51.0,8000.0,2000.0,322.0,130.0,13000,Comedy,65464925.45689547
Monkeybone,8.893957,93.0,4.8,2001.0,2.0,74.0,253.0,3000.0,889.0,637.0,171.0,683,Adventure,135159408.66550505
Finding Nemo,25.497794,100.0,8.2,2003.0,5.0,301.0,475.0,1000.0,939.0,799.0,866.0,11000,Animation,149363257.5284181
My Cousin Vinny,7.922216,120.0,7.6,1992.0,3.0,54.0,36.0,886.0,655.0,633.0,201.0,7000,Comedy,26117720.96939561
Blue Streak,6.229424,93.0,6.4,1999.0,9.0,40.0,10.0,789.0,744.0,405.0,144.0,0,Action,117138154.31010474
The Prophecy,10.187623,98.0,6.4,1995.0,9.0,56.0,10.0,10000.0,1000.0,912.0,194.0,0,Fantasy,17.290078740157476
Reindeer Games,12.11759,124.0,5.8,2000.0,2.0,126.0,287.0,9000.0,1000.0,475.0,212.0,852,Thriller,75689269.29268296
Metallica: Through the Never,5.229975,93.0,7.1,2013.0,9.0,103.0,190.0,364.0,253.0,151.0,56.0,19000,Music,23978108.547744837
The Egyptian,10.374608,139.0,6.5,2054.0,8.0,15.0,345.0,535.0,440.0,422.0,67.0,376,History,5000000.999999999
Zack and Miri Make a Porno,6.449332,102.0,6.5,2008.0,9.0,247.0,0.0,218.0,216.0,92.0,243.0,0,Comedy,34592291.864502594
Entrapment,10.62333,112.0,6.3,1999.0,4.0,138.0,36.0,537.0,427.0,232.0,274.0,0,Romance,118940279.74564473
Under the Tuscan Sun,8.508008,113.0,6.7,2003.0,4.0,111.0,22.0,727.0,171.0,148.0,317.0,0,Romance,28601475.65437784
The English Patient,15.564161,162.0,7.4,1996.0,11.0,116.0,333.0,14000.0,1000.0,362.0,457.0,0,Drama,54979016.74803154
Water,2.135874,115.0,7.6,2005.0,9.0,91.0,375.0,1000.0,329.0,31.0,147.0,0,Drama,27012504.840245746
Friday After Next,5.794821,85.0,5.8,2002.0,11.0,26.0,7.0,723.0,706.0,615.0,66.0,981,Comedy,36042509.71080134
Barnyard,6.984949,90.0,5.6,2006.0,8.0,98.0,176.0,677.0,560.0,523.0,155.0,605,Animation,78505090.28571413
Soul Surfer,11.009053,106.0,7.0,2011.0,4.0,110.0,80.0,2000.0,795.0,723.0,114.0,15000,Family,24832813.451375734
The Talented Mr. Ripley,11.65502,139.0,7.4,1999.0,12.0,203.0,333.0,22000.0,13000.0,1000.0,696.0,0,Thriller,72085018.42160277
That Awkward Moment,8.060403,94.0,6.1,2014.0,1.0,164.0,19.0,363.0,342.0,117.0,100.0,0,Comedy,10486821.762368223
Star Trek II: The Wrath of Khan,7.160236,113.0,7.7,1982.0,6.0,148.0,120.0,12000.0,980.0,664.0,359.0,0,Action,45193107.796116464
Valentine's Day,7.466721,125.0,5.7,2010.0,2.0,186.0,0.0,14000.0,12000.0,11000.0,211.0,9000,Comedy,74003706.47015455
Exodus: Gods and Kings,16.320249,150.0,6.0,2014.0,12.0,314.0,0.0,23000.0,893.0,748.0,657.0,51000,Adventure,183519364.34144396
Exodus: Gods and Kings,16.320249,150.0,6.0,2014.0,12.0,314.0,0.0,23000.0,892.0,748.0,657.0,51000,Adventure,183519364.34144396
Exodus: Gods and Kings,16.320249,150.0,6.0,2014.0,12.0,314.0,0.0,23000.0,893.0,748.0,657.0,51000,Adventure,183519364.34144396
Exodus: Gods and Kings,16.320249,150.0,6.0,2014.0,12.0,314.0,0.0,23000.0,892.0,748.0,657.0,51000,Adventure,183519364.34144396
Dredd,12.1524,95.0,7.1,2012.0,9.0,432.0,38.0,409.0,107.0,20.0,588.0,46000,Action,67581470.89903924
Dredd,12.1524,95.0,7.1,2012.0,9.0,432.0,38.0,409.0,107.0,20.0,588.0,46000,Action,67581470.89903924
Dredd,12.1524,95.0,7.1,2012.0,9.0,432.0,38.0,409.0,107.0,20.0,588.0,46000,Action,67581470.89903924
Dredd,12.1524,95.0,7.1,2012.0,9.0,432.0,38.0,409.0,107.0,20.0,588.0,46000,Action,67581470.89903924
Six-String Samurai,2.740989,91.0,6.4,1998.0,9.0,51.0,4.0,33.0,3.0,0.0,102.0,0,Action,3604251.871080146
2 Guns,13.336512,109.0,6.7,2013.0,8.0,265.0,175.0,18000.0,497.0,459.0,172.0,22000,Action,81259143.24513549
Hotel for Dogs,6.317992,100.0,5.5,2009.0,1.0,107.0,87.0,3000.0,576.0,446.0,57.0,1000,Comedy,50627212.15704991
Bee Movie,8.774374,91.0,6.1,2007.0,10.0,194.0,58.0,2000.0,852.0,826.0,206.0,0,Family,224502996.05165422
5 Days of War,3.174512,113.0,5.6,2011.0,4.0,74.0,212.0,567.0,111.0,18.0,61.0,0,War,27592014.834861893
Turbo,8.979753,96.0,6.4,2013.0,7.0,166.0,13.0,16000.0,881.0,463.0,90.0,13000,Animation,179835807.60808676
Dawn of the Dead,13.157873,101.0,7.2,2004.0,3.0,287.0,0.0,3000.0,2000.0,1000.0,1057.0,7000,Fantasy,44491183.79569892
Dawn of the Dead,13.157873,101.0,7.2,2004.0,3.0,287.0,0.0,3000.0,2000.0,1000.0,1057.0,7000,Fantasy,44491183.79569892
Dawn of the Dead,13.157873,101.0,7.2,2004.0,3.0,287.0,0.0,3000.0,2000.0,1000.0,1057.0,7000,Fantasy,44491183.79569892
Dawn of the Dead,13.157873,101.0,7.2,2004.0,3.0,287.0,0.0,3000.0,2000.0,1000.0,1057.0,7000,Fantasy,44491183.79569892
Invaders from Mars,3.580884,100.0,5.5,1986.0,1.0,52.0,365.0,425.0,394.0,225.0,64.0,902,Mystery,34608848.583643146
"O Brother, Where Art Thou?",12.434175,106.0,7.7,2000.0,8.0,197.0,0.0,1000.0,596.0,577.0,862.0,16000,Action,46855262.324041784
Room,12.443291,117.0,8.1,2015.0,10.0,421.0,412.0,805.0,681.0,491.0,351.0,72000,Drama,7855791.934827467
Quartet,6.93228,98.0,6.8,2012.0,9.0,175.0,0.0,358.0,156.0,123.0,126.0,13000,Drama,14867924.377788614
Spellbound,5.47596,111.0,7.5,2045.0,12.0,97.0,13000.0,472.0,239.0,82.0,161.0,0,Drama,1500000.9999999986
Cruel Intentions,8.181065,97.0,6.8,1999.0,3.0,101.0,16.0,4000.0,656.0,637.0,749.0,0,Drama,18922318.073170736
Brown Sugar,3.142874,109.0,6.5,2002.0,10.0,37.0,44.0,1000.0,886.0,458.0,60.0,0,Comedy,14417004.48432056
City of Ember,8.061467,90.0,6.4,2008.0,10.0,118.0,27.0,13000.0,2000.0,260.0,102.0,0,Adventure,79274000.89781839
Sausage Party,17.56963,83.0,6.1,2016.0,7.0,65.0,5.0,11000.0,4000.0,365.0,14.0,13000,Adventure,24566759.469544657
英雄,9.861765,99.0,7.9,2002.0,12.0,283.0,611.0,5000.0,643.0,576.0,841.0,0,Drama,55865889.50174221
英雄,9.861765,99.0,7.9,2002.0,12.0,283.0,611.0,5000.0,643.0,576.0,841.0,0,Drama,55865889.50174221
英雄,9.861765,99.0,7.9,2002.0,12.0,283.0,611.0,5000.0,643.0,576.0,841.0,0,Drama,55865889.50174221
英雄,9.861765,99.0,7.9,2002.0,12.0,283.0,611.0,5000.0,643.0,576.0,841.0,0,Drama,55865889.50174221
I Origins,11.901185,106.0,7.3,2014.0,7.0,140.0,135.0,7000.0,71.0,11.0,160.0,32000,Science Fiction,22284495.120032437
The Broadway Melody,0.758012,100.0,5.5,2029.0,2.0,36.0,4.0,77.0,28.0,4.0,71.0,167,Drama,379001.0000000002
Pirates of the Caribbean: Dead Man's Chest,29.455314,151.0,7.4,2006.0,6.0,313.0,563.0,40000.0,5000.0,1000.0,1832.0,5000,Adventure,233410445.69722995
GoodFellas,15.424092,145.0,8.7,1990.0,9.0,192.0,17000.0,22000.0,854.0,635.0,989.0,25000,Drama,59358455.47589896
Despicable Me 2,24.82355,98.0,7.3,2013.0,6.0,306.0,275.0,7000.0,2000.0,1000.0,284.0,56000,Animation,101240899.53492314
50/50,11.869481,100.0,7.6,2011.0,9.0,327.0,129.0,23000.0,10000.0,3000.0,378.0,40000,Comedy,11036806.533944756
Confessions of a Teenage Drama Queen,7.423275,89.0,4.7,2004.0,2.0,74.0,10.0,811.0,636.0,231.0,105.0,810,Comedy,23834563.211981535
Mary Reilly,12.866139,104.0,5.8,1996.0,2.0,46.0,350.0,8000.0,115.0,77.0,97.0,616,Drama,95704213.59842543
Chéri,4.164362,86.0,6.1,2009.0,2.0,155.0,350.0,201.0,123.0,30.0,43.0,0,Drama,33269311.188918404
College,10.36168,94.0,4.6,2008.0,8.0,42.0,0.0,1000.0,1000.0,664.0,78.0,422,Comedy,10089419.168813266
The Work and the Glory II: American Zion,0.797014,100.0,6.2,2005.0,10.0,4.0,0.0,1000.0,373.0,266.0,21.0,19,Drama,10328311.291858695
The Tailor of Panama,6.226933,109.0,6.1,2001.0,2.0,104.0,128.0,11000.0,2000.0,1000.0,213.0,813,Drama,37844635.14634145
Meek's Cutoff,4.725763,104.0,6.5,2010.0,9.0,200.0,129.0,991.0,962.0,887.0,98.0,0,Drama,24193520.09601201
The Apparition,7.683008,82.0,4.1,2012.0,8.0,145.0,57.0,465.0,152.0,62.0,108.0,0,Horror,22977700.765673336
The In Crowd,1.991904,105.0,4.7,2000.0,7.0,49.0,52.0,477.0,397.0,275.0,85.0,157,Thriller,27031882.533101045
Black Rain,6.973408,125.0,6.6,1989.0,9.0,63.0,0.0,939.0,255.0,237.0,119.0,0,Action,71230146.37107888
Scooby-Doo,8.592826,88.0,5.3,2002.0,6.0,138.0,67.0,4000.0,2000.0,271.0,521.0,0,Mystery,151378537.58536696
Fool's Gold,9.4548,112.0,5.7,2008.0,2.0,176.0,72.0,11000.0,1000.0,715.0,138.0,0,Romance,100894182.68813252
Flawless,8.608461,112.0,6.4,1999.0,11.0,78.0,541.0,22000.0,22000.0,638.0,105.0,0,Comedy,30636133.404181138
The Campaign,7.581463,85.0,6.1,2012.0,8.0,255.0,116.0,8000.0,331.0,329.0,177.0,18000,Comedy,22977700.765673336
Captain America: Civil War,45.17727282093515,147.0,7.8,2016.0,4.0,516.0,94.0,21000.0,19000.0,11000.0,1022.0,72000,Adventure,196059056.15656462
Naturally Native,0.101618,107.0,6.4,1999.0,10.0,2.0,0.0,752.0,282.0,236.0,6.0,102,Drama,1261488.8048780516
Ice Age: Continental Drift,13.26958,88.0,6.5,2012.0,6.0,233.0,20.0,22000.0,1000.0,916.0,139.0,14000,Animation,128404793.80817543
Kung Fu Panda 2,11.481921,91.0,7.3,2011.0,5.0,284.0,90.0,11000.0,10000.0,15.0,209.0,20000,Animation,206940104.76146483
Munich,9.668761,164.0,7.5,2005.0,12.0,298.0,14000.0,745.0,486.0,412.0,824.0,0,Drama,111227957.98924713
Singin' in the Rain,11.064858,103.0,8.3,2052.0,4.0,169.0,134.0,804.0,786.0,390.0,568.0,0,Comedy,2540801.000000006
Femme Fatale,6.426438,114.0,6.2,2002.0,11.0,149.0,0.0,548.0,298.0,115.0,232.0,675,Thriller,63074391.24390255
Catch That Kid,5.226389,92.0,5.2,2004.0,2.0,54.0,38.0,17000.0,632.0,362.0,49.0,591,Family,28601475.65437784
The Mighty Ducks,6.113646,101.0,6.6,1992.0,10.0,22.0,65.0,633.0,613.0,577.0,46.0,0,Comedy,23743382.79035959
Open Season,11.744242,83.0,6.1,2006.0,9.0,107.0,28.0,4000.0,650.0,624.0,100.0,863,Adventure,130841816.47619155
The X Files,12.311615,121.0,7.0,1998.0,6.0,142.0,38.0,940.0,826.0,745.0,297.0,0,Mystery,118940279.74564473
The Dead Zone,11.194448,103.0,7.2,1983.0,10.0,112.0,0.0,1000.0,278.0,275.0,182.0,0,Horror,28840707.319702614
Head Over Heels,5.594987,86.0,5.4,2001.0,2.0,61.0,70.0,878.0,834.0,169.0,104.0,613,Comedy,25229757.09756101
The Man from U.N.C.L.E.,14.656875,116.0,7.2,2015.0,8.0,362.0,0.0,15000.0,509.0,104.0,360.0,43000,Comedy,98197387.68534318
Point Blank,5.352165,92.0,7.3,2067.0,8.0,87.0,128.0,756.0,754.0,480.0,128.0,3000,Action,2500000.9999999953
Horrible Bosses 2,20.903362,108.0,6.3,2014.0,11.0,196.0,51.0,18000.0,11000.0,465.0,187.0,12000,Comedy,55055810.00243313
Pat Garrett & Billy the Kid,5.781236,106.0,7.2,2073.0,5.0,54.0,541.0,773.0,476.0,372.0,106.0,0,Western,4638783.999999999
The Proposition,9.387212,104.0,7.3,2005.0,10.0,168.0,214.0,1000.0,509.0,430.0,232.0,0,Action,3177942.6282642023
Friday the 13th Part VII: The New Blood,7.909022,88.0,5.2,1988.0,5.0,110.0,152.0,935.0,448.0,181.0,270.0,0,Horror,6648147.901300697
Prison,11.582419,102.0,5.8,1988.0,3.0,68.0,212.0,10000.0,633.0,195.0,38.0,314,Crime,3086640.6327467505
Defendor,5.600277,101.0,6.7,2009.0,9.0,78.0,89.0,963.0,654.0,388.0,90.0,0,Drama,5062722.115704996
The Blues Brothers,10.076901,133.0,7.9,1980.0,6.0,125.0,644.0,1000.0,809.0,326.0,319.0,14000,Music,101684491.29126234
Margin Call,8.340757,107.0,7.1,2011.0,9.0,290.0,78.0,18000.0,2000.0,969.0,225.0,21000,Thriller,4828603.421100831
Boys and Girls,10.070988,94.0,5.4,2000.0,6.0,67.0,7.0,3000.0,240.0,95.0,134.0,487,Comedy,28834007.968641106
Another Happy Day,3.496577,119.0,6.0,2011.0,11.0,46.0,8.0,3000.0,3000.0,2000.0,42.0,798,Comedy,5518403.766972381
The Last Waltz,2.969857,117.0,8.1,1978.0,5.0,71.0,17000.0,725.0,572.0,476.0,113.0,0,Documentary,64023568.96116502
Star Trek: First Contact,8.808497,111.0,7.6,1996.0,11.0,143.0,906.0,1000.0,1000.0,906.0,286.0,3000,Science Fiction,93667953.75590624
Ella Enchanted,11.316988,96.0,6.3,2004.0,4.0,89.0,13.0,11000.0,1000.0,973.0,244.0,0,Family,49258096.2380953
Sunshine,12.715571,107.0,7.2,2007.0,4.0,308.0,0.0,11000.0,372.0,167.0,801.0,15000,Science Fiction,74834332.6838842
Once,10.357064,85.0,7.8,2007.0,3.0,232.0,109.0,200.0,96.0,18.0,329.0,26000,Drama,239470.86138843067
Code Name: The Cleaner,11.107148,84.0,4.6,2007.0,1.0,53.0,10.0,716.0,537.0,436.0,26.0,233,Action,29933733.673553865
Centurion,13.00941,97.0,6.3,2010.0,2.0,195.0,197.0,13000.0,794.0,570.0,201.0,0,Adventure,17077779.185420267
Annie Get Your Gun,2.090588,107.0,6.9,2050.0,5.0,21.0,24.0,277.0,244.0,83.0,90.0,456,Action,3768785.9999999986
Les Invasions barbares,4.125182,99.0,7.5,2003.0,5.0,135.0,66.0,150.0,28.0,21.0,166.0,0,Comedy,12711767.513056835
Fun Size,6.891823,87.0,5.4,2012.0,10.0,77.0,90.0,962.0,925.0,635.0,32.0,0,Comedy,18922812.571730956
Premonition,10.163764,96.0,5.9,2007.0,2.0,184.0,9.0,826.0,626.0,107.0,337.0,0,Thriller,29933733.673553865
Outside Providence,3.10924,96.0,6.4,1999.0,8.0,72.0,30.0,761.0,412.0,407.0,100.0,0,Romance,12614879.048780493
The 6th Day,8.41311,123.0,5.9,2000.0,11.0,170.0,55.0,3000.0,975.0,956.0,289.0,0,Science Fiction,147774286.7142854
Semi-Pro,6.733237,91.0,5.8,2008.0,2.0,164.0,3.0,8000.0,509.0,490.0,119.0,0,Comedy,24502873.695689358
Lucky You,5.731132,124.0,5.9,2007.0,5.0,106.0,161.0,21000.0,3000.0,681.0,63.0,672,Drama,25443673.77252073
Slackers,8.559189,86.0,5.3,2002.0,2.0,66.0,4.0,960.0,448.0,424.0,107.0,405,Comedy,25229757.09756101
Stuck on You,6.96675,118.0,5.8,2003.0,12.0,123.0,101.0,13000.0,390.0,327.0,154.0,0,Comedy,87393395.77726595
The Day the Earth Stood Still,9.265322,104.0,5.5,2008.0,12.0,276.0,301.0,18000.0,4000.0,71.0,698.0,0,Drama,115307637.21500881
The Day the Earth Stood Still,9.265322,104.0,5.5,2008.0,12.0,276.0,301.0,18000.0,4000.0,71.0,698.0,0,Drama,115307637.21500881
The Day the Earth Stood Still,9.265322,104.0,5.5,2008.0,12.0,276.0,301.0,18000.0,4000.0,71.0,698.0,0,Drama,115307637.21500881
The Day the Earth Stood Still,9.265322,104.0,5.5,2008.0,12.0,276.0,301.0,18000.0,4000.0,71.0,698.0,0,Drama,115307637.21500881
The Other Guys,12.536621,107.0,6.7,2010.0,8.0,265.0,285.0,12000.0,8000.0,107.0,316.0,16000,Action,142314819.21183562
Chasing Amy,12.311564,113.0,7.2,1997.0,4.0,147.0,0.0,13000.0,1000.0,781.0,500.0,0,Comedy,509065.9606299221
Poltergeist,11.776326,114.0,7.3,1982.0,6.0,223.0,365.0,887.0,770.0,723.0,321.0,11000,Horror,40297187.893203914
Poltergeist,11.776326,114.0,7.3,1982.0,6.0,223.0,365.0,887.0,770.0,723.0,321.0,11000,Horror,40297187.893203914
Poltergeist,11.776326,114.0,7.3,1982.0,6.0,223.0,365.0,887.0,770.0,723.0,321.0,11000,Horror,40297187.893203914
Poltergeist,11.776326,114.0,7.3,1982.0,6.0,223.0,365.0,887.0,770.0,723.0,321.0,11000,Horror,40297187.893203914
The Color Purple,11.573562,154.0,7.7,1985.0,12.0,70.0,14000.0,852.0,581.0,271.0,199.0,6000,Drama,43261060.47955389
Dark Shadows,10.665859,113.0,6.2,2012.0,5.0,526.0,13000.0,40000.0,17000.0,16000.0,479.0,82000,Comedy,202744410.69711757
Ocean's Twelve,11.869347,125.0,6.5,2004.0,12.0,198.0,0.0,11000.0,8000.0,350.0,627.0,0,Thriller,174786790.55453125
The Green Inferno,9.336019,100.0,5.4,2014.0,9.0,285.0,0.0,640.0,550.0,389.0,164.0,12000,Action,6554263.976480127
Anaconda,14.386089,89.0,4.9,1997.0,4.0,119.0,49.0,2000.0,902.0,514.0,271.0,0,Adventure,91631693.91338573
Closer,10.860952,104.0,7.2,2004.0,12.0,212.0,0.0,20000.0,8000.0,23.0,903.0,12000,Drama,42902212.98156687
Rubber,5.305905,85.0,5.7,2010.0,7.0,230.0,248.0,353.0,248.0,196.0,170.0,46000,Comedy,711575.0910591776
The Abyss,9.809585,139.0,7.5,1989.0,8.0,82.0,0.0,2000.0,650.0,638.0,380.0,0,Adventure,166203673.53251728
Knowing,9.806904,121.0,6.2,2009.0,3.0,279.0,295.0,12000.0,748.0,329.0,791.0,0,Action,72324588.36721408
Gladiator,23.186667,155.0,8.5,2000.0,5.0,265.0,0.0,3000.0,933.0,695.0,2368.0,21000,Action,185618920.8606274
The Patriot,15.960788,165.0,7.2,2000.0,6.0,192.0,776.0,13000.0,2000.0,1000.0,1144.0,4000,Drama,198233798.9094078
Brick Mansions,7.482959,90.0,5.6,2014.0,4.0,177.0,11.0,23000.0,727.0,561.0,112.0,0,Action,36703873.668288715
Muppets from Space,7.531668,87.0,6.2,1999.0,7.0,70.0,25.0,1000.0,670.0,611.0,100.0,619,Fantasy,43251011.45296161
Tangled,14.684761,100.0,7.7,2010.0,11.0,324.0,15.0,799.0,553.0,284.0,387.0,29000,Animation,215795694.08325154
Zoolander 2,10.155109,100.0,4.7,2016.0,2.0,226.0,0.0,14000.0,8000.0,1000.0,150.0,28000,Comedy,64649365.39353841
Eddie: The Sleepwalking Cannibal,2.025477,79.0,5.7,2012.0,4.0,56.0,5.0,413.0,197.0,98.0,10.0,932,Horror,22977700.765673336
The Hangover Part II,21.893532,102.0,6.5,2011.0,5.0,383.0,480.0,14000.0,670.0,461.0,402.0,56000,Comedy,110368056.33944768
The Corruptor,9.208831,110.0,6.1,1999.0,3.0,91.0,164.0,258.0,218.0,45.0,131.0,328,Action,45053136.88850172
Halloween III: Season of the Witch,6.066618,98.0,5.2,1982.0,10.0,162.0,24.0,381.0,128.0,67.0,532.0,0,Horror,9415231.582524281
Step Up 3D,9.111782,107.0,6.2,2010.0,8.0,138.0,209.0,2000.0,594.0,357.0,86.0,16000,Drama,42694446.46355067
Fruitvale Station,13.305596,85.0,7.5,2013.0,7.0,327.0,0.0,282.0,270.0,88.0,168.0,17000,Drama,22645991.461759016
Iron Man 2,19.083344,124.0,6.9,2010.0,4.0,453.0,4000.0,21000.0,19000.0,4000.0,723.0,18000,Adventure,215795694.08325154
Tropic Thunder,8.980941,107.0,7.1,2008.0,8.0,308.0,0.0,21000.0,1000.0,918.0,577.0,0,Action,132603782.64725998
Coyote Ugly,15.650836,100.0,5.8,2000.0,7.0,155.0,18.0,811.0,625.0,560.0,379.0,0,Comedy,81095645.59930305
Waterworld,16.885184,135.0,6.3,1995.0,7.0,91.0,58.0,711.0,60.0,60.0,309.0,0,Adventure,308763423.9065714
Bon Cop Bad Cop,5.397604,116.0,6.7,2006.0,7.0,28.0,31.0,539.0,290.0,50.0,90.0,758,Action,12314524.809523813
Mission: Impossible III,15.687983,126.0,6.9,2006.0,5.0,310.0,14000.0,22000.0,10000.0,979.0,871.0,0,Adventure,230897322.42857105
Shooter,14.246918,124.0,7.1,2007.0,3.0,198.0,845.0,650.0,467.0,295.0,338.0,0,Action,91297885.65433949
Les petits mouchoirs,7.594334,154.0,7.1,2010.0,10.0,118.0,0.0,541.0,173.0,92.0,48.0,0,Comedy,35578705.552958824
Hoodwinked Too! Hood VS. Evil,9.382577,86.0,4.7,2011.0,4.0,77.0,6.0,1000.0,857.0,843.0,38.0,0,Comedy,41388021.75229282
Days of Thunder,7.046753,107.0,6.1,1990.0,6.0,60.0,12000.0,10000.0,3000.0,695.0,97.0,0,Adventure,142460291.7421578
Only the Strong,7.96433,99.0,6.5,1993.0,8.0,17.0,23.0,97.0,91.0,82.0,50.0,0,Action,12217560.055118127
Mr. & Mrs. Smith,15.724373,120.0,6.5,2005.0,6.0,233.0,218.0,11000.0,11000.0,322.0,798.0,0,Action,174786790.55453125
Coach Carter,11.093737,136.0,7.3,2005.0,1.0,127.0,49.0,17000.0,807.0,730.0,209.0,0,Drama,47669125.42396312
The Pursuit of Happyness,20.981716,117.0,8.0,2006.0,12.0,201.0,125.0,10000.0,617.0,168.0,611.0,32000,Drama,84662352.19047609
Micmacs à tire-larigot,5.278672,100.0,7.1,2009.0,10.0,213.0,0.0,1000.0,172.0,52.0,71.0,0,Action,47734228.66236127
I Think I Love My Wife,3.966066,90.0,5.5,2007.0,3.0,97.0,0.0,12000.0,490.0,458.0,55.0,488,Comedy,16463553.970454589
Forgetting Sarah Marshall,15.106676,111.0,7.1,2008.0,4.0,253.0,89.0,15000.0,975.0,344.0,325.0,0,Comedy,43240364.58062828
Revolutionary Road,12.265867,119.0,7.3,2008.0,12.0,323.0,0.0,29000.0,14000.0,10000.0,414.0,0,Drama,50447091.8440662
The Sweeney,5.311336,112.0,6.1,2012.0,9.0,111.0,63.0,2000.0,1000.0,422.0,99.0,0,Action,5042254.469167317
Her,13.829515,126.0,8.0,2013.0,12.0,574.0,0.0,19000.0,128.0,105.0,748.0,148000,Romance,30638693.977674033
X-Men: Days of Future Past,26.058586,131.0,7.9,2014.0,5.0,539.0,0.0,34000.0,22000.0,20000.0,752.0,82000,Action,198768019.5986139
Rain Man,11.267467,133.0,8.0,1988.0,12.0,100.0,272.0,10000.0,898.0,628.0,331.0,12000,Drama,59358455.47589896
Where the Heart Is,5.833133,120.0,6.7,2000.0,4.0,78.0,18.0,20000.0,1000.0,944.0,240.0,0,Comedy,27031882.533101045
Love Actually,10.586815,135.0,7.6,2003.0,9.0,218.0,628.0,14000.0,14000.0,548.0,1004.0,52000,Comedy,63558833.565284155
American Reunion,8.10609,113.0,6.7,2012.0,4.0,291.0,22.0,3000.0,1000.0,1000.0,181.0,39000,Comedy,67581470.89903924
Driving Miss Daisy,10.703677,99.0,7.3,1989.0,12.0,61.0,78.0,11000.0,509.0,325.0,134.0,3000,Comedy,17807537.342769712
Love in the Time of Cholera,5.20735,139.0,6.4,2007.0,10.0,115.0,179.0,267.0,202.0,50.0,115.0,0,Drama,67350899.51549608
Slumdog Millionaire,11.258181,120.0,8.0,2008.0,5.0,418.0,0.0,668.0,56.0,40.0,1017.0,13000,Drama,21620182.790314093
E.T. the Extra-Terrestrial,19.358546,115.0,7.9,1982.0,4.0,215.0,14000.0,861.0,725.0,548.0,515.0,34000,Science Fiction,39543969.446601875
Secretariat,7.681383,123.0,7.2,2010.0,8.0,160.0,130.0,826.0,638.0,426.0,136.0,0,Drama,49810187.374142446
The Devil's Double,6.681211,109.0,7.0,2011.0,2.0,167.0,93.0,31000.0,3000.0,521.0,125.0,14000,Drama,26350374.212293096
The Best Man Holiday,6.102021,123.0,6.6,2013.0,11.0,56.0,92.0,1000.0,886.0,849.0,64.0,7000,Comedy,22645991.461759016
The Lego Movie,16.418133,100.0,7.7,2014.0,2.0,435.0,97.0,11000.0,8000.0,2000.0,471.0,64000,Adventure,78651156.71776147
Das Boot,8.80338,149.0,8.4,1981.0,9.0,96.0,249.0,362.0,21.0,18.0,426.0,11000,Action,52725292.26213584
Bran Nue Dae,0.265854,82.0,6.2,2009.0,8.0,33.0,3.0,46.0,46.0,38.0,31.0,479,Comedy,11.125442231409966
Kung Fu Panda 3,14.696548,95.0,7.1,2016.0,1.0,210.0,5.0,24000.0,11000.0,967.0,145.0,24000,Action,187483157.74126258
Mission: Impossible,15.793477,110.0,7.2,1996.0,5.0,154.0,0.0,10000.0,1000.0,898.0,378.0,0,Adventure,162900788.4015749
The Lords of Salem,9.981121,101.0,5.2,2012.0,9.0,234.0,0.0,1000.0,725.0,721.0,166.0,15000,Horror,2027445.0969711773
House of Wax,7.163099,113.0,5.5,2005.0,4.0,228.0,174.0,730.0,716.0,324.0,576.0,0,Horror,63558833.565284155
House of Wax,7.163099,113.0,5.5,2005.0,4.0,228.0,174.0,730.0,716.0,324.0,576.0,0,Horror,63558833.565284155
House of Wax,7.163099,113.0,5.5,2005.0,4.0,228.0,174.0,730.0,716.0,324.0,576.0,0,Horror,63558833.565284155
House of Wax,7.163099,113.0,5.5,2005.0,4.0,228.0,174.0,730.0,716.0,324.0,576.0,0,Horror,63558833.565284155
Green Lantern,13.985631,114.0,5.5,2011.0,6.0,436.0,258.0,16000.0,368.0,326.0,550.0,24000,Adventure,209192473.85246974
Lincoln,10.680331,149.0,7.3,2012.0,11.0,538.0,14000.0,23000.0,826.0,655.0,720.0,71000,History,87855911.86875072
American Sniper,19.228561,133.0,7.3,2014.0,12.0,490.0,16000.0,14000.0,962.0,318.0,916.0,112000,War,77078133.60340643
Enough,6.681287,114.0,5.8,2002.0,5.0,98.0,150.0,970.0,919.0,789.0,234.0,0,Drama,68480767.55052257
Moulin Rouge!,13.691781,127.0,7.6,2001.0,3.0,209.0,1000.0,1000.0,691.0,653.0,2319.0,10000,Drama,94611586.3658538
Taxi to the Dark Side,6.415898,106.0,7.5,2007.0,4.0,84.0,141.0,141.0,125.0,23.0,40.0,0,Documentary,1496687.6336776926
Sliding Doors,9.7866,99.0,6.7,1998.0,4.0,88.0,29.0,711.0,427.0,161.0,278.0,0,Comedy,10812753.613240417
The 5th Wave,10.788263,112.0,5.2,2016.0,1.0,194.0,5.0,17000.0,1000.0,724.0,266.0,14000,Adventure,49133517.939089246
The Good German,5.290831,108.0,6.0,2006.0,12.0,183.0,0.0,845.0,552.0,308.0,175.0,559,War,49258096.2380953
Barbershop 2:  Back in Business,8.353739,106.0,5.7,2004.0,1.0,50.0,8.0,748.0,656.0,521.0,69.0,265,Comedy,28601475.65437784
Coal Miner's Daughter,2.847277,125.0,7.5,1980.0,3.0,46.0,150.0,874.0,816.0,572.0,84.0,0,Drama,56491384.49514561
The Butler,11.061894,132.0,7.2,2013.0,8.0,304.0,304.0,15000.0,1000.0,898.0,323.0,41000,Drama,33302928.14964563
Silver Linings Playbook,14.488111,122.0,7.7,2012.0,9.0,539.0,737.0,34000.0,22000.0,14000.0,692.0,117000,Drama,28384218.357596476
Airlift,3.376147,126.0,7.9,2016.0,1.0,39.0,6.0,85.0,26.0,12.0,178.0,10000,Thriller,5818443.795418462
Dr. No,19.931606,110.0,7.2,2062.0,10.0,184.0,92.0,650.0,275.0,177.0,389.0,5000,Adventure,950001.0000000008
Meet Dave,11.542926,90.0,5.1,2008.0,7.0,127.0,48.0,973.0,400.0,196.0,109.0,791,Comedy,86480728.16125646
Charlie's Angels,9.774985,98.0,5.6,2000.0,11.0,181.0,368.0,13000.0,1000.0,466.0,643.0,0,Action,165795541.06968647
Reign Over Me,10.027137,124.0,7.4,2007.0,3.0,154.0,57.0,11000.0,3000.0,905.0,231.0,0,Drama,29933733.673553865
Like Crazy,8.002786,90.0,6.6,2011.0,10.0,206.0,52.0,34000.0,487.0,224.0,150.0,12000,Drama,344901.1729357731
Knight and Day,12.758942,109.0,6.3,2010.0,6.0,283.0,446.0,10000.0,973.0,877.0,348.0,11000,Action,166508338.30784672
Begin Again,10.289628,104.0,7.4,2013.0,9.0,283.0,109.0,480.0,12.0,7.0,182.0,43000,Comedy,10656937.687886607
Mooz-lum,0.816803,95.0,6.6,2011.0,2.0,8.0,13.0,1000.0,826.0,616.0,14.0,0,Drama,23453212.759632606
Detroit Rock City,6.074832,95.0,6.8,1999.0,8.0,42.0,89.0,1000.0,852.0,322.0,194.0,0,Comedy,11713816.331010466
Talk Radio,6.865513,110.0,7.2,1988.0,12.0,40.0,0.0,721.0,246.0,237.0,78.0,816,Drama,9497353.716143832
Ultraviolet,11.096655,87.0,4.4,2006.0,3.0,158.0,110.0,14000.0,829.0,277.0,830.0,0,Science Fiction,46179465.285714254
Stay Alive,4.854551,100.0,5.0,2006.0,3.0,112.0,19.0,1000.0,934.0,806.0,281.0,0,Horror,13853840.285714278
Alvin and the Chipmunks,11.805233,92.0,5.3,2007.0,12.0,131.0,25.0,1000.0,718.0,639.0,146.0,0,Comedy,89801199.0206616
Remember Me,8.307719,113.0,7.1,2010.0,3.0,158.0,47.0,21000.0,541.0,238.0,361.0,24000,Drama,22770371.91389364
Morning Glory,10.771255,102.0,6.5,2010.0,1.0,212.0,50.0,293.0,117.0,58.0,156.0,0,Comedy,56925928.284734234
Underworld: Rise of the Lycans,11.654958,92.0,6.5,2009.0,1.0,164.0,148.0,978.0,593.0,227.0,169.0,0,Fantasy,50627212.15704991
The Monuments Men,11.132411,118.0,6.1,2014.0,1.0,371.0,0.0,13000.0,13000.0,559.0,403.0,34000,War,91759682.67072223
"As Above, So Below",10.846585,93.0,6.3,2014.0,8.0,196.0,66.0,1000.0,200.0,161.0,211.0,14000,Horror,6554263.976480127
Fur: An Imaginary Portrait of Diane Arbus,5.108321,122.0,6.3,2006.0,8.0,105.0,30.0,21000.0,3000.0,260.0,97.0,0,Drama,25860501.000000026
Jurassic World,32.790475,124.0,6.9,2015.0,6.0,644.0,365.0,3000.0,2000.0,1000.0,1290.0,150000,Action,196394774.3706868
Lake Placid,13.787108,82.0,5.8,1999.0,7.0,152.0,49.0,1000.0,888.0,429.0,366.0,2000,Horror,48657387.7595819
Winter's Bone,7.27941,100.0,7.1,2010.0,6.0,365.0,81.0,34000.0,248.0,179.0,297.0,20000,Drama,2846297.364236712
Fear and Loathing in Las Vegas,9.220346,118.0,7.5,1998.0,5.0,156.0,0.0,40000.0,693.0,551.0,648.0,15000,Adventure,33339321.557491243
The Bridges of Madison County,5.951077,135.0,7.6,1995.0,5.0,69.0,16000.0,16000.0,11000.0,86.0,192.0,0,Drama,48870237.22047246
Монгол,6.375447,120.0,7.2,2007.0,9.0,160.0,44.0,627.0,12.0,9.0,165.0,0,History,26940360.406198442
Riddick,9.596377,119.0,6.4,2013.0,9.0,302.0,123.0,14000.0,924.0,904.0,343.0,39000,Science Fiction,50620450.26746136
Zwartboek,7.440511,145.0,7.7,2006.0,9.0,231.0,719.0,2000.0,380.0,104.0,232.0,0,Drama,32325625.99999998
The Skeleton Twins,9.44394,90.0,6.8,2014.0,1.0,185.0,7.0,3000.0,439.0,180.0,79.0,0,Drama,22284495.120032437
Flipped,10.279685,89.0,7.7,2010.0,8.0,87.0,0.0,1000.0,872.0,767.0,104.0,14000,Romance,19924075.549656972
Beastmaster 2: Through the Portal of Time,4.038283,107.0,4.2,1991.0,6.0,17.0,0.0,721.0,514.0,284.0,16.0,125,Action,14246030.074215788
Manderlay,4.568999,139.0,7.2,2005.0,5.0,140.0,3000.0,3000.0,769.0,236.0,81.0,1000,Drama,22563386.560675874
"I, Frankenstein",9.415817,92.0,5.1,2014.0,1.0,308.0,72.0,623.0,593.0,568.0,194.0,15000,Horror,85205419.69424161
Stigmata,9.304144,103.0,6.2,1999.0,9.0,131.0,9.0,826.0,724.0,573.0,398.0,0,Horror,52261638.6306621
Leatherheads,9.37102,114.0,6.0,2008.0,3.0,186.0,0.0,142.0,117.0,110.0,120.0,472,Comedy,83598037.25588125
High Fidelity,8.524956,113.0,7.4,2000.0,3.0,174.0,350.0,1000.0,960.0,619.0,602.0,10000,Comedy,54063764.06620214
Hobo with a Shotgun,10.926038,86.0,6.1,2011.0,5.0,272.0,59.0,694.0,324.0,104.0,230.0,37000,Action,4138803.0752292858
十面埋伏,9.3002,119.0,7.5,2004.0,5.0,248.0,611.0,755.0,483.0,4.0,420.0,0,Adventure,27012504.840245746
Dancer in the Dark,10.684806,140.0,7.9,2000.0,5.0,177.0,3000.0,963.0,595.0,322.0,690.0,0,Drama,23067206.574912876
Django Unchained,19.785025,165.0,8.5,2012.0,12.0,765.0,16000.0,29000.0,11000.0,265.0,1193.0,199000,Drama,135162940.79807842
Silent Hill: Revelation 3D,5.745206,94.0,4.9,2012.0,10.0,173.0,83.0,991.0,494.0,206.0,220.0,25000,Thriller,27032588.95961568
Wonderland,8.062123,104.0,6.5,2003.0,10.0,91.0,10.0,715.0,436.0,93.0,153.0,1000,Crime,7944855.070660518
The Brothers Grimm,15.66148,118.0,5.9,2005.0,8.0,233.0,0.0,13000.0,13000.0,871.0,492.0,0,Adventure,139829432.64362532
Brother,8.134524,114.0,7.1,2000.0,9.0,81.0,0.0,865.0,685.0,403.0,133.0,0,Crime,21625506.226480868
DodgeBall: A True Underdog Story,11.967379,92.0,6.7,2004.0,6.0,191.0,43.0,989.0,939.0,936.0,392.0,0,Comedy,31779417.28264206
DodgeBall: A True Underdog Story,11.967379,92.0,6.7,2004.0,6.0,191.0,43.0,989.0,939.0,936.0,392.0,0,Comedy,31779417.28264206
DodgeBall: A True Underdog Story,11.967379,92.0,6.7,2004.0,6.0,191.0,43.0,989.0,939.0,936.0,392.0,0,Comedy,31779417.28264206
DodgeBall: A True Underdog Story,11.967379,92.0,6.7,2004.0,6.0,191.0,43.0,989.0,939.0,936.0,392.0,0,Comedy,31779417.28264206
In Cold Blood,8.592792,134.0,7.9,2067.0,12.0,79.0,174.0,255.0,220.0,188.0,128.0,0,Crime,3500001.0000000056
The Girl with the Dragon Tattoo,8.907829,158.0,7.8,2011.0,12.0,517.0,21000.0,18000.0,1000.0,585.0,632.0,54000,Thriller,124164063.25687869
Sherlock Holmes,15.68604,128.0,7.6,2009.0,12.0,415.0,0.0,21000.0,979.0,727.0,621.0,20000,Action,130184258.26098488
Catch Me If You Can,19.833077,141.0,8.1,2002.0,12.0,194.0,14000.0,29000.0,15000.0,3000.0,667.0,15000,Drama,93710523.64808358
Live and Let Die,9.773768,121.0,6.7,2073.0,7.0,136.0,82.0,581.0,547.0,189.0,251.0,0,Adventure,7000000.999999995
Dogma,8.559088,130.0,7.3,1999.0,11.0,206.0,0.0,13000.0,1000.0,769.0,1015.0,10000,Fantasy,18021255.355400726
47 Ronin,14.88937,119.0,6.2,2013.0,12.0,218.0,47.0,18000.0,1000.0,982.0,324.0,35000,Drama,201992410.11825585
Deuce Bigalow: Male Gigolo,6.567794,88.0,5.7,1999.0,12.0,91.0,31.0,1000.0,489.0,489.0,202.0,0,Comedy,30636133.404181138
The Mummy: Tomb of the Dragon Emperor,14.250227,112.0,5.2,2008.0,7.0,264.0,357.0,5000.0,3000.0,595.0,501.0,0,Adventure,208995091.6397024
High Plains Drifter,9.91087,105.0,7.4,2073.0,4.0,72.0,16000.0,16000.0,742.0,258.0,169.0,0,Western,5500001.000000001
In the Land of Blood and Honey,2.772269,127.0,4.7,2011.0,12.0,110.0,11000.0,306.0,164.0,116.0,180.0,0,Drama,13796007.917430973
Hard Rain,6.363405,97.0,5.9,1998.0,1.0,79.0,13.0,11000.0,893.0,695.0,126.0,815,Thriller,126148781.48780474
Young Guns,9.905174,107.0,6.8,1988.0,8.0,50.0,58.0,549.0,439.0,316.0,120.0,0,Crime,30866397.327467505
A League of Their Own,10.852038,128.0,7.4,1992.0,7.0,41.0,545.0,15000.0,923.0,251.0,166.0,0,Comedy,94973528.16143799
Friends with Money,8.869162,88.0,5.8,2006.0,9.0,111.0,132.0,435.0,230.0,180.0,166.0,515,Comedy,10005551.595238106
The Replacement Killers,9.384887,87.0,6.1,1998.0,2.0,105.0,845.0,978.0,968.0,488.0,167.0,629,Action,54063764.06620214
Do the Right Thing,10.465403,120.0,8.0,1989.0,6.0,103.0,0.0,782.0,652.0,388.0,418.0,0,Drama,15433199.163733771
Serenity,11.919995,119.0,7.8,2005.0,8.0,276.0,0.0,2000.0,505.0,279.0,1594.0,14000,Science Fiction,61969862.75115198
The Out-of-Towners,9.019881,90.0,5.5,1999.0,4.0,62.0,39.0,607.0,322.0,210.0,105.0,279,Comedy,135159408.66550505
Memoirs of an Invisible Man,6.064099,99.0,6.0,1992.0,2.0,40.0,0.0,782.0,658.0,402.0,66.0,630,Comedy,94973528.16143799
The Big Lebowski,15.952524,117.0,8.1,1998.0,3.0,249.0,0.0,22000.0,12000.0,12000.0,1028.0,35000,Comedy,27031882.533101045
West Side Story,8.389903,152.0,7.6,2061.0,10.0,120.0,34.0,804.0,271.0,249.0,316.0,0,Crime,6000001.0
Land of the Lost,7.642063,102.0,5.3,2009.0,6.0,167.0,52.0,8000.0,735.0,526.0,224.0,0,Adventure,144649175.73442835
Getaway,13.224288,90.0,4.4,2013.0,8.0,146.0,31.0,210.0,193.0,179.0,109.0,4000,Action,23978108.547744837
The Croods,14.757874,98.0,7.1,2013.0,3.0,257.0,16.0,16000.0,15000.0,12000.0,195.0,28000,Adventure,179835807.60808676
The Infiltrator,11.504398,127.0,7.0,2016.0,7.0,72.0,65.0,788.0,423.0,345.0,29.0,0,Crime,32324683.196769297
Trance,7.876299,101.0,6.9,2013.0,3.0,393.0,0.0,3000.0,1000.0,888.0,212.0,23000,Thriller,26642342.719716556
Trance,7.876299,101.0,6.9,2013.0,3.0,393.0,0.0,3000.0,1000.0,888.0,212.0,23000,Thriller,26642342.719716556
Trance,7.876299,101.0,6.9,2013.0,3.0,393.0,0.0,3000.0,1000.0,888.0,212.0,23000,Thriller,26642342.719716556
Trance,7.876299,101.0,6.9,2013.0,3.0,393.0,0.0,3000.0,1000.0,888.0,212.0,23000,Thriller,26642342.719716556
Sex and the City 2,7.255991,146.0,4.5,2010.0,5.0,221.0,127.0,962.0,740.0,722.0,293.0,0,Comedy,142314819.21183562
Rise of the Guardians,10.943775,97.0,7.2,2012.0,11.0,256.0,52.0,20000.0,315.0,161.0,174.0,25000,Fantasy,195986263.70721522
Con Air,11.545982,115.0,6.9,1997.0,6.0,139.0,165.0,12000.0,878.0,744.0,339.0,0,Action,152719489.1889766
How to Lose a Guy in 10 Days,5.188107,116.0,6.5,2003.0,2.0,140.0,80.0,11000.0,1000.0,651.0,357.0,0,Comedy,79448541.70660533
Sling Blade,9.475693,135.0,8.0,1996.0,8.0,104.0,0.0,3000.0,324.0,263.0,309.0,0,Drama,2036260.8425196863
The Young Messiah,1.729199,120.0,5.7,2016.0,3.0,24.0,19.0,241.0,118.0,107.0,30.0,0,Drama,23920265.825609248
Set It Off,6.85606,118.0,6.9,1996.0,11.0,29.0,473.0,890.0,851.0,685.0,70.0,0,Drama,18326339.58267716
Escape Plan,14.191611,115.0,6.7,2013.0,10.0,286.0,101.0,13000.0,1000.0,585.0,279.0,34000,Action,66605855.29929125
Triple 9,12.892504,115.0,6.3,2016.0,2.0,214.0,214.0,14000.0,12000.0,968.0,106.0,0,Action,25859746.757415436
Repo Men,7.502967,111.0,6.3,2010.0,3.0,197.0,238.0,1000.0,561.0,447.0,187.0,12000,Action,45540742.82778731
The Words,6.089971,96.0,7.0,2012.0,9.0,216.0,49.0,24000.0,14000.0,10000.0,130.0,21000,Drama,8109777.3878847025
True Grit,10.730765,110.0,7.6,2010.0,12.0,493.0,1000.0,13000.0,12000.0,538.0,724.0,36000,Drama,54079631.9204974
Disclosure,11.812244,123.0,6.2,1994.0,12.0,55.0,272.0,2000.0,812.0,383.0,95.0,0,Drama,111994292.33858272
L.A. Confidential,10.989442,138.0,8.2,1997.0,9.0,177.0,161.0,18000.0,398.0,210.0,625.0,11000,Crime,71269095.48818901
The House of Mirth,2.492547,140.0,7.0,2000.0,9.0,96.0,25.0,902.0,576.0,553.0,181.0,345,Drama,18021255.355400726
200 Cigarettes,3.227046,101.0,6.0,1999.0,2.0,67.0,112.0,1000.0,744.0,612.0,182.0,0,Comedy,10812753.613240417
The International,6.583609,118.0,6.5,2009.0,2.0,245.0,670.0,6000.0,450.0,294.0,190.0,0,Drama,72324588.36721408
Dragonslayer,3.383201,108.0,6.6,1981.0,6.0,60.0,25.0,1000.0,115.0,94.0,102.0,0,Fantasy,67789661.19417483
Bully,4.877774,113.0,6.9,2001.0,6.0,76.0,184.0,730.0,648.0,551.0,336.0,0,Crime,30636133.404181138
Ondine,4.757269,111.0,6.8,2009.0,9.0,123.0,277.0,845.0,327.0,289.0,57.0,0,Drama,17357901.968131404
Frailty,7.397953,100.0,7.2,2001.0,11.0,161.0,0.0,11000.0,472.0,303.0,463.0,5000,Drama,19823380.79094075
Dark Water,6.53565,105.0,5.6,2005.0,6.0,196.0,179.0,794.0,329.0,87.0,411.0,0,Drama,47669125.42396312
Inherent Vice,13.52638,148.0,6.6,2014.0,12.0,401.0,0.0,204.0,178.0,175.0,242.0,18000,Comedy,26217052.905920498
Timeline,6.982762,116.0,5.6,2003.0,11.0,123.0,503.0,23000.0,18000.0,982.0,457.0,0,Action,127117666.13056847
The 51st State,6.368323,93.0,6.3,2001.0,12.0,95.0,31.0,783.0,132.0,57.0,167.0,0,Thriller,51.459512195121945
Sherrybaby,3.319349,96.0,6.6,2006.0,9.0,78.0,38.0,363.0,223.0,85.0,78.0,474,Drama,3078631.952380954
Something Borrowed,5.47309,112.0,5.8,2011.0,5.0,128.0,42.0,969.0,826.0,196.0,153.0,13000,Comedy,48286025.21100829
Martha Marcy May Marlene,7.665011,101.0,6.8,2011.0,10.0,348.0,46.0,321.0,300.0,287.0,186.0,0,Drama,23453212.759632606
The Quiet,4.997751,96.0,6.1,2005.0,9.0,65.0,91.0,982.0,796.0,659.0,90.0,698,Drama,1430074.7327188912
American Dreamz,4.936369,107.0,5.5,2006.0,3.0,153.0,80.0,2000.0,2000.0,841.0,217.0,300,Comedy,26168364.095238116
Chicken Run,11.834245,84.0,7.1,2000.0,6.0,187.0,91.0,579.0,530.0,206.0,358.0,0,Animation,81095645.59930305
Saving Private Ryan,21.758054,169.0,8.6,1998.0,7.0,219.0,14000.0,15000.0,14000.0,13000.0,2277.0,22000,Drama,126148781.48780474
The Express,4.929912,130.0,7.2,2008.0,10.0,86.0,39.0,2000.0,898.0,534.0,45.0,0,Drama,57653819.107504226
Paper Towns,9.662731,109.0,6.2,2015.0,6.0,191.0,14.0,733.0,558.0,376.0,160.0,0,Drama,15711582.869654896
American Psycho,13.686715,102.0,7.6,2000.0,4.0,288.0,126.0,23000.0,1000.0,517.0,1061.0,18000,Thriller,12614879.048780493
Dracula,16.777675,128.0,7.4,1992.0,11.0,181.0,0.0,18000.0,12000.0,10000.0,654.0,14000,Romance,94973528.16143799
ParaNorman,10.425038,90.0,7.0,2012.0,8.0,328.0,28.0,10000.0,884.0,586.0,176.0,12000,Family,81097764.87884714
Unbreakable,14.67855,106.0,7.3,2000.0,11.0,294.0,0.0,18000.0,13000.0,963.0,1344.0,0,Science Fiction,135159408.66550505
White Chicks,7.723341,109.0,5.8,2004.0,6.0,62.0,322.0,1000.0,960.0,861.0,251.0,0,Comedy,58791921.12288793
Eagle Eye,14.324875,118.0,6.6,2008.0,9.0,215.0,154.0,3000.0,982.0,915.0,318.0,0,Mystery,115307637.21500881
Straight Outta Compton,21.183077,147.0,7.8,2015.0,8.0,349.0,473.0,559.0,427.0,303.0,331.0,76000,Drama,36660358.69586154
Road to Perdition,13.426684,117.0,7.7,2002.0,7.0,226.0,0.0,15000.0,1000.0,818.0,1009.0,0,Thriller,144170035.84320578
Letters from Iwo Jima,11.649588,141.0,7.8,2006.0,12.0,251.0,16000.0,378.0,85.0,78.0,316.0,5000,Action,29246995.047619026
The Untouchables,11.062203,119.0,7.8,1987.0,6.0,123.0,0.0,22000.0,371.0,188.0,418.0,0,Crime,72101766.7992564
The Long Riders,3.557608,99.0,6.9,1980.0,5.0,52.0,394.0,2000.0,926.0,695.0,78.0,680,Western,37660923.33009712
Harold & Kumar Go to White Castle,8.344105,88.0,7.0,2004.0,5.0,150.0,8.0,982.0,729.0,587.0,316.0,0,Comedy,14300738.327188922
Independence Day: Resurgence,16.993841,120.0,5.2,2016.0,6.0,286.0,776.0,890.0,812.0,535.0,520.0,67000,Action,196059056.15656462
Bolt,15.580915,98.0,6.8,2008.0,11.0,225.0,59.0,17000.0,759.0,699.0,178.0,0,Animation,216201818.90314108
Selena,7.390306,127.0,6.9,1997.0,3.0,37.0,16.0,565.0,441.0,399.0,155.0,0,Drama,40725197.850393705
Harry Potter and the Prisoner of Azkaban,28.460276,141.0,7.9,2004.0,5.0,274.0,0.0,11000.0,10000.0,10000.0,1504.0,11000,Adventure,206566206.83717382
The Diary of a Teenage Girl,14.986654,98.0,6.8,2015.0,8.0,168.0,22.0,10000.0,1000.0,80.0,72.0,0,Drama,2618597.9782758215
Are We There Yet?,9.756822,95.0,4.8,2005.0,1.0,75.0,32.0,826.0,642.0,563.0,149.0,773,Adventure,50847067.052227296
La Marche de l'empereur,9.435123,80.0,7.5,2005.0,1.0,169.0,10.0,11000.0,108.0,34.0,331.0,0,Documentary,12711767.513056835
Get Rich or Die Tryin',9.820229,117.0,5.5,2005.0,11.0,98.0,260.0,1000.0,1000.0,441.0,284.0,0,Drama,63558833.565284155
X-Men,0.954467,104.0,7.3,2000.0,7.0,290.0,0.0,20000.0,764.0,505.0,1401.0,0,Adventure,135159408.66550505
Wild Things,13.924623,108.0,6.6,1998.0,3.0,69.0,39.0,13000.0,481.0,254.0,389.0,0,Thriller,36042509.71080134
Immortals,10.363671,110.0,6.0,2011.0,11.0,284.0,763.0,15000.0,1000.0,222.0,405.0,30000,Fantasy,103470052.88073221
Night of the Living Dead,14.384198,96.0,7.8,2068.0,10.0,284.0,0.0,125.0,108.0,56.0,580.0,0,Horror,114000.99999999996
Night of the Living Dead,14.384198,96.0,7.8,2068.0,10.0,284.0,0.0,125.0,108.0,56.0,580.0,0,Horror,114000.99999999996
Night of the Living Dead,14.384198,96.0,7.8,2068.0,10.0,284.0,0.0,125.0,108.0,56.0,580.0,0,Horror,114000.99999999996
Night of the Living Dead,14.384198,96.0,7.8,2068.0,10.0,284.0,0.0,125.0,108.0,56.0,580.0,0,Horror,114000.99999999996
Awake,7.076062,84.0,6.5,2007.0,11.0,133.0,8.0,4000.0,922.0,896.0,196.0,0,Thriller,128715051.49628145
City of Angels,8.228219,114.0,6.7,1998.0,4.0,110.0,52.0,12000.0,702.0,539.0,322.0,0,Drama,99116899.95470366
Blade Runner,45.17727282093515,117.0,8.1,1982.0,6.0,302.0,0.0,11000.0,759.0,521.0,1168.0,34000,Science Fiction,105450583.52427171
Edge of Tomorrow,31.982986,113.0,7.9,2014.0,5.0,585.0,218.0,10000.0,854.0,509.0,741.0,77000,Action,198768019.5986139
Premium Rush,5.654784,91.0,6.5,2012.0,8.0,248.0,192.0,23000.0,1000.0,346.0,178.0,20000,Crime,47307029.92932746
The Virginity Hit,2.235068,120.0,4.5,2010.0,9.0,46.0,10.0,189.0,131.0,126.0,13.0,974,Comedy,2846297.364236712
Bad Boys II,8.191436,147.0,6.6,2003.0,7.0,94.0,0.0,10000.0,898.0,877.0,511.0,0,Adventure,206566206.83717382
"Il buono, il brutto, il cattivo",16.788787,161.0,8.8,2066.0,12.0,181.0,0.0,16000.0,34.0,24.0,780.0,20000,Western,1200001.0000000005
Hanna,8.071196,111.0,6.7,2011.0,4.0,417.0,456.0,157.0,33.0,21.0,438.0,38000,Action,41388021.75229282
Flirting with Disaster,5.579088,92.0,6.7,1996.0,3.0,50.0,737.0,718.0,524.0,380.0,105.0,824,Comedy,14253819.897637784
Flashdance,9.888958,95.0,6.2,1983.0,4.0,51.0,213.0,225.0,174.0,92.0,128.0,0,Drama,11536283.527881054
Silent Trigger,1.672406,93.0,5.3,1996.0,6.0,14.0,85.0,825.0,476.0,40.0,29.0,154,Drama,30543898.637795307
Hustle & Flow,7.422267,116.0,7.3,2005.0,7.0,159.0,153.0,275.0,247.0,165.0,206.0,0,Drama,12711767.513056835
Cube,12.095263,90.0,7.1,1997.0,9.0,99.0,165.0,686.0,648.0,319.0,696.0,11000,Thriller,509065.9606299221
Into the Blue,10.022102,110.0,5.9,2005.0,9.0,120.0,134.0,23000.0,1000.0,795.0,208.0,0,Action,79448541.70660533
Tsotsi,6.081201,94.0,7.2,2005.0,8.0,152.0,151.0,113.0,64.0,29.0,177.0,0,Crime,4766913.442396312
Legally Blonde,12.769371,96.0,6.5,2001.0,7.0,163.0,126.0,2000.0,788.0,584.0,548.0,0,Comedy,32438258.839721214
Platoon,18.206972,120.0,8.1,1986.0,12.0,120.0,0.0,40000.0,854.0,576.0,505.0,9000,Drama,17304424.791821547
Diary of the Dead,12.001324,95.0,5.5,2007.0,9.0,280.0,0.0,569.0,529.0,192.0,332.0,0,Horror,2993374.2673553852
How to Lose Friends & Alienate People,11.981531,110.0,6.4,2008.0,10.0,135.0,53.0,480.0,261.0,87.0,98.0,0,Comedy,38916328.22256544
2001: A Space Odyssey,22.494622,149.0,8.3,2068.0,4.0,285.0,0.0,273.0,117.0,73.0,1736.0,24000,Science Fiction,10500000.999999994
30 Minutes or Less,9.763493,83.0,6.0,2011.0,8.0,220.0,181.0,731.0,579.0,459.0,122.0,0,Action,38628820.36880661
Alvin and the Chipmunks: Chipwrecked,8.066393,87.0,4.4,2011.0,12.0,91.0,31.0,1000.0,1000.0,733.0,56.0,0,Comedy,103470052.88073221
Eraserhead,7.871001,89.0,7.3,1977.0,3.0,152.0,0.0,195.0,158.0,121.0,535.0,0,Drama,57682.41263940527
Nanny McPhee,9.806554,97.0,6.6,2005.0,10.0,128.0,52.0,14000.0,2000.0,579.0,181.0,0,Fantasy,39724271.3533026
Bedtime Stories,10.739419,99.0,6.0,2008.0,12.0,144.0,163.0,11000.0,869.0,495.0,116.0,0,Fantasy,115307637.21500881
The Man with the Iron Fists,8.310945,96.0,5.4,2012.0,11.0,208.0,561.0,746.0,561.0,353.0,224.0,29000,Action,20274441.96971175
The Man with the Golden Gun,12.127492,125.0,6.7,2074.0,12.0,118.0,82.0,16000.0,387.0,244.0,258.0,2000,Adventure,7000000.999999995
Earth to Echo,12.412221,89.0,5.7,2014.0,6.0,112.0,13.0,803.0,587.0,140.0,149.0,0,Family,17041084.738848347
Danny Collins,16.903373,107.0,7.0,2015.0,3.0,139.0,102.0,14000.0,3000.0,970.0,100.0,0,Comedy,13092985.89137912
Ninja Assassin,9.163897,99.0,6.3,2009.0,9.0,235.0,160.0,330.0,119.0,72.0,194.0,0,Action,57859670.89377124
Street Kings,13.246795,109.0,6.8,2008.0,4.0,190.0,453.0,18000.0,11000.0,2000.0,189.0,0,Action,28826910.053752203
Salt,8.704455,100.0,6.5,2010.0,7.0,330.0,176.0,11000.0,702.0,282.0,514.0,23000,Action,156546301.03301877
Galaxina,1.409619,95.0,3.7,1980.0,6.0,24.0,14.0,113.0,110.0,60.0,44.0,438,Comedy,20713508.281553406
Get Shorty,12.669608,105.0,6.9,1995.0,10.0,96.0,188.0,848.0,808.0,482.0,150.0,0,Comedy,61596861.23622037
The Great Escape,14.384114,170.79708358548532,8.2,2063.0,6.0,111.0,120.0,773.0,742.0,145.0,301.0,8000,Adventure,4000001.0000000005
Derailed,10.600475,108.0,6.6,2005.0,11.0,116.0,101.0,896.0,561.0,218.0,375.0,0,Drama,34957358.910906315
Sparkle,2.24386,116.0,5.8,2012.0,8.0,82.0,70.0,1000.0,876.0,706.0,48.0,0,Drama,18922812.571730956
The Karate Kid,7.64499,126.0,7.3,1984.0,6.0,81.0,80.0,668.0,641.0,225.0,235.0,0,Drama,23072566.055762075
The Karate Kid,7.64499,126.0,7.3,1984.0,6.0,81.0,80.0,668.0,641.0,225.0,235.0,0,Drama,23072566.055762075
The Karate Kid,7.64499,126.0,7.3,1984.0,6.0,81.0,80.0,668.0,641.0,225.0,235.0,0,Drama,23072566.055762075
The Karate Kid,7.64499,126.0,7.3,1984.0,6.0,81.0,80.0,668.0,641.0,225.0,235.0,0,Drama,23072566.055762075
Perfume: The Story of a Murderer,10.297304,147.0,7.5,2006.0,9.0,226.0,670.0,177.0,27.0,16.0,482.0,26000,Crime,76965774.80952428
The Time Traveler's Wife,13.682598,107.0,7.1,2009.0,8.0,214.0,124.0,152.0,142.0,100.0,234.0,13000,Drama,56413179.14642691
Dave Chappelle's Block Party,2.092791,100.0,7.2,2005.0,9.0,114.0,1000.0,989.0,744.0,220.0,72.0,635,Comedy,4766913.442396312
One Night with the King,3.660528,123.0,6.0,2006.0,10.0,36.0,6.0,541.0,249.0,85.0,177.0,0,Drama,30786310.52380957
American Graffiti,9.188584,110.0,7.4,2073.0,8.0,100.0,0.0,11000.0,2000.0,425.0,238.0,0,Comedy,777001.0
Bridget Jones's Diary,10.780524,97.0,6.8,2001.0,4.0,168.0,11.0,14000.0,1000.0,887.0,571.0,0,Comedy,45053136.88850172
The Tale of Despereaux,12.364579,93.0,6.1,2008.0,12.0,118.0,18.0,9000.0,2000.0,903.0,106.0,0,Adventure,86480728.16125646
Angels & Demons,22.211558,138.0,6.7,2009.0,5.0,298.0,2000.0,15000.0,745.0,294.0,435.0,0,Thriller,216973763.10164183
Schindler's List,41.725123,170.79708358548532,9.0,1993.0,11.0,174.0,14000.0,14000.0,795.0,212.0,1273.0,41000,Drama,44797717.53543301
Enchanted,11.447798,107.0,7.1,2007.0,11.0,222.0,36.0,283.0,142.0,118.0,399.0,0,Comedy,127218364.86260422
Frozen,24.248243,102.0,7.4,2013.0,11.0,406.0,69.0,1000.0,523.0,490.0,904.0,58000,Animation,199817563.89787376
Hereafter,7.942766,129.0,6.5,2010.0,10.0,315.0,16000.0,13000.0,563.0,447.0,323.0,16000,Drama,71157410.10591787
Galaxy Quest,15.831374,102.0,7.4,1999.0,12.0,213.0,23.0,25000.0,724.0,436.0,609.0,19000,Comedy,81095645.59930305
Agent Cody Banks 2: Destination London,12.59201,100.0,4.6,2004.0,6.0,55.0,8.0,1000.0,934.0,588.0,44.0,167,Comedy,41313242.16743477
Heist,8.476315,93.0,6.1,2015.0,11.0,44.0,8.0,22000.0,1000.0,558.0,57.0,0,Crime,11652757.55332738
Heist,8.476315,93.0,6.1,2015.0,11.0,44.0,8.0,22000.0,1000.0,558.0,57.0,0,Crime,11652757.55332738
Heist,8.476315,93.0,6.1,2015.0,11.0,44.0,8.0,22000.0,1000.0,558.0,57.0,0,Crime,11652757.55332738
Heist,8.476315,93.0,6.1,2015.0,11.0,44.0,8.0,22000.0,1000.0,558.0,57.0,0,Crime,11652757.55332738
Let's Be Cops,15.962793,104.0,6.4,2014.0,8.0,129.0,42.0,839.0,756.0,613.0,147.0,14000,Comedy,22284495.120032437
Lara Croft Tomb Raider: The Cradle of Life,13.076349,117.0,5.5,2003.0,7.0,157.0,101.0,18000.0,11000.0,3000.0,316.0,0,Action,150952228.3425509
K-PAX,12.400152,120.0,7.4,2001.0,10.0,140.0,34.0,18000.0,12000.0,1000.0,537.0,0,Drama,86502021.90592365
Hollywood Homicide,11.080439,116.0,5.3,2003.0,6.0,132.0,41.0,11000.0,982.0,541.0,254.0,648,Action,119172812.0599079
The Twilight Saga: Breaking Dawn - Part 2,26.080995,115.0,5.6,2012.0,11.0,322.0,386.0,21000.0,17000.0,12000.0,329.0,65000,Adventure,162195528.75769415
The Twilight Saga: Breaking Dawn - Part 2,26.080995,115.0,5.6,2012.0,11.0,322.0,386.0,21000.0,17000.0,12000.0,329.0,65000,Adventure,162195528.75769415
The Twilight Saga: Breaking Dawn - Part 2,26.080995,115.0,5.6,2012.0,11.0,322.0,386.0,21000.0,17000.0,12000.0,329.0,65000,Adventure,162195528.75769415
The Twilight Saga: Breaking Dawn - Part 2,26.080995,115.0,5.6,2012.0,11.0,322.0,386.0,21000.0,17000.0,12000.0,329.0,65000,Adventure,162195528.75769415
The Lawnmower Man,6.685948,108.0,5.4,1992.0,3.0,48.0,32.0,535.0,211.0,120.0,96.0,0,Horror,23743382.79035959
Hachi: A Dog's Tale,8.621359,93.0,8.1,2009.0,6.0,84.0,529.0,1000.0,884.0,805.0,304.0,115000,Drama,23143868.95750852
The Sixth Sense,18.449169,107.0,8.2,1999.0,8.0,234.0,0.0,13000.0,3000.0,766.0,2073.0,14000,Mystery,72085018.42160277
Chicago,13.325347,113.0,7.2,2002.0,12.0,223.0,252.0,539.0,151.0,90.0,1017.0,0,Action,81095645.59930305
Shooting Fish,1.631288,109.0,6.5,1997.0,8.0,43.0,13.0,419.0,254.0,159.0,53.0,167,Crime,6108780.527559053
Deep Impact,11.644633,120.0,6.3,1998.0,5.0,125.0,75.0,11000.0,4000.0,3000.0,493.0,0,Action,135159408.66550505
Attack the Block,9.93263,88.0,6.7,2011.0,5.0,399.0,115.0,1000.0,305.0,304.0,297.0,18000,Action,19798003.494480755
Invictus,9.109838,134.0,7.3,2009.0,12.0,306.0,16000.0,13000.0,11000.0,204.0,259.0,23000,Drama,86789505.84065701
Hollow Man,7.912103,112.0,5.9,2000.0,8.0,180.0,719.0,833.0,624.0,423.0,628.0,0,Action,171201917.37630638
The Game,14.825587,129.0,7.7,1997.0,9.0,157.0,21000.0,495.0,294.0,283.0,506.0,25000,Drama,101812993.12598431
Me Before You,34.34759,110.0,7.4,2016.0,6.0,151.0,17.0,11000.0,10000.0,418.0,130.0,51000,Drama,25859746.757415436
The Muppets,10.214369,103.0,7.1,2011.0,11.0,398.0,33.0,970.0,91.0,84.0,252.0,26000,Comedy,62082032.12843921
The Break-Up,6.327193,106.0,5.8,2006.0,6.0,183.0,235.0,4000.0,957.0,931.0,483.0,0,Romance,80044405.76190475
Bright Star,14.337355,119.0,6.9,2009.0,11.0,222.0,319.0,2000.0,552.0,179.0,110.0,0,Drama,12295180.852426391
The Nutty Professor,9.651581,95.0,5.7,1996.0,6.0,57.0,293.0,851.0,773.0,744.0,99.0,960,Fantasy,109958032.49606292
The Ice Storm,7.146352,112.0,7.3,1997.0,9.0,124.0,0.0,805.0,223.0,177.0,287.0,0,Drama,36652678.16535438
Criminal,10.038581,113.0,6.3,2016.0,4.0,130.0,34.0,10000.0,877.0,24.0,100.0,0,Action,40729100.56792926
The Santa Clause 2,5.205729,104.0,5.8,2002.0,10.0,80.0,54.0,901.0,857.0,775.0,116.0,1000,Fantasy,117138154.31010474
Rocky Balboa,11.697604,102.0,7.1,2006.0,12.0,285.0,13000.0,13000.0,683.0,461.0,962.0,0,Drama,36943572.4285714
Hotel Rwanda,10.262332,121.0,8.1,2004.0,9.0,187.0,83.0,3000.0,460.0,242.0,609.0,12000,Drama,27806990.247311823
Star Trek Beyond,20.659284,122.0,7.0,2016.0,7.0,322.0,681.0,998.0,119.0,105.0,432.0,30000,Action,196059056.15656462
The Neon Demon,13.410522,117.0,6.1,2016.0,6.0,253.0,0.0,18000.0,860.0,500.0,73.0,0,Thriller,9050912.01509538
Steve Jobs,16.224866,122.0,7.2,2015.0,10.0,412.0,0.0,14000.0,13000.0,816.0,307.0,23000,Drama,39278955.67413733
Neighbors 2: Sorority Rising,9.914008,91.0,5.7,2016.0,5.0,177.0,89.0,17000.0,329.0,190.0,111.0,0,Comedy,45254556.07547699
Star Trek: Insurrection,9.538877,103.0,6.4,1998.0,12.0,160.0,906.0,1000.0,906.0,748.0,515.0,1000,Science Fiction,126148781.48780474
Hellraiser,10.81305,94.0,6.9,1987.0,9.0,203.0,385.0,266.0,209.0,100.0,335.0,0,Horror,2884071.6319702608
Anywhere But Here,12.593734,114.0,6.2,1999.0,11.0,36.0,61.0,20000.0,797.0,407.0,103.0,638,Drama,41448886.017421566
Dolphin Tale 2,8.268684,107.0,6.4,2014.0,9.0,54.0,188.0,11000.0,641.0,631.0,33.0,0,Family,47190694.43065688
This Is the End,11.414048,107.0,6.6,2013.0,6.0,418.0,133.0,17000.0,11000.0,9000.0,669.0,97000,Action,42627747.75154641
Panic Room,14.969502,111.0,6.8,2002.0,3.0,233.0,21000.0,17000.0,324.0,237.0,850.0,0,Crime,86502021.90592365
Bruce Almighty,15.947524,101.0,6.8,2003.0,5.0,191.0,293.0,11000.0,7000.0,1000.0,604.0,0,Fantasy,127117666.13056847
WarGames,8.321647,114.0,7.1,1983.0,6.0,84.0,139.0,2000.0,883.0,793.0,152.0,0,Thriller,34608848.583643146
"Dancer, Texas Pop. 81",0.567444,97.0,6.7,1998.0,5.0,15.0,23.0,982.0,599.0,326.0,63.0,500,Comedy,30636133.404181138
Hot Rod,6.117846,88.0,6.7,2007.0,8.0,111.0,82.0,874.0,434.0,432.0,149.0,0,Action,25443673.77252073
The King's Speech,11.260387,118.0,8.0,2010.0,9.0,479.0,0.0,14000.0,1000.0,520.0,636.0,64000,Drama,21347223.731775355
千と千尋の神隠し,41.048867,125.0,8.6,2001.0,7.0,246.0,6000.0,17.0,10.0,7.0,902.0,28000,Fantasy,27031882.533101045
もののけ姫,17.166725,134.0,8.3,1997.0,7.0,174.0,6000.0,893.0,851.0,745.0,570.0,11000,Adventure,53960886.82677158
Disaster Movie,11.634132,87.0,1.9,2008.0,8.0,111.0,82.0,869.0,624.0,329.0,359.0,0,Action,36033637.31719017
How the Grinch Stole Christmas,11.642462,104.0,6.4,2000.0,11.0,175.0,2000.0,1000.0,722.0,636.0,482.0,0,Family,221661429.57142952
Snow White and the Huntsman,18.751554,127.0,6.1,2012.0,5.0,416.0,274.0,26000.0,17000.0,11000.0,710.0,53000,Adventure,204951113.18482003
As Good as It Gets,9.374049,139.0,7.7,1997.0,12.0,156.0,274.0,625.0,440.0,285.0,470.0,11000,Comedy,101812993.12598431
Scream 4,10.000721,111.0,6.2,2011.0,4.0,420.0,0.0,2000.0,741.0,687.0,518.0,26000,Horror,55184028.66972372
Water for Elephants,7.649466,120.0,6.9,2011.0,3.0,279.0,508.0,21000.0,11000.0,1000.0,260.0,33000,Drama,52424827.28623768
The Final Destination,8.805723,82.0,5.1,2009.0,8.0,221.0,160.0,164000.0,137000.0,748.0,290.0,0,Horror,57859670.89377124
Transsiberian,12.497651,111.0,6.6,2008.0,1.0,150.0,122.0,918.0,278.0,25.0,162.0,0,Thriller,21620182.790314093
Ouija,13.288564,89.0,4.5,2014.0,10.0,183.0,10.0,852.0,707.0,704.0,159.0,18000,Horror,6554263.976480127
Underworld: Evolution,12.496805,106.0,6.7,2006.0,1.0,206.0,235.0,956.0,845.0,520.0,502.0,0,Fantasy,76965774.80952428
Arthur et les Minimoys,11.621534,94.0,6.0,2006.0,12.0,101.0,0.0,563.0,80.0,14.0,64.0,941,Adventure,132381131.9523818
Funny People,9.900376,146.0,6.3,2009.0,7.0,230.0,0.0,11000.0,561.0,130.0,301.0,0,Comedy,108486882.05082127
Slow Burn,6.300001,93.0,5.7,2005.0,9.0,40.0,7.0,1000.0,1000.0,922.0,24.0,191,Mystery,24629048.619047645
Monsters,6.154375,94.0,6.3,2010.0,6.0,344.0,380.0,660.0,280.0,113.0,451.0,19000,Drama,711575.0910591776
Mrs. Doubtfire,11.16553,125.0,7.1,1993.0,11.0,57.0,0.0,49000.0,1000.0,711.0,223.0,0,Comedy,50906497.06299219
The Watch,13.276971,98.0,5.7,2012.0,7.0,265.0,82.0,622.0,591.0,537.0,207.0,15000,Comedy,91910800.0626932
The Watch,13.276971,98.0,5.7,2012.0,7.0,265.0,82.0,622.0,591.0,536.0,207.0,15000,Comedy,91910800.0626932
The Watch,13.276971,98.0,5.7,2012.0,7.0,265.0,82.0,622.0,591.0,537.0,207.0,15000,Comedy,91910800.0626932
The Watch,13.276971,98.0,5.7,2012.0,7.0,265.0,82.0,622.0,591.0,536.0,207.0,15000,Comedy,91910800.0626932
Octopussy,10.619302,131.0,6.5,1983.0,6.0,106.0,46.0,594.0,303.0,293.0,225.0,0,Adventure,79311943.37918241
1408,9.196884,104.0,6.8,2007.0,7.0,314.0,101.0,129.0,25.0,23.0,580.0,11000,Horror,37417166.841942295
Casino Jack,8.5508,108.0,6.2,2010.0,9.0,117.0,60.0,18000.0,322.0,168.0,51.0,0,Crime,17789353.276479468
The Bad News Bears,8.399441,102.0,7.3,1976.0,4.0,40.0,23.0,288.0,257.0,57.0,91.0,0,Comedy,201884945.23791832
Bronson,9.521043,92.0,7.0,2008.0,10.0,225.0,0.0,27000.0,161.0,146.0,145.0,22000,Drama,331510.45411814965
Mission to Mars,9.021107,114.0,5.7,2000.0,3.0,181.0,0.0,3000.0,933.0,281.0,949.0,0,Science Fiction,162191290.1986062
Winter's Tale,7.363527,118.0,6.1,2014.0,2.0,189.0,167.0,20000.0,882.0,778.0,126.0,17000,Drama,78651156.71776147
Mrs. Winterbourne,9.1861,105.0,6.2,1996.0,4.0,20.0,121.0,3000.0,624.0,354.0,50.0,491,Comedy,50906497.06299219
Muppets Most Wanted,7.244956,112.0,6.4,2014.0,3.0,277.0,33.0,3000.0,2000.0,518.0,110.0,10000,Comedy,65542630.76480133
The Proposal,8.058337,108.0,6.8,2009.0,6.0,224.0,98.0,16000.0,896.0,723.0,273.0,10000,Comedy,57859670.89377124
Duel in the Sun,8.441279,144.0,6.7,2046.0,12.0,32.0,54.0,469.0,436.0,332.0,87.0,403,Western,6000001.0
Little Fockers,9.73941,98.0,5.5,2010.0,12.0,180.0,80.0,22000.0,713.0,708.0,152.0,0,Comedy,142314819.21183562
The Hitchhiker's Guide to the Galaxy,13.257255,109.0,6.7,2005.0,1.0,276.0,37.0,11000.0,2000.0,651.0,1053.0,10000,Adventure,79448541.70660533
Jersey Girl,5.706507,102.0,6.2,2004.0,3.0,164.0,0.0,939.0,854.0,769.0,358.0,0,Comedy,55613979.49462375
Mar adentro,14.69768,125.0,8.0,2004.0,9.0,157.0,448.0,273.0,114.0,93.0,140.0,0,Drama,20348361.245775748
The Prince,16.219485,93.0,4.6,2014.0,8.0,46.0,32.0,13000.0,1000.0,1000.0,101.0,0,Thriller,23595347.7153285
Abraham Lincoln: Vampire Hunter,7.922636,94.0,5.9,2012.0,6.0,393.0,335.0,3000.0,3000.0,911.0,348.0,98000,Action,93262429.46067408
Prisoners,11.96262,153.0,8.2,2013.0,9.0,454.0,777.0,20000.0,15000.0,1000.0,620.0,86000,Drama,61277386.95534794
Secret in Their Eyes,6.79115,111.0,6.3,2015.0,10.0,155.0,53.0,8000.0,963.0,233.0,81.0,0,Crime,25531321.538189225
City By The Sea,3.903016,108.0,6.1,2002.0,9.0,104.0,105.0,22000.0,11000.0,616.0,166.0,416,Crime,72085018.42160277
The Bucket List,9.070643,97.0,7.3,2007.0,12.0,207.0,0.0,11000.0,2000.0,760.0,310.0,22000,Drama,67350899.51549608
The Sweet Hereafter,6.002992,112.0,7.4,1997.0,5.0,120.0,460.0,990.0,900.0,395.0,196.0,920,Drama,10181300.21259841
The Best Exotic Marigold Hotel,9.23046,124.0,7.2,2011.0,11.0,264.0,108.0,1000.0,400.0,186.0,266.0,48000,Drama,13796007.917430973
Heavenly Creatures,9.438042,99.0,7.2,1994.0,9.0,93.0,0.0,14000.0,433.0,88.0,265.0,0,Drama,10181300.21259841
The Dukes of Hazzard,9.039467,104.0,5.1,2005.0,8.0,144.0,422.0,631.0,534.0,379.0,612.0,0,Action,79448541.70660533
Star Wars: Episode I - The Phantom Menace,15.649091,136.0,6.5,1999.0,5.0,320.0,0.0,20000.0,14000.0,1000.0,3597.0,13000,Adventure,207244426.0871084
Serving Sara,10.16841,100.0,5.3,2002.0,8.0,64.0,71.0,2000.0,719.0,584.0,101.0,201,Comedy,52261638.6306621
Shorts,4.021983,89.0,4.7,2009.0,8.0,103.0,0.0,87000.0,570.0,470.0,37.0,431,Comedy,57859670.89377124
In Time,10.324613,109.0,6.7,2011.0,10.0,360.0,487.0,20000.0,10000.0,3000.0,463.0,52000,Action,55184028.66972372
It's a Wonderful Life,15.031588,130.0,8.6,2046.0,12.0,206.0,964.0,488.0,275.0,248.0,706.0,41000,Drama,3180001.000000001
DragonHeart,23.63659,103.0,6.4,1996.0,5.0,60.0,357.0,2000.0,663.0,40.0,139.0,0,Fantasy,116066812.02362224
After the Sunset,11.945666,97.0,6.2,2004.0,11.0,117.0,420.0,4000.0,3000.0,455.0,147.0,782,Action,95338249.84792624
Star Trek: Nemesis,11.367801,117.0,6.4,2002.0,12.0,172.0,53.0,27000.0,1000.0,906.0,842.0,0,Science Fiction,108127527.13240407
Savages,13.248022,131.0,6.4,2012.0,7.0,339.0,0.0,749.0,463.0,404.0,269.0,28000,Crime,60823323.90913524
Glitter,5.420686,104.0,2.4,2001.0,9.0,66.0,170.0,736.0,218.0,202.0,308.0,0,Drama,39646760.581881516
Flushed Away,9.922577,85.0,6.6,2006.0,10.0,135.0,42.0,20000.0,14000.0,586.0,122.0,0,Adventure,229358006.95238206
Stoker,7.222816,99.0,6.7,2013.0,2.0,469.0,0.0,3000.0,1000.0,520.0,235.0,27000,Drama,15985406.031829918
Watchmen,16.551503,163.0,7.6,2009.0,3.0,451.0,0.0,986.0,745.0,413.0,1229.0,18000,Action,188043928.15475675
Terminator 2: Judgment Day,22.661695,137.0,8.6,1991.0,7.0,210.0,0.0,780.0,604.0,539.0,983.0,13000,Action,237433818.90359622
National Lampoon's Vacation,7.747432,98.0,7.3,1983.0,7.0,55.0,11000.0,816.0,695.0,624.0,183.0,0,Comedy,43261060.47955389
North Country,8.781298,126.0,7.3,2005.0,2.0,155.0,51.0,10000.0,9000.0,874.0,214.0,0,Drama,55613979.49462375
White Squall,9.568604,129.0,6.6,1996.0,2.0,37.0,0.0,12000.0,1000.0,982.0,89.0,911,Action,77377875.015748
Madagascar 3: Europe's Most Wanted,13.829042,93.0,6.8,2012.0,6.0,211.0,35.0,851.0,770.0,436.0,154.0,17000,Animation,195986263.70721522
Return of the Living Dead 3,9.796755,97.0,5.9,1993.0,10.0,46.0,97.0,787.0,196.0,163.0,130.0,810,Comedy,4072520.685039371
Gone in Sixty Seconds,14.091765,118.0,6.5,2000.0,6.0,175.0,57.0,12000.0,11000.0,3000.0,498.0,0,Action,162191290.1986062
Blackhat,14.932368,133.0,5.5,2015.0,1.0,261.0,0.0,26000.0,326.0,301.0,207.0,11000,Crime,91650895.23965351
Crank,12.627593,88.0,6.9,2006.0,8.0,170.0,83.0,26000.0,725.0,501.0,444.0,0,Action,18471786.714285713
The Darkest Hour,8.127392,89.0,4.9,2011.0,12.0,195.0,21.0,614.0,150.0,48.0,211.0,0,Horror,41388021.75229282
Big Trouble,5.761051,85.0,6.4,2002.0,4.0,87.0,188.0,11000.0,1000.0,865.0,186.0,892,Action,72085018.42160277
The Fog,9.194572,89.0,6.8,1980.0,2.0,212.0,0.0,2000.0,826.0,606.0,335.0,7000,Horror,3766093.233009709
The Fog,9.194572,89.0,6.8,1980.0,2.0,212.0,0.0,2000.0,826.0,606.0,335.0,7000,Horror,3766093.233009709
The Fog,9.194572,89.0,6.8,1980.0,2.0,212.0,0.0,2000.0,826.0,606.0,335.0,7000,Horror,3766093.233009709
The Fog,9.194572,89.0,6.8,1980.0,2.0,212.0,0.0,2000.0,826.0,606.0,335.0,7000,Horror,3766093.233009709
Godsend,11.271148,102.0,4.8,2004.0,4.0,130.0,6.0,22000.0,829.0,353.0,191.0,387,Drama,39724271.3533026
The Hunger Games: Catching Fire,25.309139,146.0,7.5,2013.0,11.0,502.0,508.0,34000.0,14000.0,523.0,706.0,82000,Adventure,173175222.17815715
Role Models,7.646215,99.0,6.8,2008.0,2.0,173.0,136.0,833.0,543.0,526.0,170.0,0,Comedy,40357673.67525301
Before Sunrise,11.304979,105.0,8.1,1995.0,1.0,121.0,0.0,15.0,12.0,4.0,395.0,22000,Drama,5090650.606299216
Feast,7.888988,95.0,6.2,2005.0,10.0,130.0,38.0,164000.0,2000.0,898.0,252.0,0,Action,27012504.840245746
Woman in Gold,11.61,120.0,7.3,2015.0,4.0,203.0,64.0,16000.0,638.0,553.0,147.0,34000,Drama,14402284.380517008
Rendition,13.482558,120.0,6.8,2007.0,9.0,131.0,151.0,24000.0,15000.0,11000.0,197.0,0,Drama,41158883.42613658
Flight of the Phoenix,15.434731,113.0,6.1,2004.0,12.0,114.0,212.0,2000.0,845.0,568.0,222.0,1000,Action,71503687.63594463
The Rundown,8.304835,104.0,6.7,2003.0,9.0,151.0,532.0,12000.0,3000.0,557.0,255.0,0,Adventure,135062520.20122844
2 Fast 2 Furious,2.32462,107.0,5.9,2003.0,6.0,150.0,309.0,23000.0,787.0,771.0,370.0,0,Action,120761782.87403928
Teenage Mutant Ninja Turtles II: The Secret of the Ooze,7.994266,88.0,6.0,1991.0,3.0,68.0,34.0,642.0,533.0,445.0,93.0,0,Science Fiction,59358455.47589896
August: Osage County,6.954296,121.0,7.2,2013.0,12.0,322.0,53.0,19000.0,11000.0,8000.0,285.0,30000,Comedy,33302928.14964563
Tea with Mussolini,3.094893,117.0,6.9,1999.0,3.0,62.0,160.0,718.0,330.0,55.0,157.0,970,Comedy,21625506.226480868
Tupac: Resurrection,2.409278,112.0,7.9,2003.0,1.0,26.0,2.0,786.0,633.0,321.0,32.0,0,Music,476692.2442396309
The Big Hit,5.975082,91.0,6.1,1998.0,4.0,57.0,6.0,904.0,471.0,459.0,168.0,934,Action,23427631.662020937
Romeo Is Bleeding,9.796318,100.0,6.5,1993.0,9.0,30.0,34.0,10000.0,721.0,541.0,88.0,561,Action,23416989.18897641
Higher Ground,1.137468,109.0,6.2,2011.0,8.0,68.0,0.0,553.0,471.0,186.0,34.0,952,Drama,2759202.383486188
Taken 3,18.081483,109.0,6.0,2014.0,12.0,222.0,118.0,14000.0,794.0,482.0,323.0,38000,Thriller,62920925.57420916
The Relic,7.699967,110.0,5.8,1997.0,1.0,95.0,0.0,510.0,344.0,308.0,165.0,956,Horror,122175591.55118129
El orfanato,16.213592,105.0,7.4,2007.0,8.0,300.0,171.0,382.0,273.0,143.0,308.0,11000,Horror,25443673.77252073
Heartbeeps,1.08281,79.0,4.3,1981.0,12.0,19.0,13.0,753.0,695.0,378.0,31.0,425,Comedy,37660923.33009712
ต้มยำกุ้ง,9.005167,108.0,7.0,2005.0,8.0,112.0,64.0,778.0,635.0,380.0,214.0,0,Action,9533825.884792617
Grease,7.854899,110.0,7.2,1978.0,7.0,124.0,116.0,1000.0,944.0,898.0,350.0,13000,Romance,22596554.398058258
Eragon,9.851133,104.0,5.1,2006.0,12.0,170.0,14.0,3000.0,762.0,203.0,1690.0,0,Fantasy,153931548.6190474
How Green Was My Valley,9.058578,118.0,7.7,2041.0,10.0,74.0,673.0,595.0,176.0,137.0,124.0,0,Drama,1250000.999999999
Leap Year,7.432311,100.0,6.4,2010.0,1.0,134.0,14.0,3000.0,547.0,356.0,181.0,13000,Romance,27039816.460248735
Universal Soldier: The Return,7.805145,82.0,4.2,1999.0,8.0,75.0,7.0,2000.0,577.0,485.0,162.0,401,Action,81095645.59930305
Michael Jordan to the Max,2.047132,46.0,7.4,2000.0,5.0,14.0,0.0,13000.0,366.0,69.0,13.0,407,Documentary,30636133.404181138
Fantasia,8.03796,124.0,7.7,2040.0,11.0,99.0,11.0,16.0,0.0,24.859563355124465,230.0,3000,Animation,2280001.000000004
Flags of Our Fathers,9.224494,132.0,7.1,2006.0,10.0,279.0,16000.0,23000.0,638.0,310.0,415.0,0,War,138538393.85714298
Hostage,9.686638,113.0,6.5,2005.0,3.0,152.0,17.0,87000.0,13000.0,759.0,288.0,0,Mystery,82626483.33486943
崖の上のポニョ,8.470945,100.0,7.6,2008.0,7.0,256.0,6000.0,6.0,3.0,2.0,144.0,0,Animation,60071962.93213289
Vicky Cristina Barcelona,9.648539,96.0,7.1,2008.0,8.0,275.0,11000.0,19000.0,581.0,252.0,365.0,14000,Drama,21620182.790314093
Monsters University,16.267502,104.0,7.2,2013.0,6.0,376.0,37.0,12000.0,779.0,760.0,265.0,44000,Animation,201992410.11825585
Reservoir Dogs,12.22034,99.0,8.3,1992.0,9.0,173.0,16000.0,16000.0,12000.0,455.0,931.0,19000,Crime,2849206.814843145
The Invention of Lying,7.087161,100.0,6.4,2009.0,9.0,192.0,0.0,3000.0,2000.0,985.0,287.0,13000,Comedy,26760098.32586921
The Sitter,13.105682,81.0,5.6,2011.0,12.0,146.0,234.0,904.0,555.0,370.0,114.0,0,Comedy,34490018.293577336
DOA: Dead or Alive,5.756379,87.0,4.8,2006.0,9.0,110.0,23.0,826.0,816.0,748.0,180.0,0,Adventure,32325625.99999998
Terminator Salvation,16.507496,115.0,6.5,2009.0,5.0,422.0,368.0,23000.0,3000.0,988.0,974.0,0,Action,219335340.13013425
The Notebook,15.239013,123.0,7.8,2004.0,6.0,177.0,415.0,33000.0,638.0,545.0,1111.0,57000,Romance,46080154.60983101
The Greatest Game Ever Played,6.969342,120.0,7.4,2005.0,9.0,86.0,0.0,577.0,464.0,58.0,106.0,0,Drama,39724271.3533026
Planet of the Apes,17.319836,119.0,5.7,2001.0,7.0,230.0,13000.0,1000.0,658.0,567.0,1368.0,0,Thriller,180212544.5540067
Planet of the Apes,17.319836,119.0,5.7,2001.0,7.0,230.0,13000.0,1000.0,658.0,567.0,1368.0,0,Thriller,180212544.5540067
Planet of the Apes,17.319836,119.0,5.7,2001.0,7.0,230.0,13000.0,1000.0,658.0,567.0,1368.0,0,Thriller,180212544.5540067
Planet of the Apes,17.319836,119.0,5.7,2001.0,7.0,230.0,13000.0,1000.0,658.0,567.0,1368.0,0,Thriller,180212544.5540067
Small Soldiers,10.03936,110.0,6.3,1998.0,7.0,100.0,287.0,4000.0,835.0,823.0,139.0,0,Comedy,72085018.42160277
The Box,10.424946,115.0,5.6,2009.0,9.0,287.0,219.0,902.0,837.0,258.0,376.0,0,Thriller,43394753.42032837
Auto Focus,7.936578,104.0,6.7,2002.0,10.0,97.0,261.0,783.0,658.0,617.0,147.0,357,Drama,12614879.048780493
Harry Potter and the Order of the Phoenix,21.3643,138.0,7.5,2007.0,6.0,329.0,282.0,21000.0,11000.0,687.0,1108.0,0,Adventure,224502996.05165422
Baahubali: The Beginning,11.80967,159.0,8.0,2015.0,7.0,44.0,50.0,218.0,133.0,72.0,410.0,21000,Action,52371940.56551632
The Core,11.664861,136.0,5.5,2003.0,3.0,149.0,36.0,894.0,345.0,106.0,466.0,0,Action,95338249.84792624
Beauty Shop,6.795949,105.0,5.6,2005.0,6.0,72.0,23.0,1000.0,619.0,485.0,59.0,671,Comedy,39724271.3533026
Redacted,3.494388,90.0,6.1,2007.0,1.0,133.0,0.0,343.0,29.0,15.0,108.0,559,Drama,7483434.168388445
Superman III,9.614638,125.0,5.0,1983.0,6.0,95.0,44.0,593.0,542.0,420.0,224.0,0,Comedy,112478755.64684005
TMNT,11.358363,90.0,6.2,2007.0,3.0,191.0,14.0,11000.0,4000.0,691.0,211.0,0,Adventure,50887346.5450416
The Hundred-Foot Journey,14.466789,122.0,7.3,2014.0,8.0,180.0,529.0,820.0,201.0,171.0,185.0,55000,Drama,28838758.096512586
Harry Potter and the Goblet of Fire,24.903058,157.0,7.7,2005.0,11.0,295.0,179.0,21000.0,11000.0,10000.0,1896.0,0,Adventure,238345623.11981454
For Colored Girls,2.216959,134.0,6.3,2010.0,11.0,75.0,0.0,1000.0,912.0,637.0,73.0,0,Drama,24193520.09601201
Magic Mike,8.732425,110.0,6.1,2012.0,6.0,324.0,0.0,17000.0,15000.0,11000.0,281.0,54000,Drama,9461406.785865484
Into the Woods,9.580785,125.0,5.9,2014.0,12.0,321.0,252.0,40000.0,11000.0,10000.0,779.0,90000,Fantasy,65542630.76480133
The Hunger Games,20.031667,142.0,7.2,2012.0,3.0,673.0,378.0,34000.0,14000.0,575.0,1959.0,140000,Science Fiction,101372205.84855887
Tucker and Dale vs Evil,6.771868,89.0,7.5,2010.0,1.0,324.0,27.0,948.0,779.0,440.0,200.0,49000,Comedy,7115741.910591782
Hodejegerne,9.070215,100.0,7.5,2011.0,8.0,284.0,77.0,286.0,52.0,27.0,121.0,23000,Thriller,23453212.759632606
The Fountain,11.577121,96.0,7.2,2006.0,9.0,274.0,0.0,20000.0,1000.0,1000.0,915.0,23000,Drama,53876042.66666671
The Newton Boys,2.917013,113.0,6.1,1998.0,3.0,63.0,0.0,11000.0,597.0,324.0,39.0,315,Crime,48657387.7595819
Everything Must Go,4.779994,97.0,6.4,2010.0,10.0,155.0,7.0,8000.0,981.0,939.0,86.0,0,Comedy,7115741.910591782
Jupiter Ascending,21.463465,124.0,5.3,2015.0,2.0,384.0,0.0,17000.0,15000.0,13000.0,720.0,44000,Science Fiction,198532366.40400696
"Paris, je t'aime",6.980486,120.0,7.2,2006.0,5.0,165.0,107.0,12000.0,530.0,280.0,123.0,0,Drama,20011102.190476205
The Shining,19.611589,144.0,8.4,1980.0,5.0,253.0,0.0,888.0,629.0,413.0,1320.0,37000,Horror,71555753.42718482
Philadelphia,13.373006,125.0,7.7,1993.0,12.0,68.0,438.0,18000.0,15000.0,372.0,261.0,0,Drama,52942756.90551178
I Am Number Four,9.388376,109.0,6.1,2011.0,2.0,288.0,154.0,15000.0,348.0,144.0,329.0,27000,Action,68980035.58715484
Police Academy,8.354488,96.0,6.7,1984.0,3.0,45.0,37.0,801.0,760.0,542.0,133.0,0,Comedy,12978318.84386617
Now You See Me 2,39.540653,129.0,6.4,2016.0,6.0,196.0,209.0,11000.0,11000.0,886.0,139.0,15000,Action,116368856.90836935
The Guilt Trip,7.479014,95.0,5.8,2012.0,12.0,147.0,98.0,405.0,358.0,78.0,103.0,0,Comedy,54065176.919231415
Spy Kids: All the Time in the World,9.580214,89.0,3.6,2011.0,8.0,76.0,0.0,2000.0,734.0,640.0,83.0,0,Family,37249219.67706354
The Nun's Story,3.473993,149.0,7.5,2059.0,6.0,25.0,160.0,157.0,139.0,75.0,83.0,930,Drama,3500001.0000000056
Birdman,18.193263,119.0,7.7,2014.0,8.0,588.0,0.0,15000.0,6000.0,529.0,1101.0,114000,Drama,23595347.7153285
Up,19.330884,96.0,8.3,2009.0,5.0,408.0,0.0,1000.0,848.0,262.0,704.0,27000,Animation,219335340.13013425
Saw V,10.165499,92.0,5.8,2008.0,10.0,160.0,43.0,3000.0,723.0,357.0,262.0,0,Horror,15566531.889026178
Maximum Risk,7.370163,100.0,5.6,1996.0,9.0,50.0,17.0,900.0,246.0,218.0,68.0,503,Action,50906497.06299219
Anchorman: The Legend of Ron Burgundy,10.33012,94.0,7.1,2004.0,7.0,181.0,285.0,640000.0,8000.0,7000.0,577.0,0,Comedy,41313242.16743477
Kindergarten Cop,3.67003,111.0,6.3,1990.0,12.0,46.0,425.0,743.0,394.0,344.0,109.0,0,Comedy,35615073.685539365
Vanilla Sky,10.071057,136.0,6.9,2001.0,12.0,153.0,488.0,10000.0,834.0,509.0,1248.0,0,Drama,122544530.6167249
Arbitrage,5.808496,100.0,6.6,2012.0,9.0,288.0,27.0,664.0,591.0,360.0,145.0,0,Drama,16219553.775769394
The Gunman,11.429831,115.0,5.8,2015.0,2.0,224.0,180.0,1000.0,535.0,87.0,110.0,0,Action,52371940.56551632
Resident Evil: Extinction,3.009134,94.0,6.2,2007.0,9.0,216.0,85.0,14000.0,706.0,443.0,348.0,0,Horror,67350899.51549608
A.I. Artificial Intelligence,13.249364,146.0,7.2,2001.0,6.0,281.0,14000.0,3000.0,882.0,681.0,2153.0,11000,Drama,180212544.5540067
Just Married,6.001152,95.0,5.5,2003.0,1.0,97.0,189.0,500.0,308.0,306.0,205.0,0,Comedy,28601475.65437784
Bangkok Dangerous,6.576009,99.0,5.3,2008.0,8.0,125.0,15.0,12000.0,68.0,61.0,154.0,0,Action,64860546.37094224
Bandidas,19.294832,93.0,5.7,2006.0,1.0,58.0,18.0,4000.0,820.0,324.0,76.0,0,Action,53876042.66666671
Yogi Bear,6.598296,80.0,4.6,2010.0,12.0,143.0,40.0,3000.0,642.0,375.0,100.0,0,Comedy,113851855.56946848
Piranha 3D,8.212132,88.0,5.5,2010.0,8.0,365.0,192.0,3000.0,859.0,847.0,374.0,13000,Comedy,34155557.37084053
Gossip,8.25719,90.0,5.9,2000.0,4.0,63.0,49.0,12000.0,215.0,191.0,112.0,853,Drama,25229757.09756101
"You, Me and Dupree",8.570085,108.0,5.6,2006.0,7.0,136.0,94.0,277.0,245.0,240.0,195.0,0,Comedy,83123036.71428564
"Alexander and the Terrible, Horrible, No Good, Very Bad Day",7.861004,81.0,6.2,2014.0,10.0,119.0,44.0,35000.0,7000.0,3000.0,85.0,12000,Family,36703873.668288715
The Imaginarium of Doctor Parnassus,6.859934,123.0,6.8,2009.0,10.0,292.0,0.0,10000.0,785.0,645.0,210.0,19000,Adventure,43394753.42032837
Return to Me,5.269733,115.0,7.0,2000.0,4.0,106.0,597.0,893.0,854.0,597.0,275.0,0,Romance,43251011.45296161
Contagion,8.244359,106.0,6.8,2011.0,9.0,436.0,0.0,13000.0,240.0,175.0,411.0,42000,Drama,82776042.50458613
The Chronicles of Riddick,5.060352,119.0,6.6,2004.0,6.0,207.0,123.0,14000.0,850.0,567.0,666.0,0,Action,166841936.48387107
Insomnia,11.424974,118.0,7.2,2002.0,5.0,185.0,22000.0,14000.0,509.0,319.0,651.0,0,Crime,82897771.03484325
Firestarter,7.048087,114.0,6.1,1984.0,5.0,45.0,73.0,695.0,654.0,563.0,96.0,0,Fantasy,43261060.47955389
The Lucky One,7.740762,101.0,6.4,2012.0,4.0,170.0,96.0,713.0,220.0,204.0,106.0,29000,Drama,33790735.949519604
Employee of the Month,8.596352,103.0,5.6,2006.0,10.0,85.0,27.0,1000.0,809.0,534.0,151.0,0,Comedy,18471786.714285713
The Silence of the Lambs,4.307222,119.0,8.6,1991.0,2.0,185.0,438.0,12000.0,826.0,173.0,916.0,40000,Crime,45112426.40168324
War of the Worlds,19.929377,116.0,6.5,2005.0,6.0,401.0,14000.0,10000.0,1000.0,807.0,2741.0,0,Adventure,209744148.46543786
The Ghost Writer,6.76482,128.0,7.2,2010.0,2.0,343.0,2000.0,854.0,766.0,501.0,349.0,15000,Thriller,64041669.19532606
Basic Instinct 2,15.321902,114.0,4.4,2006.0,3.0,159.0,105.0,844.0,729.0,246.0,313.0,764,Crime,107752084.33333331
Moneyball,15.785663,133.0,7.6,2011.0,9.0,419.0,152.0,22000.0,18000.0,11000.0,312.0,27000,Drama,68980035.58715484
He's Just Not That Into You,8.376094,129.0,6.4,2009.0,2.0,161.0,42.0,97.0,50.0,49.0,203.0,12000,Comedy,57859670.89377124
The Omen,16.641277,111.0,7.5,1976.0,6.0,154.0,503.0,264.0,139.0,108.0,310.0,7000,Horror,16150796.539033435
The Omen,16.641277,111.0,7.5,1976.0,6.0,154.0,503.0,264.0,139.0,108.0,310.0,7000,Horror,16150796.539033435
The Omen,16.641277,111.0,7.5,1976.0,6.0,154.0,503.0,264.0,139.0,108.0,310.0,7000,Horror,16150796.539033435
The Omen,16.641277,111.0,7.5,1976.0,6.0,154.0,503.0,264.0,139.0,108.0,310.0,7000,Horror,16150796.539033435
The Thing,16.83125,109.0,8.2,1982.0,6.0,297.0,0.0,957.0,163.0,145.0,911.0,23000,Horror,56491384.49514561
Road House,2.943427,114.0,6.7,1989.0,5.0,83.0,9.0,623.0,472.0,466.0,201.0,0,Action,35615073.685539365
Conspiracy Theory,14.261798,135.0,6.7,1997.0,8.0,80.0,503.0,8000.0,137.0,67.0,162.0,0,Action,152719489.1889766
Failure to Launch,9.438013,97.0,5.7,2006.0,3.0,143.0,9.0,14000.0,11000.0,11000.0,242.0,2000,Comedy,76965774.80952428
Vacation,11.33038,99.0,6.2,2015.0,7.0,204.0,0.0,26000.0,12000.0,816.0,219.0,28000,Comedy,40588254.16327525
Kingpin,11.633347,113.0,6.9,1996.0,7.0,62.0,101.0,13000.0,852.0,743.0,185.0,3000,Comedy,54979016.74803154
Hairspray,7.768045,117.0,6.7,2007.0,7.0,219.0,163.0,719.0,339.0,260.0,401.0,0,Family,74834332.6838842
Firefox,8.97528,136.0,5.9,1982.0,6.0,43.0,16000.0,16000.0,281.0,216.0,98.0,0,Science Fiction,67789661.19417483
The Departed,18.515448,151.0,8.5,2006.0,10.0,352.0,17000.0,29000.0,13000.0,1000.0,2054.0,29000,Drama,138538393.85714298
Veer-Zaara,3.319516,170.79708358548532,7.8,2004.0,11.0,29.0,147.0,8000.0,860.0,397.0,119.0,2000,Drama,11122796.69892474
Star Trek,15.362632,127.0,7.9,2009.0,5.0,518.0,14000.0,26000.0,12000.0,981.0,1559.0,19000,Science Fiction,216973763.10164183
Entre les murs,10.940451,128.0,7.5,2008.0,9.0,212.0,39.0,15.0,2.0,0.0,86.0,0,Drama,24502873.695689358
Wild,11.209154,115.0,7.1,2014.0,12.0,349.0,212.0,2000.0,820.0,612.0,252.0,38000,Drama,19662789.92944038
Taken,16.367481,93.0,7.7,2008.0,2.0,309.0,180.0,14000.0,816.0,485.0,974.0,29000,Action,36033637.31719017
Moonraker,10.576273,126.0,6.3,1979.0,6.0,121.0,43.0,244.0,202.0,177.0,294.0,0,Action,128047136.92233106
The Red Violin,7.725843,131.0,7.6,1998.0,9.0,94.0,63.0,24.0,3.0,2.0,247.0,0,Drama,32438258.839721214
Don't Be Afraid of the Dark,8.67817,99.0,5.5,2010.0,11.0,298.0,24.0,3000.0,441.0,155.0,250.0,10000,Fantasy,35578705.552958824
The Help,7.486118,146.0,8.1,2011.0,8.0,373.0,150.0,15000.0,3000.0,2000.0,460.0,75000,Drama,34490018.293577336
Kingdom of Heaven,16.296471,144.0,7.3,2005.0,5.0,239.0,0.0,14000.0,5000.0,195.0,942.0,0,Drama,206566206.83717382
The Rite,7.128117,114.0,6.0,2011.0,1.0,267.0,101.0,12000.0,3000.0,2000.0,197.0,23000,Drama,51045226.594494425
Shaun of the Dead,14.902948,99.0,7.9,2004.0,4.0,246.0,1000.0,605.0,427.0,358.0,859.0,19000,Horror,6355884.256528426
There's Something About Mary,11.688958,119.0,7.1,1998.0,7.0,171.0,101.0,931.0,852.0,743.0,611.0,0,Romance,41448886.017421566
Next Friday,10.06545,98.0,6.1,2000.0,1.0,55.0,41.0,723.0,706.0,525.0,84.0,0,Comedy,19823380.79094075
Alatriste,5.035414,145.0,6.1,2006.0,9.0,31.0,13.0,10000.0,1000.0,278.0,84.0,0,Action,36943572.4285714
Irréversible,16.76382,97.0,7.3,2002.0,5.0,192.0,929.0,56.0,46.0,9.0,664.0,13000,Drama,30636133.404181138
Secret Window,9.524283,96.0,6.5,2004.0,3.0,195.0,192.0,40000.0,534.0,501.0,531.0,0,Thriller,63558833.565284155
Pride & Prejudice,14.439083,135.0,7.8,2005.0,9.0,177.0,456.0,422.0,286.0,241.0,1058.0,17000,Drama,44491183.79569892
Police Academy: Mission to Moscow,6.168241,83.0,3.5,1994.0,6.0,17.0,3.0,16000.0,542.0,421.0,103.0,321,Comedy,34616418.32283458
The Ghost and the Darkness,10.789928,109.0,6.8,1996.0,10.0,62.0,81.0,1000.0,416.0,163.0,155.0,0,Adventure,101812993.12598431
The Number 23,8.140941,101.0,6.4,2007.0,2.0,224.0,541.0,8000.0,912.0,897.0,383.0,10000,Thriller,44900600.01033082
Michael Collins,6.728199,132.0,7.1,1996.0,10.0,44.0,277.0,25000.0,14000.0,8000.0,93.0,0,Drama,57015276.590551086
A Nightmare on Elm Street 4: The Dream Master,8.120317,99.0,5.6,1988.0,8.0,102.0,212.0,130.0,125.0,54.0,260.0,0,Horror,16620368.253251713
Executive Decision,13.106291,133.0,6.5,1996.0,3.0,60.0,53.0,1000.0,780.0,263.0,144.0,0,Action,111994292.33858272
Thor,29.158489,115.0,7.0,2011.0,4.0,516.0,0.0,26000.0,20000.0,12000.0,738.0,63000,Adventure,206940104.76146483
Delivery Man,13.548808,105.0,6.3,2013.0,10.0,168.0,31.0,390.0,311.0,110.0,95.0,0,Comedy,34635045.23563147
Happily N'Ever After,13.139893,75.0,4.5,2006.0,9.0,93.0,0.0,4000.0,769.0,677.0,71.0,261,Animation,72347828.38095291
Red Tails,7.145835,125.0,5.9,2012.0,1.0,144.0,143.0,1000.0,664.0,519.0,273.0,0,Drama,78394506.0828854
The Da Vinci Code,18.566706,149.0,6.6,2006.0,5.0,294.0,2000.0,15000.0,574.0,362.0,1966.0,0,Thriller,192414435.5238094
Трудно быть богом,5.921772,170.0,6.5,2013.0,2.0,121.0,23.0,4.0,4.0,0.0,28.0,1000,Drama,9324820.601900792
Elle s'appelait Sarah,6.091224,111.0,7.5,2010.0,9.0,136.0,15.0,1000.0,767.0,121.0,73.0,0,Drama,14231482.821183527
Lola rennt,7.765379,81.0,7.6,1998.0,8.0,181.0,670.0,486.0,37.0,34.0,709.0,0,Action,2757252.916376307
ハウルの動く城,16.136048,119.0,8.2,2004.0,11.0,212.0,6000.0,23000.0,713.0,422.0,330.0,13000,Fantasy,38135300.53917051
Hook,14.508137,144.0,6.8,1991.0,12.0,75.0,14000.0,49000.0,8000.0,5000.0,363.0,13000,Adventure,166203673.53251728
The Cave,8.077253,97.0,5.2,2005.0,8.0,140.0,2.0,849.0,787.0,258.0,262.0,0,Action,47669125.42396312
Bad Santa,10.930143,91.0,7.0,2003.0,11.0,195.0,72.0,1000.0,624.0,566.0,485.0,10000,Drama,36546329.725038394
Ronin,9.672094,122.0,7.2,1998.0,9.0,149.0,287.0,22000.0,2000.0,135.0,572.0,0,Action,99116899.95470366
Robot & Frank,9.291494,85.0,7.0,2012.0,8.0,252.0,14.0,902.0,291.0,215.0,84.0,13000,Science Fiction,3379074.494951953
Drag Me to Hell,15.809588,99.0,6.6,2009.0,3.0,397.0,0.0,2000.0,1000.0,828.0,691.0,11000,Horror,43394753.42032837
Lethal Weapon 3,10.786007,118.0,6.7,1992.0,5.0,68.0,503.0,808.0,277.0,94.0,136.0,0,Adventure,83101837.26625864
The Smurfs,10.219758,103.0,5.4,2011.0,7.0,172.0,67.0,383.0,113.0,111.0,153.0,31000,Animation,151756077.0917403
Memento,15.450789,113.0,8.4,2000.0,10.0,274.0,22000.0,716.0,651.0,379.0,2067.0,40000,Mystery,16219129.919860644
Annie Hall,18.146043,93.0,7.9,1977.0,4.0,154.0,11000.0,11000.0,636.0,629.0,491.0,0,Comedy,23072566.055762075
Your Highness,5.67375,102.0,5.5,2011.0,4.0,208.0,234.0,20000.0,11000.0,11000.0,274.0,18000,Comedy,68842075.51798052
Sinbad: Legend of the Seven Seas,8.388773,86.0,6.7,2003.0,7.0,98.0,0.0,11000.0,102.0,82.0,91.0,880,Family,95338249.84792624
Twilight Zone: The Movie,5.836054,101.0,6.4,1983.0,6.0,78.0,287.0,745.0,730.0,257.0,121.0,0,Drama,28840707.319702614
D-Tox,13.374415,96.0,5.3,2002.0,1.0,66.0,13.0,13000.0,854.0,534.0,142.0,448,Action,99116899.95470366
Big,9.562292,104.0,7.3,1988.0,6.0,99.0,545.0,15000.0,11000.0,697.0,204.0,0,Fantasy,42738088.22264725
The Big Parade,2.084627,151.0,7.9,2025.0,11.0,48.0,54.0,81.0,12.0,6.0,45.0,226,Drama,245000.99999999997
Garfield: A Tail of Two Kitties,7.217377,78.0,5.0,2006.0,6.0,77.0,25.0,13000.0,1000.0,265.0,74.0,470,Animation,26168364.095238116
Highlander,16.870392,116.0,7.0,1986.0,3.0,112.0,85.0,1000.0,309.0,186.0,316.0,0,Adventure,46145131.111524105
Flash Gordon,6.346979,111.0,6.5,1980.0,9.0,100.0,24.0,591.0,488.0,455.0,247.0,12000,Science Fiction,131813229.15534088
The Spirit,5.762005,103.0,4.7,2008.0,12.0,223.0,436.0,19000.0,961.0,437.0,290.0,2000,Action,86480728.16125646
What Happens in Vegas,10.054226,99.0,6.1,2008.0,5.0,148.0,12.0,642.0,171.0,149.0,151.0,0,Comedy,50447091.8440662
The Greatest Story Ever Told,3.961342,170.79708358548532,6.6,2065.0,2.0,27.0,126.0,940.0,208.0,202.0,100.0,1000,Drama,20000001.000000015
The Man from Snowy River,3.382894,104.0,7.2,1982.0,3.0,18.0,18.0,492.0,155.0,75.0,56.0,0,Family,13181323.815533973
The Last Airbender,9.544657,103.0,4.0,2010.0,6.0,280.0,0.0,1000.0,756.0,346.0,1382.0,18000,Action,213472228.31775308
Hope Springs,7.255301,100.0,6.3,2012.0,8.0,234.0,64.0,11000.0,7000.0,329.0,178.0,0,Drama,40548882.93942356
Cry_Wolf,9.454335,90.0,5.8,2005.0,9.0,137.0,65.0,1000.0,989.0,683.0,220.0,816,Horror,1588971.8141321042
Brothers,9.108917,104.0,7.1,2009.0,1.0,217.0,260.0,20000.0,15000.0,3000.0,201.0,10000,Drama,37608786.43095135
Brothers,9.108917,104.0,7.1,2009.0,1.0,217.0,260.0,20000.0,15000.0,1000.0,201.0,10000,Drama,37608786.43095135
Brothers,9.108917,104.0,7.1,2009.0,1.0,217.0,260.0,20000.0,15000.0,3000.0,201.0,10000,Drama,37608786.43095135
Brothers,9.108917,104.0,7.1,2009.0,1.0,217.0,260.0,20000.0,15000.0,1000.0,201.0,10000,Drama,37608786.43095135
Meet Joe Black,14.026744,170.79708358548532,7.2,1998.0,11.0,98.0,102.0,12000.0,11000.0,551.0,703.0,10000,Fantasy,162191290.1986062
Red State,6.340655,88.0,6.1,2011.0,8.0,270.0,0.0,1000.0,947.0,939.0,287.0,16000,Horror,5518403.766972381
The Divide,7.406609,112.0,5.7,2011.0,3.0,174.0,87.0,2000.0,683.0,605.0,226.0,0,Horror,4138803.0752292858
Why Did I Get Married?,2.016044,113.0,5.9,2007.0,10.0,41.0,0.0,2000.0,721.0,607.0,100.0,1000,Comedy,22450300.5051654
Prince of Persia: The Sands of Time,18.459955,116.0,6.5,2010.0,5.0,306.0,179.0,15000.0,567.0,236.0,453.0,23000,Adventure,213472228.31775308
The Adventures of Sharkboy and Lavagirl,6.477862,92.0,3.8,2005.0,6.0,66.0,0.0,12000.0,722.0,717.0,177.0,0,Adventure,79448541.70660533
My Dog Tulip,1.733716,83.0,6.8,2009.0,1.0,51.0,3.0,812.0,277.0,258.0,15.0,675,Animation,24590360.70485276
The SpongeBob Movie: Sponge Out of Water,12.334689,93.0,6.0,2015.0,2.0,147.0,5.0,870.0,861.0,726.0,133.0,16000,Animation,96888089.19620547
The Doors,7.829619,140.0,7.2,1991.0,3.0,82.0,0.0,720.0,576.0,552.0,209.0,0,Drama,90224851.80336653
Blackthorn,4.191928,98.0,6.5,2011.0,8.0,92.0,3.0,820.0,356.0,327.0,40.0,0,Adventure,23453212.759632606
National Lampoon’s Van Wilder,7.668576,92.0,6.4,2002.0,3.0,96.0,12.0,16000.0,876.0,583.0,258.0,0,Comedy,9010628.177700365
From Justin to Kelly,1.695369,90.0,1.9,2003.0,6.0,60.0,7.0,525.0,281.0,251.0,304.0,0,Comedy,19067650.769585222
Hall Pass,9.13273,105.0,5.9,2011.0,2.0,237.0,101.0,966.0,919.0,681.0,143.0,10000,Comedy,49665625.90275141
JFK,13.813146,170.79708358548532,8.0,1991.0,12.0,125.0,0.0,433.0,256.0,4.0,442.0,0,Drama,94973528.16143799
Ali,9.303104,157.0,6.7,2001.0,12.0,174.0,0.0,10000.0,851.0,780.0,386.0,0,Drama,192827422.60278732
Dear John,8.371479,115.0,6.3,2010.0,2.0,162.0,529.0,17000.0,861.0,690.0,186.0,14000,Drama,35578705.552958824
C.H.U.D.,4.412794,88.0,5.6,1984.0,8.0,77.0,4.0,796.0,697.0,132.0,88.0,0,Horror,3605089.2899628286
Se7en,18.45743,127.0,8.6,1995.0,9.0,216.0,21000.0,11000.0,11000.0,360.0,1080.0,39000,Crime,67196575.80314961
Melancholia,8.124767,136.0,7.1,2011.0,5.0,439.0,3000.0,10000.0,4000.0,844.0,551.0,50000,Drama,10209046.118898897
The Deep End of the Ocean,5.78468,106.0,6.3,1999.0,3.0,54.0,22.0,2000.0,642.0,613.0,111.0,579,Drama,68480767.55052257
Boomerang,6.506983,117.0,5.6,1992.0,6.0,21.0,71.0,723.0,558.0,547.0,41.0,0,Comedy,94973528.16143799
Flightplan,12.419851,98.0,6.3,2005.0,9.0,231.0,124.0,931.0,507.0,354.0,600.0,0,Thriller,87393395.77726595
Rugrats in Paris: The Movie,5.568359,78.0,6.2,2000.0,9.0,41.0,0.0,971.0,844.0,786.0,49.0,181,Adventure,55.0637630662021
Armored,9.951662,88.0,5.7,2009.0,12.0,107.0,190.0,137000.0,459.0,163.0,110.0,0,Action,28929835.94688567
Stranger Than Fiction,10.798092,113.0,7.5,2006.0,9.0,253.0,395.0,8000.0,189.0,77.0,529.0,13000,Comedy,46179465.285714254
Keeping the Faith,6.045585,127.0,6.4,2000.0,4.0,148.0,0.0,955.0,869.0,754.0,259.0,0,Comedy,54063764.06620214
The Legend of Hercules,6.599539,99.0,4.3,2014.0,1.0,156.0,212.0,576.0,358.0,182.0,202.0,12000,Action,91759682.67072223
Tootsie,8.451188,116.0,7.4,1982.0,12.0,94.0,521.0,13000.0,521.0,481.0,194.0,0,Comedy,79087937.89320381
Charly,2.526159,103.0,6.9,2068.0,9.0,32.0,17.0,754.0,605.0,113.0,55.0,785,Drama,950001.0000000008
The Blind Side,12.753109,129.0,7.6,2009.0,11.0,261.0,102.0,768.0,734.0,624.0,420.0,38000,Drama,41948261.672984116
A Serious Man,7.971424,105.0,7.0,2009.0,10.0,341.0,1000.0,816.0,105.0,98.0,324.0,10000,Comedy,10125443.23140997
Big Hero 6,45.17727282093515,102.0,7.8,2014.0,10.0,384.0,38.0,756.0,719.0,562.0,433.0,41000,Adventure,198768019.5986139
Unstoppable,12.697059,98.0,6.8,2010.0,11.0,316.0,12000.0,18000.0,3000.0,1000.0,326.0,18000,Action,142314819.21183562
Children of Men,14.114606,109.0,7.9,2006.0,9.0,372.0,0.0,16000.0,430.0,18.0,1206.0,17000,Drama,116987977.19047643
The Grudge 2,6.768804,102.0,5.1,2006.0,10.0,131.0,70.0,4000.0,884.0,464.0,284.0,930,Horror,30786310.52380957
Focus,10.035362,105.0,6.6,2015.0,2.0,279.0,43.0,10000.0,806.0,523.0,221.0,23000,Romance,65595855.30580935
Roar,1.307263,102.0,6.1,1981.0,11.0,50.0,4.0,634.0,537.0,60.0,27.0,0,Adventure,64023568.96116502
Homefront,9.896704,100.0,6.5,2013.0,11.0,203.0,39.0,26000.0,11000.0,798.0,154.0,15000,Action,29306576.89168812
Reign of Fire,13.067306,101.0,6.2,2002.0,7.0,138.0,38.0,23000.0,18000.0,11000.0,569.0,0,Adventure,108127527.13240407
The Spy Next Door,6.663422,94.0,5.5,2010.0,1.0,97.0,32.0,1000.0,626.0,453.0,71.0,0,Action,39848150.099314
Glengarry Glen Ross,6.792215,100.0,7.7,1992.0,9.0,120.0,164.0,18000.0,14000.0,99.0,365.0,0,Crime,29679228.237949483
The Man Who Knew Too Little,4.827771,97.0,6.6,1997.0,11.0,34.0,36.0,13000.0,828.0,507.0,100.0,0,Comedy,40725197.850393705
A Haunted House,6.531373,86.0,5.1,2013.0,1.0,129.0,89.0,713.0,584.0,555.0,107.0,0,Comedy,3330293.714964566
The Last Samurai,19.582325,154.0,7.8,2003.0,12.0,190.0,380.0,10000.0,956.0,445.0,928.0,0,Drama,222455914.9784945
Airplane!,13.063203,88.0,7.7,1980.0,7.0,134.0,104.0,628.0,575.0,318.0,427.0,16000,Comedy,13181323.815533973
Jagten,8.462801,115.0,8.3,2012.0,8.0,349.0,346.0,74.0,69.0,26.0,249.0,60000,Drama,5136192.712326978
8 Mile,8.374355,110.0,7.2,2002.0,11.0,119.0,161.0,1000.0,418.0,196.0,564.0,0,Drama,73887143.85714287
1941,7.812379,113.0,5.8,1979.0,12.0,56.0,14000.0,16000.0,1000.0,642.0,217.0,2000,Action,131813229.15534088
The 13th Warrior,10.308026,102.0,6.6,1999.0,8.0,85.0,323.0,845.0,372.0,241.0,546.0,0,Adventure,273261009.4260271
Prom Night,7.18216,88.0,4.0,2008.0,4.0,146.0,29.0,2000.0,690.0,458.0,260.0,1000,Crime,24502873.695689358
Mad Max,11.412619,93.0,6.8,1979.0,4.0,208.0,750.0,728.0,76.0,28.0,303.0,10000,Adventure,1506437.8932038827
Draft Day,5.596449,109.0,6.8,2014.0,4.0,159.0,425.0,3000.0,466.0,148.0,113.0,14000,Drama,32771315.882400632
Dallas Buyers Club,14.785719,117.0,7.9,2013.0,9.0,471.0,212.0,11000.0,3000.0,896.0,340.0,65000,Drama,6660586.429929115
Choke,7.589546,92.0,6.4,2008.0,9.0,159.0,0.0,1000.0,585.0,539.0,72.0,0,Comedy,4324037.358062824
Freakonomics,2.444847,93.0,6.3,2010.0,10.0,73.0,4.0,875.0,412.0,394.0,23.0,0,Documentary,4269445.546355066
Dinner for Schmucks,11.623718,114.0,5.9,2010.0,7.0,190.0,116.0,7000.0,1000.0,982.0,264.0,0,Comedy,98197225.56616656
Bernie,5.875181,100.0,6.8,2012.0,4.0,231.0,0.0,11000.0,106.0,84.0,136.0,15000,Comedy,6758147.989903912
The Time Machine,8.918134,96.0,6.0,2002.0,3.0,124.0,25.0,891.0,639.0,102.0,615.0,3000,Science Fiction,144170035.84320578
Oblivion,14.654053,124.0,7.0,2013.0,4.0,539.0,364.0,11000.0,10000.0,1000.0,892.0,71000,Action,159854051.31829974
17 Again,11.362762,102.0,6.4,2009.0,3.0,191.0,23.0,2000.0,2000.0,651.0,185.0,0,Comedy,28929835.94688567
Jackass: The Movie,14.095586,87.0,6.6,2002.0,10.0,106.0,79.0,608.0,362.0,218.0,327.0,0,Documentary,9010628.177700365
Oz: The Great and Powerful,11.137329,130.0,6.3,2013.0,3.0,525.0,0.0,44000.0,15000.0,11000.0,511.0,60000,Fantasy,201992410.11825585
Oz: The Great and Powerful,11.137329,130.0,6.3,2013.0,3.0,525.0,0.0,44000.0,15000.0,11000.0,511.0,60000,Fantasy,201992410.11825585
Oz: The Great and Powerful,11.137329,130.0,6.3,2013.0,3.0,525.0,0.0,44000.0,15000.0,11000.0,511.0,60000,Fantasy,201992410.11825585
Oz: The Great and Powerful,11.137329,130.0,6.3,2013.0,3.0,525.0,0.0,44000.0,15000.0,11000.0,511.0,60000,Fantasy,201992410.11825585
Hercules,19.606895,99.0,6.0,2014.0,7.0,245.0,420.0,12000.0,3000.0,467.0,269.0,21000,Action,131085260.52960263
Hercules,19.606895,99.0,6.0,2014.0,7.0,245.0,420.0,12000.0,3000.0,467.0,269.0,21000,Action,131085260.52960263
Hercules,19.606895,99.0,6.0,2014.0,7.0,245.0,420.0,12000.0,3000.0,467.0,269.0,21000,Action,131085260.52960263
Hercules,19.606895,99.0,6.0,2014.0,7.0,245.0,420.0,12000.0,3000.0,467.0,269.0,21000,Action,131085260.52960263
The Little Prince,11.376954,92.0,7.6,2015.0,7.0,119.0,54.0,12000.0,11000.0,6000.0,64.0,31000,Adventure,83795104.30482626
Tales from the Hood,2.86007,98.0,6.5,1995.0,5.0,25.0,38.0,1000.0,475.0,360.0,52.0,985,Crime,12217560.055118127
42nd Street,4.718154,89.0,7.3,2033.0,2.0,65.0,24.0,610.0,105.0,45.0,97.0,439,Music,439001.0000000001
The Rocker,9.469873,102.0,6.2,2008.0,8.0,132.0,11.0,15000.0,14000.0,1000.0,104.0,0,Comedy,21620182.790314093
Agora,8.029671,127.0,7.1,2009.0,5.0,180.0,448.0,614.0,451.0,334.0,172.0,29000,Adventure,101254423.31409976
On the Road,7.323283,137.0,6.0,2012.0,5.0,252.0,179.0,17000.0,10000.0,4000.0,128.0,27000,Adventure,33790735.949519604
The Last Exorcism,6.397109,87.0,5.7,2010.0,8.0,311.0,13.0,463.0,400.0,308.0,300.0,0,Horror,2561667.7278130413
Bridge to Terabithia,8.460206,96.0,7.2,2007.0,2.0,181.0,47.0,14000.0,11000.0,3000.0,522.0,6000,Adventure,89801199.0206616
One Flew Over the Cuckoo's Nest,35.529554,133.0,8.7,1975.0,11.0,149.0,869.0,888.0,721.0,425.0,760.0,32000,Drama,17304424.791821547
Sholem Aleichem: Laughing In The Darkness,0.086226,93.0,7.2,2012.0,2.0,29.0,0.0,399.0,169.0,59.0,5.0,287,Documentary,675815.6989903932
The Interpreter,12.047671,128.0,6.4,2005.0,4.0,227.0,521.0,591.0,249.0,249.0,411.0,0,Crime,127117666.13056847
Paddington,15.686837,95.0,7.3,2014.0,11.0,224.0,17.0,838.0,722.0,594.0,174.0,30000,Family,72096893.74128154
A Nightmare on Elm Street,13.694713,91.0,7.4,1984.0,11.0,256.0,0.0,40000.0,852.0,574.0,668.0,10000,Horror,5191328.137546471
A Nightmare on Elm Street,13.694713,91.0,7.4,1984.0,11.0,256.0,0.0,40000.0,852.0,574.0,668.0,10000,Horror,5191328.137546471
A Nightmare on Elm Street,13.694713,91.0,7.4,1984.0,11.0,256.0,0.0,40000.0,852.0,574.0,668.0,10000,Horror,5191328.137546471
A Nightmare on Elm Street,13.694713,91.0,7.4,1984.0,11.0,256.0,0.0,40000.0,852.0,574.0,668.0,10000,Horror,5191328.137546471
The Apartment,11.994281,125.0,8.3,2060.0,6.0,183.0,0.0,516.0,417.0,180.0,241.0,0,Comedy,3000001.000000001
I Am Sam,12.935016,132.0,7.6,2001.0,12.0,129.0,24.0,967.0,912.0,506.0,431.0,15000,Drama,39646760.581881516
Bridesmaids,6.810991,125.0,6.8,2011.0,4.0,371.0,176.0,722.0,655.0,460.0,485.0,27000,Comedy,44837023.481650576
Soul Kitchen,4.79386,99.0,7.2,2009.0,9.0,115.0,766.0,595.0,486.0,269.0,26.0,0,Drama,7232459.736721411
The Social Network,16.972995,120.0,7.8,2010.0,9.0,556.0,21000.0,10000.0,349.0,81.0,696.0,74000,Drama,56925928.284734234
Being John Malkovich,11.416319,112.0,7.7,1999.0,9.0,242.0,0.0,512.0,216.0,213.0,840.0,0,Fantasy,23427631.662020937
Hulk,15.422638,138.0,5.6,2003.0,6.0,267.0,0.0,820.0,300.0,258.0,1445.0,0,Drama,217689002.5360997
The Boxtrolls,11.563909,97.0,6.8,2014.0,9.0,219.0,7.0,874.0,668.0,642.0,122.0,11000,Animation,78651156.71776147
卧虎藏龙,19.944953,120.0,7.9,2000.0,10.0,287.0,0.0,103.0,21.0,5.0,1641.0,0,Adventure,30636133.404181138
Only God Forgives,6.069475,90.0,5.7,2013.0,5.0,440.0,0.0,33000.0,1000.0,428.0,475.0,30000,Drama,6394163.012731968
Sheena,4.11214,117.0,4.9,1984.0,8.0,21.0,71.0,433.0,54.0,42.0,52.0,739,Action,72101766.7992564
The Object of My Affection,6.715856,111.0,6.0,1998.0,4.0,65.0,13.0,818.0,511.0,106.0,132.0,849,Comedy,27031882.533101045
Disturbing Behavior,11.054751,84.0,5.6,1998.0,7.0,96.0,119.0,989.0,982.0,918.0,237.0,673,Mystery,27031882.533101045
Face/Off,11.467391,138.0,7.3,1997.0,6.0,155.0,610.0,12000.0,1000.0,805.0,535.0,11000,Action,162900788.4015749
Mirrors,8.612618,110.0,6.1,2008.0,8.0,208.0,192.0,1000.0,915.0,844.0,232.0,5000,Horror,50447091.8440662
Saving Mr. Banks,15.130888,125.0,7.5,2013.0,11.0,405.0,102.0,15000.0,2000.0,825.0,306.0,39000,Comedy,46624099.00950391
October Baby,1.604527,107.0,6.6,2011.0,10.0,40.0,10.0,544.0,264.0,245.0,82.0,0,Drama,23453212.759632606
辛亥革命,3.835131,125.0,5.7,2011.0,7.0,63.0,0.0,974.0,643.0,187.0,27.0,0,Adventure,41388021.75229282
Κυνόδοντας,17.713581,94.0,7.1,2009.0,6.0,211.0,252.0,47.0,37.0,14.0,170.0,13000,Drama,24590360.70485276
Spy Kids 2: The Island of Lost Dreams,7.164131,100.0,5.3,2002.0,8.0,103.0,0.0,12000.0,2000.0,1000.0,107.0,478,Action,68480767.55052257
Mutant World,1.044936,85.0,2.8,2014.0,9.0,4.0,65.0,341.0,265.0,146.0,10.0,236,Science Fiction,22284495.120032437
Beowulf,9.951195,115.0,6.3,2007.0,11.0,287.0,0.0,18000.0,12000.0,964.0,505.0,3000,Adventure,104768065.35743833
Foodfight!,6.693589,87.0,1.3,2012.0,6.0,12.0,11.0,719.0,611.0,500.0,66.0,0,Animation,87855911.86875072
Think Like a Man Too,7.576924,105.0,5.7,2014.0,6.0,52.0,167.0,966.0,807.0,676.0,38.0,3000,Comedy,31460463.287104677
Sphere,7.124735,134.0,6.1,1998.0,2.0,108.0,272.0,548.0,270.0,215.0,274.0,0,Science Fiction,135159408.66550505
I Hope They Serve Beer in Hell,3.208138,106.0,5.2,2009.0,9.0,52.0,10.0,756.0,216.0,184.0,72.0,0,Comedy,10125443.23140997
Torn Curtain,6.243248,128.0,6.6,2066.0,7.0,64.0,13000.0,18.0,16.0,14.0,137.0,933,Mystery,3000001.000000001
Poseidon,6.581669,99.0,5.7,2006.0,5.0,231.0,249.0,87000.0,2000.0,702.0,629.0,0,Adventure,233410445.69722995
Batman v Superman: Dawn of Justice,31.435879,151.0,6.5,2016.0,3.0,673.0,0.0,15000.0,4000.0,2000.0,3018.0,197000,Action,196059056.15656462
The Eye,8.233662,98.0,5.4,2008.0,2.0,172.0,0.0,17000.0,527.0,451.0,156.0,0,Drama,17296146.432251293
Oceans,7.785003,84.0,7.7,2009.0,10.0,113.0,63.0,67.0,63.0,7.0,42.0,0,Documentary,24590360.70485276
Zoom,11.967444,83.0,4.4,2006.0,8.0,63.0,12.0,2000.0,826.0,690.0,113.0,494,Family,53876042.66666671
Gamer,9.730681,95.0,5.7,2009.0,9.0,180.0,83.0,18000.0,8000.0,1000.0,245.0,0,Action,72324588.36721408
Alexander,13.498641,170.79708358548532,5.6,2004.0,11.0,248.0,0.0,12000.0,11000.0,591.0,1390.0,0,War,240939814.88101152
The Wind That Shakes the Barley,6.752524,124.0,7.5,2006.0,6.0,169.0,644.0,97.0,8.0,6.0,222.0,0,Drama,10005551.595238106
Avatar,45.17727282093515,162.0,7.9,2009.0,12.0,723.0,0.0,1000.0,936.0,855.0,3054.0,33000,Action,219335340.13013425
Shanghai Noon,10.308442,110.0,6.6,2000.0,5.0,146.0,9.0,485.0,110.0,95.0,293.0,0,Adventure,99116899.95470366
The Way Way Back,10.342737,103.0,7.4,2013.0,6.0,276.0,214.0,7000.0,468.0,424.0,216.0,22000,Comedy,6127739.595534801
Elizabeth: The Golden Age,7.608243,114.0,6.8,2007.0,9.0,202.0,159.0,13000.0,2000.0,877.0,216.0,0,Drama,82317765.85227242
Jason Goes to Hell: The Final Friday,9.223325,87.0,4.1,1993.0,8.0,112.0,18.0,935.0,805.0,307.0,317.0,949,Fantasy,6108780.527559053
Swing Vote,5.204249,120.0,6.1,2008.0,8.0,131.0,0.0,1000.0,901.0,886.0,79.0,1000,Drama,30268255.50643974
Sleeper,6.048904,89.0,7.1,2073.0,12.0,66.0,11000.0,11000.0,66.0,45.0,128.0,0,Comedy,2000001.0000000016
By the Sea,12.61223,122.0,5.3,2015.0,11.0,131.0,11000.0,11000.0,11000.0,188.0,61.0,0,Drama,13092985.89137912
Love & Basketball,5.733227,124.0,7.2,2000.0,4.0,68.0,107.0,1000.0,886.0,865.0,116.0,0,Action,36042509.71080134
The Sisterhood of the Traveling Pants,9.263965,119.0,6.5,2005.0,6.0,88.0,42.0,2000.0,953.0,917.0,223.0,0,Drama,39724271.3533026
The Transporter Refueled,11.007319,96.0,5.2,2015.0,9.0,148.0,11.0,805.0,173.0,150.0,121.0,0,Thriller,32732463.22844776
Halloween,13.672759,91.0,7.7,1978.0,10.0,318.0,0.0,2000.0,742.0,598.0,1191.0,12000,Horror,1129828.6699029128
Halloween,13.672759,91.0,7.7,1978.0,10.0,318.0,0.0,2000.0,742.0,598.0,1191.0,12000,Horror,1129828.6699029128
Halloween,13.672759,91.0,7.7,1978.0,10.0,318.0,0.0,2000.0,742.0,598.0,1191.0,12000,Horror,1129828.6699029128
Halloween,13.672759,91.0,7.7,1978.0,10.0,318.0,0.0,2000.0,742.0,598.0,1191.0,12000,Horror,1129828.6699029128
Halloween,13.672759,91.0,7.7,1978.0,10.0,318.0,0.0,2000.0,742.0,598.0,1191.0,12000,Horror,1129828.6699029128
Halloween,13.672759,91.0,7.7,1978.0,10.0,318.0,0.0,2000.0,742.0,598.0,1191.0,12000,Horror,1129828.6699029128
Halloween,13.672759,91.0,7.7,1978.0,10.0,318.0,0.0,2000.0,742.0,598.0,1191.0,12000,Horror,1129828.6699029128
Halloween,13.672759,91.0,7.7,1978.0,10.0,318.0,0.0,2000.0,742.0,598.0,1191.0,12000,Horror,1129828.6699029128
Halloween,13.672759,91.0,7.7,1978.0,10.0,318.0,0.0,2000.0,742.0,598.0,1191.0,12000,Horror,1129828.6699029128
The Assassination of Jesse James by the Coward Robert Ford,10.111313,160.0,7.5,2007.0,9.0,273.0,181.0,11000.0,10000.0,820.0,415.0,0,Action,44900600.01033082
Die Hard 2,18.785984,124.0,7.1,1990.0,7.0,142.0,212.0,13000.0,982.0,576.0,316.0,0,Action,166203673.53251728
Little Boy,11.946728,106.0,7.3,2015.0,4.0,45.0,38.0,1000.0,1000.0,975.0,122.0,15000,Comedy,26185970.782758225
Half Baked,7.022548,82.0,6.6,1998.0,1.0,40.0,33.0,744.0,503.0,475.0,164.0,0,Comedy,14417004.48432056
Interstellar,32.213481,169.0,8.7,2014.0,11.0,712.0,22000.0,11000.0,11000.0,6000.0,2725.0,349000,Adventure,198768019.5986139
Moms' Night Out,6.127302,98.0,5.3,2014.0,3.0,49.0,10.0,589.0,416.0,402.0,125.0,0,Comedy,6554263.976480127
She Wore a Yellow Ribbon,7.715087,103.0,7.2,2049.0,10.0,55.0,673.0,281.0,230.0,89.0,90.0,721,Western,1600001.000000004
Pitch Black,6.424399,108.0,7.0,2000.0,2.0,214.0,123.0,14000.0,991.0,787.0,805.0,5000,Thriller,41448886.017421566
Self/less,25.301568,116.0,6.5,2015.0,7.0,178.0,763.0,16000.0,543.0,523.0,126.0,11000,Science Fiction,34041761.71758562
Blood Ties,14.934555,128.0,6.5,2013.0,8.0,91.0,0.0,15000.0,960.0,745.0,41.0,0,Thriller,33968986.69263851
Date Night,8.443736,97.0,6.3,2010.0,4.0,247.0,189.0,15000.0,11000.0,7000.0,207.0,0,Comedy,78273151.01650946
Harry Potter and the Philosopher's Stone,38.187238,152.0,7.7,2001.0,11.0,258.0,0.0,11000.0,687.0,645.0,1571.0,16000,Adventure,225265680.44250903
Analyze That,9.927412,96.0,5.9,2002.0,12.0,105.0,11000.0,22000.0,394.0,236.0,138.0,846,Comedy,108127527.13240407
Spider-Man,29.413341,121.0,7.4,2002.0,5.0,291.0,0.0,24000.0,11000.0,4000.0,2012.0,5000,Fantasy,250495436.54006955
Celeste & Jesse Forever,6.348565,91.0,6.6,2012.0,8.0,193.0,43.0,904.0,517.0,172.0,61.0,0,Comedy,22977700.765673336
Sweet Sweetback's Baadasssss Song,1.435148,97.0,5.5,2071.0,4.0,38.0,101.0,982.0,535.0,101.0,50.0,566,Action,150001.00000000006
No Reservations,9.672317,104.0,6.3,2007.0,7.0,171.0,96.0,943.0,763.0,559.0,128.0,0,Comedy,41907226.74297531
Seeking a Friend for the End of the World,6.947533,101.0,6.7,2012.0,6.0,265.0,63.0,7000.0,353.0,172.0,221.0,25000,Comedy,13516294.979807856
Deconstructing Harry,6.280515,96.0,7.3,1997.0,8.0,104.0,11000.0,11000.0,474.0,223.0,131.0,0,Comedy,40725197.850393705
Gojira ni-sen mireniamu,2.80298,107.0,6.0,1999.0,12.0,107.0,2.0,43.0,3.0,3.0,140.0,339,Adventure,1802126.435540071
eXistenZ,11.446138,97.0,6.8,1999.0,4.0,196.0,0.0,1000.0,900.0,716.0,527.0,6000,Action,27031882.533101045
For Your Consideration,12.142183,86.0,6.3,2006.0,11.0,144.0,378.0,957.0,925.0,783.0,150.0,650,Comedy,18471786.714285713
Maid in Manhattan,7.291939,105.0,5.4,2002.0,12.0,114.0,61.0,5000.0,827.0,708.0,242.0,0,Comedy,99116899.95470366
Daylight,11.995799,115.0,6.0,1996.0,12.0,61.0,357.0,13000.0,10000.0,366.0,101.0,0,Action,162900788.4015749
Joe,13.784411,118.0,6.8,2014.0,4.0,232.0,234.0,12000.0,1000.0,221.0,118.0,11000,Drama,5243411.381184111
Blade II,17.05064,117.0,6.7,2002.0,3.0,224.0,0.0,12000.0,919.0,845.0,559.0,0,Fantasy,97314774.51916388
Super 8,19.529911,112.0,7.0,2011.0,6.0,539.0,14000.0,1000.0,560.0,417.0,849.0,37000,Thriller,68980035.58715484
Igby Goes Down,5.536107,97.0,6.8,2002.0,9.0,136.0,23.0,1000.0,710.0,471.0,238.0,838,Comedy,16219129.919860644
Firewall,6.500892,105.0,5.8,2006.0,2.0,171.0,12.0,87000.0,11000.0,935.0,306.0,773,Thriller,69269197.42857134
2012,16.698628,158.0,5.8,2009.0,10.0,367.0,776.0,1000.0,468.0,310.0,1055.0,13000,Action,219335340.13013425
Radio,5.81647,109.0,6.9,2003.0,10.0,74.0,19.0,1000.0,762.0,568.0,196.0,0,Drama,50847067.052227296
The Ladies Man,3.755409,84.0,5.2,2000.0,10.0,58.0,71.0,8000.0,723.0,553.0,79.0,671,Comedy,43251011.45296161
Prophecy,3.579175,102.0,5.6,1979.0,1.0,70.0,287.0,452.0,122.0,79.0,75.0,902,Horror,45193107.796116464
Spanglish,11.202764,130.0,6.4,2004.0,12.0,124.0,274.0,11000.0,964.0,138.0,342.0,0,Comedy,127117666.13056847
The History Boys,3.403583,109.0,6.8,2006.0,10.0,112.0,13.0,3000.0,796.0,480.0,172.0,0,Comedy,6157262.904761906
The Namesake,4.273271,122.0,7.5,2006.0,9.0,167.0,300.0,579.0,405.0,341.0,117.0,0,Drama,18471786.714285713
Did You Hear About the Morgans?,7.323405,103.0,4.9,2009.0,12.0,133.0,30.0,963.0,935.0,727.0,121.0,0,Comedy,83896522.34596825
Beyond the Valley of the Dolls,3.129943,109.0,6.1,2070.0,7.0,101.0,199.0,503.0,46.0,44.0,137.0,0,Comedy,2090001.0000000007
Mr. Turner,6.328696,150.0,6.8,2014.0,10.0,262.0,608.0,149.0,44.0,43.0,165.0,0,History,22284495.120032437
Never Say Never Again,10.231985,134.0,6.1,1983.0,10.0,89.0,883.0,180.0,172.0,133.0,214.0,0,Adventure,103826543.75092934
American Wedding,14.397139,103.0,6.3,2003.0,8.0,153.0,58.0,3000.0,864.0,729.0,332.0,0,Comedy,87393395.77726595
Mortdecai,10.241861,106.0,5.5,2015.0,1.0,181.0,192.0,40000.0,2000.0,280.0,188.0,12000,Comedy,78557910.3482746
Madagascar,16.136217,86.0,6.9,2005.0,5.0,181.0,35.0,851.0,436.0,179.0,385.0,0,Family,119172812.0599079
Le peuple migrateur,3.68993,98.0,7.9,2001.0,12.0,100.0,63.0,63.0,3.0,7.874237621985117,153.0,1000,Documentary,64635747.314878084
Cloudy with a Chance of Meatballs,11.665693,90.0,6.9,2009.0,9.0,191.0,97.0,622.0,526.0,56.0,156.0,0,Animation,144649175.73442835
Strangerland,5.975657,111.0,5.2,2015.0,7.0,84.0,93.0,147.0,52.0,51.0,57.0,0,Drama,13092985.89137912
Crocodile Dundee,7.791212,97.0,6.6,1986.0,9.0,35.0,4.0,442.0,162.0,93.0,93.0,0,Adventure,14420354.159851292
Justin Bieber: Never Say Never,5.892524,105.0,1.7,2011.0,2.0,84.0,209.0,569.0,69.0,41.0,233.0,62000,Documentary,17934809.992660265
Jagal,6.373118,115.0,8.2,2012.0,8.0,248.0,50.0,3.0,3.0,0.0,107.0,20000,Documentary,1351630.3979807845
Hotel Transylvania,16.231945,91.0,7.0,2012.0,9.0,256.0,266.0,12000.0,11000.0,11000.0,168.0,28000,Animation,114888499.82836679
Space Cowboys,7.45761,130.0,6.5,2000.0,7.0,169.0,16000.0,16000.0,495.0,416.0,326.0,0,Action,117138154.31010474
Mortal Kombat,10.870138,101.0,5.8,1995.0,8.0,72.0,545.0,1000.0,1000.0,545.0,283.0,0,Action,36652678.16535438
Bicentennial Man,9.369918,131.0,6.9,1999.0,12.0,93.0,0.0,49000.0,1000.0,957.0,362.0,0,Comedy,180212544.5540067
Annie,13.275529,119.0,5.4,2014.0,12.0,176.0,87.0,2000.0,1000.0,929.0,213.0,16000,Comedy,85205419.69424161
War,12.077833,103.0,6.2,2007.0,8.0,119.0,5.0,26000.0,5000.0,874.0,166.0,0,Action,37417166.841942295
American Gangster,9.644542,157.0,7.8,2007.0,11.0,300.0,0.0,18000.0,782.0,561.0,458.0,0,Drama,149668664.36776924
The Matrix,33.366332,136.0,8.7,1999.0,3.0,313.0,0.0,18000.0,145.0,99.0,3646.0,25000,Action,113533903.43902461
Master and Commander: The Far Side of the World,8.693298,138.0,7.5,2003.0,11.0,244.0,608.0,613.0,172.0,168.0,684.0,0,Adventure,238345623.11981454
EuroTrip,6.275468,93.0,6.6,2004.0,2.0,92.0,17.0,13000.0,634.0,360.0,316.0,0,Comedy,39724271.3533026
Metegol,14.347931,106.0,6.4,2013.0,7.0,82.0,195.0,20.0,10.0,0.0,22.0,0,Animation,29306576.89168812
The Good Night,8.031164,93.0,5.7,2007.0,1.0,50.0,17.0,1000.0,165.0,66.0,39.0,445,Comedy,22450300.5051654
The Innkeepers,8.560726,102.0,5.5,2011.0,12.0,292.0,243.0,969.0,128.0,74.0,247.0,0,Horror,1034701.5188073213
Bad Company,9.540021,116.0,5.6,2002.0,6.0,128.0,541.0,12000.0,405.0,384.0,189.0,792,Action,126148781.48780474
Seed of Chucky,15.216315,87.0,4.9,2004.0,11.0,148.0,64.0,1000.0,857.0,363.0,214.0,0,Drama,19067650.769585222
Teenage Mutant Ninja Turtles III,8.13688,96.0,4.8,1993.0,3.0,60.0,8.0,533.0,219.0,199.0,87.0,1000,Action,42761457.69291344
Laws of Attraction,5.739139,90.0,5.9,2004.0,4.0,90.0,29.0,638.0,160.0,142.0,102.0,702,Action,44491183.79569892
Magic Mike XXL,8.76993,115.0,5.6,2015.0,7.0,222.0,13.0,20000.0,17000.0,642.0,135.0,41000,Comedy,19377618.639241092
The Shadow,7.881107,108.0,6.1,1994.0,7.0,70.0,85.0,924.0,595.0,510.0,146.0,0,Adventure,50906497.06299219
Red Sonja,10.014248,89.0,5.1,1985.0,4.0,59.0,130.0,444.0,312.0,183.0,95.0,0,Adventure,51624865.31226775
Town & Country,1.901065,104.0,4.5,2001.0,4.0,62.0,23.0,752.0,631.0,591.0,89.0,53,Comedy,162191290.1986062
Splash,8.441602,111.0,6.3,1984.0,3.0,43.0,2000.0,15000.0,161.0,51.0,99.0,0,Comedy,23072566.055762075
Black or White,10.763583,121.0,6.6,2014.0,9.0,91.0,57.0,1000.0,837.0,664.0,57.0,0,Drama,11797674.357664222
Obitaemyy Ostrov,2.047794,115.0,5.1,2008.0,12.0,14.0,35.0,463.0,35.0,30.0,21.0,240,Action,52609110.02309771
L.I.E. Long Island Expressway,8.66635,97.0,7.1,2001.0,1.0,64.0,52.0,80.0,67.0,36.0,109.0,420,Drama,1261488.8048780516
Midnight in the Garden of Good and Evil,5.145907,155.0,6.6,1997.0,11.0,91.0,16000.0,18000.0,461.0,229.0,216.0,0,Crime,71269095.48818901
Two Girls and a Guy,4.967667,84.0,5.5,1997.0,9.0,54.0,56.0,21000.0,104.0,13.0,102.0,387,Drama,2036260.8425196863
Journey to the Center of the Earth,10.419974,93.0,5.8,2008.0,7.0,201.0,40.0,14000.0,3000.0,311.0,212.0,0,Action,64860546.37094224
Highlander: Endgame,11.430964,87.0,4.6,2000.0,9.0,90.0,36.0,1000.0,786.0,377.0,355.0,356,Action,45053136.88850172
Gone with the Wind,14.240357,170.79708358548532,8.2,2039.0,12.0,157.0,149.0,503.0,384.0,248.0,706.0,16000,Drama,4000001.0000000005
The Incredible Burt Wonderstone,9.385769,100.0,5.9,2013.0,3.0,260.0,35.0,12000.0,10000.0,7000.0,158.0,13000,Comedy,39963513.57957474
127 Hours,11.176797,94.0,7.5,2010.0,11.0,450.0,0.0,11000.0,642.0,223.0,440.0,63000,Adventure,25616668.27813038
Pete's Dragon,12.189941,102.0,6.7,2016.0,8.0,78.0,38.0,3000.0,424.0,190.0,6.0,21000,Adventure,84044174.71160021
Street Fighter,13.58449,102.0,4.1,1994.0,12.0,63.0,133.0,2000.0,1000.0,690.0,282.0,0,Action,71269095.48818901
Seven Years in Tibet,11.483493,136.0,7.1,1997.0,9.0,76.0,218.0,11000.0,691.0,400.0,119.0,0,Adventure,142538189.97637817
The Pledge,12.806634,123.0,6.7,2001.0,1.0,150.0,0.0,723.0,44.0,19.0,531.0,0,Crime,63074391.24390255
Coraline,16.639915,100.0,7.8,2009.0,2.0,310.0,253.0,309.0,229.0,57.0,279.0,10000,Animation,86789505.84065701
That's My Boy,8.923755,116.0,5.6,2012.0,6.0,157.0,51.0,11000.0,3000.0,622.0,198.0,12000,Comedy,94614058.85865559
Repo Man,6.357559,92.0,6.8,1984.0,2.0,131.0,92.0,752.0,324.0,166.0,148.0,0,Comedy,4326106.947955389
Jackass Presents: Bad Grandpa,8.000867,92.0,6.5,2013.0,10.0,157.0,79.0,925.0,38.0,27.0,162.0,26000,Comedy,19981757.289787408
Babe: Pig in the City,6.229629,92.0,5.9,1998.0,11.0,61.0,750.0,1000.0,971.0,231.0,216.0,964,Adventure,162191290.1986062
Yentl,2.592296,132.0,6.6,1983.0,11.0,16.0,0.0,405.0,194.0,122.0,68.0,0,Music,34608848.583643146
The Nutcracker: The Untold Story,3.394928,110.0,4.1,2010.0,11.0,47.0,96.0,887.0,886.0,554.0,24.0,788,Fantasy,128083337.3906521
Kama Sutra - A Tale of Love,7.124652,117.0,6.0,1996.0,9.0,33.0,300.0,729.0,257.0,200.0,92.0,0,Drama,6108780.527559053
The Believer,8.128106,98.0,7.1,2001.0,1.0,84.0,21.0,33000.0,243.0,76.0,159.0,0,Drama,2703189.153310101
Surrogates,16.211937,89.0,6.3,2009.0,9.0,258.0,84.0,13000.0,1000.0,1000.0,252.0,0,Action,115719340.78754291
Shattered Glass,6.0872,94.0,7.1,2003.0,11.0,129.0,53.0,4000.0,3000.0,491.0,190.0,0,Drama,9533825.884792617
Minions,45.17727282093515,91.0,6.4,2015.0,6.0,308.0,22.0,7000.0,4000.0,1000.0,275.0,70000,Family,96888089.19620547
Bad Teacher,7.310686,92.0,5.7,2011.0,5.0,286.0,52.0,3000.0,957.0,384.0,296.0,16000,Comedy,27592014.834861893
Whiteout,7.759722,101.0,5.5,2009.0,9.0,166.0,57.0,1000.0,603.0,230.0,142.0,0,Action,57859670.89377124
Lethal Weapon 4,14.470551,127.0,6.6,1998.0,7.0,141.0,503.0,5000.0,808.0,91.0,287.0,0,Action,252297561.9756098
Albert Nobbs,5.379039,113.0,6.7,2011.0,12.0,222.0,127.0,3000.0,415.0,373.0,98.0,0,Drama,11036806.533944756
Hot Fuzz,13.535195,121.0,7.8,2007.0,2.0,285.0,1000.0,175.0,115.0,108.0,687.0,17000,Crime,17960240.60413232
Observe and Report,5.666341,86.0,5.8,2009.0,4.0,190.0,62.0,390.0,258.0,59.0,248.0,0,Comedy,24590360.70485276
A Simple Wish,3.354869,86.0,5.3,1997.0,7.0,21.0,23.0,1000.0,937.0,899.0,21.0,517,Adventure,57015276.590551086
The Bourne Ultimatum,18.173269,115.0,8.0,2007.0,8.0,329.0,521.0,13000.0,897.0,883.0,820.0,0,Action,104768065.35743833
Spirit: Stallion of the Cimarron,16.724836,83.0,7.2,2002.0,5.0,106.0,21.0,13000.0,503.0,495.0,216.0,4000,Western,144170035.84320578
Here Comes the Boom,13.409588,105.0,6.4,2012.0,10.0,154.0,153.0,4000.0,828.0,491.0,112.0,17000,Comedy,22977700.765673336
Shadow of the Vampire,12.691457,92.0,6.9,2000.0,5.0,196.0,54.0,776.0,595.0,306.0,339.0,0,Drama,14417004.48432056
From Here to Eternity,5.358582,118.0,7.6,2053.0,8.0,101.0,160.0,862.0,488.0,426.0,150.0,0,War,1650001.0000000007
Friends with Benefits,10.009007,109.0,6.5,2011.0,7.0,238.0,87.0,15000.0,3000.0,923.0,194.0,41000,Romance,48286025.21100829
No se Aceptan Devoluciones,6.507895,115.0,7.5,2013.0,7.0,41.0,399.0,399.0,89.0,83.0,81.0,14000,Comedy,7326644.972922059
The Gallows,7.51505,87.0,4.2,2015.0,7.0,159.0,3.0,220.0,40.0,7.0,150.0,0,Horror,130930.84891379125
The Prince of Tides,2.960942,132.0,6.8,1991.0,12.0,30.0,0.0,769.0,713.0,252.0,109.0,883,Drama,71230146.37107888
"Monsters, Inc.",26.419962,92.0,8.1,2001.0,11.0,250.0,0.0,12000.0,1000.0,773.0,593.0,0,Animation,207244426.0871084
Supercross,2.350811,80.0,4.4,2005.0,8.0,41.0,9.0,17000.0,2000.0,826.0,38.0,353,Action,27012504.840245746
Erin Brockovich,10.135446,131.0,7.5,2000.0,3.0,169.0,0.0,8000.0,883.0,658.0,498.0,0,Drama,93710523.64808358
Sanctum,7.000775,108.0,5.9,2011.0,2.0,244.0,24.0,2000.0,942.0,653.0,215.0,11000,Action,41388021.75229282
The Boy in the Striped Pyjamas,8.912738,94.0,7.7,2008.0,5.0,185.0,39.0,77.0,32.0,18.0,398.0,38000,War,18016819.15859509
Jennifer's Body,13.483131,100.0,5.5,2009.0,9.0,300.0,45.0,24000.0,396.0,271.0,294.0,6000,Comedy,23143868.95750852
My Name Is Khan,11.264586,145.0,7.9,2010.0,2.0,210.0,160.0,8000.0,327.0,81.0,235.0,27000,Drama,17077779.185420267
Jeepers Creepers 2,14.786032,104.0,5.7,2003.0,8.0,167.0,108.0,296.0,270.0,177.0,316.0,0,Horror,27012504.840245746
1947: Earth,3.877988,101.0,7.6,1998.0,9.0,34.0,375.0,113.0,102.0,59.0,55.0,522,Drama,30636133.404181138
Epic Movie,5.549609,86.0,2.4,2007.0,1.0,112.0,82.0,926.0,869.0,729.0,666.0,0,Action,29933733.673553865
The Addams Family,12.962525,99.0,7.0,1991.0,11.0,55.0,188.0,1000.0,1000.0,436.0,125.0,5000,Horror,71230146.37107888
The Phantom of the Opera,7.682562,143.0,7.2,2004.0,12.0,153.0,541.0,18000.0,893.0,530.0,2047.0,0,Music,111227957.98924713
Casino,10.137389,170.79708358548532,8.2,1995.0,11.0,133.0,17000.0,22000.0,721.0,574.0,533.0,11000,Drama,105885512.81102392
Runner Runner,8.864607,91.0,5.6,2013.0,9.0,184.0,65.0,3000.0,697.0,681.0,95.0,0,Crime,39963513.57957474
The Best Man,5.055141,120.0,6.7,1999.0,10.0,32.0,92.0,1000.0,886.0,862.0,79.0,0,Drama,16219129.919860644
Jawbreaker,7.434797,87.0,5.7,1999.0,1.0,49.0,18.0,3000.0,2000.0,844.0,183.0,0,Comedy,5406377.306620208
Ghostbusters,17.162744,116.0,6.8,2016.0,7.0,464.0,176.0,783.0,370.0,322.0,1211.0,62000,Action,186190170.4533911
Ghostbusters,17.162744,116.0,6.8,2016.0,7.0,464.0,176.0,783.0,370.0,322.0,1211.0,62000,Action,186190170.4533911
Ghostbusters,17.162744,116.0,6.8,2016.0,7.0,464.0,176.0,783.0,370.0,322.0,1211.0,62000,Action,186190170.4533911
Ghostbusters,17.162744,116.0,6.8,2016.0,7.0,464.0,176.0,783.0,370.0,322.0,1211.0,62000,Action,186190170.4533911
Fantasia 2000,14.972573,74.0,7.1,1999.0,12.0,129.0,11.0,340.0,243.0,62.0,186.0,607,Animation,144170035.84320578
Hit & Run,7.148558,100.0,6.1,2012.0,8.0,176.0,21.0,14000.0,618.0,552.0,104.0,0,Action,2703259.7959615695
Wanderlust,9.295078,98.0,5.6,2012.0,2.0,163.0,136.0,1000.0,945.0,833.0,139.0,0,Comedy,47307029.92932746
The Roommate,8.453293,91.0,4.8,2011.0,2.0,138.0,26.0,3000.0,1000.0,638.0,115.0,0,Thriller,22073612.067889534
Why Did I Get Married Too?,2.576815,121.0,4.8,2010.0,4.0,40.0,0.0,2000.0,907.0,721.0,68.0,0,Comedy,28462964.64236707
Two Weeks Notice,7.738531,101.0,6.2,2002.0,12.0,118.0,30.0,1000.0,976.0,268.0,269.0,0,Comedy,108127527.13240407
Austin Powers: The Spy Who Shagged Me,13.984182,95.0,6.7,1999.0,6.0,199.0,116.0,45000.0,645.0,481.0,784.0,0,Adventure,59470140.372822344
Need for Speed,18.271383,130.0,6.4,2014.0,3.0,327.0,76.0,3000.0,3000.0,464.0,346.0,32000,Action,86516272.2895378
Blue Ruin,11.509412,90.0,7.1,2014.0,4.0,279.0,57.0,1000.0,235.0,92.0,135.0,0,Crime,22284495.120032437
Chariots of Fire,6.877698,123.0,7.1,1981.0,5.0,90.0,46.0,368.0,303.0,249.0,213.0,0,Drama,20713508.281553406
Paranormal Activity 2,7.388933,91.0,5.7,2010.0,10.0,264.0,21.0,438.0,332.0,189.0,359.0,14000,Horror,4269445.546355066
Night at the Museum,16.661966,108.0,6.5,2006.0,10.0,179.0,189.0,49000.0,3000.0,1000.0,444.0,3000,Action,169324703.38095218
Barney's Version,7.524794,134.0,7.3,2010.0,10.0,193.0,12.0,891.0,460.0,329.0,87.0,0,Comedy,42694446.46355067
Real Steel,19.265552,127.0,7.1,2011.0,9.0,327.0,189.0,20000.0,929.0,544.0,426.0,36000,Action,151756077.0917403
Nixon,5.092,170.79708358548532,7.0,1995.0,12.0,83.0,0.0,12000.0,5000.0,805.0,161.0,915,History,89595434.07086615
Thirteen Days,10.204559,145.0,7.3,2000.0,12.0,162.0,79.0,981.0,274.0,183.0,315.0,0,Drama,144170035.84320578
Get Him to the Greek,7.33335,109.0,6.3,2010.0,6.0,222.0,89.0,836.0,719.0,177.0,197.0,12000,Comedy,56925928.284734234
Escape from Planet Earth,11.617481,89.0,5.8,2013.0,2.0,83.0,7.0,3000.0,190.0,91.0,44.0,0,Animation,53284684.439433075
The Black Hole,7.499388,98.0,5.9,1979.0,12.0,90.0,20.0,889.0,877.0,160.0,230.0,4000,Adventure,75321845.66019419
Still Alice,8.823253,99.0,7.5,2014.0,12.0,309.0,25.0,17000.0,2000.0,423.0,195.0,45000,Drama,6554263.976480127
Fast Five,1.420361,130.0,7.3,2011.0,4.0,342.0,681.0,23000.0,14000.0,12000.0,366.0,54000,Action,172450087.46788657
Legend of the Guardians: The Owls of Ga'Hoole,17.674048,97.0,6.9,2010.0,7.0,188.0,0.0,2000.0,653.0,577.0,160.0,16000,Animation,113851855.56946848
My Best Friend's Wedding,4.678572,105.0,6.4,1997.0,6.0,84.0,29.0,8000.0,1000.0,692.0,169.0,0,Comedy,77377875.015748
Friday the 13th: The Final Chapter,10.175913,91.0,6.0,1984.0,4.0,166.0,17.0,158.0,84.0,74.0,326.0,0,Horror,7498584.643122672
Scary Movie 3,11.142209,84.0,5.6,2003.0,10.0,151.0,119.0,807.0,780.0,750.0,347.0,0,Comedy,76270600.0783409
F.I.S.T.,3.566996,145.0,6.4,1978.0,4.0,20.0,278.0,13000.0,595.0,279.0,35.0,745,Drama,42.4270145631068
"For a Good Time, Call...",10.378756,85.0,6.0,2012.0,8.0,115.0,15.0,938.0,904.0,567.0,34.0,0,Comedy,1148885.9882836665
Austin Powers: International Man of Mystery,11.749159,94.0,7.0,1997.0,5.0,129.0,116.0,8000.0,503.0,481.0,425.0,0,Science Fiction,33598288.40157484
Gods of Egypt,13.337707,127.0,5.4,2016.0,2.0,184.0,295.0,18000.0,934.0,284.0,273.0,24000,Fantasy,181018221.30190766
Dangerous Liaisons,11.46781,119.0,7.5,1988.0,12.0,51.0,350.0,18000.0,17000.0,418.0,143.0,0,Drama,33240735.5065035
Dangerous Liaisons,11.46781,119.0,7.5,1988.0,12.0,51.0,350.0,18000.0,17000.0,418.0,143.0,0,Drama,33240735.5065035
Dangerous Liaisons,11.46781,119.0,7.5,1988.0,12.0,51.0,350.0,18000.0,17000.0,418.0,143.0,0,Drama,33240735.5065035
Dangerous Liaisons,11.46781,119.0,7.5,1988.0,12.0,51.0,350.0,18000.0,17000.0,418.0,143.0,0,Drama,33240735.5065035
The Purge: Election Year,13.1789,105.0,6.0,2016.0,6.0,165.0,65.0,798.0,465.0,393.0,94.0,0,Action,12929873.878707683
Barry Lyndon,14.003467,170.79708358548532,8.1,1975.0,12.0,124.0,0.0,385.0,293.0,111.0,369.0,0,Drama,63449554.90334572
Jason Bourne,19.133256,123.0,6.6,2016.0,7.0,267.0,521.0,13000.0,365.0,265.0,297.0,31000,Action,155158475.54449245
The Perez Family,1.433544,113.0,6.0,1995.0,5.0,15.0,300.0,1000.0,979.0,787.0,19.0,174,Comedy,22398859.26771657
A Christmas Carol,12.869273,96.0,6.8,2009.0,11.0,240.0,0.0,18000.0,14000.0,10000.0,249.0,0,Animation,219335340.13013425
Waiting...,5.054419,94.0,6.7,2005.0,10.0,91.0,6.0,16000.0,1000.0,804.0,236.0,0,Comedy,4766913.442396312
Body Double,9.836894,114.0,6.8,1984.0,10.0,98.0,0.0,537.0,376.0,298.0,178.0,0,Crime,28840707.319702614
Domino,6.394143,127.0,5.9,2005.0,9.0,186.0,12000.0,984.0,940.0,897.0,374.0,0,Action,79448541.70660533
Straw Dogs,8.048422,110.0,5.8,2011.0,9.0,190.0,37.0,10000.0,826.0,268.0,140.0,7000,Drama,34490018.293577336
The Maze Runner,45.17727282093515,113.0,6.8,2014.0,9.0,297.0,47.0,988.0,149.0,129.0,524.0,38000,Action,44568989.240064844
Oliver Twist,12.369935,130.0,6.8,2005.0,9.0,127.0,2000.0,268.0,85.0,25.0,138.0,0,Crime,79448541.70660533
"First Love, Last Rites",0.546143,94.0,5.5,1998.0,8.0,16.0,37.0,318.0,157.0,104.0,16.0,26,Drama,540638.6306620208
Divergent,21.572585,139.0,6.6,2014.0,3.0,459.0,168.0,14000.0,5000.0,1000.0,713.0,49000,Adventure,111422471.60016206
Horrible Bosses,9.856955,98.0,6.9,2011.0,7.0,340.0,91.0,18000.0,464.0,64.0,387.0,31000,Comedy,48286025.21100829
Faster,9.014972,98.0,6.4,2010.0,11.0,196.0,88.0,12000.0,854.0,706.0,157.0,12000,Crime,34155557.37084053
Split Second,3.2768,90.0,6.0,1992.0,5.0,39.0,6.0,206.0,192.0,38.0,75.0,0,Thriller,17.62036725325172
Apocalypto,7.735233,139.0,7.8,2006.0,12.0,283.0,0.0,708.0,78.0,19.0,1043.0,14000,Action,61572620.04761901
The Best Years of Our Lives,6.069343,170.79708358548532,8.1,2046.0,12.0,97.0,355.0,749.0,208.0,188.0,235.0,0,Drama,2100001.0000000047
Fahrenheit 9/11,6.83946,122.0,7.5,2004.0,6.0,288.0,909.0,503.0,328.0,282.0,1416.0,0,Action,9533825.884792617
Soul Plane,8.604389,86.0,4.6,2004.0,5.0,75.0,29.0,939.0,881.0,618.0,150.0,0,Romance,25423534.02611369
Hostel: Part II,8.916747,93.0,5.5,2007.0,6.0,252.0,0.0,1000.0,683.0,658.0,384.0,0,Horror,15266204.66351244
Lovely & Amazing,2.605409,91.0,6.7,2001.0,8.0,71.0,132.0,400.0,286.0,225.0,85.0,169,Comedy,450532.35888501786
Mandela: Long Walk to Freedom,11.318079,141.0,7.1,2013.0,12.0,211.0,56.0,113.0,98.0,38.0,108.0,13000,Drama,46624099.00950391
"Surfer, Dude",2.023166,85.0,4.6,2008.0,9.0,26.0,0.0,11000.0,826.0,499.0,37.0,850,Comedy,8648073.716125648
Inside Llewyn Davis,10.838063,105.0,7.4,2013.0,10.0,535.0,1000.0,3000.0,275.0,272.0,313.0,26000,Drama,14653288.945844062
The Story of Us,5.769957,95.0,6.0,1999.0,10.0,99.0,0.0,13000.0,559.0,323.0,150.0,0,Comedy,90106272.77700396
Blue Jasmine,12.61244,98.0,7.3,2013.0,7.0,415.0,11000.0,594.0,268.0,218.0,384.0,36000,Comedy,23978108.547744837
Tarnation,1.620207,91.0,7.1,2003.0,10.0,72.0,20.0,58.0,20.0,0.0,114.0,754,Documentary,347.39563748079877
Midnight Run,5.564321,126.0,7.5,1988.0,7.0,77.0,102.0,22000.0,581.0,497.0,215.0,0,Adventure,71230146.37107888
Bring It On,6.402888,98.0,6.2,2000.0,8.0,139.0,235.0,4000.0,464.0,229.0,385.0,0,Comedy,50459513.195121944
The Best of Me,8.196975,117.0,6.7,2014.0,10.0,85.0,97.0,775.0,523.0,437.0,99.0,19000,Drama,34082168.47769672
Just Go with It,9.267959,117.0,6.4,2011.0,2.0,204.0,221.0,11000.0,3000.0,503.0,203.0,19000,Romance,110368056.33944768
The Guard,11.256636,96.0,7.3,2011.0,7.0,261.0,51.0,3000.0,482.0,28.0,131.0,17000,Action,8277605.150458574
Body of Lies,12.886125,128.0,7.0,2008.0,10.0,238.0,0.0,29000.0,149.0,135.0,263.0,0,Action,100894182.68813252
The Cell,13.234894,107.0,6.4,2000.0,8.0,225.0,763.0,812.0,551.0,311.0,677.0,0,Horror,59470140.372822344
Spotlight,14.63239,128.0,8.1,2015.0,11.0,474.0,310.0,745.0,168.0,77.0,409.0,80000,Drama,26185970.782758225
The Majestic,8.063684,152.0,6.9,2001.0,12.0,128.0,0.0,940.0,826.0,745.0,376.0,0,Drama,129753032.35888523
Adventureland,6.77887,107.0,6.8,2009.0,4.0,248.0,99.0,17000.0,985.0,452.0,220.0,0,Comedy,13741672.59977068
Ant-Man,26.882388,117.0,7.2,2015.0,7.0,517.0,235.0,2000.0,2000.0,680.0,549.0,61000,Science Fiction,170208804.5879285
Machine Gun Preacher,5.87767,129.0,6.7,2011.0,9.0,134.0,395.0,18000.0,1000.0,313.0,124.0,21000,Action,41388021.75229282
Zathura: A Space Adventure,10.695639,101.0,6.3,2005.0,11.0,136.0,4000.0,17000.0,14000.0,539.0,202.0,0,Family,103283103.91858633
Monster-in-Law,6.328385,101.0,5.6,2005.0,5.0,132.0,126.0,3000.0,949.0,586.0,228.0,0,Romance,68325746.0076804
The Lord of the Rings: The Return of the King,29.324358,170.79708358548532,9.0,2003.0,12.0,328.0,0.0,5000.0,857.0,416.0,3189.0,16000,Adventure,149363257.5284181
Our Brand Is Crisis,12.158176,108.0,6.1,2015.0,9.0,125.0,234.0,1000.0,962.0,660.0,50.0,0,Comedy,36660358.69586154
G-Force,9.163791,88.0,5.1,2009.0,7.0,145.0,12.0,730.0,607.0,182.0,90.0,0,Fantasy,216973763.10164183
Year One,10.087637,97.0,4.9,2009.0,6.0,170.0,11000.0,10000.0,1000.0,485.0,203.0,0,Comedy,86789505.84065701
Bride Wars,8.33501,89.0,5.5,2009.0,1.0,152.0,56.0,11000.0,826.0,545.0,129.0,0,Comedy,43394753.42032837
Pocketful of Miracles,2.649605,136.0,7.1,2061.0,12.0,21.0,964.0,931.0,416.0,248.0,40.0,612,Comedy,2900001.0000000014
Broken Arrow,14.957626,108.0,6.1,1996.0,2.0,72.0,610.0,848.0,517.0,461.0,189.0,0,Action,101812993.12598431
Beautiful Creatures,20.485203,124.0,6.1,2013.0,2.0,231.0,98.0,1000.0,852.0,592.0,258.0,14000,Fantasy,79927026.15914978
Lady in the Water,8.704554,110.0,5.5,2006.0,7.0,284.0,0.0,3000.0,579.0,559.0,1040.0,0,Drama,115448661.71428563
The Sting,12.016821,129.0,8.3,2073.0,12.0,119.0,131.0,1000.0,559.0,417.0,252.0,0,Comedy,5500001.000000001
Inkheart,13.570926,106.0,6.1,2008.0,12.0,161.0,34.0,3000.0,1000.0,466.0,110.0,0,Adventure,86480728.16125646
Superhero Movie,7.876483,85.0,4.7,2008.0,3.0,121.0,82.0,1000.0,642.0,418.0,173.0,0,Action,50447091.8440662
Black Hawk Down,10.064446,144.0,7.7,2001.0,12.0,200.0,0.0,2000.0,820.0,557.0,1103.0,10000,Action,165795541.06968647
Mars Attacks!,15.63424,106.0,6.4,1996.0,12.0,132.0,13000.0,20000.0,770.0,733.0,405.0,0,Comedy,142538189.97637817
The Losers,12.798367,97.0,6.2,2010.0,4.0,213.0,41.0,11000.0,673.0,619.0,165.0,0,Action,35578705.552958824
Tora! Tora! Tora!,7.262326,144.0,7.5,2070.0,1.0,79.0,130.0,469.0,377.0,288.0,159.0,0,History,25485001.00000001
Exorcist II: The Heretic,8.266984,118.0,3.8,1977.0,6.0,82.0,128.0,931.0,726.0,467.0,252.0,889,Horror,80753978.69516729
27 Dresses,10.342202,111.0,6.1,2008.0,1.0,175.0,98.0,2000.0,805.0,71.0,154.0,0,Comedy,43240364.58062828
Alice Through the Looking Glass,14.61608,113.0,6.2,2016.0,5.0,218.0,33.0,40000.0,25000.0,11000.0,131.0,30000,Family,196059056.15656462
The Return of the Living Dead,6.258984,91.0,7.3,1985.0,5.0,203.0,228.0,431.0,426.0,358.0,300.0,0,Comedy,11536283.527881054
The Return of the Living Dead,6.258984,91.0,7.3,1985.0,5.0,203.0,228.0,431.0,426.0,358.0,300.0,0,Comedy,11536283.527881054
The Return of the Living Dead,6.258984,91.0,7.3,1985.0,5.0,203.0,228.0,431.0,426.0,358.0,300.0,0,Comedy,11536283.527881054
The Return of the Living Dead,6.258984,91.0,7.3,1985.0,5.0,203.0,228.0,431.0,426.0,358.0,300.0,0,Comedy,11536283.527881054
We're the Millers,18.474368,110.0,7.0,2013.0,8.0,289.0,43.0,740.0,707.0,651.0,301.0,35000,Comedy,49288333.18147564
Speed,10.859292,116.0,7.3,1994.0,6.0,114.0,101.0,18000.0,946.0,780.0,373.0,0,Action,61087796.275590524
Despicable Me,22.274502,95.0,7.6,2010.0,7.0,304.0,275.0,7000.0,2000.0,975.0,296.0,31000,Animation,98197225.56616656
The Pianist,14.811594,150.0,8.5,2002.0,9.0,193.0,2000.0,396.0,338.0,95.0,761.0,21000,Drama,63074391.24390255
Night at the Museum: Battle of the Smithsonian,15.417181,105.0,6.0,2009.0,5.0,185.0,189.0,49000.0,3000.0,1000.0,209.0,2000,Adventure,216973763.10164183
Nick and Norah's Infinite Playlist,12.992176,89.0,6.6,2008.0,10.0,166.0,6.0,904.0,715.0,617.0,129.0,0,Comedy,12972110.074188473
Dawn of the Planet of the Apes,45.17727282093515,130.0,7.6,2014.0,6.0,521.0,198.0,10000.0,2000.0,884.0,620.0,45000,Science Fiction,198768019.5986139
The Longest Ride,10.264416,128.0,7.0,2015.0,4.0,117.0,88.0,989.0,970.0,954.0,116.0,23000,Drama,44516149.63068888
Shrek,17.987728,90.0,7.9,2001.0,5.0,212.0,80.0,145.0,50.0,21.0,945.0,0,Adventure,108127527.13240407
The Lone Ranger,12.729104,149.0,6.4,2013.0,7.0,450.0,563.0,40000.0,2000.0,1000.0,711.0,48000,Action,201992410.11825585
Meet the Deedles,7.336354,93.0,4.1,1998.0,3.0,18.0,9.0,23000.0,284.0,254.0,37.0,839,Animation,43251011.45296161
Big Daddy,8.011869,93.0,6.4,1999.0,6.0,112.0,221.0,12000.0,11000.0,781.0,289.0,0,Comedy,61632690.89547049
Movie 43,10.895427,90.0,4.4,2013.0,1.0,180.0,0.0,20000.0,14000.0,3000.0,352.0,25000,Comedy,7992703.515914976
Casper,12.812539,100.0,6.2,1995.0,5.0,26.0,52.0,795.0,419.0,394.0,92.0,0,Fantasy,101812993.12598431
Mars Needs Moms,7.24717,88.0,5.4,2011.0,3.0,132.0,25.0,921.0,562.0,433.0,112.0,0,Adventure,206940104.76146483
Hellboy II: The Golden Army,11.928661,120.0,7.0,2008.0,7.0,345.0,0.0,3000.0,169.0,160.0,342.0,3000,Adventure,122514364.47844665
The Rookie,10.991137,127.0,6.9,2002.0,3.0,92.0,102.0,2000.0,1000.0,1000.0,174.0,0,Drama,36042509.71080134
A Perfect Getaway,11.017008,98.0,6.5,2009.0,6.0,160.0,123.0,26000.0,14000.0,690.0,215.0,4000,Thriller,20250885.46281996
Seven Psychopaths,9.643538,110.0,7.1,2012.0,9.0,401.0,454.0,2000.0,906.0,816.0,284.0,52000,Comedy,20274441.96971175
Moonrise Kingdom,8.692433,94.0,7.8,2012.0,5.0,487.0,0.0,13000.0,13000.0,559.0,377.0,71000,Comedy,21626071.367692504
Per un pugno di dollari,12.429704,99.0,7.9,2064.0,9.0,122.0,0.0,16000.0,360.0,93.0,235.0,0,Western,200000.99999999997
Burn After Reading,13.206799,96.0,7.0,2008.0,9.0,341.0,1000.0,24000.0,11000.0,681.0,545.0,0,Comedy,53329782.7494415
Four Rooms,9.026586,98.0,6.7,1995.0,12.0,51.0,99.0,4000.0,975.0,960.0,177.0,0,Crime,8145040.370078736
Anchorman 2: The Legend Continues,7.600751,119.0,6.3,2013.0,12.0,272.0,285.0,11000.0,8000.0,7000.0,346.0,41000,Comedy,66605855.29929125
How to Be a Player,0.883889,93.0,5.3,1997.0,8.0,11.0,3.0,1000.0,560.0,324.0,15.0,439,Comedy,34616418.32283458
Summer Catch,5.499867,108.0,5.1,2001.0,8.0,50.0,19.0,973.0,954.0,505.0,107.0,476,Drama,61272265.80836235
4: Rise of the Silver Surfer,12.924254,92.0,5.6,2007.0,6.0,262.0,167.0,11000.0,2000.0,702.0,436.0,0,Adventure,194569263.37809974
Fortress,5.970749,95.0,5.9,1992.0,9.0,58.0,216.0,1000.0,1000.0,968.0,68.0,1000,Action,18994706.432287674
The Hunted,7.481524,94.0,6.1,2003.0,3.0,135.0,607.0,933.0,518.0,215.0,321.0,0,Drama,87393395.77726595
Just Like Heaven,8.351773,95.0,6.7,2005.0,9.0,142.0,70.0,970.0,834.0,512.0,263.0,0,Comedy,92160308.21966243
Monty Python and the Holy Grail,10.43389,91.0,8.2,1975.0,3.0,131.0,0.0,795.0,561.0,332.0,660.0,14000,Adventure,2307257.505576209
The Walk,9.425787,123.0,7.3,2015.0,9.0,335.0,0.0,23000.0,22.0,6.0,195.0,24000,Adventure,45825448.11982692
Yeh Jawaani Hai Deewani,4.262544,159.0,7.3,2013.0,5.0,25.0,0.0,964.0,551.0,417.0,102.0,0,Romance,10257302.562090853
Down in the Valley,11.448612,112.0,6.4,2005.0,5.0,74.0,12.0,2000.0,844.0,710.0,110.0,412,Drama,12711767.513056835
East Is East,5.138367,97.0,6.9,1999.0,5.0,82.0,70.0,883.0,183.0,163.0,161.0,1000,Comedy,6848077.6550522605
Bananas,4.331819,82.0,6.9,2071.0,4.0,40.0,11000.0,11000.0,430.0,167.0,105.0,0,Comedy,2000001.0000000016
Zoolander,10.40782,89.0,6.5,2001.0,9.0,135.0,0.0,14000.0,10000.0,8000.0,523.0,0,Comedy,50459513.195121944
The Devil's Advocate,10.920124,144.0,7.5,1997.0,10.0,117.0,138.0,18000.0,14000.0,9000.0,431.0,11000,Drama,116066812.02362224
"Big Mommas: Like Father, Like Son",7.564777,107.0,4.5,2011.0,2.0,88.0,14.0,918.0,845.0,534.0,47.0,0,Crime,44147223.13577901
Wanted,12.457896,110.0,6.7,2008.0,6.0,316.0,335.0,11000.0,11000.0,988.0,713.0,0,Action,108100909.95157017
Bridget Jones: The Edge of Reason,7.78817,108.0,6.0,2004.0,11.0,143.0,17.0,14000.0,1000.0,186.0,259.0,0,Comedy,79448541.70660533
The Immigrant,6.985915,117.0,6.6,2013.0,7.0,230.0,115.0,10000.0,316.0,310.0,70.0,0,Drama,21313874.375773184
"20,000 Leagues Under the Sea",8.722406,127.0,7.2,2054.0,12.0,69.0,130.0,617.0,53.0,51.0,108.0,0,Adventure,5000000.999999999
"20,000 Leagues Under the Sea",8.722406,127.0,7.2,2054.0,12.0,69.0,130.0,618.0,53.0,51.0,108.0,0,Adventure,5000000.999999999
"20,000 Leagues Under the Sea",8.722406,127.0,7.2,2054.0,12.0,69.0,130.0,617.0,53.0,51.0,108.0,0,Adventure,5000000.999999999
"20,000 Leagues Under the Sea",8.722406,127.0,7.2,2054.0,12.0,69.0,130.0,618.0,53.0,51.0,108.0,0,Adventure,5000000.999999999
Network,13.180457,121.0,8.1,1976.0,11.0,161.0,0.0,3000.0,977.0,682.0,317.0,17000,Drama,21918937.802973963
World Trade Center,13.332102,128.0,6.0,2006.0,8.0,242.0,0.0,12000.0,1000.0,625.0,564.0,0,Drama,96976875.99999991
Simply Irresistible,6.053045,95.0,5.2,1999.0,2.0,35.0,3.0,4000.0,812.0,353.0,190.0,901,Comedy,10812753.613240417
The Green Mile,19.96678,170.79708358548532,8.6,1999.0,12.0,186.0,0.0,15000.0,745.0,693.0,1377.0,30000,Fantasy,108127527.13240407
Sherlock Holmes: A Game of Shadows,18.695329,129.0,7.4,2011.0,11.0,382.0,0.0,21000.0,979.0,154.0,412.0,39000,Adventure,172450087.46788657
No Escape,14.13262,103.0,6.7,2015.0,8.0,203.0,66.0,155.0,78.0,13.0,214.0,16000,Action,6546493.4456895515
Step Up Revolution,7.859968,99.0,6.4,2012.0,7.0,121.0,35.0,3000.0,594.0,433.0,72.0,19000,Music,44603771.13336587
Jaws 2,11.21306,116.0,5.8,1978.0,6.0,75.0,82.0,813.0,366.0,85.0,265.0,0,Horror,75321845.66019419
Central Intelligence,11.374041,107.0,6.3,2016.0,6.0,177.0,43.0,12000.0,919.0,569.0,110.0,10000,Action,64649365.39353841
Home,13.422713,94.0,6.5,2015.0,3.0,165.0,12.0,17000.0,523.0,183.0,214.0,26000,Fantasy,176755297.033618
Home,13.422713,94.0,6.5,2015.0,3.0,165.0,12.0,17000.0,523.0,183.0,214.0,26000,Fantasy,176755297.033618
Home,13.422713,94.0,6.5,2015.0,3.0,165.0,12.0,17000.0,523.0,183.0,214.0,26000,Fantasy,176755297.033618
Home,13.422713,94.0,6.5,2015.0,3.0,165.0,12.0,17000.0,523.0,183.0,214.0,26000,Fantasy,176755297.033618
Home,13.422713,94.0,6.5,2015.0,3.0,165.0,12.0,17000.0,523.0,183.0,214.0,26000,Fantasy,176755297.033618
Home,13.422713,94.0,6.5,2015.0,3.0,165.0,12.0,17000.0,523.0,183.0,214.0,26000,Fantasy,176755297.033618
Home,13.422713,94.0,6.5,2015.0,3.0,165.0,12.0,17000.0,523.0,183.0,214.0,26000,Fantasy,176755297.033618
Home,13.422713,94.0,6.5,2015.0,3.0,165.0,12.0,17000.0,523.0,183.0,214.0,26000,Fantasy,176755297.033618
Home,13.422713,94.0,6.5,2015.0,3.0,165.0,12.0,17000.0,523.0,183.0,214.0,26000,Fantasy,176755297.033618
The Reader,7.931732,124.0,7.6,2008.0,12.0,299.0,335.0,14000.0,388.0,50.0,370.0,15000,Drama,46123055.4860034
Toy Story 3,16.96647,103.0,8.3,2010.0,6.0,453.0,125.0,15000.0,1000.0,721.0,733.0,30000,Animation,215795694.08325154
Ballistic: Ecks vs. Sever,9.094558,91.0,3.7,2002.0,9.0,92.0,8.0,349.0,324.0,298.0,277.0,391,Action,126148781.48780474
The Adventures of Rocky & Bullwinkle,11.880936,88.0,4.3,2000.0,6.0,49.0,5.0,22000.0,1000.0,924.0,197.0,413,Action,136961534.10104486
Southland Tales,6.242588,144.0,5.3,2006.0,5.0,173.0,219.0,1000.0,876.0,215.0,238.0,0,Comedy,26168364.095238116
The Wood,4.414077,106.0,7.0,1999.0,7.0,18.0,44.0,865.0,405.0,328.0,50.0,990,Comedy,10812753.613240417
Last Vegas,9.157369,105.0,6.6,2013.0,10.0,222.0,226.0,22000.0,11000.0,966.0,173.0,27000,Comedy,37299279.40760311
Raising Helen,12.448933,119.0,6.0,2004.0,5.0,93.0,0.0,627.0,508.0,434.0,106.0,718,Drama,79448541.70660533
Dirty Grandpa,16.290586,102.0,5.9,2016.0,1.0,158.0,11.0,22000.0,851.0,411.0,166.0,11000,Comedy,14869354.810513882
Adaptation.,11.624481,114.0,7.7,2002.0,12.0,241.0,0.0,12000.0,11000.0,836.0,710.0,0,Comedy,34240384.27526137
Creepshow 2,9.330087,92.0,6.0,1987.0,5.0,95.0,10.0,3000.0,273.0,178.0,118.0,1000,Horror,10094248.211895915
Catch-22,4.984905,121.0,7.1,2070.0,6.0,45.0,0.0,643.0,559.0,191.0,124.0,0,War,18000000.999999985
Alvin and the Chipmunks: The Squeakquel,9.909961,88.0,4.6,2009.0,12.0,107.0,84.0,1000.0,1000.0,1000.0,98.0,2000,Comedy,108486882.05082127
Reds,5.463216,170.79708358548532,7.3,1981.0,12.0,57.0,631.0,635.0,631.0,521.0,127.0,0,Drama,120514952.45631072
Dumb and Dumberer: When Harry Met Lloyd,9.280038,85.0,3.5,2003.0,6.0,85.0,14.0,577.0,291.0,244.0,267.0,1000,Comedy,30190446.46850995
La Guerre du feu,8.341166,100.0,7.3,1981.0,12.0,62.0,218.0,581.0,201.0,91.0,96.0,0,Adventure,45193107.796116464
Inside Man,13.393548,129.0,7.6,2006.0,3.0,230.0,0.0,18000.0,412.0,277.0,646.0,0,Crime,69269197.42857134
Hop,8.904488,95.0,5.4,2011.0,3.0,156.0,25.0,989.0,664.0,439.0,82.0,0,Animation,86914844.57981567
The Perfect Host,5.935839,93.0,6.7,2010.0,7.0,112.0,11.0,443.0,298.0,271.0,73.0,0,Comedy,24193520.09601201
Снежная королева,6.407641,76.0,5.4,2012.0,10.0,10.0,0.0,99.0,62.0,26.0,9.0,453,Animation,9461406.785865484
Swingers,6.578025,94.0,7.2,1996.0,10.0,77.0,218.0,4000.0,135.0,31.0,252.0,0,Comedy,407252.9685039372
Cat on a Hot Tin Roof,11.794846,108.0,7.9,2058.0,2.0,70.0,174.0,253.0,197.0,110.0,141.0,0,Drama,3000001.000000001
The Skulls,11.363754,106.0,5.6,2000.0,3.0,102.0,357.0,23000.0,1000.0,883.0,193.0,0,Crime,27031882.533101045
Fiza,0.254553,170.0,6.0,2000.0,9.0,1.0,10.0,353.0,186.0,97.0,19.0,92,Drama,1802126.435540071
The Second Best Exotic Marigold Hotel,5.204474,122.0,6.5,2015.0,2.0,158.0,108.0,220.0,186.0,111.0,100.0,21000,Drama,13092985.89137912
Insidious: Chapter 3,10.098792,97.0,6.1,2015.0,6.0,242.0,482.0,852.0,542.0,482.0,183.0,29000,Drama,13092985.89137912
Hross í oss,2.861451,85.0,6.8,2013.0,8.0,66.0,4.0,63.0,10.0,5.0,7.0,1000,Drama,14.321170859858263
"An Alan Smithee Film: Burn, Hollywood, Burn",1.453096,86.0,3.5,1998.0,2.0,29.0,71.0,795.0,474.0,385.0,85.0,89,Comedy,18021255.355400726
W.,8.937049,131.0,6.3,2008.0,10.0,242.0,0.0,2000.0,826.0,655.0,320.0,0,Drama,36177771.86245891
Racing Stripes,4.817052,102.0,5.2,2005.0,1.0,73.0,7.0,984.0,934.0,521.0,86.0,771,Comedy,47669125.42396312
Men in Black,15.781024,98.0,7.3,1997.0,7.0,175.0,188.0,10000.0,826.0,602.0,289.0,0,Action,183263386.82677183
Rat Race,12.330275,112.0,6.5,2001.0,7.0,103.0,109.0,779.0,629.0,261.0,497.0,0,Adventure,86502021.90592365
A Nightmare on Elm Street 3: Dream Warriors,10.035081,96.0,6.7,1987.0,2.0,131.0,55.0,506.0,449.0,150.0,311.0,0,Horror,14420354.159851292
The Hobbit: The Battle of the Five Armies,31.718977,144.0,7.4,2014.0,12.0,422.0,0.0,5000.0,972.0,773.0,802.0,65000,Action,198768019.5986139
History of the World: Part I,9.270492,92.0,6.8,1981.0,6.0,48.0,0.0,1000.0,898.0,842.0,131.0,0,Comedy,41427015.56310684
History of the World: Part I,9.270492,92.0,6.8,1981.0,6.0,48.0,0.0,1000.0,898.0,842.0,131.0,0,Comedy,41427015.56310684
History of the World: Part I,9.270492,92.0,6.8,1981.0,6.0,48.0,0.0,1000.0,898.0,842.0,131.0,0,Comedy,41427015.56310684
History of the World: Part I,9.270492,92.0,6.8,1981.0,6.0,48.0,0.0,1000.0,898.0,842.0,131.0,0,Comedy,41427015.56310684
28 Weeks Later,12.884191,100.0,6.9,2007.0,4.0,274.0,35.0,10000.0,1000.0,306.0,713.0,0,Horror,22450300.5051654
Freddy's Dead: The Final Nightmare,11.560358,89.0,4.7,1991.0,9.0,91.0,54.0,40000.0,618.0,581.0,252.0,963,Horror,26117720.96939561
The Adventurer: The Curse of the Midas Box,5.955203,99.0,5.5,2013.0,12.0,28.0,3.0,2000.0,228.0,88.0,32.0,0,Fantasy,33302928.14964563
Osmosis Jones,6.405831,95.0,6.3,2001.0,8.0,81.0,101.0,2000.0,509.0,443.0,123.0,2000,Adventure,135159408.66550505
A Very Harold & Kumar Christmas,10.724679,108.0,6.2,2011.0,11.0,161.0,12.0,786.0,651.0,587.0,93.0,21000,Comedy,26212414.143118802
Because I Said So,14.764607,102.0,5.6,2007.0,2.0,110.0,36.0,747.0,452.0,433.0,184.0,0,Comedy,25443673.77252073
Maggie,12.020933,95.0,5.6,2015.0,5.0,256.0,9.0,584.0,430.0,428.0,200.0,22000,Horror,5237194.956551637
Home Alone 2: Lost in New York,13.293722,120.0,6.9,1992.0,11.0,37.0,0.0,3000.0,1000.0,1000.0,189.0,0,Comedy,42738088.22264725
Contraband,10.595067,109.0,6.4,2012.0,1.0,270.0,175.0,24000.0,736.0,733.0,161.0,0,Thriller,33790735.949519604
Wyatt Earp,9.277147,170.79708358548532,6.7,1994.0,6.0,40.0,759.0,2000.0,925.0,812.0,145.0,0,Drama,128284371.07874012
Man on the Moon,13.217419,118.0,7.4,1999.0,12.0,140.0,869.0,134.0,27.0,21.0,549.0,0,Comedy,147774286.7142854
The Homesman,7.375146,122.0,6.6,2014.0,5.0,208.0,0.0,883.0,596.0,567.0,132.0,0,Western,20973642.524736423
Mud,7.881579,130.0,7.4,2013.0,5.0,368.0,337.0,11000.0,1000.0,820.0,261.0,27000,Drama,13321171.859858243
Welcome to Mooseport,3.832792,110.0,5.3,2004.0,2.0,82.0,80.0,826.0,590.0,509.0,95.0,260,Comedy,47669125.42396312
The Empire Strikes Back,19.470959,124.0,8.7,1980.0,5.0,223.0,883.0,11000.0,504.0,441.0,900.0,17000,Adventure,67789661.19417483
Love Happens,10.279603,109.0,5.7,2009.0,9.0,111.0,7.0,2000.0,980.0,827.0,77.0,0,Drama,26036852.452197067
Halloween: The Curse of Michael Myers,8.768288,88.0,4.7,1995.0,9.0,123.0,13.0,742.0,152.0,141.0,335.0,0,Horror,10181300.21259841
Transamerica,7.398205,103.0,7.3,2005.0,12.0,169.0,2.0,2000.0,508.0,226.0,230.0,0,Drama,1588971.8141321042
The Lost City,2.637004,144.0,6.5,2005.0,9.0,52.0,0.0,786.0,228.0,195.0,165.0,957,Drama,15254120.815668197
A Streetcar Named Desire,7.301719,125.0,7.9,2051.0,9.0,94.0,603.0,10000.0,416.0,114.0,233.0,5000,Drama,1800001.000000004
Harry Brown,7.478206,103.0,7.2,2009.0,11.0,224.0,12.0,788.0,698.0,641.0,224.0,0,Thriller,10559390.755613266
Battleship,13.106966,131.0,5.8,2012.0,4.0,377.0,532.0,14000.0,10000.0,627.0,751.0,44000,Thriller,204951113.18482003
Fifty Shades of Grey,33.068431,125.0,4.2,2015.0,2.0,362.0,456.0,1000.0,935.0,716.0,1360.0,101000,Drama,52371940.56551632
X-Men: Apocalypse,28.712522,144.0,6.8,2016.0,5.0,396.0,0.0,34000.0,13000.0,1000.0,622.0,54000,Science Fiction,196059056.15656462
Wimbledon,14.224013,98.0,6.3,2004.0,9.0,129.0,12.0,4000.0,4000.0,663.0,173.0,0,Comedy,49258096.2380953
The Heat,12.706403,117.0,6.6,2013.0,6.0,270.0,176.0,975.0,815.0,749.0,380.0,24000,Action,57281035.6973906
Happy Feet Two,9.141045,100.0,5.8,2011.0,11.0,156.0,750.0,49000.0,11000.0,988.0,79.0,0,Animation,179348090.92660278
Harley Davidson and the Marlboro Man,7.338188,98.0,6.1,1991.0,8.0,30.0,23.0,1000.0,1000.0,982.0,81.0,0,Action,54609779.117827184
The Spiderwick Chronicles,11.133784,95.0,6.5,2008.0,2.0,198.0,70.0,770.0,419.0,330.0,125.0,0,Adventure,129721091.74188401
The Joneses,6.632194,96.0,6.4,2009.0,9.0,144.0,17.0,2000.0,989.0,688.0,88.0,0,Comedy,14464918.473442823
Black Nativity,5.346121,93.0,4.8,2013.0,11.0,40.0,148.0,549.0,269.0,170.0,17.0,0,Drama,23312050.004751958
The Road to El Dorado,8.755188,89.0,6.9,2000.0,3.0,82.0,10.0,2000.0,919.0,442.0,139.0,0,Adventure,171201917.37630638
"Happy, Texas",2.939685,98.0,6.3,1999.0,12.0,77.0,3.0,349.0,347.0,327.0,122.0,374,Comedy,3063614.240418122
El laberinto del fauno,26.817754,118.0,8.2,2006.0,5.0,406.0,0.0,634.0,269.0,250.0,1083.0,27000,Fantasy,29246995.047619026
Atonement,8.913338,123.0,7.8,2007.0,8.0,316.0,456.0,19000.0,1000.0,286.0,581.0,12000,Drama,44900600.01033082
Valkyrie,8.635464,121.0,7.1,2008.0,12.0,269.0,0.0,10000.0,1000.0,919.0,440.0,0,Drama,108100909.95157017
P.S. I Love You,10.304881,126.0,7.0,2007.0,11.0,131.0,98.0,18000.0,631.0,37.0,243.0,20000,Drama,44900600.01033082
Super Size Me,5.266103,100.0,7.2,2004.0,1.0,193.0,293.0,0.0,0.0,0.0,404.0,0,Documentary,103284.10291858668
Jay and Silent Bob Strike Back,11.619446,104.0,6.8,2001.0,8.0,181.0,0.0,8000.0,1000.0,898.0,867.0,0,Comedy,39646760.581881516
The Matrix Revolutions,15.368205,129.0,6.7,2003.0,11.0,245.0,0.0,309.0,269.0,233.0,2121.0,0,Adventure,238345623.11981454
Brigham City,0.202478,119.0,6.7,2001.0,3.0,12.0,13.0,957.0,81.0,25.0,63.0,100,Crime,1802126.435540071
Judgment at Nuremberg,9.697105,170.79708358548532,8.3,2061.0,12.0,73.0,176.0,877.0,862.0,760.0,176.0,0,Drama,3000001.000000001
Welcome to the Rileys,6.182802,110.0,6.9,2010.0,10.0,112.0,26.0,17000.0,793.0,146.0,56.0,0,Drama,24193520.09601201
Blue Car,2.154226,92.0,6.6,2002.0,1.0,44.0,22.0,638.0,400.0,275.0,68.0,115,Drama,1802126.435540071
The Lizzie McGuire Movie,6.730857,94.0,5.6,2003.0,4.0,66.0,13.0,925.0,738.0,566.0,172.0,0,Family,27012504.840245746
Shame,11.72049,100.0,7.2,2011.0,10.0,486.0,0.0,13000.0,898.0,726.0,375.0,23000,Drama,8967405.496330118
Scott Pilgrim vs. the World,13.793301,112.0,7.5,2010.0,7.0,393.0,1000.0,10000.0,1000.0,719.0,522.0,36000,Action,85388891.927102
Saw II,15.399863,92.0,6.6,2005.0,10.0,250.0,163.0,1000.0,654.0,651.0,864.0,0,Horror,6355884.256528426
102 Dalmatians,7.668752,100.0,4.9,2000.0,10.0,84.0,36.0,2000.0,795.0,439.0,77.0,372,Comedy,153180663.02090597
Brooklyn Rules,2.942202,99.0,6.3,2007.0,4.0,41.0,30.0,480.0,257.0,209.0,48.0,226,Drama,11973494.069421515
Weekend,4.727171,96.0,7.6,2011.0,9.0,143.0,131.0,507.0,75.0,67.0,68.0,0,Drama,11037.805533944762
Maniac,8.804658,89.0,6.1,2012.0,12.0,279.0,33.0,470.0,378.0,118.0,131.0,0,Horror,8109777.3878847025
The Firm,9.678367,154.0,6.9,1993.0,6.0,56.0,521.0,10000.0,1000.0,957.0,142.0,0,Drama,85522914.3858267
Dreaming of Joseph Lees,1.241349,92.0,6.3,1999.0,10.0,16.0,4.0,631.0,443.0,405.0,18.0,100,Romance,3604251.871080146
Return to Oz,6.523262,109.0,6.7,1985.0,6.0,56.0,181.0,303.0,146.0,137.0,208.0,0,Adventure,72101766.7992564
Joe Dirt,10.442468,91.0,6.0,2001.0,4.0,78.0,29.0,861.0,593.0,459.0,205.0,0,Mystery,31897621.209059257
Race,7.979302,134.0,7.1,2016.0,2.0,125.0,81.0,882.0,845.0,388.0,49.0,0,Action,6464937.439353847
Pretty Woman,13.348451,119.0,7.1,1990.0,3.0,82.0,0.0,8000.0,995.0,700.0,271.0,11000,Romance,33240735.5065035
The Hoax,4.78586,116.0,6.7,2006.0,10.0,142.0,529.0,442.0,252.0,174.0,74.0,348,Comedy,38482887.90476197
Hannibal Rising,2.159558,121.0,6.1,2007.0,2.0,209.0,73.0,879.0,184.0,163.0,392.0,3000,Crime,74834332.6838842
Life of Pi,14.045042,127.0,7.9,2012.0,11.0,552.0,0.0,774.0,358.0,341.0,755.0,122000,Adventure,162195528.75769415
From a Whisper to a Scream,1.392022,99.0,5.7,1987.0,9.0,57.0,155.0,448.0,426.0,147.0,37.0,241,Comedy,3172478.6951672854
A Christmas Story,7.337907,94.0,7.9,1983.0,11.0,109.0,84.0,662.0,577.0,378.0,458.0,18000,Comedy,49029201.74349437
Mr. Peabody & Sherman,9.493838,92.0,6.7,2014.0,2.0,196.0,50.0,3000.0,1000.0,517.0,130.0,11000,Animation,190073627.31792405
Alex & Emma,5.236854,96.0,5.5,2003.0,6.0,73.0,0.0,372.0,206.0,130.0,105.0,625,Comedy,47669125.42396312
Blow,12.332223,124.0,7.5,2001.0,4.0,147.0,47.0,40000.0,1000.0,877.0,426.0,13000,Crime,95512649.08362387
Isn't She Great,0.907927,95.0,5.3,2000.0,1.0,63.0,31.0,944.0,886.0,450.0,64.0,133,Drama,64876516.67944243
Duplex,12.160363,89.0,5.9,2003.0,9.0,78.0,0.0,1000.0,627.0,500.0,147.0,0,Action,63558833.565284155
Human Traffic,4.988283,99.0,7.1,1999.0,6.0,47.0,8.0,798.0,472.0,78.0,160.0,0,Comedy,1081276.2613240413
It's Complicated,9.083133,121.0,6.5,2009.0,12.0,187.0,278.0,11000.0,2000.0,963.0,214.0,0,Comedy,122951799.52426375
Stuart Little,8.3595,84.0,6.0,1999.0,12.0,101.0,50.0,979.0,886.0,692.0,179.0,0,Animation,239682683.9268296
Tango & Cash,7.507261,104.0,6.4,1989.0,12.0,45.0,96.0,13000.0,549.0,403.0,149.0,0,Action,130588600.84697786
On Deadly Ground,6.678661,102.0,4.6,1994.0,2.0,47.0,0.0,854.0,643.0,158.0,140.0,812,Action,101812993.12598431
Dead Man Walking,6.891317,122.0,7.5,1995.0,12.0,77.0,0.0,276.0,258.0,191.0,190.0,0,Drama,22398859.26771657
Beverly Hills Cop II,9.200336,100.0,6.6,1987.0,5.0,50.0,12000.0,936.0,901.0,605.0,95.0,0,Action,57681413.63940513
Spy Game,18.186839,126.0,7.1,2001.0,11.0,142.0,12000.0,11000.0,577.0,307.0,361.0,0,Action,165795541.06968647
We Are Marshall,5.401746,124.0,7.1,2006.0,12.0,96.0,368.0,11000.0,529.0,383.0,175.0,0,Drama,100055506.95238087
Saw IV,12.233863,93.0,5.9,2007.0,10.0,190.0,163.0,723.0,651.0,448.0,319.0,0,Horror,14966867.33677692
Rob Roy,10.193549,139.0,6.9,1995.0,4.0,44.0,105.0,14000.0,1000.0,902.0,126.0,0,Adventure,57015276.590551086
Force 10 from Navarone,5.05047,118.0,6.4,1978.0,11.0,22.0,82.0,11000.0,794.0,576.0,80.0,729,Action,18830462.165048555
Hud,4.526285,112.0,7.8,2063.0,5.0,65.0,58.0,617.0,189.0,124.0,120.0,1000,Action,2500000.9999999953
Sphinx,0.627368,118.0,5.2,1981.0,2.0,2.0,76.0,902.0,488.0,249.0,21.0,106,Adventure,52725292.26213584
Hanging Up,6.474767,94.0,4.9,2000.0,2.0,82.0,0.0,374.0,258.0,235.0,130.0,390,Comedy,72085018.42160277
Max,7.987747,111.0,6.6,2015.0,6.0,61.0,132.0,1000.0,465.0,455.0,87.0,33000,Adventure,26185970.782758225
Space Chimps,6.212702,81.0,4.5,2008.0,7.0,85.0,16.0,541.0,521.0,387.0,45.0,279,Animation,53329782.7494415
Final Destination,14.961416,98.0,6.7,2000.0,3.0,211.0,70.0,1000.0,847.0,591.0,674.0,0,Horror,41448886.017421566
Carnage,8.844835,80.0,7.1,2011.0,9.0,376.0,2000.0,14000.0,11000.0,132.0,181.0,21000,Comedy,34490018.293577336
Limbo,1.969282,126.0,7.0,1999.0,6.0,46.0,407.0,638.0,107.0,39.0,140.0,196,Adventure,14417004.48432056
Beverly Hills Chihuahua,9.569765,91.0,4.0,2008.0,10.0,100.0,67.0,2000.0,641.0,597.0,99.0,0,Adventure,28826910.053752203
Malcolm X,14.207001,170.79708358548532,7.7,1992.0,11.0,61.0,0.0,18000.0,848.0,318.0,156.0,0,Drama,80727499.08722243
Lara Croft: Tomb Raider,15.851722,100.0,5.8,2001.0,6.0,199.0,165.0,11000.0,509.0,240.0,824.0,0,Adventure,207244426.0871084
Day of the Dead,8.801822,96.0,7.1,1985.0,7.0,184.0,0.0,1000.0,177.0,83.0,419.0,3000,Horror,10094248.211895915
Day of the Dead,8.801822,96.0,7.1,1985.0,7.0,184.0,0.0,1000.0,177.0,83.0,419.0,3000,Horror,10094248.211895915
Day of the Dead,8.801822,96.0,7.1,1985.0,7.0,184.0,0.0,1000.0,177.0,83.0,419.0,3000,Horror,10094248.211895915
Day of the Dead,8.801822,96.0,7.1,1985.0,7.0,184.0,0.0,1000.0,177.0,83.0,419.0,3000,Horror,10094248.211895915
Taken 2,16.376482,91.0,6.2,2012.0,9.0,358.0,118.0,14000.0,935.0,558.0,461.0,63000,Action,60823323.90913524
Whatever Works,8.930341,92.0,7.1,2009.0,6.0,218.0,11000.0,860.0,658.0,386.0,169.0,10000,Comedy,21697377.210164253
Beverly Hills Cop,8.503483,105.0,7.4,1984.0,11.0,94.0,102.0,901.0,605.0,383.0,175.0,0,Action,43261060.47955389
Nutty Professor II: The Klumps,6.671316,106.0,4.5,2000.0,7.0,94.0,88.0,611.0,592.0,571.0,171.0,374,Fantasy,151378537.58536696
Meet the Fockers,11.876386,115.0,6.3,2004.0,12.0,141.0,116.0,22000.0,713.0,708.0,428.0,0,Comedy,127117666.13056847
90 Minutes in Heaven,4.222496,121.0,4.9,2015.0,9.0,12.0,35.0,4000.0,849.0,473.0,29.0,0,Drama,6546493.4456895515
Radio Flyer,5.618237,114.0,6.9,1992.0,2.0,10.0,503.0,2000.0,864.0,697.0,71.0,892,Drama,83101837.26625864
Sinister,12.490637,110.0,6.8,2012.0,3.0,411.0,301.0,1000.0,419.0,412.0,524.0,58000,Horror,4054889.193942353
The Net,13.304342,114.0,6.0,1995.0,7.0,53.0,34.0,649.0,327.0,287.0,166.0,0,Crime,44797717.53543301
2046,7.157169,129.0,7.4,2004.0,5.0,194.0,0.0,878.0,643.0,576.0,210.0,0,Fantasy,19067650.769585222
The Birth of a Nation,5.933047,120.0,6.5,2016.0,9.0,21.0,664.0,990.0,664.0,400.0,8.0,0,Drama,10990392.946901552
The Devil's Own,10.675073,107.0,6.2,1997.0,3.0,66.0,79.0,11000.0,11000.0,2000.0,114.0,979,Crime,183263386.82677183
Gracie,2.961621,97.0,6.1,2007.0,6.0,65.0,49.0,702.0,616.0,261.0,27.0,313,Drama,13470180.703099223
Novocaine,3.916221,95.0,5.8,2001.0,11.0,84.0,8.0,244.0,230.0,15.0,105.0,289,Comedy,10812753.613240417
Joyeux Noël,7.846226,116.0,7.6,2005.0,11.0,115.0,13.0,203.0,172.0,140.0,147.0,11000,Romance,34957358.910906315
Baby Boy,9.503157,130.0,6.5,2001.0,6.0,41.0,309.0,939.0,881.0,522.0,81.0,1000,Crime,28834007.968641106
21 Jump Street,11.250764,109.0,7.2,2012.0,3.0,375.0,97.0,17000.0,971.0,839.0,345.0,39000,Action,56768435.715192996
Shakespeare in Love,13.813155,122.0,7.1,1998.0,12.0,134.0,108.0,1000.0,264.0,239.0,752.0,0,Romance,45053136.88850172
World's Greatest Dad,5.431657,99.0,6.9,2009.0,8.0,129.0,800.0,49000.0,640.0,334.0,129.0,0,Comedy,14464918.473442823
Cidade de Deus,14.95927,130.0,8.6,2002.0,2.0,214.0,353.0,1000.0,69.0,40.0,749.0,28000,Drama,5947014.937282241
A Hard Day's Night,5.719266,88.0,7.5,2064.0,7.0,105.0,44.0,785.0,725.0,704.0,219.0,0,Comedy,560001.0000000003
Freedom Writers,13.585233,123.0,7.6,2007.0,1.0,84.0,98.0,2000.0,826.0,579.0,235.0,10000,Crime,31430420.307231538
In the Land of Women,9.351276,97.0,6.4,2007.0,4.0,81.0,21.0,17000.0,1000.0,499.0,74.0,1000,Romance,14966867.33677692
Underworld,20.624333,121.0,7.0,2003.0,9.0,226.0,235.0,955.0,593.0,105.0,806.0,0,Fantasy,34957358.910906315
Patch Adams,12.52181,115.0,6.8,1998.0,12.0,55.0,293.0,49000.0,22000.0,878.0,375.0,0,Comedy,90106272.77700396
Boyz n the Hood,6.866506,112.0,7.8,1991.0,7.0,64.0,309.0,27.0,26.0,15.0,183.0,0,Crime,15433199.163733771
Goldfinger,13.78884,110.0,7.7,2064.0,9.0,164.0,82.0,387.0,202.0,177.0,418.0,0,Adventure,2500000.9999999953
The Jungle Book,17.432758,106.0,7.3,2016.0,4.0,370.0,4000.0,19000.0,13000.0,591.0,398.0,65000,Family,196059056.15656462
The Jungle Book,17.432758,106.0,7.3,2016.0,4.0,370.0,4000.0,19000.0,13000.0,591.0,398.0,65000,Family,196059056.15656462
The Jungle Book,17.432758,106.0,7.3,2016.0,4.0,370.0,4000.0,19000.0,13000.0,591.0,398.0,65000,Family,196059056.15656462
The Jungle Book,17.432758,106.0,7.3,2016.0,4.0,370.0,4000.0,19000.0,13000.0,591.0,398.0,65000,Family,196059056.15656462
Forrest Gump,45.17727282093515,142.0,8.8,1994.0,7.0,149.0,0.0,15000.0,294.0,194.0,1398.0,59000,Comedy,111994292.33858272
Tin Cup,6.24966,135.0,6.4,1996.0,8.0,48.0,41.0,982.0,843.0,808.0,73.0,1000,Comedy,91631693.91338573
The Signal,8.536786,95.0,6.0,2014.0,3.0,161.0,18.0,852.0,680.0,236.0,180.0,10000,Thriller,5243411.381184111
Donovan's Reef,1.920256,109.0,6.7,2063.0,6.0,27.0,673.0,756.0,370.0,359.0,65.0,573,Adventure,2686001.000000001
The Howling,6.715512,91.0,6.5,1981.0,4.0,161.0,287.0,1000.0,823.0,725.0,195.0,0,Drama,3766093.233009709
The League of Extraordinary Gentlemen,10.488765,110.0,5.8,2003.0,7.0,202.0,45.0,1000.0,872.0,845.0,786.0,0,Fantasy,123939724.50230393
Boogie Nights,7.595679,155.0,7.9,1997.0,9.0,153.0,0.0,3000.0,360.0,170.0,560.0,0,Drama,30543898.637795307
A Room with a View,6.175166,117.0,7.2,1985.0,12.0,55.0,133.0,687.0,443.0,249.0,94.0,0,Drama,8652212.895910803
What Lies Beneath,9.500497,130.0,6.6,2000.0,7.0,185.0,0.0,11000.0,627.0,568.0,683.0,0,Drama,180212544.5540067
Patton,14.382289,170.79708358548532,7.9,2070.0,1.0,112.0,76.0,654.0,416.0,78.0,258.0,0,Drama,12000001.000000007
The Descendants,11.794753,115.0,7.3,2011.0,9.0,549.0,729.0,8000.0,727.0,552.0,439.0,22000,Comedy,27592014.834861893
Insidious,17.24814,103.0,6.8,2010.0,9.0,445.0,0.0,852.0,618.0,588.0,752.0,60000,Horror,2134723.273177531
A Most Violent Year,17.187708,125.0,6.9,2014.0,12.0,350.0,78.0,1000.0,969.0,745.0,180.0,0,Crime,26217052.905920498
The Peanuts Movie,12.338346,88.0,7.0,2015.0,11.0,208.0,20.0,144.0,42.0,36.0,155.0,33000,Animation,129620551.42465349
Nanny McPhee and the Big Bang,8.983275,109.0,6.1,2010.0,3.0,97.0,24.0,287.0,175.0,167.0,59.0,0,Comedy,49810187.374142446
In Too Deep,1.615319,97.0,6.2,1999.0,8.0,28.0,48.0,1000.0,865.0,826.0,29.0,375,Drama,12614879.048780493
The Big Wedding,6.651605,90.0,5.6,2013.0,4.0,133.0,16.0,49000.0,22000.0,2000.0,108.0,0,Comedy,46624099.00950391
The Witch,11.840138,92.0,7.0,2016.0,2.0,425.0,22.0,648.0,191.0,159.0,452.0,43000,Mystery,4525456.507547695
The Forest,7.384688,95.0,4.8,2016.0,1.0,185.0,4.0,533.0,35.0,4.0,127.0,10000,Horror,12929873.878707683
Session 9,14.242234,100.0,6.4,2001.0,8.0,127.0,122.0,210.0,148.0,83.0,481.0,0,Horror,2703189.153310101
My Life Without Me,10.310508,106.0,7.4,2003.0,3.0,72.0,148.0,900.0,648.0,471.0,134.0,0,Drama,27012504.840245746
Lakeview Terrace,13.857624,110.0,6.2,2008.0,9.0,165.0,119.0,1000.0,931.0,332.0,135.0,0,Drama,28826910.053752203
Walking Tall,10.577565,86.0,6.3,2004.0,4.0,117.0,10.0,12000.0,795.0,348.0,221.0,0,Adventure,88982366.59139766
Unleashed,7.90583,103.0,7.0,2005.0,2.0,177.0,255.0,11000.0,5000.0,5000.0,303.0,0,Action,71503687.63594463
Miracles from Heaven,7.528099,117.0,7.1,2016.0,3.0,63.0,36.0,3000.0,3000.0,579.0,55.0,16000,Drama,20687797.60593236
"Hail, Caesar!",11.241366,106.0,6.3,2016.0,2.0,423.0,1000.0,19000.0,17000.0,1000.0,302.0,23000,Comedy,28445721.333156906
Air Bud,9.407128,98.0,5.3,1997.0,8.0,35.0,188.0,2000.0,970.0,693.0,34.0,902,Comedy,6108780.527559053
Oliver!,8.630078,153.0,7.4,2068.0,9.0,56.0,82.0,695.0,275.0,139.0,138.0,0,Drama,10000000.999999996
The Bourne Identity,21.040126,119.0,7.8,2002.0,6.0,249.0,218.0,13000.0,147.0,73.0,849.0,0,Action,108127527.13240407
Date Movie,5.682129,83.0,2.8,2006.0,2.0,99.0,64.0,3000.0,869.0,729.0,613.0,806,Comedy,30786310.52380957
Whale Rider,11.040186,101.0,7.5,2003.0,1.0,149.0,51.0,446.0,20.0,8.0,346.0,0,Drama,12711767.513056835
Black Mass,10.61072,122.0,6.8,2015.0,9.0,391.0,108.0,40000.0,19000.0,3000.0,289.0,44000,Crime,69392820.92430916
Volver,6.302926,121.0,7.6,2006.0,3.0,232.0,0.0,148.0,114.0,82.0,228.0,0,Comedy,19856965.91389878
The Naked Gun 2½: The Smell of Fear,9.794569,85.0,6.9,1991.0,6.0,43.0,119.0,3000.0,348.0,144.0,87.0,0,Comedy,54609779.117827184
True Lies,11.396099,141.0,7.3,1994.0,7.0,94.0,0.0,2000.0,1000.0,618.0,351.0,0,Action,234169882.88976398
Teenage Mutant Ninja Turtles,22.337973,101.0,5.8,2014.0,8.0,348.0,473.0,833.0,809.0,429.0,491.0,62000,Science Fiction,163856575.4120033
Teenage Mutant Ninja Turtles,22.337973,101.0,5.8,2014.0,8.0,348.0,473.0,833.0,809.0,429.0,491.0,62000,Science Fiction,163856575.4120033
Teenage Mutant Ninja Turtles,22.337973,101.0,5.8,2014.0,8.0,348.0,473.0,833.0,809.0,429.0,491.0,62000,Science Fiction,163856575.4120033
Teenage Mutant Ninja Turtles,22.337973,101.0,5.8,2014.0,8.0,348.0,473.0,833.0,809.0,429.0,491.0,62000,Science Fiction,163856575.4120033
Bambi,13.698132,70.0,7.3,2042.0,8.0,116.0,11.0,16.0,12.0,8.0,136.0,0,Animation,858000.9999999999
A Walk to Remember,8.054499,101.0,7.3,2002.0,1.0,80.0,163.0,683.0,548.0,488.0,962.0,19000,Drama,19823380.79094075
Jurassic Park III,0.648867,92.0,5.9,2001.0,7.0,198.0,394.0,693.0,595.0,527.0,1236.0,0,Adventure,167597666.5052266
The Punisher,18.250919,124.0,6.4,2004.0,4.0,192.0,36.0,669.0,403.0,336.0,622.0,4000,Action,52436037.86635944
The Quiet American,8.230447,101.0,7.0,2002.0,11.0,149.0,176.0,3000.0,268.0,83.0,199.0,983,Drama,54063764.06620214
Philomena,6.927182,98.0,7.6,2013.0,11.0,354.0,350.0,1000.0,482.0,322.0,233.0,37000,Drama,15985406.031829918
The Usual Suspects,16.302466,106.0,8.5,1995.0,7.0,162.0,0.0,18000.0,979.0,574.0,1182.0,28000,Drama,12217560.055118127
All Is Lost,12.74965,106.0,6.9,2013.0,10.0,346.0,78.0,0.0,1517.916316610476,204.60112462419065,312.0,18000,Action,11989054.773872426
The Island,11.443647,136.0,6.8,2005.0,7.0,257.0,0.0,19000.0,12000.0,3000.0,899.0,0,Action,200210323.58064485
The Island,11.443647,136.0,6.8,2005.0,7.0,257.0,0.0,19000.0,12000.0,3000.0,899.0,0,Action,200210323.58064485
The Island,11.443647,136.0,6.8,2005.0,7.0,257.0,0.0,19000.0,12000.0,3000.0,899.0,0,Action,200210323.58064485
The Island,11.443647,136.0,6.8,2005.0,7.0,257.0,0.0,19000.0,12000.0,3000.0,899.0,0,Action,200210323.58064485
The Godfather: Part II,36.629307,170.79708358548532,9.0,2074.0,12.0,149.0,0.0,22000.0,14000.0,3000.0,650.0,14000,Drama,13000001.000000013
A Good Day to Die Hard,12.471865,98.0,5.2,2013.0,2.0,412.0,212.0,13000.0,787.0,476.0,503.0,66000,Action,122554772.91069654
Veronica Guerin,9.548519,98.0,6.8,2003.0,7.0,106.0,541.0,214.0,96.0,71.0,113.0,0,Drama,27012504.840245746
The Pelican Brief,8.708306,141.0,6.6,1993.0,12.0,43.0,79.0,18000.0,8000.0,956.0,89.0,0,Drama,91631693.91338573
Gods and Monsters,6.788021,105.0,7.3,1998.0,1.0,127.0,386.0,3000.0,258.0,248.0,229.0,0,Drama,18021255.355400726
Iron Man 3,23.721243,130.0,7.1,2013.0,4.0,608.0,1000.0,21000.0,4000.0,3000.0,1187.0,95000,Action,201992410.11825585
Before I Go to Sleep,14.921298,92.0,6.3,2014.0,9.0,149.0,17.0,14000.0,257.0,231.0,105.0,11000,Mystery,28838758.096512586
Marley & Me,9.729748,115.0,7.0,2008.0,12.0,180.0,64.0,2000.0,899.0,664.0,320.0,11000,Comedy,86480728.16125646
Die Welle,6.010332,107.0,7.6,2008.0,3.0,93.0,23.0,287.0,150.0,93.0,96.0,25000,Drama,10810091.895157076
The Grudge,9.740827,92.0,5.9,2004.0,10.0,203.0,70.0,4000.0,1000.0,634.0,911.0,4000,Horror,15889709.141321052
Diary of a Wimpy Kid,12.139919,92.0,6.2,2010.0,3.0,111.0,87.0,17000.0,975.0,569.0,103.0,0,Comedy,21347223.731775355
Ride with the Devil,7.059308,138.0,6.7,1999.0,11.0,95.0,0.0,3.0,2.0,0.0,159.0,633,Drama,68480767.55052257
"I Love You, Beth Cooper",9.434281,102.0,5.3,2009.0,7.0,107.0,0.0,946.0,800.0,529.0,80.0,0,Comedy,26036852.452197067
Demonic,9.234943,83.0,5.3,2015.0,2.0,58.0,8.0,798.0,634.0,617.0,39.0,0,Thriller,3927896.467413731
Lawrence of Arabia,10.893332,170.79708358548532,8.3,2062.0,12.0,181.0,767.0,607.0,202.0,87.0,559.0,11000,Adventure,15000001.00000001
You Again,12.820452,105.0,5.7,2010.0,9.0,91.0,99.0,2000.0,938.0,518.0,136.0,0,Comedy,28462964.64236707
Drive Me Crazy,4.606395,91.0,5.8,1999.0,10.0,59.0,13.0,452.0,442.0,292.0,147.0,0,Drama,14417004.48432056
The Matrix Reloaded,16.229317,138.0,7.2,2003.0,5.0,275.0,0.0,234.0,198.0,30.0,2789.0,0,Adventure,238345623.11981454
Hardball,7.674549,106.0,6.4,2001.0,9.0,85.0,48.0,18000.0,558.0,39.0,131.0,0,Comedy,57668014.93728228
Serbuan maut,10.528833,101.0,7.6,2011.0,9.0,481.0,338.0,1000.0,342.0,60.0,316.0,51000,Action,1517561.7609174044
The Weather Man,8.345866,101.0,6.6,2005.0,10.0,156.0,563.0,12000.0,442.0,385.0,316.0,0,Comedy,31779417.28264206
Enough Said,6.782909,93.0,7.0,2013.0,9.0,231.0,132.0,434.0,265.0,216.0,142.0,12000,Comedy,22645991.461759016
Silent Hill,7.938457,125.0,6.5,2006.0,4.0,267.0,50.0,992.0,495.0,368.0,1740.0,0,Horror,76965774.80952428
Charlie's Angels: Full Throttle,7.821116,106.0,4.9,2003.0,6.0,102.0,368.0,2000.0,1000.0,1000.0,554.0,0,Action,190676498.6958523
Sands of Iwo Jima,2.828371,100.0,7.0,2049.0,12.0,40.0,23.0,183.0,102.0,88.0,69.0,624,Action,1000000.9999999997
Swimfan,8.421411,84.0,5.1,2002.0,9.0,86.0,21.0,931.0,855.0,782.0,217.0,720,Drama,15318067.202090573
Brooklyn,7.991613,111.0,7.5,2015.0,10.0,351.0,34.0,838.0,55.0,54.0,212.0,36000,Drama,14402284.380517008
The Flintstones,15.019586,91.0,5.0,1994.0,5.0,35.0,32.0,924.0,664.0,628.0,85.0,0,Fantasy,93667953.75590624
Fury,36.713807,135.0,7.6,2014.0,10.0,406.0,452.0,11000.0,8000.0,697.0,701.0,82000,War,89137977.48013039
Austin Powers in Goldmember,8.786653,94.0,6.2,2002.0,7.0,194.0,116.0,645.0,522.0,481.0,795.0,0,Comedy,113533903.43902461
42,11.637224,128.0,7.5,2013.0,4.0,216.0,241.0,11000.0,3000.0,898.0,200.0,28000,Drama,53284684.439433075
Halloween II,7.490807,105.0,4.8,2009.0,8.0,220.0,0.0,908.0,764.0,593.0,491.0,3000,Horror,21697377.210164253
Halloween II,7.490807,105.0,4.8,2009.0,8.0,220.0,0.0,908.0,764.0,593.0,491.0,3000,Horror,21697377.210164253
Halloween II,7.490807,105.0,4.8,2009.0,8.0,220.0,0.0,908.0,764.0,593.0,491.0,3000,Horror,21697377.210164253
Halloween II,7.490807,105.0,4.8,2009.0,8.0,220.0,0.0,908.0,764.0,593.0,491.0,3000,Horror,21697377.210164253
Underworld: Awakening,12.345348,88.0,6.3,2012.0,1.0,242.0,24.0,5000.0,327.0,324.0,271.0,24000,Fantasy,94614058.85865559
Pandorum,10.391425,108.0,6.7,2009.0,9.0,219.0,22.0,12000.0,2000.0,61.0,310.0,10000,Action,47734228.66236127
Back to the Future,25.778509,116.0,8.5,1985.0,7.0,198.0,0.0,1000.0,690.0,459.0,809.0,39000,Adventure,54797343.00743486
Dead Man Down,7.150388,118.0,6.4,2013.0,3.0,217.0,76.0,3000.0,678.0,174.0,127.0,0,Thriller,22645991.461759016
The Village,8.172707,108.0,6.6,2004.0,7.0,261.0,0.0,3000.0,2000.0,882.0,2003.0,0,Drama,95338249.84792624
Hostel,12.093928,94.0,5.9,2005.0,1.0,303.0,0.0,1000.0,1000.0,581.0,1516.0,0,Horror,7627060.907834104
Aquamarine,11.29062,104.0,5.4,2006.0,3.0,66.0,20.0,836.0,826.0,717.0,150.0,0,Fantasy,18471786.714285713
Monster's Ball,6.341187,111.0,7.0,2001.0,11.0,153.0,395.0,13000.0,595.0,80.0,522.0,0,Drama,7208502.742160275
Shrek the Third,14.072479,93.0,6.1,2007.0,5.0,227.0,50.0,3000.0,795.0,692.0,326.0,0,Fantasy,226946522.45229396
Midnight Cowboy,10.579988,113.0,7.8,2069.0,5.0,88.0,154.0,183.0,89.0,77.0,334.0,0,Drama,3600001.0000000014
The Blood of Heroes,10.3371,100.0,6.4,1989.0,10.0,21.0,73.0,848.0,643.0,26.0,43.0,999,Action,40363750.04361132
Babylon A.D.,9.273808,101.0,5.5,2008.0,8.0,164.0,326.0,14000.0,844.0,510.0,214.0,0,Action,100894182.68813252
Shutter Island,15.813629,138.0,8.2,2010.0,2.0,490.0,17000.0,29000.0,223.0,163.0,964.0,53000,Drama,113851855.56946848
After.Life,9.063797,104.0,5.9,2010.0,4.0,138.0,0.0,14000.0,1000.0,329.0,137.0,7000,Drama,6404167.819532594
"Good Morning, Vietnam",9.023282,121.0,7.3,1987.0,12.0,62.0,272.0,49000.0,263.0,227.0,131.0,0,Comedy,37492919.21561335
Green Room,8.4702,95.0,7.0,2016.0,4.0,322.0,57.0,727.0,442.0,233.0,125.0,10000,Horror,6464937.439353847
G.I. Joe: Retaliation,10.560608,110.0,5.7,2013.0,3.0,351.0,209.0,17000.0,12000.0,934.0,288.0,42000,Adventure,173175222.17815715
Die Hard: With a Vengeance,15.138855,128.0,7.6,1995.0,5.0,148.0,323.0,13000.0,559.0,489.0,346.0,0,Action,183263386.82677183
Scary Movie 4,13.096692,83.0,5.1,2006.0,4.0,151.0,119.0,2000.0,869.0,807.0,410.0,1000,Comedy,69269197.42857134
The Expendables 2,14.881566,103.0,6.6,2012.0,8.0,383.0,165.0,26000.0,13000.0,13000.0,474.0,108000,Action,135162940.79807842
Dick Tracy,8.304776,103.0,6.2,1990.0,6.0,72.0,631.0,678.0,631.0,327.0,164.0,2000,Adventure,111593895.41469005
School of Rock,17.95142,108.0,7.2,2003.0,10.0,204.0,0.0,2000.0,931.0,487.0,479.0,0,Comedy,55613979.49462375
Side Effects,11.645847,106.0,7.1,2013.0,2.0,450.0,0.0,17000.0,681.0,273.0,274.0,29000,Thriller,39963513.57957474
Side Effects,11.645847,106.0,7.1,2013.0,2.0,450.0,0.0,17000.0,681.0,273.0,274.0,29000,Thriller,39963513.57957474
Side Effects,11.645847,106.0,7.1,2013.0,2.0,450.0,0.0,17000.0,681.0,273.0,274.0,29000,Thriller,39963513.57957474
Side Effects,11.645847,106.0,7.1,2013.0,2.0,450.0,0.0,17000.0,681.0,273.0,274.0,29000,Thriller,39963513.57957474
Training Day,13.664622,122.0,7.8,2001.0,10.0,109.0,845.0,18000.0,881.0,854.0,633.0,0,Action,81095645.59930305
3000 Miles to Graceland,4.76448,125.0,6.0,2001.0,2.0,113.0,11.0,11000.0,904.0,867.0,399.0,0,Action,111731778.00348443
I Love You Phillip Morris,5.773752,98.0,6.6,2009.0,1.0,242.0,43.0,170.0,157.0,113.0,162.0,11000,Comedy,18804393.71547567
Doubt,9.278263,104.0,7.5,2008.0,11.0,293.0,53.0,22000.0,11000.0,652.0,321.0,0,Drama,28826910.053752203
Good Luck Chuck,7.456047,101.0,5.6,2007.0,9.0,127.0,7.0,1000.0,562.0,440.0,150.0,0,Comedy,37417166.841942295
My Stepmother is an Alien,6.493525,108.0,5.4,1988.0,12.0,15.0,121.0,11000.0,3000.0,384.0,55.0,818,Comedy,47486764.580719195
3:10 to Yuma,18.079094,122.0,7.6,2007.0,9.0,295.0,446.0,23000.0,8000.0,600.0,560.0,0,Western,82317765.85227242
Skyfall,20.309585,143.0,7.8,2012.0,10.0,750.0,0.0,883.0,563.0,393.0,1498.0,80000,Action,204951113.18482003
Skyfall,20.309585,143.0,7.8,2012.0,10.0,750.0,0.0,883.0,563.0,393.0,1498.0,80000,Action,204951113.18482003
Skyfall,20.309585,143.0,7.8,2012.0,10.0,750.0,0.0,883.0,563.0,393.0,1498.0,80000,Action,204951113.18482003
Skyfall,20.309585,143.0,7.8,2012.0,10.0,750.0,0.0,883.0,563.0,393.0,1498.0,80000,Action,204951113.18482003
Pineapple Express,8.461369,111.0,6.9,2008.0,8.0,232.0,234.0,11000.0,989.0,919.0,374.0,0,Action,38916328.22256544
The Covenant,12.72212,97.0,5.2,2006.0,9.0,120.0,212.0,960.0,917.0,637.0,334.0,3000,Action,30786310.52380957
Jane Got a Gun,8.826071,98.0,5.9,2016.0,1.0,123.0,149.0,20000.0,617.0,439.0,56.0,0,Action,32324683.196769297
Doomsday,13.436536,108.0,5.9,2008.0,3.0,254.0,197.0,165.0,107.0,43.0,396.0,0,Action,43240364.58062828
The Omega Code,1.789046,100.0,3.5,1999.0,10.0,39.0,0.0,488.0,488.0,440.0,206.0,129,Horror,30636133.404181138
Burlesque,9.276539,119.0,6.4,2010.0,11.0,197.0,59.0,2000.0,828.0,676.0,222.0,19000,Drama,78273151.01650946
Hugo,14.046164,126.0,7.5,2011.0,11.0,682.0,17000.0,17000.0,16000.0,1000.0,678.0,42000,Adventure,209192473.85246974
No Good Deed,24.644321,83.0,5.6,2014.0,9.0,58.0,12.0,1000.0,345.0,334.0,84.0,0,Crime,17303255.257907547
Lord of War,8.745216,122.0,7.6,2005.0,9.0,168.0,487.0,12000.0,43.0,16.0,437.0,10000,Crime,66736775.19354824
Woodstock,3.624542,170.79708358548532,8.1,2070.0,3.0,53.0,14.0,262.0,227.0,136.0,63.0,0,History,600001.0000000003
How High,6.796277,93.0,6.2,2001.0,12.0,34.0,58.0,995.0,729.0,722.0,102.0,0,Comedy,21625506.226480868
Special,2.003309,81.0,6.8,2006.0,1.0,56.0,0.0,975.0,645.0,394.0,37.0,0,Drama,1539316.4761904764
Precious,8.293548,110.0,7.3,2009.0,11.0,323.0,304.0,940.0,906.0,736.0,275.0,12000,Drama,14464918.473442823
Precious,8.293548,110.0,7.3,2009.0,11.0,323.0,304.0,939.0,906.0,736.0,275.0,12000,Drama,14464918.473442823
Precious,8.293548,110.0,7.3,2009.0,11.0,323.0,304.0,940.0,906.0,736.0,275.0,12000,Drama,14464918.473442823
Precious,8.293548,110.0,7.3,2009.0,11.0,323.0,304.0,939.0,906.0,736.0,275.0,12000,Drama,14464918.473442823
Terminator Genisys,30.188198,126.0,6.3,2015.0,6.0,474.0,230.0,24000.0,10000.0,2000.0,867.0,82000,Science Fiction,198532366.40400696
Original Sin,9.970359,118.0,6.0,2001.0,8.0,93.0,49.0,11000.0,216.0,155.0,181.0,3000,Thriller,75689269.29268296
Without a Paddle,6.046516,95.0,5.8,2004.0,8.0,94.0,65.0,506.0,316.0,246.0,152.0,0,Action,30190446.46850995
The Verdict,9.596883,129.0,7.7,1982.0,12.0,79.0,0.0,844.0,617.0,359.0,154.0,0,Drama,60257476.72815544
It Follows,20.359336,100.0,6.8,2015.0,2.0,533.0,421.0,314.0,189.0,159.0,631.0,45000,Horror,2618597.9782758215
,10.29227055425174,147.96325831480073,7.1,1971.4306971466672,8.48239250830188,290.0923110212176,131.0,131.0,12.0,564.9780468773631,260.7860715447073,0,Comedy,18720078.714571755
,12.389044332448837,143.94424936265904,4.5,2015.0,7.584832158030013,10.0,596.0,622.0,525.0,283.0,15.0,677,Action,19369.839378170283
,21.793059207836507,135.00123109152938,4.5,2015.0,7.433712929307493,10.0,596.0,621.0,525.0,282.0,15.0,677,Drama,3379478.314665592
,13.955763549472849,140.5300539928799,4.5,2015.0,9.835493823675158,10.0,596.0,622.0,525.0,283.0,15.0,677,Crime,1804009.7448713095
,16.82767643223544,131.11024266705206,4.5,2015.0,7.252385971248773,10.0,596.0,621.0,525.0,282.0,15.0,677,Mystery,79886.24241637517
,42.87367491694795,119.11240801851736,5.8,2010.0,10.347222694604577,357.0,394.0,12000.0,490.0,162.0,432.0,0,Action,126040.78793818185
,36.87527151753147,169.1368732247695,7.5,1993.821976527522,9.109390339340315,21.0,0.0,982.0,321.0,184.0,74.0,0,Action,75160041.02136514
,20.30391497770158,155.05973582186795,6.7,2011.0,8.633924558785147,246.0,50.0,4000.0,442.0,397.0,137.0,16000,Crime,321.56390339063154
,29.76963995095452,147.66127001708705,7.5,2011.0,10.584321606816022,1.0,0.0,10000.0,570.0,159.0,2.0,40,Fantasy,1874.61580432192
,22.7028226425233,142.36328587102315,6.4,2010.0,11.856462164622403,4.0,0.0,10000.0,2000.0,1000.0,2.0,25,Crime,75.88477827547243
,33.3604649161945,124.06951009820077,7.6,2021.9323725458084,7.164866518639603,29.0,4527.128867035469,669.0,554.0,432.0,97.0,0,Thriller,6666793.341556256
,45.11121696536576,112.01977351884226,3.8,2003.0,9.40081748506878,109.0,34.0,760.0,743.0,434.0,456.0,946,Music,23203437.561230585
,28.284074726187093,151.89575158460963,7.2,1977.7982174961076,9.895605689582135,467.0079036728067,0.0,5.0,0.0,182.15940855827117,111.57412964014416,0,Horror,3485.345633506802
,36.87233856969948,166.81610313135835,2.2,2005.0,9.856582623456235,78.0,6.0,490.0,294.0,227.0,239.0,881,Comedy,33328297.098607704
,24.155087380615647,110.5611410510232,5.4,1997.0,10.209880527647982,84.0,81.0,3000.0,643.0,612.0,181.0,2000,Crime,12.09473252207331
,23.88934905252417,138.83394235301458,8.6,2061.349131438248,8.692816237911897,103.0,0.0,544.0,183.0,148.0,270.0,59000,Thriller,2111.2000831170626
,42.56032381132928,124.59515843557112,7.1,2011.0,11.04012864107435,190.0,6.0,1000.0,579.0,561.0,78.0,0,Action,11.189660553266249
,45.079995411950165,109.93946625958434,6.7,2013.0,11.143214774878706,234.0,23.0,13000.0,12000.0,110.0,205.0,22000,Horror,4253802.858615229
,11.613135478636366,148.72326131533686,8.8,2021.4838797521932,9.327720043551816,95.0,0.0,577.0,4.0,0.0,394.0,55000,Crime,140874.9708299949
,27.6480379548401,153.0956116270554,5.6,2006.0,11.711786294369578,147.0,189.0,1000.0,177.0,38.0,424.0,0,Mystery,345521.7593836043
,12.990876906319356,151.75983567501447,7.0,1997.0,11.26901772716153,19.0,69.0,898.0,577.0,87.0,40.0,91,Comedy,38729665.86230348
,38.461183272807496,146.53004534495824,7.6,2011.2750650360383,7.922713638721269,31.0,1.5553512182249278,1000.0,960.0,474.0,71.0,0,Romance,11330.103248366682
,35.75285852131245,158.04991303451487,5.6,1998.0,9.827136050973508,35.0,31.0,9000.0,496.0,372.0,88.0,0,Comedy,3455.281239415321
,19.436391014794413,153.4366195901882,5.3,2000.0,9.08622538318902,87.0,65.0,11000.0,11000.0,658.0,237.0,0,Drama,83.1110112569952
,23.660127464852327,118.50559395487608,6.4,2015.0,7.077854567273352,63.0,92.0,23.0,21.0,8.0,3.0,257,Comedy,12274.436498067349
,18.625666243796346,158.5647571862186,4.4,2015.0,10.42923254052178,3.0,0.0,163.0,94.0,20.0,1.0,138,Action,296.64618550247445
,28.027294878589736,107.52726061385049,4.1,1999.0,7.33548283259321,70.0,16.0,2000.0,710.0,692.0,231.0,509,Comedy,102404944.0516986
,35.29688436710061,158.75022620257857,7.5,1923.326955229228,8.176628185516007,12.0,4917.776763675726,1000.0,560.0,218.0,94.0,10000,Drama,789.8000323617905
,14.967929728289462,126.81596117738984,8.3,1929.101457534612,7.349518189801894,12.0,3179.233190171172,374.0,130.0,0.0,67.0,0,Fantasy,61.17189986804148
,18.128659250655677,168.04288073126702,6.7,1999.0,10.13614293360463,91.0,72.0,582.0,103.0,99.0,217.0,0,Drama,3.5896228743967074
,25.890709380142617,127.44290211956596,7.5,1946.6301865735104,8.899204112255635,39.0,0.0,898.0,372.0,160.0,110.0,14000,Crime,660054.8561678386
,44.88890973973271,172.27292706688678,6.2,1994.0,7.4652594383201265,59.0,0.0,443.0,277.0,184.0,137.0,0,Drama,28482.981599590465
,34.5227541052991,113.8060908723794,3.0,2002.0,7.161311359216766,151.0,323.0,1000.0,841.0,390.0,289.0,584,Science Fiction,28.648101632225583
,38.15647536375543,132.34106910313875,7.4,1974.3215535486488,10.456204540260748,4.0,1283.4505872949348,995.0,363.0,359.0,87.0,0,Romance,223680550.02782995
,31.27733363338144,161.0740392561654,6.4,2003.0,11.954305864090742,141.0,179.0,8000.0,4000.0,403.0,264.0,0,Drama,24.753251411297477
,11.227426515233727,113.72663949196873,6.7,1998.0,8.915287849082617,117.0,0.0,509.0,317.0,210.0,157.0,688,Action,24900.538578563042
,33.351553063744035,171.4777546313282,6.2,2000.0,7.998765719974587,134.0,138.0,324.0,192.0,184.0,265.0,892,Family,107830.6183017961
,13.894420847648355,143.21628748228943,8.1,2018.7348201529755,9.8526637169006,14.0,4979.350262778664,1000.0,773.0,575.0,28.0,0,Drama,407.7966104475182
,20.481104957351523,112.21359414455316,5.0,2000.0,7.024460893781902,60.0,0.0,975.0,909.0,506.0,69.0,177,Comedy,56986.18964447822
,19.94380879127201,120.66188028004582,6.3,2007.0,7.214468295046599,191.0,8.0,8000.0,1000.0,970.0,246.0,0,Animation,7.384348998891686
,39.887060061636994,157.61645234273496,6.7,2000.0,8.597609593372852,121.0,420.0,12000.0,3000.0,627.0,322.0,0,Drama,24015.616027480435
,29.120490651309936,136.16299532598632,7.3,2009.0,11.978554177127702,136.0,197.0,433.0,208.0,6.0,223.0,0,Drama,222143308.76329795
,11.334179908605718,130.65343206936464,4.4,2003.0,11.178853608790629,73.0,18.0,658.0,257.0,226.0,181.0,858,Action,229.17921077573564
,13.33459283197474,169.96763369825257,6.1,1996.0,9.618151108784364,34.0,50.0,1000.0,944.0,672.0,54.0,829,Romance,42181186.13119325
,16.621404152254144,131.20722731027536,7.3,1975.5031392414824,7.595578276365287,8.0,622.7126976586245,732.0,607.0,402.0,41.0,0,Adventure,130636522.67653248
,12.1877256656403,158.957173384362,5.3,2002.0,9.689908641067696,81.0,11.0,966.0,680.0,107.0,207.0,797,Action,560665.9450354277
,15.0733024025636,124.404301859762,5.0,2005.0,9.29242375024951,111.0,11.0,1000.0,759.0,642.0,156.0,621,Animation,154708.66688359523
,18.06276137465182,157.1375875743094,6.8,2012.0,10.854941191640176,239.0,39.0,16000.0,897.0,461.0,150.0,11000,Adventure,12.33737060150535
,15.822648477893306,111.07717033691162,6.1,1998.0,8.835566450061066,79.0,17.0,13000.0,968.0,652.0,127.0,0,Mystery,1045.4314700921664
,40.41105103356126,165.51587877189857,6.1,1998.0,10.204531837971816,79.0,17.0,13000.0,969.0,652.0,127.0,0,Action,10502.05070245199
,13.607696669359036,142.55131810031747,6.1,1998.0,11.622311252412231,79.0,17.0,13000.0,968.0,652.0,127.0,0,Drama,93.58989843467056
,17.474222315787472,164.31967109391832,6.1,1998.0,7.899962529550869,79.0,17.0,13000.0,969.0,652.0,127.0,0,Drama,148.5493639959406
,13.647014841066174,136.77963502944266,6.1,1999.0,9.381171321485644,115.0,2000.0,11000.0,1000.0,1000.0,195.0,641,Drama,283341467.3445492
,12.610382518234337,123.09499976592458,3.8,2007.0,11.61680540732238,140.0,892.0,26000.0,368.0,102.0,368.0,0,Comedy,190478.2096676202
,41.72283779106423,111.64532833010522,6.5,2003.0,10.114891524296096,54.0,258.0,11000.0,708.0,617.0,156.0,0,Horror,30601.106080936657
,22.5332203515595,116.18943875273683,6.0,2016.0,10.367925496008612,14.0,3.0,879.0,107.0,22.0,9.0,426,Drama,14.527433351657807
,22.949784088995305,149.96058142627095,4.9,1998.0,10.846301802129592,56.0,65.0,743.0,730.0,440.0,88.0,296,Drama,3.9611803806778805
,9.685995197319926,152.2435941998696,6.6,1929.5998840551604,7.511121484220947,20.0,801.03028626388,870.0,558.0,271.0,94.0,990,Drama,52639.458637527845
,36.1566567040089,144.44539766393245,4.9,2015.0,8.569692992548822,53.0,153.0,12000.0,11000.0,11000.0,143.0,0,Comedy,94835195.20841183
,34.79130508203994,125.42209217676854,7.0,1920.329049758373,11.976218521953555,46.0,701.8418491049979,962.0,722.0,479.0,238.0,0,Action,11225.76733713045
,17.026639393972978,136.45171165951066,6.7,2073.032051691256,8.529168778622948,26.0,1753.5579640266328,883.0,701.0,676.0,54.0,0,Adventure,4576.719331621958
,13.772475754857831,136.2384802645918,5.4,1997.0,10.114787595957871,53.0,39.0,3000.0,562.0,458.0,103.0,5000,Thriller,32840.10556461878
,34.33006959334686,167.82177250162437,6.4,1999.0,8.028030681849442,140.0,0.0,21000.0,860.0,490.0,358.0,0,Action,59.65893941862616
,43.5840801318824,116.18900642228948,8.4,2042.1445815318853,8.873949434557968,77.0,14.49923056604905,847.0,440.0,72.0,181.0,0,Comedy,6.631775128589591
,17.684177319304787,107.36698919159387,6.5,1999.0,9.329468260144472,100.0,226.0,12000.0,509.0,241.0,232.0,0,Drama,388033.947438513
,42.826948500678256,172.0422771451222,5.6,2009.0,10.34774446578321,93.0,11.0,939.0,605.0,506.0,39.0,610,Thriller,173.8034954796257
,33.14580128198704,135.683391372069,7.7,2004.0,8.111169990822198,186.0,0.0,226.0,52.0,46.0,239.0,0,Music,19141694.565982964
,42.998395211609214,108.14335702671248,7.6,2007.0,10.371742727818727,250.0,0.0,16000.0,3000.0,1000.0,532.0,0,Action,2855.3442789625988
,40.51606037641736,146.28762044564868,5.9,1998.0,11.567936584384382,78.0,438.0,852.0,637.0,466.0,207.0,853,Drama,129320767.07062998
,15.006870640293144,141.4486165876012,5.5,2003.0,7.3574908152388,127.0,13.0,961.0,691.0,343.0,180.0,846,Drama,7.372955225247855
,14.813479672388096,150.94708100314847,6.7,1998.0,9.218575677981754,65.0,0.0,8000.0,818.0,701.0,252.0,0,Action,7864955.681870083
,43.94306559638826,160.40118226304742,5.2,2004.0,11.590026883787148,105.0,148.0,2000.0,843.0,660.0,209.0,0,Thriller,333.4311428522977
,39.93705287890207,173.2063109848147,7.9,2025.469975621074,9.646522156386446,2.0,4352.967758257068,416.0,171.0,132.0,9.0,0,Comedy,42118.29862912264
,42.56906788258182,144.84123604943625,6.5,2000.0,7.325485933436397,118.0,41.0,18000.0,4000.0,585.0,261.0,0,Thriller,117867.37721940943
,12.230531062966229,143.78424076363373,5.9,1997.0,11.22069194404261,93.0,75.0,294.0,273.0,258.0,156.0,0,Action,20907365.48713188
,42.959393617737135,165.71224766656974,6.5,1999.0,8.534117872811365,113.0,0.0,24000.0,743.0,432.0,226.0,0,Drama,2.7907430806421805
,11.889622693310203,154.86306494882513,7.8,2010.3028049570612,9.69400392521396,14.0,3953.648428932207,325.0,7.0,5.0,33.0,361,Action,76.15028569754774
,41.815910831457806,157.17191725537302,7.5,1957.001577926922,10.494900292785587,4.0,0.0,629.0,512.0,398.0,22.0,915,Horror,47.10503779098545
,18.53633030326376,118.25958983838076,5.4,2005.0,7.691681906453804,59.0,65.0,1000.0,923.0,730.0,94.0,779,Thriller,18063.143834182163
,13.468372084472982,139.12788273466975,7.0,1940.5146687302763,9.854811909491437,28.0,0.0,3000.0,845.0,600.0,149.0,0,Drama,31.83728021080875
,37.21867473309272,119.94590338098855,6.4,2002.0,8.82194856099057,105.0,0.0,49000.0,811.0,809.0,341.0,0,Comedy,3625543.864338168
,23.716021593031087,131.31976437373146,5.6,2000.0,9.988792715125909,82.0,0.0,2000.0,602.0,591.0,91.0,255,Comedy,392199.1847394013
,37.40523975409951,126.77669801423048,8.5,1957.117597534742,11.188217001125176,30.0,201.13479336672103,1000.0,531.0,184.0,148.0,31000,Comedy,3056.9125764096098
,40.1068950353669,118.88461784853408,4.6,2006.0,10.456200805440254,32.0,42.0,598.0,555.0,235.0,32.0,352,Horror,19281885.00985016
,36.960181403413095,141.04591881911517,6.4,2001.0,11.973047023545451,125.0,446.0,20000.0,1000.0,821.0,316.0,0,Romance,1207.4908169003625
,13.84286950567088,166.8001339161195,8.1,1972.0,11.787331764831322,144.0,0.0,29.0,29.0,12.0,236.0,0,Horror,7.98363221657503
,25.668335018744216,164.3078823679457,5.7,2001.0,10.348769315674115,142.0,148.0,8000.0,973.0,135.0,343.0,881,Drama,56640739.79846346
,28.879931749823665,127.64168877146868,2.7,1981.0,8.799949273681476,10.0,92.0,1000.0,623.0,522.0,16.0,115,Crime,788.6428446609956
,36.80455693024948,159.65335393834008,7.2,1968.0,10.426150711040576,8.0,5.0,6000.0,584.0,559.0,61.0,0,Comedy,4374.54431307052
,39.90570750186513,154.71297516681182,4.3,2004.0,7.16052997206786,59.0,38.0,1000.0,641.0,631.0,91.0,531,Drama,17.560009431899783
,30.840137627974578,140.10339580641684,6.3,1994.0,8.540828208989161,42.0,161.0,11000.0,894.0,132.0,69.0,0,Fantasy,548.7717853809306
,29.77181431300444,143.19133734828102,5.9,1995.0,7.395654123573478,25.0,0.0,1000.0,845.0,563.0,47.0,0,Drama,40.08562180721741
,33.96868860662398,133.98019483195267,7.4,2007.0,8.014471857565631,156.0,278.0,5000.0,117.0,107.0,524.0,14000,Animation,21839.680395314314
,38.06336612856824,151.7076512082233,7.4,2007.0,9.63533294035387,156.0,278.0,5000.0,117.0,107.0,524.0,14000,Thriller,71286853.52482332
,35.83677179318032,107.07510771463002,7.4,2007.0,8.723205959553592,156.0,278.0,5000.0,117.0,107.0,524.0,14000,Comedy,766970.5586530165
,43.24176241701576,136.57603670075645,7.4,2007.0,7.926857041553527,156.0,278.0,5000.0,117.0,107.0,524.0,14000,Drama,215737.22514634902
,20.95200138472297,132.19904721865674,5.3,1996.0,10.398153590517303,39.0,29.0,2000.0,461.0,322.0,80.0,451,Thriller,10.746163418890076
,23.791125589616374,127.4749774022815,6.0,1996.0,11.00375932943481,43.0,11000.0,905.0,484.0,451.0,81.0,0,Comedy,35.2042788277973
,18.3277638107529,112.32409290343796,5.8,2000.0,7.374955192488303,85.0,0.0,13000.0,861.0,820.0,183.0,652,Comedy,145575672.86245543
,27.471861249407997,109.9270667760044,7.0,2006.0,8.810064946521168,189.0,611.0,879.0,52.0,10.0,229.0,0,Action,67.11174187991087
,37.83374494254641,173.85918285371412,8.3,2008.2772613968637,9.932748918920772,23.0,1580.024582638655,164.0,116.0,114.0,47.0,17000,Comedy,337.14284810046456
,28.655261380991107,165.63564017852366,5.6,1996.0,10.204154961248552,28.0,13.0,23000.0,2000.0,643.0,62.0,353,Crime,331680.0040450833
,18.300352719935876,155.4556892775409,6.0,2000.0,7.669522390171284,116.0,84.0,12000.0,10000.0,664.0,194.0,0,Science Fiction,382.5037348817711
,14.06867107372302,115.38273139859972,6.5,1996.0,10.356977067451744,27.0,0.0,12000.0,592.0,292.0,71.0,0,Comedy,11676.444508808441
,34.651789984446,155.29559462254156,5.8,2009.0,10.25309692649348,288.0,119.0,468.0,442.0,412.0,396.0,0,War,344.1787547115349
,35.67524672376607,132.7776187257494,7.5,2006.425936993052,8.887166113759138,4.0,4631.819588587806,870.0,284.0,253.0,18.0,455,Drama,578.1717017777158
,21.65986932873602,148.30837759267027,4.9,2015.0,11.715063599833789,9.0,326.0,326.0,152.0,6.0,5.0,161,Drama,159963028.09592667
,14.06315276193363,123.97088167187896,5.2,2003.0,8.198632711757792,98.0,4.0,687.0,312.0,96.0,132.0,505,Thriller,45.0002988969461
,30.895326661633952,135.58837789581526,5.9,1986.0,10.36316353176245,16.0,425.0,954.0,568.0,204.0,34.0,263,Adventure,3941580.272794995
,33.09987626883129,144.81276660236648,6.0,1992.0,7.571944879955747,25.0,323.0,472.0,47.0,0.0,56.0,694,Science Fiction,91.84417562627026
,28.96538418193716,173.13587054671433,5.2,1994.0,11.453997894931986,19.0,80.0,3000.0,450.0,287.0,39.0,0,War,13493538.682471793
,16.304313947155475,122.86115024449998,5.5,2000.0,10.81947862529778,101.0,643.0,24000.0,1000.0,586.0,180.0,0,Horror,25395902.244277474
,13.827614890424112,161.84382553878217,5.8,1999.0,8.371342177090735,90.0,6.0,711.0,683.0,584.0,117.0,445,History,27257359.46330747
,38.251808552620446,136.01410596754346,7.4,1968.526478651835,7.68414195048524,3.0,0.0,51.0,21.0,12.0,43.0,301,Action,552109.0453853976
,41.41399780373799,163.59179779000988,5.7,2008.0,9.048075473959358,146.0,65.0,1000.0,613.0,490.0,101.0,702,Drama,69.47899169721698
,28.56369935457331,135.89079730301484,6.1,2014.0,7.206313177984508,303.0,3000.0,14000.0,9000.0,3000.0,416.0,24000,Action,526135.8971983747
,33.06566159863456,111.28567277221046,5.1,2000.0,10.949331674759176,100.0,55.0,3000.0,941.0,294.0,188.0,394,Music,3.1403111091666944
,39.82902759587416,138.5620914805836,6.7,2008.0,9.623725124531603,169.0,56.0,20000.0,19000.0,19000.0,252.0,0,Action,227.62582926566634
,11.501497125198114,116.75005664557986,5.9,1999.0,8.861720694332861,55.0,34.0,978.0,886.0,685.0,106.0,0,Romance,56995876.08896794
,40.19578769592548,151.81932968404283,6.2,1996.0,8.965511298571899,50.0,17.0,14000.0,940.0,889.0,60.0,309,Horror,2.982079854277381
,40.78766448373591,113.53808918735812,5.9,1995.0,7.721253659267464,40.0,58.0,12000.0,975.0,497.0,60.0,555,Animation,51706503.06170555
,28.544482872989757,167.30499708391855,4.8,2004.0,9.752871160402076,70.0,29.0,976.0,799.0,762.0,111.0,849,Science Fiction,467347.15663952014
,22.11927715657432,150.63501782772605,6.5,2008.0,9.78740254742723,88.0,92.0,1000.0,760.0,706.0,25.0,866,Documentary,368.5242825512483
,12.889522005065745,162.6035674169374,4.7,1980.0,7.723689684450777,32.0,5.0,521.0,372.0,249.0,70.0,328,Western,74381503.48523133
,25.28822125122796,156.60189497271918,6.2,2001.0,7.148305550929889,83.0,39.0,1000.0,1000.0,259.0,207.0,892,Action,173446880.5030971
,28.83808678025217,142.72397374275909,5.8,2001.0,9.002140647975715,61.0,8.0,545.0,248.0,219.0,98.0,565,Adventure,1137.735202176316
,18.40397534929486,171.1359161735644,4.4,2008.0,7.746807059221376,41.0,0.0,795.0,754.0,379.0,26.0,211,Family,260655.817846956
,29.70445569738167,150.42775458133437,6.9,2007.0,8.402378072362401,94.0,47.0,499.0,3.0,2.0,90.0,0,Adventure,4.586818392081947
,28.37991661328437,160.8602467840162,7.3,1994.0,11.510535457727444,77.0,0.0,1000.0,970.0,385.0,211.0,0,Action,61471.695279388805
,26.823706593058617,158.45605622627494,7.1,2007.0,7.801527156889122,106.0,31.0,5000.0,755.0,483.0,61.0,0,Comedy,44760826.089032635
,34.06224953017513,170.1534617514589,6.0,2005.0,11.61178796563695,30.0,44.0,1000.0,580.0,533.0,32.0,265,Action,363.3595447573988
,26.941231106446388,159.8887229590007,6.8,2011.0,10.384715143789103,63.0,10.0,1000.0,559.0,541.0,40.0,0,Romance,111.12259557002723
,9.960169973078024,142.8778913846928,5.7,2004.0,10.96923505626662,42.0,23.0,2000.0,894.0,596.0,39.0,89,Family,540.3779720705159
,39.71258040162847,110.18897237575212,5.7,1996.0,10.971813946310249,23.0,36.0,592.0,516.0,275.0,73.0,478,Action,70556470.09447406
,44.72341980711506,149.87781172936883,7.8,2010.3817818124423,7.429314338155812,22.0,1260.591292882763,23000.0,967.0,501.0,86.0,0,Romance,353.3457632962484
,25.318369304638228,120.41155234108128,6.4,2014.0,11.676041215514704,4.0,0.0,76.0,47.0,46.0,18.0,0,Drama,632003.7981919672
,25.650023290472127,162.07368747640828,6.2,2001.0,7.199557737737702,116.0,7.0,931.0,754.0,692.0,216.0,989,Comedy,2.1179768787419744
,32.83340276691332,124.21332730802052,5.5,2001.0,7.985110461144413,55.0,11.0,854.0,543.0,466.0,85.0,168,Comedy,1537.099234063767
,37.8320386621464,122.8212109621527,5.2,2001.0,11.052443704755149,31.0,49.0,1000.0,569.0,427.0,67.0,474,Comedy,28430819.180790827
,28.798164639638955,143.5945204798141,6.7,1996.0,11.184065865781672,31.0,0.0,2000.0,912.0,723.0,57.0,591,Thriller,276325.3301441812
,43.78511756968759,159.97592116715734,6.8,1999.0,10.21137384613182,95.0,96.0,746.0,602.0,577.0,194.0,846,Adventure,33023.15653039635
,20.9199289009602,151.69279839472296,5.4,2003.0,7.68852315801603,44.0,0.0,1000.0,812.0,642.0,80.0,638,Drama,5378141.086417438
,22.912294999682288,136.93577686132318,5.9,2011.0,7.519969402287323,77.0,596.0,877.0,794.0,785.0,53.0,2000,Horror,61620525.805258274
,30.987329999505874,139.2453027199178,5.8,1996.9360025566075,10.151743165133752,5.0,7638.976581330776,778.0,618.0,452.0,30.0,0,Drama,111638.45732335621
,15.129581957221156,107.62289729010622,6.3,1997.0,11.685349729873888,83.0,0.0,19000.0,957.0,945.0,138.0,0,Adventure,5.755310602689031
,16.23822238893844,165.3900653298519,6.4,1998.0,8.635840926337611,83.0,130.0,29000.0,130.0,80.0,244.0,0,Action,323.17858953986314
,13.07201282795834,148.8636756210589,5.6,2006.0,8.932993112173671,90.0,221.0,11000.0,970.0,553.0,209.0,0,Drama,129.88940467551683
,17.252619551450156,124.67428768408593,6.2,2004.0,7.287881805620135,193.0,1000.0,24000.0,15000.0,939.0,400.0,0,Thriller,2225563.113555205
,31.391664025058127,130.04583302646196,7.0,1950.0911303938276,11.156646760560507,3.0,0.0,897.0,637.0,628.0,11.0,265,Adventure,1798015.107086836
,12.154337685855928,170.66728105560182,4.8,2001.0,11.278717765570946,46.0,19.0,1000.0,691.0,447.0,164.0,0,Comedy,4424864.740561053
,29.57046566509105,110.64269221341527,6.8,2006.0,9.459947807443864,122.0,308.0,446.0,224.0,206.0,203.0,0,Comedy,40.30083871102568
,23.397833560140523,132.08249898066055,6.6,1992.0,10.211366818370138,32.0,0.0,436.0,263.0,210.0,68.0,949,Comedy,85898.98112117143
,28.185902595620057,144.86901935064947,7.4,2000.0,10.00224821057423,173.0,161.0,21000.0,826.0,549.0,335.0,0,Science Fiction,1378032.9991322064
,36.67033643417007,121.298422669913,5.2,2012.0,8.087283040474894,145.0,0.0,465.0,351.0,174.0,82.0,0,Drama,471385.27508391975
,42.53337197053708,158.6194742998779,5.7,1991.0,11.867282350496708,13.0,468.0,605.0,367.0,150.0,39.0,452,Drama,4522.866169770868
,36.1255476414004,167.4389567816551,6.8,2001.0,11.56567008818773,119.0,529.0,18000.0,826.0,505.0,208.0,0,Comedy,25.459615550000763
,19.42978659991177,164.0513418592276,4.8,1998.0,11.489791168324222,67.0,85.0,635.0,316.0,105.0,141.0,471,Drama,61.0198888887201
,42.12345540278008,133.93723804371234,4.6,1997.0,11.965374789699418,24.0,31.0,690.0,457.0,448.0,31.0,0,Action,351.70551916800025
,37.73237563116054,152.36653869487753,8.6,1972.3891429477144,8.585681868842281,51.0,0.0,2000.0,729.0,256.0,105.0,20000,Animation,10975.98708288163
,18.414033974537467,134.617676395161,8.0,1993.0,7.860028099478728,12.0,138.0,848.0,674.0,672.0,129.0,6000,Drama,2718.540522865056
,43.49436186728663,146.1086461717038,6.4,1997.0,11.043391664327311,50.0,55.0,1000.0,1000.0,918.0,99.0,561,Comedy,15.838255706677156
,43.714048696907255,150.62185684196118,8.4,1980.0,9.879374350861037,24.0,278.0,695.0,279.0,249.0,55.0,0,Action,241923750.26490003
,27.91144693798112,140.8853421539313,7.2,2009.0,11.415031749035611,308.49545955085733,194.0,970.0,856.0,816.0,453.90553369604805,26,Science Fiction,23788197.2133823
,13.466587000031268,134.02946114463788,5.6,2000.0,10.263308298038496,52.0,46.0,818.0,649.0,292.0,61.0,314,Crime,4706.224361972564
,11.26793460380618,140.88773905239393,5.7,2012.0,7.394751347078534,135.0,125.0,18000.0,2000.0,2000.0,50.0,0,Animation,734636.5030954203
,43.842818992509386,168.55853498159303,6.3,2013.0,11.608202394078171,60.0,0.0,324.0,15.0,11.0,16.0,0,Drama,495.88745387928185
,33.504720241021445,170.99525841838516,5.3,2000.0,10.023100112187006,103.0,10.0,18000.0,223.0,178.0,181.0,463,Adventure,14.908342590873243
,20.58665725528645,170.14979140645855,6.0,1999.0,10.812076133806714,56.0,179.0,11000.0,617.0,551.0,175.0,783,Comedy,4732460.211907983
,25.61105000112413,134.81154489819284,5.1,2002.0,11.741151856056288,67.0,32.0,773.0,664.0,521.0,100.0,0,Documentary,3473.5965693254
,26.0588236248229,145.2213204652992,6.9,2005.0,10.074429204375186,75.0,61.0,649.0,579.0,83.0,108.0,0,Drama,43532.56444640078
,20.961885704686534,150.76000976512057,6.8,1999.0,11.817843412644638,163.0,17000.0,12000.0,368.0,245.0,382.0,0,Drama,93242.93798330703
,27.367729320968657,123.59408532619068,5.3,1996.0,8.513033702223591,15.0,278.0,3000.0,359.0,179.0,30.0,350,Thriller,224.13045846233123
,41.01975143148466,156.85210437305471,6.9,1999.0,11.103768266405384,70.0,0.0,13000.0,898.0,876.0,161.0,625,Adventure,103441.91822231722
,38.725281523915925,141.139203834905,5.7,2004.0,9.997443323325472,12.0,0.0,330.0,239.0,239.0,31.0,290,Adventure,8.599321119876615
,28.662099980716636,166.1277179869336,5.4,2001.0,9.300544916637916,61.0,129.0,979.0,891.0,560.0,122.0,602,Comedy,1195310.9733644729
,40.77214675005275,111.38312287700472,8.7,2020.8323689189565,10.316743795716643,51.0,0.0,971.0,741.0,690.0,257.0,0,Comedy,667.713537746699
,18.467572365157068,115.75213712430129,5.9,1998.0,11.064898421795842,65.0,0.0,970.0,631.0,545.0,162.0,0,Drama,15669819.021088883
,15.229175840868098,162.99272784847986,5.8,2014.0,11.491635010685997,121.0,7.0,14000.0,3000.0,691.0,64.0,0,Drama,7115504.791626401
,42.64789732525364,133.55519879307784,5.1,2002.0,11.806318912139858,39.0,13.0,1000.0,889.0,837.0,72.0,1000,Comedy,625723.9865774555
,42.0817662350031,144.13040260338752,6.5,2010.0,7.800052273306439,159.0,56.0,898.0,60.0,22.0,156.0,13000,Drama,2881368.623884073
,25.329558583694386,173.94162101055815,7.6,2003.0,10.08960935877425,82.0,23.0,3000.0,3000.0,1000.0,292.0,0,Adventure,4.792337991693899
,24.09360235295135,125.87579483152928,7.5,2048.528815302572,8.768459944515097,9.0,801.29586756695,971.0,805.0,468.0,30.0,0,Crime,13044887.159505388
,19.70000337687643,152.81787414735413,8.5,2056.7556356870336,8.760955745788113,52.0,216.46779659067408,680.0,638.0,576.0,145.0,0,Horror,9.957610855362969
,30.299416979122668,173.72119954323472,5.5,2001.0,9.8231633522516,64.0,39.0,1000.0,611.0,506.0,84.0,304,Comedy,1189.5183325582989
,26.741125728321165,163.34467947085355,5.9,2004.0,10.640768212292125,85.0,57.0,1000.0,530.0,438.0,154.0,0,Comedy,519070.12650794076
,33.20812986219746,111.80234170586571,7.0,1998.0,9.03389963108988,64.0,73.0,11000.0,882.0,433.0,112.0,592,Horror,4.841515454771342
,30.350405104418307,137.69419258618416,6.2,2014.0,9.114002057822356,242.0,301.0,2000.0,1000.0,897.0,201.0,18000,Adventure,1436939.4889502514
,41.26832714255091,147.2540364905131,5.4,2002.0,11.20452308290704,181.0,11.0,19000.0,953.0,762.0,291.0,0,Comedy,32378.30603615776
,43.00049388751447,112.08608706063424,5.8,2009.0,8.52212811123657,368.0,165.0,900.0,686.0,559.0,354.0,12000,Drama,1499854.2788096052
,41.67816729677954,169.38556357711866,4.1,1999.0,11.320659804210631,85.0,38.0,811.0,586.0,362.0,338.0,858,Drama,16785388.628701694
,25.170769643832102,166.7568660550712,5.5,1999.0,8.944583116952295,62.0,277.0,21000.0,767.0,210.0,148.0,654,Comedy,16579.23471167521
,21.958390744996315,167.7597328399871,2.7,2009.0,8.9366395797434,130.0,70.0,473.0,315.0,99.0,524.0,0,Comedy,356.1736313011262
,18.79400771689955,111.92755905332108,6.4,2013.0,8.893263660000311,376.0,419.0,971.0,236.0,165.0,258.0,24000,Horror,9.976265267135384
,31.34739432964836,169.3928682611168,8.2,2020.34520896574,11.678543478530418,16.0,0.0,147.0,63.0,51.0,19.0,0,Action,56775.31428968035
,15.372701158267889,162.05712993062622,8.4,1984.0,7.921626024291985,111.0,0.0,22000.0,683.0,642.0,495.0,12000,Comedy,1433.3366417214202
,36.09325559335849,141.94743215782827,7.1,2004.0,11.30524396790149,117.0,53.0,14000.0,871.0,548.0,161.0,0,Crime,40701679.83648952
,44.22477513573451,142.9855440480287,6.6,2002.0,11.923199802629291,105.0,277.0,2000.0,378.0,345.0,103.0,287,Adventure,232335258.77744895
,22.15071567344086,172.8922201783112,5.6,2005.0,7.724242536012701,90.0,45.0,489.0,181.0,107.0,132.0,445,Thriller,80734.34499968977
,12.156777370709191,118.71150948801832,7.2,2009.0,7.20946434798264,56.0,2.0,295.0,71.0,55.0,17.0,0,Comedy,35967.34460768609
,17.93697583225319,133.1809323906386,5.6,2015.0,8.820468917133553,130.0,165.0,26000.0,947.0,700.0,114.0,0,Adventure,403.60303560680575
,31.900634296342723,163.05822765531428,4.9,2010.0,9.857429610981058,36.0,7.0,1000.0,898.0,480.0,44.0,885,Family,7.311695180429615
,37.27283428792761,166.4374960742423,7.1,2007.0,7.932407531383474,46.0,55.0,113.0,11.0,11.0,23.0,0,Action,74.58269177483363
,38.24336360853129,156.427223691351,2.0,2014.0,11.09137552553919,7.0,18.0,922.0,919.0,432.0,22.0,0,Crime,10535178.1608141
,33.72943409473687,146.1132495864358,5.7,2014.0,11.29995413830359,132.0,61.0,963.0,903.0,520.0,62.0,6000,Action,356.8524786486088
,39.35559422306186,124.1046778481707,4.1,2015.0,9.111326016997118,5.0,0.0,114.0,35.0,21.0,7.0,161,Adventure,7727.183589751905
,20.517374696270917,163.1261106756135,6.7,2002.0,7.093328342543109,56.0,59.0,1000.0,794.0,24.0,108.0,447,Action,188284262.66232702
,35.99334459095033,107.12632648829457,7.6,2024.3926245301896,10.346668307655609,13.0,1965.462066498352,757.0,641.0,442.0,56.0,12000,Drama,873392.411189701
,35.17543236709873,154.26280637529885,5.8,1997.0,11.24422020263572,42.0,12.0,1000.0,409.0,373.0,39.0,0,Comedy,525.7677554959583
,22.14686682404561,157.16365079910747,7.7,2008.0,8.615871745631047,302.0,2000.0,2000.0,1000.0,1000.0,241.0,0,Drama,422300.35402673745
,10.101767005461284,141.05036192714857,7.5,1987.0,8.75139031416128,17.0,0.0,18000.0,427.0,400.0,51.0,0,Family,4093306.3926435993
,33.65495042500131,149.31646086231885,6.9,1999.0,8.19667813409766,65.0,759.0,11000.0,1000.0,933.0,123.0,209,Drama,10539575.75468567
,39.5646678699118,127.4890952740796,6.7,2009.0,11.997630616089776,210.0,0.0,579.0,489.0,210.0,71.0,0,Drama,1079149.3183278383
,28.839910982043055,115.63683615390968,4.8,2000.0,7.999012596340965,100.0,710.0,497.0,347.0,258.0,167.0,209,Action,5470.666641385773
,23.12979001218551,143.08697237136482,7.9,1972.783279638888,11.536391672399844,7.0,0.0,766.0,638.0,535.0,131.0,11000,Drama,56890330.99462136
,26.395970338667738,161.89784888081664,6.0,2002.0,8.134332995722303,93.0,144.0,1000.0,482.0,477.0,199.0,0,Mystery,152978042.42758995
,29.94309492686612,135.452971239584,5.7,2012.0,10.377864751438509,98.0,650.0,1000.0,773.0,715.0,71.0,0,Comedy,4591475.015021948
,15.320863010568708,136.07523418860197,6.9,2008.0,10.895236020473469,194.0,10.0,3000.0,2000.0,844.0,140.0,0,Comedy,47438.41866590171
,9.917557969247152,159.53814289105927,8.7,2015.432799948571,8.054638274617744,15.0,472.3005562325932,491.0,154.0,94.0,31.0,459,Drama,7.998455973491536
,24.584930138558043,159.28244860211063,6.8,2007.0,7.594697312405249,118.0,43.0,1000.0,506.0,460.0,71.0,0,Action,32.091139968666184
,39.86013933560048,154.16694194888095,6.2,2003.0,10.980552023774196,54.0,278.0,844.0,766.0,387.0,52.0,188,Thriller,133105.20597133896
,14.75984043191064,161.49939621274933,6.6,2006.0,8.085944446803975,38.0,0.0,5.0,4.0,3.0,19.0,359,Comedy,171720640.09995043
,19.459305227908768,146.19114186900555,8.8,1976.798345391242,10.690170273621955,79.0,0.0,813.0,547.0,424.0,151.0,0,Drama,178.6349906760779
,14.44721592991402,158.00347963905193,6.5,2004.0,10.940618111017567,157.0,80.0,19000.0,3000.0,2000.0,214.0,736,Comedy,15.961364431637875
,28.495817852493147,154.0470324346811,7.2,1985.0,8.445730655257856,46.0,759.0,826.0,130.0,67.0,149.0,0,Animation,558446.3861763527
,37.15775826865707,123.76438445797292,6.1,1996.0,8.29703323735496,42.0,30.0,1000.0,854.0,223.0,55.0,145,Crime,55.411932311570936
,36.842233036763545,125.06646063865064,6.3,1997.0,10.204646181411608,22.0,2.0,642.0,638.0,512.0,69.0,0,Drama,2.2350557407259104
,38.64758673056933,123.63791491413411,6.8,2001.0,10.791491524231777,116.0,11000.0,11000.0,893.0,277.0,178.0,826,Fantasy,36.66463868275249
,14.95709520555958,159.20885349955927,4.0,2015.0,10.428037981880712,56.0,737.0,15000.0,980.0,816.0,28.0,0,Drama,18752.732968529413
,41.84476535861321,133.1648195670085,4.7,2014.0,10.075688675576984,78.0,187.0,554.0,213.0,127.0,25.0,488,Crime,5706.898383983066
,15.605524063927096,162.4913857467582,4.7,2013.0,9.891910037715752,24.0,0.0,975.0,521.0,400.0,27.0,0,Action,10.564553831185002
,18.84373562626731,165.94321112445678,6.7,1997.0,8.26342186243193,49.0,176.0,742.0,658.0,468.0,92.0,0,Drama,28531.57104511941
,17.129651897993465,153.35854050368712,6.1,1997.0,9.869300895282784,29.0,420.0,695.0,635.0,585.0,41.0,666,Drama,127911.35285755295
,14.567725549347545,158.54296114786234,5.2,2002.0,9.4154762567497,38.0,0.0,1000.0,535.0,503.0,33.0,187,Comedy,23364.704708301968
,27.24616757613086,119.40214503430636,5.6,2003.0,11.184288961310624,45.0,0.0,971.0,503.0,362.0,35.0,329,Drama,37.27784116088573
,27.063885618379715,113.7338668694423,5.8,2003.0,11.908933596616302,66.0,29.0,14000.0,1000.0,742.0,194.0,0,Horror,317193.57528464566
,41.40835055162922,155.17352030430055,3.5,2009.0,11.332428304286902,83.0,82.0,756.0,713.0,571.0,50.0,657,Adventure,2734.7483232002783
,29.405597286825014,144.6087603132564,8.3,1981.2066227673083,9.152488088568273,12.0,3222.6708144274603,45.0,7.0,3.0,12.0,834,Action,614729.2756452084
,22.741618173744698,170.75203203410854,4.6,2002.0,9.633650880060737,58.0,70.0,462.0,444.0,223.0,132.0,564,Action,116707.10831487678
,34.80191625026535,123.91200335832892,5.1,2006.0,7.260138992036433,73.0,176.0,931.0,839.0,825.0,56.0,498,Action,27.20702729655184
,17.78168551798901,118.8924097692265,5.6,1988.0,7.554769940502653,28.0,21.0,967.0,767.0,418.0,37.0,377,Comedy,54959382.406500295
,41.16090380770533,127.78221608699164,5.3,1996.0,7.041688140839307,19.0,48.0,940.0,595.0,376.0,22.0,246,Comedy,3.410778567152661
,18.940399550398595,139.18509865573117,5.9,2008.0,9.69853426482374,233.0,27.0,960.0,664.0,49.0,351.0,0,Drama,3263.2334103426438
,13.906888425715136,128.22823674623908,5.1,2002.0,10.937018701728215,52.0,54.0,985.0,637.0,455.0,92.0,215,Horror,2923.8354725130202
,16.613525970467194,134.72512634168274,5.1,2002.0,11.110036782793252,52.0,54.0,985.0,637.0,455.0,92.0,215,Action,27.78067025715889
,31.547365766040517,164.68880628105546,5.1,2002.0,7.639798894947381,52.0,54.0,985.0,637.0,455.0,92.0,215,Drama,55122088.28199994
,36.54003127804336,138.22575939210526,5.1,2002.0,9.212049678631434,52.0,54.0,985.0,637.0,455.0,92.0,215,Drama,2.055895953365939
,31.324423766327985,138.97597640017625,6.1,1985.0,7.106632604139726,159.0,365.0,338.0,246.0,141.0,189.0,0,Drama,318.57299485564727
,31.001568572546773,149.78219699117676,7.2,1971.6758343572048,7.602651973824151,7.0,528.3541760526335,971.0,918.0,265.0,60.0,581,Comedy,163953507.2100242
,44.547791959768126,125.90660811010028,6.3,2012.0,9.522684320703824,58.0,8.0,172.0,20.0,8.0,11.0,853,Action,285652347.47228664
,44.31105723494129,164.53351951665286,5.9,1991.0,10.11445588259402,27.0,22.0,174.0,132.0,120.0,62.0,0,Action,32085.69641125484
,29.25842703992349,107.58850153817976,4.1,2005.0,8.360563924060346,31.0,32.0,843.0,593.0,324.0,26.0,206,Drama,1190.7787837583253
,30.45089225106108,160.7326265439047,4.9,2001.0,9.931447376830986,87.0,6.0,849.0,841.0,248.0,91.0,295,Documentary,20816.790843755047
,19.004947157943278,124.23941608533792,7.9,2005.0,8.91923929127648,126.0,79.0,12000.0,506.0,50.0,251.0,11000,Action,15118261.799883487
,32.60423666269838,168.49466177739504,4.1,2005.0,8.719436889847138,23.0,2.0,927.0,912.0,807.0,20.0,83,Drama,72888.07159644608
,32.43379978185215,166.85892473950443,6.5,2005.0,9.716891770314463,97.0,460.0,14000.0,1000.0,490.0,128.0,507,Romance,175.7926011849504
,40.28492845349579,155.07825191077183,6.1,2010.0,8.801288230125147,56.0,4.0,783.0,749.0,602.0,22.0,0,History,34460280.99345873
,11.116510583471031,157.47295926536097,5.7,2010.0,8.02792595548886,49.0,138.0,908.0,581.0,416.0,17.0,636,Drama,39211198.44334494
,17.6150333815506,149.77908157089223,2.9,2009.0,10.939360492948866,4.0,0.0,44.0,9.0,0.0,24.0,90,Family,10367.044511182015
,13.747433332840624,168.05226161815256,6.2,2011.0,7.750915095051997,91.0,9.0,1000.0,870.0,520.0,103.0,0,Comedy,249.5484254872457
,34.90486313981863,112.9460858769778,4.1,2014.0,11.510379058368834,7.0,535.0,668.0,535.0,399.0,11.0,437,Adventure,420.3250280407184
,19.350522818771204,157.25975289701393,6.3,2000.0,9.927465441729575,156.0,119.0,11000.0,592.0,265.0,263.0,455,Comedy,1238520.0585082974
,17.766410143537886,109.4742870857264,5.3,2001.0,9.89768805879864,45.0,269.0,1000.0,489.0,384.0,50.0,204,Action,24.564047610905554
,43.0149262659737,146.48311605145184,7.3,1999.0,9.67773877327784,133.0,446.0,11000.0,1000.0,898.0,385.0,0,Drama,1296264.6323804017
,44.34820809444286,145.9274991403834,6.7,2004.0,10.94472038354585,113.0,18000.0,18000.0,5000.0,286.0,248.0,0,Adventure,310648.1891022224
,13.0059331235598,118.84922671055368,7.2,1993.0,11.249476776986082,10.0,18.0,742.0,83.0,73.0,47.0,408,Documentary,91418394.78182815
,15.919246146249074,155.01218183865515,5.1,2004.0,7.474003610516641,16.0,6.0,22000.0,670.0,382.0,50.0,181,Action,209.81488049596277
,45.08440812292283,139.52450665644875,6.1,2001.0,10.227787216036363,92.0,956.0,20000.0,551.0,99.0,167.0,0,Adventure,2.7645678756046186
,20.249730021628054,116.137650521394,5.6,2000.0,7.428745141917848,53.0,12.0,327.0,281.0,249.0,47.0,153,Action,2.84102784745078
,26.158721401484847,121.35006502570272,5.1,2008.0,10.545121141457988,47.0,258.0,721.0,463.0,424.0,19.0,376,Science Fiction,337.4303905457139
,13.728855783144027,148.265588953723,6.7,2009.0,7.083158291683093,165.0,105.0,527.0,86.0,64.0,65.0,0,History,105962922.26892176
,40.00843050122427,121.72186528610813,6.3,2015.0,11.214213772936228,45.0,78.0,2000.0,1000.0,720.0,49.0,0,Comedy,547563.5466219442
,36.29975922069556,126.32321896792708,6.3,2015.0,11.956354370294136,45.0,78.0,2000.0,1000.0,720.0,49.0,0,Adventure,4481.441031430853
,44.20546617315534,171.56571855037322,6.3,2015.0,11.432730216654086,45.0,78.0,2000.0,1000.0,720.0,49.0,0,Drama,1097.9044345191853
,38.32900289048901,134.69607513127562,6.3,2015.0,7.575686006198228,45.0,78.0,2000.0,1000.0,720.0,49.0,0,Comedy,3.012960237562873
,29.87326893569977,135.5829038871335,6.8,1925.190368090275,9.142654300329232,6.0,0.0,787.0,748.0,543.0,23.0,532,Crime,200864585.72737956
,39.4215337203245,107.2092040091147,7.4,1993.0,11.358840061371746,23.0,0.0,12000.0,1000.0,266.0,87.0,2000,Comedy,40172.86401301114
,15.635094660431612,144.77183537326934,6.6,1999.0,7.900983404890273,85.0,0.0,978.0,911.0,854.0,354.0,0,Thriller,39.31719433291727
,29.756767913222937,118.18158607006607,5.3,2001.0,8.447193024406289,93.0,4.0,3000.0,486.0,83.0,242.0,0,Comedy,416.98295421461575
,40.92797544975679,123.90744695263996,6.7,2004.0,10.140720139218484,183.0,737.0,6000.0,718.0,678.0,381.0,0,Fantasy,586334.4026154649
,17.996817269019765,169.8886770602051,4.1,2001.0,10.714540465607431,18.0,53.0,2000.0,595.0,576.0,111.0,158,Drama,17070733.449907824
,44.23971779426616,112.43049549753628,6.2,1970.0,8.812199524030362,22.0,688.0,638.0,50.0,42.0,50.0,104,Thriller,3146.5368494715153
,17.230778387446826,168.10098027954086,3.8,1999.0,11.57872923603436,41.0,37.0,3000.0,968.0,795.0,77.0,272,Thriller,16.25678571202632
,24.617254126416007,130.44525540382793,6.4,2004.0,7.786864246002411,111.0,2.0,40000.0,1000.0,567.0,260.0,0,Action,14302828.639377028
,44.63912063714295,128.94256599651865,5.8,2008.0,9.868245960626062,98.0,144.0,939.0,875.0,290.0,54.0,687,Comedy,1235.7646944487121
,44.76217144802526,131.43193543125847,7.3,2007.0,11.783101543962244,78.0,2.0,809.0,521.0,80.0,27.0,815,Action,129915.01254523544
,28.460946634421973,109.1655892501112,6.5,1996.0,8.574946159929661,27.0,88.0,957.0,821.0,812.0,71.0,758,Horror,5615.715849628341
,40.66920151075184,161.36891278599776,7.2,1999.0,11.190917331075282,155.0,89.0,12000.0,541.0,442.0,591.0,0,Crime,7159.249952918771
,16.081923273471553,136.35177923856108,7.8,1999.0,10.806343645348592,163.0,406.0,893.0,795.0,406.0,928.0,0,Science Fiction,157732.25575444938
,36.920641241426274,134.31065904558054,2.9,2061.4026656936358,11.666587692375058,5.0,2202.8383410869023,98.0,2788.465899420222,0.0,33.0,141,Comedy,217.9674223749249
,44.98747846430206,119.53890223152472,7.1,2011.0,11.840320569245945,466.0,140.0,19000.0,14000.0,10000.0,517.0,24000,Fantasy,3227313.037579908
,12.645169291768298,141.65157883010068,5.8,1999.0,10.674259312974163,16.0,18.0,670.0,419.0,186.0,40.0,284,Horror,566478.9108218638
,38.04289776216245,163.23405496516963,7.1,2003.0,11.80317579099027,106.0,99.0,596.0,265.0,165.0,331.0,0,Horror,113551.26842358915
,33.76085406068594,162.74841163527796,5.8,2010.0,8.9795264380859,123.0,30.0,742.0,360.0,318.0,185.0,10000,Adventure,44488330.977077276
,16.171601517696608,165.34371376979664,4.8,2012.0,10.521339783329577,31.0,0.0,982.0,618.0,582.0,50.0,0,Animation,120.06739317581506
,43.74148824909985,150.25617438027615,3.5,2010.8951739292247,9.680241896391708,3.0,4394.727452949702,607.0,378.0,295.0,20.0,211,Comedy,10.565415835912683
,17.59703449179331,138.504871459063,6.2,1991.0,11.78943718854959,43.0,12.0,18000.0,769.0,636.0,117.0,0,Action,3076.0827834716215
,44.542734875883326,121.76905106971682,6.6,1995.0,8.20138570556818,57.0,36.0,10000.0,1000.0,631.0,140.0,0,Adventure,2.111202015220965
,37.42940196067151,118.89415758375048,5.6,2009.0,8.52788964722359,121.0,29.0,812.0,533.0,429.0,119.0,0,Action,8.722407512875984
,42.074826940873066,142.22572716508589,3.9,2008.0,8.16301396377893,141.0,2.0,741.0,297.0,270.0,189.0,0,Western,88302.09751451938
,13.774037591435604,141.55957079015096,6.1,1996.0,7.372484543619617,31.0,154.0,1000.0,816.0,497.0,77.0,613,Comedy,215655352.19577968
,38.5334951784879,110.46627896787504,5.9,2007.0,8.448833588527267,93.0,26.0,720.0,669.0,650.0,102.0,590,Drama,7.233770342649868
,16.537580647728078,140.72286298899053,6.8,1990.0,8.303923204325976,20.0,23.0,25000.0,19000.0,748.0,97.0,0,Drama,105948.58011923087
,24.988678334586677,116.28775930980314,6.4,2006.0,10.796570377564628,90.0,31.0,12000.0,804.0,733.0,124.0,0,Action,46.64156626446896
,24.986063018297774,131.06136686437685,6.1,1998.0,10.4976164615847,114.0,0.0,2000.0,1000.0,877.0,403.0,0,Drama,3.6562744426591296
,20.37233416214769,158.7139135780115,7.0,1959.458512214419,8.705187913025902,6.0,227.0439523076116,0.0,10473.75667801054,2544.53892988308,51.0,124,Action,173.74758691137748
,10.562608170708248,137.25445683529952,5.9,2007.0,11.70133756630224,88.0,0.0,995.0,975.0,949.0,125.0,681,Horror,1669.2061064942673
,24.732182625921745,148.27220224680858,6.4,2005.0,7.150968750869017,45.0,0.0,304.0,286.0,253.0,32.0,264,Animation,22525834.83361005
,41.82777767908254,153.1125001604182,6.7,1991.624584127062,8.947119613486624,699.5486784854786,0.0,909.0,417.0,215.0,6.0,4,Comedy,74061662.21312325
,29.12857299379252,128.4699830060588,4.0,2002.0,9.434523824995566,43.0,0.0,3000.0,968.0,939.0,75.0,422,Adventure,4.1025076584847175
,34.327800317123845,139.50929439062128,5.3,2000.0,10.761462363897849,81.0,143.0,302.0,216.0,153.0,158.0,1000,Adventure,419.55039490081816
,32.261420514221925,134.362764680342,4.8,2004.0,11.822574341148108,76.0,272.0,1000.0,87.0,62.0,176.0,713,Drama,6.610060953318563
,40.83034917514217,165.75549054318947,7.5,1994.0,7.1947376093254585,67.0,11000.0,1000.0,979.0,967.0,86.0,979,Adventure,39.25295309208439
,26.332242368988368,147.99788856921168,6.7,2008.0,10.456161647764931,210.0,192.0,346.0,41.0,31.0,147.0,0,Crime,3156.7711194791864
,34.746388214058534,173.9064288043284,4.3,1994.0,11.640055247698726,5.0,18.0,400.0,220.0,181.0,26.0,444,Drama,1615916.362102453
,42.75910035259571,165.35009704679226,6.4,2008.0,7.419236488631414,248.0,1000.0,734.0,563.0,270.0,235.0,0,Drama,1876.9849679953725
,35.09491621449315,170.04674652845898,7.1,2005.0,11.873133123690645,137.0,350.0,5000.0,378.0,99.0,180.0,0,Comedy,10060403.028700775
,39.985669301439216,148.92897956504746,6.1,1999.0,8.300238853872465,81.0,4.0,2000.0,1000.0,677.0,121.0,311,Action,2768.10868511352
,16.000620971295845,148.02687501365136,6.0,1989.0,8.527202134862682,20.0,277.0,22000.0,2000.0,383.0,42.0,855,Action,12734.608699772063
,44.85862604816966,142.38174524554796,6.8,1996.0,7.071717151681688,69.0,11000.0,1000.0,612.0,2.0,140.0,0,Western,10.692458214133923
,25.406927961821104,165.7155458774,7.2,2009.0,11.2333289955487,160.0,52.0,22000.0,1000.0,148.0,117.0,10000,Horror,6319.1855225623
,33.84665605968191,117.55632322489116,2.8,2006.0,11.36168464050835,31.0,3.0,787.0,690.0,593.0,114.0,346,Romance,115951756.37021002
,20.89025419720336,132.30083937830156,7.5,2045.58349227164,9.028911965305154,26.0,0.0,1000.0,440.0,376.0,29.0,0,Western,4.693039610444881
,23.84649951503421,160.85278904556543,6.2,2003.0,11.293564816393417,129.0,17.0,669.0,429.0,86.0,213.0,0,Action,50230.59431958323
,37.80080088981903,132.45829662115543,7.4,1999.0,10.8132183694279,103.0,608.0,1000.0,452.0,149.0,202.0,608,Drama,10.75523741408933
,32.2328592598225,167.17447432858086,7.2,2012.0,11.612111448622631,116.0,150.0,18000.0,1000.0,956.0,75.0,13000,Action,28.57499629439215
,15.439931287800338,135.20337316971268,6.1,2004.0,8.101643736958003,167.0,143.0,829.0,681.0,430.0,361.0,0,Comedy,639529.1738982421
,15.469909499885272,110.16153379864856,6.5,2008.0,11.781634495386015,25.0,329.0,1000.0,912.0,544.0,102.0,971,Comedy,120076.58309114908
,14.72942473290963,125.18606929082247,7.0,2008.0,7.15843928314612,99.0,18.0,20.0,18.0,9.0,45.0,0,Drama,182010227.84474245
,40.490392304624734,160.33403436855494,7.5,2008.0,8.761828091030887,245.0,0.0,22000.0,1000.0,631.0,274.0,13000,Fantasy,50.950468567326375
,28.35861196547121,172.91264548490227,6.9,2003.0,10.383480089643744,69.0,22.0,572.0,548.0,413.0,53.0,235,Drama,12.797422822182904
,10.513383692136284,131.12616818932676,4.5,1980.0,11.211537920190288,26.0,42.0,801.0,174.0,161.0,74.0,1000,Science Fiction,218.01930960182918
,23.2646759121685,128.86456940011195,7.0,2015.0,11.774739372564612,27.0,14.0,2000.0,769.0,400.0,20.0,0,Horror,69.19778238878898
,16.944971819247176,166.55736899179274,6.4,2000.0,7.136012697895433,93.0,115.0,9000.0,1000.0,977.0,138.0,401,Animation,632145.8153857174
,13.773519429412254,170.4767852924648,6.7,2012.0,11.33633084699782,28.0,12.0,979.0,532.0,231.0,83.0,831,Romance,2.0024412275182644
,44.08918718605449,130.47440741533825,6.9,2004.0,11.476736609636694,105.0,78.0,488.0,336.0,101.0,79.0,973,Action,4820386.479073616
,12.398383155717449,134.8944528318443,6.2,2005.0,7.360652088891402,21.0,25.0,18000.0,723.0,407.0,46.0,445,Horror,691749.0694190742
,37.79796221530265,129.98795737388627,6.3,2010.0,8.394995329917279,140.0,46.0,33000.0,4000.0,902.0,67.0,0,Action,30.537752021760742
,39.43055740141894,124.19838055048764,6.0,1998.0,10.712258944475696,8.0,8.0,106.0,56.0,11.0,16.0,136,Drama,178774.59894915143
,40.82581441065924,146.85455075499803,5.5,2002.0,11.33396443114999,42.0,3.0,14000.0,506.0,442.0,81.0,217,Horror,93.37170262417409
,33.3132686614346,170.8610817950938,7.2,1995.270438784691,9.401143905080731,475.6391374276666,2223.55665555559,310.0,11.0,9.0,1.0,0,Action,6.386896612810831
,11.909179868935592,156.60518029534785,5.4,2010.0,8.31343637055328,92.0,278.0,3000.0,602.0,181.0,36.0,0,Action,311.9127731440745
,26.61369195549041,129.07843787793564,5.2,2007.0,10.26383506304601,396.450440363374,23.0,344.0,281.0,51.0,644.7404629760931,30,Action,2729098.1991663333
,31.07753325459337,114.76215615436554,6.2,2008.0,10.226612525172698,29.0,10.0,483.0,472.0,60.0,29.0,314,Action,44.83405597814833
,32.35039260919154,131.96238975309973,6.7,2007.0,7.18857448930223,29.0,5.0,18000.0,867.0,716.0,118.0,0,Crime,33.33894047891422
,27.309927519234293,115.96519764589844,5.8,2012.0,10.450929351136487,39.0,0.0,12000.0,857.0,700.0,11.0,1000,Adventure,33726.62778580293
,24.41900295746289,159.9827627480221,7.0,2014.0,8.309897253490995,2.0,0.0,109.0,36.0,7.0,1.0,58,Adventure,122.05419221019963
,12.393690949412274,148.6439972571451,4.8,2014.0,10.029567152478414,2.0,2.0,729.0,282.0,53.0,3.0,70,Comedy,202.94747092664176
,41.981378171377216,113.39058859318536,7.2,2016.0,7.492734566226819,457.4358915146645,23.0,22000.0,2000.0,897.0,1.0,0,Adventure,1412.3376320048612
,39.77574595625215,135.22898655272093,5.6,2015.0,8.791628209458421,64.0,160.0,14000.0,1000.0,889.0,101.0,0,War,17.99639543997225
,35.89226483373639,174.08686926175926,7.5,2006.0,10.08118776675772,143.0,43.0,2000.0,594.0,7.0,220.0,0,Drama,219.1217714863387
,36.40237650936161,115.7868030136308,7.4,2008.0,7.490974234249242,160.0,34.0,486.0,471.0,155.0,110.0,0,Crime,20439.787862047535
,44.77291802677206,169.5060022434324,5.5,2001.0,7.711613467158976,149.0,17.0,1000.0,795.0,670.0,478.0,0,Adventure,2.834831619392762
,37.21487178333467,119.24754298996749,4.1,2009.0,9.212531628599184,36.0,0.0,607.0,269.0,256.0,59.0,1000,Drama,11.717348194064538
,30.86897370941773,164.06742703742253,5.0,2016.0,7.88413724237498,6.0,97.0,731.0,634.0,319.0,6.0,1000,Family,928.4463692804925
,35.85502701181613,172.92647592972816,6.6,2014.2206513520057,9.361647927374104,375.7843768863526,0.0,341.0,230.0,211.0,469.0804958792065,0,Romance,161338.65500825926
,25.17745734801512,160.4257663742196,3.6,2000.0,7.870217329696995,47.0,2.0,1000.0,539.0,402.0,119.0,663,Drama,198415.34518923186
,40.53212894150784,137.49203289085855,6.2,2013.0,7.592879650140453,23.0,0.0,483.0,91.0,30.0,12.0,332,Comedy,40.0202462860891
,44.26598120686124,141.37777937011245,6.3,1996.0,10.15150816093152,31.0,500.0,12000.0,1000.0,530.0,44.0,228,Romance,55.298055420371064
,43.57490032690672,123.863634547067,7.8,2016.0,9.372775040017316,63.0,44.0,8000.0,691.0,85.0,3.0,599,Comedy,9695002.14403872
,43.46744226413319,114.80869326863368,5.7,2013.0,10.48923588233303,23.0,15.0,82.0,39.0,27.0,4.0,124,Drama,914305.5673644701
,37.66569936834253,147.7155692583628,6.3,2005.0,10.291138860622418,142.0,15.0,723.0,552.0,172.0,475.0,0,Crime,1749974.071440754
,26.890420145738453,144.02294920390483,7.5,1980.0088319472657,10.270556749154732,20.0,2137.438488466574,828.0,787.0,650.0,281.0,0,History,9352.383633233194
,43.09498065624137,164.18961498203328,5.3,1996.0,9.117343208578752,27.0,8.0,844.0,456.0,341.0,76.0,588,Comedy,304205.3863903336
,45.146998181103314,126.97632687644692,6.8,1985.0,8.654040342919751,64.0,272.0,155.0,144.0,124.0,86.0,0,Action,7.072017902657613
,41.3633428804465,110.74290865618065,5.0,2009.0,9.28087321734575,134.0,64.0,808.0,720.0,637.0,82.0,0,Thriller,181684784.6247456
,38.99252559918254,134.080745230108,6.7,2000.0,7.462441834431063,128.0,11000.0,11000.0,11000.0,975.0,192.0,812,Action,256109.7551469971
,40.27248104574515,121.35541835914576,7.5,2001.0,11.47906179711286,99.0,34.0,16000.0,4000.0,1000.0,359.0,0,Drama,212059.58600702503
,24.0822726725741,161.28388480357827,6.5,2009.0,8.811683819675501,192.0,44.0,12000.0,904.0,729.0,105.0,0,Drama,36227725.07343892
,17.409589519947673,119.5697603333555,5.5,1989.0,7.252387260922675,11.0,6.0,723.0,422.0,371.0,35.0,0,Romance,128.41825265251217
,28.010969514003747,163.5727490936777,7.1,2004.0,9.313891394935284,93.0,109.0,405.0,204.0,202.0,112.0,562,Fantasy,513195.8618793978
,14.37226120165278,108.591180329699,7.0,2009.0,7.205920082344516,184.0,97.0,577.0,416.0,231.0,82.0,0,Science Fiction,303977664.56909937
,11.953395818344209,151.8809011134422,3.5,1982.0,11.77884181849636,40.0,379.0,456.0,278.0,251.0,54.0,0,Action,14220674.596725266
,31.378975459256296,108.60335785286313,7.8,1996.0,7.501307226118544,85.0,0.0,597.0,591.0,401.0,224.0,0,Comedy,772.1759696919147
,22.828499019487744,173.61793792582958,7.8,1996.0,10.682315470575066,85.0,0.0,597.0,591.0,401.0,224.0,0,Science Fiction,39855.05989975909
,42.351913200624026,156.72201151518635,7.8,1996.0,11.033125956542989,85.0,0.0,597.0,591.0,401.0,224.0,0,Adventure,3.7165748758999757
,21.78072024082588,145.87361405763875,7.8,1996.0,9.861590766331938,85.0,0.0,597.0,591.0,401.0,224.0,0,Action,812720.0724363202
,23.309867233683743,146.994189797918,6.4,2003.0,8.940127315840494,128.0,11000.0,11000.0,944.0,922.0,155.0,827,Action,333.0155661494243
,31.95912321105669,123.8272257329462,6.7,1995.17388971782,9.506343423972206,14.0,0.0,654.0,426.0,405.0,44.0,0,Action,2.182109566733861
,27.4118340801806,166.8196202093443,7.8,2009.0,10.973847228276576,292.0,0.0,63.0,43.0,16.0,193.0,0,Adventure,863.3889792735466
,41.18333282927364,121.2026922089841,4.0,2016.0,8.296872043522912,15.0,662.0,662.0,290.0,161.0,6.0,378,Thriller,491073.0993101969
,15.670995831920742,153.7410331514682,5.5,2009.0,11.830255616984465,59.0,157.0,84.0,35.0,32.0,20.0,342,Comedy,27.713264615988997
,17.18608133813592,141.20087895558584,6.2,1999.0,8.171815870422444,10.0,0.0,854.0,578.0,353.0,42.0,271,Action,53.15284341823066
,14.884710882251795,158.45709874581007,5.2,2016.0,8.937883805463294,23.0,55.0,1000.0,872.0,757.0,50.0,0,Comedy,811.875410413119
,20.808917068014534,172.22211208497396,5.3,2014.0,11.080724757446344,59.0,512.0,11000.0,918.0,413.0,34.0,0,Drama,1651030.0166806271
,23.48094254941382,117.91253989400744,6.0,2002.0,7.314690714944633,38.0,0.0,109.0,67.0,50.0,67.0,204,Comedy,13858821.141521143
,36.28583175148239,150.28297961536836,7.6,2001.0,10.05454630851114,239.0,448.0,482.0,203.0,83.0,1109.0,20000,Comedy,71.501662950094
,10.72149163377887,157.30133605814513,5.1,2003.0,7.597330415293661,52.0,9.0,818.0,636.0,503.0,48.0,309,Action,1721.5048716378185
,25.07710198486821,172.90663584647797,5.6,2002.0,10.1610086945466,140.0,36.0,1000.0,580.0,486.0,207.0,2000,Animation,158.30460727818192
,35.94952232180064,134.9268192307841,5.6,2003.0,7.672893880104437,75.0,39.0,593.0,517.0,428.0,117.0,320,Comedy,3.9068222918276736
,38.116180721838695,158.2671605074113,4.9,2010.0,8.101277586057044,62.0,17.0,918.0,912.0,826.0,30.0,0,Crime,3506.3220555467774
,44.16682391226897,127.28006288080226,7.5,1998.0,8.228760014606529,125.0,0.0,989.0,888.0,244.0,416.0,0,Action,3707101.699175479
,11.158628541037558,168.94785880410004,4.8,2002.0,8.787810413799178,81.0,11.0,1000.0,982.0,973.0,271.0,814,Family,68716849.11669284
,40.36877022914205,114.14015685769384,3.1,2006.0,7.894260053541752,37.0,0.0,690.0,400.0,323.0,112.0,110,Drama,5310.139413124642
,12.664795140565774,136.26309533700572,5.8,1999.0,7.721438816169858,44.0,11.0,1000.0,436.0,142.0,37.0,339,Fantasy,9.959067598582587
,15.435037828438968,133.36961787233992,3.3,2007.0,8.560732061232995,62.0,8.0,328.0,122.0,66.0,18.0,238,Comedy,170436.33641829598
,35.726853123803,169.363109888543,6.7,2004.0,8.158952201138504,35.0,9.0,767.0,327.0,193.0,64.0,352,Animation,5483937.990267225
,17.978983109913734,128.1252373454946,3.0,1986.0,8.375960323937232,21.0,3.0,400.0,193.0,161.0,28.0,154,War,50.1637905821601
,24.999696887613453,113.52832050011192,6.6,2008.0,9.788606357036056,41.0,0.0,677.0,262.0,168.0,39.0,0,Horror,14.778871898484423
,14.726953775373918,165.40245866712797,6.8,1991.0,10.650620030032435,31.0,6.0,3000.0,2000.0,165.0,115.0,0,Drama,238938.55430956892
,37.06198490034996,150.36745747723873,6.4,1999.0,11.865600445715971,67.0,48.0,23000.0,255.0,35.0,267.0,0,Drama,179994959.29080832
,22.14202914909616,139.00286302941984,5.9,2006.0,7.039739660268085,196.0,473.0,20000.0,4000.0,597.0,366.0,0,Adventure,9570.109591566745
,23.48587515443668,126.10855731947711,3.3,2002.0,11.261743054403844,56.0,11.0,911.0,521.0,499.0,307.0,1000,Action,3361911.565613336
,44.90096537160234,171.26431973531518,6.6,1960.5442831081923,11.8294058185829,3.0,1395.3050894814824,1000.0,921.0,762.0,57.0,0,Drama,1248868.0209143348
,29.23904632496879,138.53506116068584,5.4,2001.0,11.09275214596608,51.0,14.0,1000.0,1000.0,635.0,53.0,393,Drama,564.6079835274626
,24.09042477939376,135.45417414004072,6.6,2007.0,11.37015001824945,34.0,5.0,908.0,690.0,292.0,54.0,0,Western,2.0890190973460365
,14.136972046814774,123.05257218719038,7.2,2002.0,10.12630112762426,103.0,7.0,835.0,787.0,450.0,171.0,0,Adventure,128087226.07476684
,15.554935569645014,109.4136614999339,7.6,1987.0,7.8566596903962385,64.0,11000.0,854.0,410.0,233.0,91.0,0,Comedy,34859261.23987965
,13.576750692435052,151.1566278440917,5.7,2003.0,11.608595154145736,46.0,6.0,812.0,326.0,258.0,95.0,371,Adventure,3408849.4220515983
,30.75724534751669,140.96115645986686,4.9,1979.0,10.783211337226422,42.0,38.0,940.0,416.0,316.0,90.0,392,History,56997411.65502685
,28.63606885717536,121.67731772714068,6.0,2000.0,11.641889136201208,65.0,28.0,555.0,403.0,215.0,123.0,573,Horror,38319.298502895355
,27.377276656418932,169.6906651416017,6.6,2002.0,10.773884097618224,109.0,11000.0,11000.0,650.0,642.0,148.0,762,Drama,1963.4203465972817
,14.487348909745457,108.7485935836522,6.7,2005.0,10.089411958493848,64.0,133.0,898.0,708.0,258.0,78.0,356,Comedy,3.4806011549894644
,23.465476418327714,135.33341127712717,6.2,2008.0,11.24439117475092,67.0,6.0,10000.0,304.0,227.0,42.0,921,Comedy,69.94939526005274
,37.43243763482286,110.37815143709004,5.1,2012.0,7.625394133244384,54.0,143.0,1000.0,945.0,613.0,42.0,0,Comedy,169114054.59890008
,11.991815652776523,167.75150368935783,6.7,2013.0,10.330257587818911,69.0,22.0,5000.0,170.0,44.0,43.0,0,Drama,375070.62908321014
,13.656922613012163,118.9040300385484,4.5,2002.0,8.999306773188895,32.0,10.0,890.0,578.0,574.0,40.0,939,Documentary,26220.03027111651
,25.658577938851536,130.11659707973266,8.1,2069.8199021438613,7.74519154789604,20.0,0.0,422.0,57.0,15.0,79.0,16000,Comedy,8.451064254498363
,39.92816074338183,117.78542355281748,6.6,2002.0,8.265579268977254,78.0,460.0,232.0,150.0,125.0,180.0,824,Action,1284650.2248141856
,18.885959102566456,173.8800880159138,6.5,2001.0,7.148212066573495,21.0,4.0,844.0,626.0,518.0,26.0,282,Comedy,129860.8419240432
,15.582631946291068,154.129747834754,6.6,2001.0,7.807603460166701,40.0,7.0,235.0,46.0,17.0,91.0,0,Crime,156.70403363184425
,15.545880106228855,111.97027335997204,6.5,2006.0,8.020833700250432,251.0,571.0,499.0,298.0,102.0,352.0,0,Adventure,18.926261447286723
,24.64580461555053,171.4618951197619,5.9,1987.0,8.272729350101779,21.0,12000.0,19000.0,875.0,801.0,42.0,3000,Comedy,9306.009426764222
,25.454075064834942,154.96152755936845,7.3,1987.2057673243648,7.46323646564176,20.0,4601.192548231728,460.0,292.0,260.0,68.0,0,Family,30215263.53171074
,22.31249197140196,155.2711853080697,6.1,1980.0,10.821176174701623,25.0,6.0,1000.0,745.0,271.0,60.0,855,Action,24210.289095565106
,17.01520823060767,158.97383570543474,7.3,1994.0,10.164227599382578,27.0,44.0,23000.0,4000.0,902.0,132.0,0,Crime,13.67873565028286
,34.24790475393765,127.62898056045915,7.2,1993.0,8.171164874397213,19.0,13.0,90.0,22.0,2.0,59.0,0,Action,25794.913781644686
,16.10158628038198,126.60390606011528,5.1,2003.0,8.918554353831551,37.0,14.0,833.0,807.0,685.0,87.0,0,Action,2.6303636679051183
,35.616930302561016,115.2239314390088,4.0,2000.0,10.51899603829038,160.0,31.0,193.0,184.0,162.0,457.0,949,Drama,52.59193569689042
,14.191198086610862,154.04604562532757,6.7,2010.0,8.63640856526198,81.0,20.0,512.0,316.0,125.0,52.0,0,Comedy,51.671219368471824
,30.22689294117425,156.2343009925947,5.5,1993.0,8.704221390427731,25.0,11.0,1000.0,605.0,232.0,55.0,466,Horror,33.8344521513734
,18.540434271008245,136.17549433353804,5.1,2007.0,8.005862717802474,161.0,7.0,919.0,557.0,399.0,211.0,0,Drama,58946912.935223
,28.110378038685333,144.0194428991151,4.9,1999.0,10.96586976640046,88.0,11.0,471.0,308.0,159.0,415.0,327,Thriller,600500.5641617823
,39.75675246315734,127.48319156509416,4.5,2001.0,11.976763591144651,97.0,374.0,826.0,503.0,484.0,619.0,0,Comedy,115944.93309920288
,36.28497753517201,113.11138840816751,5.7,2008.0,9.471769451049443,37.0,12.0,354.0,173.0,23.0,22.0,175,Drama,94496.1676365098
,26.09442289559272,119.3192405887228,6.2,2006.0,7.406248231799193,81.0,16.0,907.0,585.0,526.0,91.0,489,Drama,2.7254282276323707
,40.42283993490255,121.11165614131424,6.7,2003.0,8.996118811577958,119.0,164.0,436.0,324.0,308.0,144.0,622,Drama,72.2699752437183
,33.68255439752005,167.69705546693777,5.6,1999.0,10.881132015026031,97.0,745.0,12000.0,821.0,745.0,140.0,251,Action,16.732237199528853
,15.724469361167824,156.9948657544528,6.6,2004.0,9.821193128012286,119.0,34.0,427.0,66.0,65.0,226.0,1000,Adventure,4024.977003000304
,22.54270124979476,110.87807623421632,6.4,1989.0,11.19008538116722,42.0,11000.0,11000.0,860.0,563.0,55.0,877,Romance,4638.393278212507
,27.69128477239161,135.1595157632604,2.8,1998.0,8.012294738340634,24.0,9.0,595.0,417.0,47.0,53.0,436,Drama,3112653.185940414
,25.60402169765372,160.07133022865486,5.1,2000.0,11.69797746668711,44.0,4.0,989.0,841.0,670.0,162.0,648,Family,7656449.972402166
,40.58314694003302,147.8004090068227,8.0,1985.0,11.6035340198699,230.0,0.0,22000.0,5000.0,1000.0,513.0,16000,Action,68277292.53638294
,41.234766760488654,168.3793885857728,7.5,2009.2938504796125,8.977838914510883,18.0,1183.0159807063749,443.0,319.0,186.0,77.0,576,Horror,397350.4653671272
,13.257637760652486,145.4026911147069,6.9,2002.0,9.14412880137862,104.0,32.0,14000.0,1000.0,692.0,141.0,0,Action,3957.817723601899
,23.81167315659309,107.77645694490138,7.4,1998.0,9.01432550371567,513.1262213886915,45.0,1000.0,393.0,224.0,56.0,515,Comedy,4.550688697669491
,43.8399434153222,127.5466204571064,7.4,1998.0,8.49154210280349,236.8002454902345,45.0,1000.0,393.0,224.0,56.0,515,Action,4862658.173602016
,40.32453608792527,170.69759046606526,7.4,1998.0,7.808808283852943,756.4140807447482,45.0,1000.0,393.0,224.0,56.0,515,Action,1463205.4954758435
,42.13983571654879,131.21624114444245,7.4,1998.0,9.363586153007711,385.55160319900455,45.0,1000.0,393.0,224.0,56.0,515,Comedy,2.2892560903865045
,39.37662022858302,109.0143455203248,5.6,2006.0,7.581441960706711,49.0,6.0,8000.0,625.0,596.0,66.0,647,Adventure,260734.479705161
,43.680113957004565,168.18181581547285,5.3,2013.0,9.417003125668876,43.0,24.0,931.0,539.0,426.0,33.0,0,Crime,20601807.584355474
,15.447460543724333,115.7474373044044,6.5,1999.0,7.958994621354316,68.0,0.0,49000.0,1000.0,693.0,89.0,0,Animation,4.762425511146468
,28.07233357150965,114.29525542384972,5.5,2007.0,7.763190868440986,106.0,18.0,837.0,400.0,220.0,190.0,0,Science Fiction,134444.93984615218
,13.71016457136218,118.06515285216096,6.3,2010.0,11.995998458187035,223.0,11000.0,12000.0,6000.0,557.0,108.0,0,Adventure,3105.8361481335664
,17.30047222254916,113.94146791214058,7.9,1971.1368159959989,7.259850759710895,9.0,109.79484743560738,857.0,555.0,527.0,39.0,733,Crime,3837117.785531974
,35.473356272732744,134.0311516632937,5.3,1986.0,7.326957479748912,21.0,70.0,876.0,324.0,90.0,62.0,843,Drama,41435647.231914975
,32.176129466663646,139.05075307790926,6.3,1999.0,11.194246577789976,28.0,0.0,783.0,664.0,617.0,71.0,391,Animation,4944.603997363872
,34.92336899515993,121.03315228985316,5.6,2014.0,8.868945785790645,17.0,5.0,192.0,134.0,46.0,13.0,708,Adventure,361355.6609850133
,31.787914036637027,142.20075493608118,7.0,1999.0,7.967271062728479,95.0,460.0,5000.0,203.0,71.0,83.0,284,Drama,240994256.5959574
,11.642233102685475,145.50729170882363,6.9,2001.0,8.118481447150248,109.0,34.0,936.0,826.0,730.0,111.0,664,Drama,9971.02797855432
,38.55886263253929,150.2192291884102,8.0,2003.0,10.772879383889324,103.0,445.0,20.0,13.0,9.0,172.0,0,Drama,15154.509258604758
,35.66351133190743,142.01270230250393,6.0,2011.0,10.5492161073957,17.0,36.0,549.0,248.0,2.0,15.0,705,Family,287.17417683983854
,25.702011177453635,139.32352108844856,5.1,2011.0,7.217772862091837,62.0,68.0,17000.0,14000.0,642.0,41.0,0,Comedy,3.0599694437589937
,17.08419161702672,146.26960891860364,6.0,2008.0,7.711266638039548,25.0,15.0,735.0,627.0,576.0,32.0,0,Drama,5112630.275789708
,22.74640034888777,118.58729040682826,6.1,2014.0,11.527610960030012,136.0,19.0,1000.0,889.0,537.0,134.0,13000,Action,5.700154883948882
,23.986423115290837,143.08715303555636,4.9,2005.0,8.579133402063047,26.0,93.0,179.0,55.0,51.0,108.0,473,Adventure,287053607.7173811
,29.47838366303879,127.8919417989275,5.7,2015.0,10.51390412154991,4.0,6.0,61.0,57.0,50.0,4.0,18,Drama,50586886.65612115
,13.30435053836435,141.28471976287696,7.1,2009.0,7.787829135226208,53.0,3.0,556.0,353.0,19.0,53.0,821,Comedy,35.545574879818005
,19.971853892230698,152.98366017033328,6.6,2000.0,10.311572079324936,22.0,67.0,631.0,452.0,303.0,32.0,277,War,38640.498006062524
,18.7475866121058,149.64128781455358,6.2,2014.0,10.503624667282123,5.0,5.0,467.0,220.0,124.0,13.0,998,Comedy,24.18762315456784
,24.38686962191771,163.95877555757988,9.5,2012.105982054061,8.373223756110242,180.61651491048733,0.0,770.0,179.0,176.0,135.60309592659596,0,Adventure,92080898.84827442
,33.431272012898816,158.29877843507208,5.7,2015.0,11.584331865800724,22.0,34.0,892.0,355.0,277.0,20.0,0,Drama,84697.98680860816
,26.76033506568816,117.22925053084442,6.6,1972.2008982897653,11.443117959006456,17.0,130.10219697250056,155.0,130.0,84.0,57.0,373,Action,3292.995570710472
,36.46212345732613,167.31951068040294,5.4,2012.0,10.60361288790102,42.0,0.0,849.0,597.0,490.0,43.0,0,Thriller,3.580923604278332
,32.5685458653874,132.00075386898263,5.0,1999.0,8.725393245847517,43.0,54.0,8000.0,670.0,636.0,160.0,2000,Drama,18221.972217217386
,14.39766473331295,107.20469605322523,6.6,2002.0,10.930920236465123,38.0,12.0,23.0,12.0,8.0,78.0,184,Action,1500619.3149751252
,31.500286320181168,133.37651291593463,5.0,2005.0,9.021130260011748,125.0,31.0,874.0,613.0,50.0,747.0,0,Horror,6443914.8210088285
,20.41019893277719,164.39134053781925,4.6,2003.0,11.480535471210596,56.0,119.0,869.0,779.0,636.0,123.0,411,Drama,65.44650497882223
,38.66565589603465,137.84481990179788,6.0,1998.0,11.850833416047188,37.0,0.0,3000.0,2000.0,654.0,106.0,645,History,10145511.633572984
,42.08929340570321,166.45194618096525,5.7,1996.0,11.263546660128895,73.0,85.0,1000.0,855.0,514.0,122.0,0,Comedy,504.1556449837766
,29.45488358367788,165.11563012237042,6.7,1977.0,9.94801442175171,59.0,17000.0,22000.0,740.0,213.0,75.0,932,Drama,14555893.724460812
,19.403325583293977,168.00689757785727,6.9,1994.0,7.958131468013392,25.0,0.0,1000.0,848.0,534.0,39.0,905,Drama,17.076978356430452
,18.701819867988977,171.4559308678264,7.0,2006.0,9.47511223295183,195.0,0.0,12000.0,593.0,383.0,270.0,0,Drama,38.819754421015894
,28.654783545901687,112.7444186261362,6.6,1999.0,9.63824397913924,47.0,956.0,10000.0,233.0,113.0,114.0,860,Family,63229581.488984264
,25.756709099885867,148.60042712688073,3.9,2001.0,8.511822717408831,64.0,12.0,159.0,102.0,102.0,181.0,231,Adventure,102.65729829545495
,33.737848279903304,141.96861831649858,6.7,2008.0,9.374876553466729,135.0,11.0,14000.0,1000.0,548.0,79.0,2000,Comedy,61960183.04217076
,11.62295552200335,164.13660554009715,6.5,1978.0,10.498269643062194,2.0,109.0,16000.0,469.0,324.0,8.0,76,Thriller,815562.8680394851
,33.34446713382616,150.37924344974067,6.3,2009.0,8.906916979491385,129.0,752.0,412.0,74.0,59.0,31.0,512,Romance,1659.5736974488946
,38.821354613055966,162.96368171827186,7.3,2002.0,10.922389697886963,69.0,333.0,380.0,326.0,284.0,55.0,0,Thriller,1219650.1981995313
,21.331724117092776,145.82576235642995,6.9,2010.0,7.420048320631002,50.0,2.0,149.0,32.0,21.0,34.0,1000,Family,125.2889455608992
,39.71735917126648,159.41740111811623,7.0,2008.0,10.548571848724292,57.0,168.0,697.0,329.0,322.0,36.0,702,Action,4657245.291943826
,42.52036466516502,118.37084903127294,3.6,2009.0,7.215171097053357,45.0,10.0,826.0,521.0,378.0,66.0,934,Drama,564713.7920106763
,18.17978788708443,114.84437319993404,6.8,1995.0,11.594482839441229,88.0,143.0,927.0,281.0,201.0,248.0,0,Drama,8.36527115358512
,31.725225567372892,163.06005334433047,9.1,1966.4077386377533,9.471415627528163,53.0,3438.035499055944,20.0,3.0,2.0,37.0,0,Action,1570618.2594655603
,26.302628759585915,153.2634073159724,9.1,1957.354975789095,9.589867613985737,53.0,0.0,20.0,3.0,2.0,37.0,0,Drama,4.002123952302242
,29.18379713319507,144.53892329292194,9.1,1998.392661292916,10.5377906132288,53.0,0.0,20.0,3.0,2.0,37.0,0,History,26450718.93753617
,32.94642348741498,118.70237233196715,9.1,2063.638770748035,11.020456354387,53.0,5267.70650306553,20.0,3.0,2.0,37.0,0,Action,3.8362428593023323
,22.203670055068034,126.39060868592463,6.0,2001.0,7.7655110576108095,58.0,148.0,539.0,508.0,400.0,59.0,329,Drama,356042.61019331036
,37.03343981125038,139.57431998584755,7.4,2031.460292956067,11.379317250072308,1.0,3397.528207591543,70.0,2.0,2.0,2.0,64,Drama,3.9225960447753687
,24.143050328979747,115.4174629483712,5.9,2002.0,8.733243562466237,49.0,13.0,11000.0,489.0,301.0,159.0,1000,Documentary,230032277.54982895
,13.15766672115487,112.63457919379378,6.1,1993.0,8.784752099455465,19.0,0.0,11000.0,852.0,182.0,72.0,0,Drama,106.83245092966386
,21.69837933947455,126.62599383183104,4.9,2000.0,11.699465383468818,42.0,13.0,571.0,442.0,329.0,91.0,0,Action,10453.049513492282
,43.86744648650584,141.5750156151286,6.1,2007.0,11.781357941729487,37.0,17.0,1000.0,997.0,912.0,32.0,0,Comedy,27.082527845302597
,18.64140545311004,163.2741764691945,5.9,1996.0,10.835824139479598,25.0,15.0,694.0,558.0,388.0,42.0,833,Drama,218183730.637579
,14.720097744718885,121.29781960875064,6.1,2001.0,11.292152703626536,40.0,7.0,939.0,890.0,405.0,31.0,593,Comedy,369.9685260515324
,43.20933850077663,159.63447990917317,6.4,1998.0,8.166051560307313,32.0,799.0,721.0,359.0,294.0,117.0,679,Adventure,6291.801712997907
,38.27228728162614,118.1021421014971,8.1,1947.5257329527471,9.903224877177234,804.9888854152747,76.0,690.0,94.0,75.0,1.0,22,Action,10.349417239442293
,32.61280244346046,148.92183459329746,6.0,1999.0,9.64104009418196,39.0,7.0,3000.0,1000.0,730.0,39.0,251,Drama,56885192.015150264
,30.79028546320791,130.8773868452345,5.6,2001.0,9.668244434417153,47.0,2.0,15000.0,816.0,690.0,181.0,0,Horror,46612.44638997774
,39.757088942183366,133.3977719830587,6.1,2001.0,9.93926310642652,111.0,16.0,567.0,326.0,258.0,159.0,618,Comedy,4.750809070609499
,18.898257119449426,155.64553483665412,6.8,2007.0,10.794375238417782,104.0,37.0,748.0,573.0,548.0,59.0,689,Action,25916.283467439756
,18.596443924660804,155.19031504626733,7.3,2000.0,7.417442261315784,61.0,83.0,2000.0,370.0,8.0,69.0,186,Thriller,25583.334190059148
,22.144714688023136,145.34683502955448,5.1,1993.0,7.333046624892831,19.0,29.0,683.0,155.0,147.0,23.0,107,Drama,1986584.1370701138
,24.50682768847013,120.97391264150173,6.5,2000.0,10.12278717454848,71.0,187.0,14000.0,900.0,887.0,92.0,141,Drama,21.23538023871124
,44.6299604699821,142.3289738282075,6.5,2000.0,9.745401984708016,71.0,187.0,14000.0,900.0,887.0,92.0,141,Fantasy,21771947.31210354
,15.641035752572227,119.99058113174095,6.5,2000.0,7.261124882820582,71.0,187.0,14000.0,900.0,887.0,92.0,141,Comedy,23659075.474642288
,38.63976342842215,117.63662176223184,6.5,2000.0,9.662003811611442,71.0,187.0,14000.0,900.0,887.0,92.0,141,Drama,12497399.470749335
,10.136763502146168,165.6708100033102,6.8,2016.0,11.602679649727936,2.0,32.0,14000.0,81.0,29.0,1.0,139,Comedy,176444737.9888593
,25.75846391743783,160.92755124903613,6.9,2002.0,10.40606150273308,83.0,97.0,13000.0,795.0,355.0,139.0,0,Thriller,64.75809677363384
,44.14120523461596,119.92352679973963,6.4,2010.0,9.427390290206148,88.0,28.0,6000.0,2000.0,1000.0,35.0,0,Fantasy,2.6485446677210014
,23.8888806780725,169.82882892489678,6.1,2010.0,7.160633039332195,225.0,187.0,818.0,467.0,204.0,176.0,0,Comedy,12253441.815550685
,9.615035805347691,148.0297739955002,6.1,1982.0,9.69885705940178,130.0,261.0,783.0,782.0,697.0,106.0,0,Drama,21230758.48112052
,22.19152148407307,155.75228252168563,6.1,1982.0,8.939991491586712,130.0,261.0,783.0,782.0,697.0,106.0,0,Crime,6.6791510557665745
,26.76207782148016,144.0049750483803,6.1,1982.0,10.5626154719868,130.0,261.0,783.0,782.0,697.0,106.0,0,Adventure,1235592.62312583
,10.626614534384997,164.11044418254562,6.1,1982.0,11.27391619182278,130.0,261.0,783.0,782.0,697.0,106.0,0,Adventure,4.36853641863426
,38.62473913476504,146.03625743542713,7.8,1937.0,11.82432940064762,7.0,19.0,490.0,185.0,135.0,44.0,337,Action,209.74254062121418
,38.46123735661857,161.38653572532792,6.7,1997.0,9.984121163924184,28.0,44.0,1000.0,653.0,241.0,50.0,329,Action,8215624.871774393
,19.22555212765915,128.99110479370017,6.8,1996.0,10.107575866013832,63.0,406.0,13000.0,2000.0,616.0,154.0,0,Action,4930.103240646944
,29.540239380728124,117.76738119530816,8.6,1972.1169471676897,7.689381761718385,68.0,0.0,1000.0,939.0,898.0,302.0,31000,Action,2266.8334983653367
,26.90905211547833,126.89677846717042,6.9,2005.0,10.50880779489815,125.0,57.0,975.0,931.0,805.0,219.0,549,Horror,30800113.834065855
,29.593667046119435,107.67440317210529,7.0,1978.0,10.783414457882827,55.0,76.0,1000.0,837.0,801.0,123.0,0,Comedy,17224.779070019555
,17.145279940595564,137.22498640553346,6.7,1995.0,8.003357852844212,66.0,226.0,1000.0,851.0,580.0,104.0,0,Drama,12.000879775658559
,11.851442465937522,153.65741868403728,6.7,2008.0,11.807730477172631,232.0,438.0,11000.0,536.0,471.0,281.0,0,Animation,56059482.15531622
,43.73774915424072,144.2155057315587,6.6,1981.0,10.402141825664028,34.0,30.0,1000.0,230.0,85.0,48.0,1000,Adventure,127185288.48938538
,25.505463715567707,140.9742773806361,5.4,2002.0,8.602674839010943,53.0,32.0,529.0,526.0,503.0,105.0,507,Animation,114044.11948101723
,23.758293867157533,141.69588785011473,7.0,2008.0,11.87999497764346,81.0,67.0,436.0,223.0,192.0,90.0,0,Comedy,45748828.766232744
,29.875463472145668,156.18817706668372,5.7,2000.0,7.568322613318675,29.0,25.0,931.0,744.0,654.0,69.0,262,Comedy,290449.00317633635
,42.6831489539633,164.56449990905293,6.3,1998.0,11.54993948759105,114.0,11000.0,537.0,255.0,99.0,161.0,652,Drama,5178.033223914414
,18.654643944179732,151.05391627508072,7.0,2001.0,10.17358481626241,61.0,40.0,5000.0,1000.0,794.0,99.0,305,Thriller,143268517.9655437
,39.29677350214184,127.68041008840076,5.7,1981.0,10.515830642726309,2.0,55.0,3000.0,642.0,212.0,10.0,135,Thriller,28684.32456918414
,41.3541297428634,126.14162406237853,7.1,1999.0,9.37183233803778,131.0,61.0,769.0,692.0,611.0,316.0,0,Comedy,100.1277586356718
,34.18498444106692,120.40650508848108,7.0,2007.0,9.903582192004896,146.0,20.0,21000.0,569.0,442.0,124.0,0,Horror,69188.30710968749
,34.12110013313034,132.63842954242233,7.1,2002.0,9.184169521561552,78.0,0.0,1000.0,165.0,77.0,122.0,677,Action,39.23270074804533
,18.06538090687686,135.449265804005,6.3,2007.0,9.90989275711253,121.0,60.0,60.0,46.0,18.0,50.0,314,Drama,26606179.3855228
,37.54198787951441,152.34981679070316,7.3,2005.0,7.028702987679737,38.0,19.0,706.0,442.0,393.0,43.0,0,Drama,25.25104525730839
,18.08673153959964,131.5737772339094,6.4,2002.0,9.541699761694282,72.0,94.0,693.0,534.0,146.0,90.0,423,Comedy,14203305.547631685
,38.25956242047839,141.443464150931,6.0,1997.0,11.968493354481463,25.0,0.0,941.0,754.0,745.0,12.0,88,Thriller,1147.093770611593
,18.24129212172319,131.9721076181501,6.4,2007.0,10.869904419944952,78.0,26.0,797.0,474.0,350.0,78.0,1000,Drama,13892522.25382762
,20.07252160335271,150.7745658983461,5.1,2012.0,9.622187877461588,57.0,759.0,967.0,830.0,820.0,25.0,0,Horror,19192753.211204916
,32.072449439895315,117.11979971977688,7.5,2007.0,7.256260618647083,69.0,7.0,662.0,345.0,289.0,75.0,0,Drama,9457518.172406333
,16.36783547489707,108.34946807800848,7.1,2005.0,8.367821842252862,73.0,45.0,9.0,2.0,0.0,45.0,607,Drama,76263.66612104906
,40.28293162698115,157.92067736983012,4.6,1999.0,8.697253181245959,42.0,18.0,13000.0,883.0,865.0,133.0,458,Thriller,41294.54660297611
,10.854111387764473,154.47375740368494,5.7,2009.0,11.262641058738687,101.0,611.0,9.0,4.0,3.0,20.0,784,Horror,8.371923056775355
,33.270820765480444,171.8980015656781,5.7,2009.0,8.70471113774705,101.0,611.0,9.0,4.0,3.0,20.0,784,Comedy,36942.48889538963
,44.27615504965123,130.2435288545769,5.7,2009.0,10.968381729235473,101.0,611.0,9.0,4.0,3.0,20.0,784,Comedy,252511337.89912605
,12.132960311253653,170.99951864564028,5.7,2009.0,7.289284518345382,101.0,611.0,9.0,4.0,3.0,20.0,784,Drama,704.371085061883
,28.508229432361205,143.51916767015828,6.8,2002.0,8.516823717088801,82.0,165.0,686.0,327.0,280.0,124.0,0,Action,2653.414316210386
,34.8980654137267,163.43005502828578,3.2,2011.0,8.173930586390487,5.0,0.0,970.0,618.0,188.0,12.0,211,Horror,77.54863721971651
,37.17248840751991,133.48787510930163,6.9,2009.0,8.50081874268565,156.0,76.0,181.0,168.0,42.0,293.0,13000,Science Fiction,990676.2069563563
,37.48945567545501,107.79911197890652,7.5,2015.0,11.636603591466796,1.0,0.0,1000.0,445.0,247.0,10.0,26000,Comedy,305.9855313597765
,13.024397443152186,120.2435903591678,2.8,2015.0,7.850154104447912,3.0,49.0,551.0,85.0,84.0,7.0,634,Science Fiction,15601.484608397106
,37.07376712471671,119.97582848231308,7.5,1993.0,10.98137806911235,25.0,0.0,15.0,6.0,4.0,40.0,355,Comedy,24.262852630438644
,19.23527086080374,156.6475335551612,6.0,2009.0,11.090353511074422,35.0,2.0,680.0,544.0,388.0,27.0,443,Adventure,109591380.48985621
,35.87671106205667,108.6911207318382,6.2,2015.0,9.113594456624602,6.0,3.0,215.0,27.0,2.0,6.0,4,Action,8447.937251153446
,36.004568714237635,167.3649586431465,7.2,2014.0,8.666921903885502,101.0,335.0,585.0,68.0,14.0,26.0,0,Crime,4644064.928329907
,28.37571625646755,152.51395335705524,4.5,2008.0,10.689816618676234,128.0,197.0,755.0,734.0,632.0,171.0,0,Thriller,392.40342057884664
,34.74340399947022,107.27235068647548,4.3,2014.0,10.670373391327008,30.0,53.0,84.0,37.0,32.0,33.0,774,Thriller,193.70442697779112
,22.017169414536788,156.67925709951794,5.8,2007.0,8.90663865359831,56.0,32.0,785.0,692.0,621.0,102.0,0,Drama,2175201.000923971
,42.798065269893314,112.10388391118838,7.1,2004.0,11.028523798284,188.0,386.0,14000.0,1000.0,812.0,204.0,0,Comedy,4797.00152848497
,27.198438573343644,170.89705746264036,7.6,1992.0,10.124192073889986,221.0,0.0,901.0,888.0,795.0,604.0,10000,Adventure,10.376144034246689
,16.995577561207213,115.38120781332196,7.7,2004.0,11.415258767783245,169.0,608.0,979.0,594.0,579.0,165.0,0,Drama,159031.75026062175
,33.09744866917984,112.2080741172633,5.4,2002.0,11.3251854968012,70.0,18.0,658.0,463.0,183.0,128.0,550,Drama,2019.3443105182557
,36.256221635558326,146.06598383935636,6.8,2006.0,11.58679255659931,78.0,238.0,60.0,35.0,22.0,86.0,0,Romance,19.202876238766194
,12.446564124170957,116.78835322681483,5.7,2010.0,8.978266601344384,136.0,17.0,845.0,641.0,405.0,59.0,0,Animation,6939.728074095132
,15.127545223907385,170.01358022242965,6.2,1969.0,8.254366439397174,28.0,4.0,917.0,545.0,199.0,12.0,85,Drama,169499.50215703514
,23.99044950953576,164.43969299064983,4.3,2012.0,9.074673098158542,54.0,15.0,142.0,79.0,19.0,111.0,18000,Crime,13798336.430841802
,18.97908645540361,148.72427844277442,6.4,2006.0,9.263337820910705,75.0,10.0,172.0,71.0,48.0,115.0,302,Crime,1131.3867103035345
,41.44977298220993,131.60625910789636,5.4,2002.0,8.123387158807565,108.0,57.0,541.0,451.0,132.0,349.0,1000,Romance,81770748.57412384
,24.25439450400166,172.53170391314725,6.3,2004.0,10.355759491938528,17.0,4.0,882.0,450.0,194.0,28.0,392,Fantasy,371.7071642716319
,37.284068398289854,168.95274234503137,7.9,2069.853393252498,9.6511047799854,3.0,4888.890066312219,381.0,102.0,44.0,18.0,0,Romance,248191022.29999855
,23.806812164357677,131.47467063921113,5.3,2010.0,9.707943357869588,10.0,0.0,564.0,154.0,119.0,43.0,250,Drama,3414194.104982929
,19.817509709148545,126.02541830857167,5.8,2007.0,11.889558298195888,43.0,58.0,482.0,362.0,258.0,111.0,411,Action,1282.8422960765959
,25.392465645401764,159.41556258603435,7.4,2014.0,10.357118541265816,94.0,7.0,68.0,29.0,24.0,27.0,0,Comedy,4495.269864122904
,31.395207881475443,109.79153340291714,5.3,2016.0,8.511318772304422,38.0,29.0,14000.0,12000.0,571.0,50.0,0,Science Fiction,253.37829053520022
,28.22635524381588,132.58400201125303,5.6,2002.0,8.9338163425155,92.0,7.0,931.0,797.0,73.0,147.0,744,Family,44.54102295493861
,20.25505402653259,145.71815962614662,4.7,2001.0,11.668428783709953,120.0,9.0,690.0,533.0,448.0,371.0,0,Horror,305380652.7233358
,33.58481495973775,133.16253067955506,6.8,2006.0,11.23030094027132,211.0,500.0,11000.0,912.0,718.0,280.0,683,Crime,76351.07371586825
,38.81714543600609,166.11247345648465,5.9,1993.0,11.788426420003924,14.0,5.0,556.0,475.0,338.0,35.0,331,Comedy,855.2588418328493
,36.65177515445734,133.95269693772843,5.3,1985.0,8.492030924747782,54.0,17.0,371.0,324.0,53.0,90.0,0,Drama,179206.42886250015
,27.192386426008483,121.17858963419036,6.0,2005.0,11.755000887541485,55.0,92.0,2000.0,918.0,826.0,75.0,997,Science Fiction,264303096.95145983
,38.1731378085473,130.8607276361892,6.7,2008.0,7.028741259786572,73.0,22.0,918.0,624.0,558.0,24.0,851,Thriller,31462452.074644856
,11.734259708529848,118.29937206881895,5.5,2005.0,9.871126546746977,65.0,15.0,1000.0,962.0,804.0,104.0,767,Drama,6.080180984836207
,25.729964051204647,109.70337824547164,6.2,2002.0,11.128015042144966,63.0,176.0,176.0,67.0,39.0,518.0,0,Adventure,26.377427128003642
,38.19680745193358,111.70743911749342,4.1,2013.0,7.801214827165285,83.0,293.0,773.0,734.0,547.0,68.0,0,Fantasy,8.896297614603508
,23.47978034823867,155.34773396767815,5.8,2009.0,9.407089761512957,83.0,23.0,839.0,700.0,503.0,59.0,0,Drama,139691646.26386273
,40.08467833704768,111.24983136348597,5.9,2002.0,7.380994909263881,33.0,14.0,1000.0,811.0,636.0,43.0,227,Family,69372259.23238055
,20.767883583900232,141.51129110521322,7.4,1997.0,7.103111358048042,16.0,28.0,962.0,826.0,582.0,28.0,1000,Comedy,33522.797901813
,42.94270012900684,120.5331292078667,7.0,2005.0,11.015679839169138,47.0,2.0,772.0,232.0,30.0,148.0,1000,Drama,51951792.57262657
,25.94499270931903,165.1784709645454,5.8,2001.0,7.349963679141549,63.0,13.0,15000.0,4000.0,869.0,180.0,0,Adventure,108.3246707205082
,37.75526250283693,164.53368941336072,5.3,2004.0,7.393039056816224,52.0,18.0,7000.0,2000.0,2000.0,75.0,0,Action,3.9933997462278814
,38.97496310049303,170.26943779664023,7.4,2002.0,7.641538867737104,137.0,350.0,460.0,372.0,250.0,203.0,0,Thriller,130.14589413351575
,36.7641581287493,137.01910247651418,5.2,2008.0,9.499459712807036,100.0,4.0,939.0,702.0,655.0,53.0,518,Action,1943.7389851651908
,34.59757349811971,145.0625027238556,7.9,2020.5261805462687,8.870280857986295,68.0,36.26032241324504,1000.0,722.0,476.0,173.0,0,Adventure,245.25685977526658
,14.586561806312073,145.4627983474184,5.8,2004.0,8.296788155584077,33.0,0.0,886.0,808.0,719.0,26.0,49,Drama,17362.29216331265
,12.990948392788043,165.79101931182302,8.0,1999.0,11.41665092186205,143.0,0.0,874.0,262.0,201.0,414.0,0,Drama,20189215.112599272
,30.275697637615217,146.13395009997004,5.6,2002.0,8.530415103845082,38.0,9.0,12000.0,11000.0,934.0,92.0,398,Action,20632.50079035607
,13.24661595718485,166.37904491443763,4.1,2001.0,7.197508104393543,46.0,49.0,719.0,405.0,401.0,79.0,0,Fantasy,4.359221920755025
,43.6802523233743,138.03670070937875,7.0,2009.0,9.665060970145596,181.0,64.0,144.0,110.0,72.0,114.0,0,Comedy,12614421.891789313
,35.80436400549272,149.58121114685656,5.5,2012.0,7.805750842023267,23.0,60.0,823.0,759.0,699.0,122.0,0,Horror,9067.90300588931
,39.01832107835665,154.80856449847096,5.6,1987.0,10.441029399259406,27.0,4.0,754.0,324.0,311.0,37.0,208,Thriller,7953.298002989644
,25.354278035233165,155.44135330780873,7.3,2006.0,9.927492601982005,44.0,108.0,634.0,436.0,400.0,175.0,0,Adventure,215057747.9914113
,11.46871522517126,159.15257912803844,3.3,2011.0,10.31274665607151,49.0,105.0,982.0,503.0,269.0,64.0,0,Crime,9575.640515025802
,26.39178805132676,127.41318011755354,6.5,2000.0,7.483145834068599,57.0,0.0,1000.0,975.0,851.0,186.0,1000,Action,2245395.509553759
,39.25699979194823,164.01073483190845,6.8,2002.0,11.582733723488724,157.0,0.0,530.0,387.0,258.0,213.0,0,Comedy,489647.3673071639
,17.792392087911956,151.468180477722,7.2,2002.0,8.762624846569587,80.0,41.0,16000.0,11000.0,1000.0,103.0,0,Action,18.037255570386822
,20.34126430733504,147.3640680400858,6.3,2006.0,10.40348154448776,20.0,53.0,307.0,200.0,45.0,110.0,533,Family,12212392.275230987
,26.59379081192656,135.49709966958588,6.2,2000.0,10.00499974060985,90.0,0.0,975.0,537.0,503.0,150.0,795,Comedy,209609598.72993973
,24.167403309946334,107.25163899952202,7.2,2003.0,8.47304573558915,82.0,23.0,22000.0,893.0,232.0,83.0,0,Action,3478.023241036781
,37.6141473123485,167.7434774024661,5.3,2007.0,10.680081006342116,51.0,0.0,966.0,799.0,622.0,46.0,319,Thriller,732849.0985311808
,11.906292498672572,153.7776627350924,6.2,1998.0,9.240289840817145,36.0,0.0,816.0,623.0,54.0,40.0,74,Drama,1763038.516777248
,26.18710874656587,128.2569027120088,5.0,2003.0,10.55839033580012,115.0,787.0,787.0,96.0,0.0,226.0,952,War,201371.7883040357
,38.71213122884708,115.22741733174516,6.6,1997.0,10.510455769319554,34.0,324.0,678.0,541.0,28.0,21.0,33,Drama,11.071178523400718
,32.00509481317077,145.7012028184974,6.6,2014.0,7.774793491759851,129.0,593.0,374.0,362.0,241.0,37.0,5000,Action,24.78409849113328
,42.39804149187933,107.10849541079558,6.8,1997.0,9.21464511474065,22.0,163.0,837.0,130.0,34.0,14.0,85,Drama,21553414.963784162
,15.110529545626136,146.39023979887227,7.3,2004.0,7.685591402591429,73.0,24.0,374.0,181.0,83.0,56.0,345,Adventure,16.158528008381335
,28.01766059754713,133.39928406101603,6.2,2001.0,7.041166294680322,43.0,302.0,893.0,798.0,428.0,44.0,117,Action,23874.515788590412
,43.778670497381626,148.34257017908448,6.6,2006.0,11.9077237430969,200.0,76.0,798.0,769.0,345.0,194.0,0,Family,1892731.5854445524
,12.078086200978529,146.4169840944325,6.3,2005.0,11.937758383204203,79.0,216.0,1000.0,922.0,885.0,119.0,661,Comedy,68.4215554247358
,36.81211760374806,167.05344854138167,6.7,2010.0,8.246413725215861,20.0,11.0,665.0,664.0,553.0,3.0,503,Drama,8654.025399122302
,24.69074201880891,124.11955876124398,6.2,2013.0,10.081412434985085,12.0,21.0,78.0,61.0,36.0,3.0,874,Adventure,1511589.2069233037
,15.583809705334485,141.41286001204733,6.5,2014.0,11.735906723611247,59.0,53.0,962.0,545.0,499.0,18.0,0,Adventure,2706595.97689061
,17.738597023810826,111.37307001310212,5.5,2009.0,11.744724457357464,23.0,7.0,12000.0,3000.0,875.0,11.0,370,Drama,76847322.27441795
,32.09120694174646,149.6003259143075,5.9,2009.0,9.630474844786509,22.0,0.0,806.0,690.0,617.0,20.0,1000,Drama,50510.57280561057
,30.899072041831985,151.45643518670292,4.7,2009.0,7.177059187085821,43.0,8.0,1000.0,893.0,495.0,23.0,546,Drama,635936.5860672155
,32.717957277021576,129.94742046899736,3.9,2007.0,8.515968293297757,20.0,7.0,906.0,848.0,611.0,34.0,160,Horror,323.2566681590393
,20.73383404915199,160.3596670739878,6.1,2008.0,7.771262650778167,71.0,275.0,439.0,161.0,102.0,94.0,0,Adventure,8.318575707298761
,37.2759055836487,163.18872476859727,5.8,2010.0,8.118445815756802,102.0,10.0,122.0,109.0,72.0,89.0,0,Comedy,9715305.991573345
,19.88000844434354,156.4376795908315,6.7,2004.0,7.397619346785237,27.0,0.0,11000.0,826.0,742.0,68.0,376,Science Fiction,208115312.3519698
,43.2682200633873,145.84019706232152,5.7,2007.0,8.268029259146541,62.0,71.0,298.0,258.0,126.0,82.0,509,Drama,4.941888934196537
,9.938167727294406,132.61454523284834,4.5,2011.0,9.204207845774818,5.0,8.0,485.0,152.0,111.0,11.0,0,Drama,1224.5719525740733
,15.104873283030043,172.50494379052503,6.9,2008.0,8.404476391691155,76.0,13.0,5000.0,2000.0,415.0,38.0,0,Horror,94486.53705439386
,18.99890938488558,124.49603339676862,4.8,2014.0,9.33902038522273,8.0,0.0,1000.0,618.0,196.0,2.0,186,Adventure,1991934.3671707977
,11.603033066407514,133.56673313342463,6.3,2008.0,7.534060067381295,75.0,261.0,30000.0,744.0,520.0,31.0,589,Comedy,60736623.09570248
,37.31924375514481,158.7926767276332,5.4,2010.0,9.25367328049449,31.0,98.0,1000.0,891.0,95.0,16.0,695,Comedy,1560587.1705644792
,28.694528601849512,163.33955156380674,3.8,2009.0,11.84150242129726,32.0,110.0,1000.0,898.0,711.0,60.0,486,Thriller,3729198.417607744
,38.12943236651172,120.13663899215966,7.0,2007.0,10.146821737809924,17.0,24.0,183.0,136.0,46.0,27.0,746,Drama,1751.5604419097901
,12.814556117420592,155.81648361506788,5.2,2010.0,8.160324227341286,4.0,5.0,670.0,608.0,482.0,3.0,119,Adventure,288267.88742929936
,24.815261300403957,160.62682137884235,7.3,2008.0,10.182582003489912,152.0,419.0,398.0,149.0,7.0,74.0,0,Romance,27.995545995507264
,30.551716754853125,139.9572564953196,6.5,2010.0,11.143730733190283,15.0,3.0,764.0,716.0,499.0,27.0,850,Horror,1432114.188237988
,41.5804528834981,139.86790630084496,5.2,2014.0,11.285218998261414,30.0,9.0,4000.0,4000.0,262.0,42.0,0,Fantasy,13641539.911835026
,12.832413725108582,115.7999493481548,6.0,2014.0,9.194395859927996,29.0,7.0,31000.0,1000.0,1000.0,12.0,1000,Action,72653414.22469701
,12.248512055902784,116.67328724262168,5.1,2015.0,11.161868134774764,18.0,6.0,557.0,290.0,200.0,26.0,898,Action,203.43802013763332
,16.972083165743747,168.97549296307324,6.7,1981.0,8.346345216621987,62.0,0.0,187.0,176.0,123.0,147.0,0,Horror,90830.36431672094
,21.06246466995785,172.79271384439292,6.1,2009.0,11.59755690942703,106.0,100.0,33000.0,947.0,327.0,54.0,0,Comedy,251134826.5066432
,26.50303074023613,125.10701605177724,7.5,1995.0,7.653074734911427,56.0,12.0,21000.0,1000.0,1000.0,88.0,0,Action,27821282.19824079
,36.62429038349865,171.05648657085595,5.3,2015.0,8.483557222646,48.0,43.0,826.0,476.0,129.0,38.0,0,Comedy,474598.69019343716
,19.305424312479023,170.93517274814036,6.0,2010.0,9.060232510476206,41.0,116.0,594.0,412.0,303.0,106.0,0,Action,63.67455031468717
,16.996674041963157,149.02594719100586,7.5,2011.0,8.259521759310335,54.0,25.0,509.0,446.0,110.0,80.0,10000,Comedy,13362592.262936361
,21.77469297602337,129.24759613300046,6.9,2012.0,7.33165487350743,50.0,147.0,8000.0,3000.0,1000.0,286.0,12000,Action,9468258.096864901
,38.86657401668853,172.70316022433076,5.8,2011.0,11.364635685173416,115.0,33.0,14000.0,383.0,123.0,76.0,0,Action,246891386.2821494
,21.444093614041417,113.7398383011564,4.9,2000.0,7.475940707244138,64.0,0.0,3000.0,683.0,407.0,173.0,580,Drama,57245.96872202968
,10.139730673009913,126.15919240237564,7.0,2000.0,7.690719984214725,136.0,37.0,12000.0,10000.0,883.0,370.0,1000,Mystery,2.504298412863643
,22.72367106783598,128.47670623731278,5.5,2004.0,10.89440600280765,39.0,2.0,911.0,150.0,127.0,26.0,266,Drama,37789525.90926391
,32.371769616277945,158.84491444606073,7.7,1989.0,7.446722233139979,46.0,0.0,591.0,520.0,130.0,108.0,0,Comedy,5900424.433260083
,15.08024224599834,129.38810876138132,7.2,2007.0,7.203601371080271,201.0,84.0,22000.0,929.0,338.0,127.0,0,Fantasy,1396.979746397798
,29.800884214178204,140.17446550633787,7.4,2006.0,11.428985677728024,46.0,6.0,970.0,906.0,633.0,81.0,0,Horror,54876252.303458296
,24.88961300240549,172.5173318046805,3.5,2014.9211628286,9.091539629959168,1.0,0.0,177.0,170.0,140.0,54.0,748,Comedy,344232.5370548031
,19.376161850565296,117.86519725292057,5.7,1984.0,8.594121079040752,41.0,12.0,1000.0,300.0,297.0,56.0,0,Thriller,19969357.900781747
,41.78714372068307,169.66690680071002,5.7,2005.0,10.54015931426779,100.0,38.0,745.0,591.0,316.0,63.0,215,Drama,26149044.974318285
,25.84945786494312,122.64996902611526,6.4,2008.0,10.266992764138807,129.0,26.0,1000.0,1000.0,611.0,76.0,1000,Horror,27085.215175401972
,20.55200142603685,158.98381894477177,7.7,2016.0,10.659900632346456,77.0,43.0,45.0,5.0,0.0,24.0,0,Comedy,156668.99853113902
,9.764697898739438,130.8157110242709,6.6,2001.0,9.452032395603077,31.0,6.0,7.0,6.0,6.0,47.0,124,Action,138.00139592998195
,17.766724369907294,145.62452079936546,6.1,1990.0,11.635225375520555,76.0,930.0,982.0,602.0,433.0,45.0,375,Comedy,152600.46869394786
,15.873366815832956,157.64340306590557,7.6,2002.0,9.466807929111974,81.0,608.0,149.0,44.0,25.0,94.0,484,Drama,276894015.25124097
,23.7083376621924,167.99289494199817,6.6,2006.0,11.609084546842208,24.0,11.0,185.0,62.0,18.0,6.0,135,Horror,5826731.4282110715
,36.11189549921161,156.2092224494579,7.3,2008.0,11.81515315372832,80.0,28.0,573.0,197.0,104.0,44.0,0,Action,45466.25110850544
,31.425865703867764,121.3705328337995,7.1,2009.0,9.775739548793478,91.0,11.0,10000.0,281.0,35.0,44.0,0,Adventure,5189.832604920425
,14.24252126290822,158.04837978617945,6.0,2009.0,8.931588867591458,66.0,25.0,963.0,168.0,98.0,14.0,120,Action,15.09705290324526
,26.081601160373214,128.23247237376995,6.5,2009.0,11.637214641878812,19.0,6.0,4000.0,931.0,664.0,42.0,3000,Comedy,42780.47272406322
,30.56111382569973,115.93692941441076,5.7,2010.0,10.736646189282087,19.0,4.0,722.0,212.0,151.0,64.0,0,Science Fiction,401218.8944001605
,20.162933509055875,168.29435556438176,6.1,2004.0,11.012171447062386,33.0,3.0,1000.0,900.0,327.0,57.0,458,Action,1087835.6104648148
,11.445542410326848,169.16872703132265,7.1,2010.0,9.321691800964844,17.0,8.0,174.0,109.0,59.0,39.0,0,Comedy,324723.73012382386
,42.8988898134099,111.48880862129047,7.9,1926.3093373602296,11.12241707840418,47.0,0.0,668.0,296.0,265.0,73.0,2000,Adventure,75608.03827172302
,43.84902683985181,173.53587283938157,5.7,2014.0,10.757481266125858,66.0,3.0,2000.0,368.0,305.0,38.0,0,Romance,114389.86005984906
,19.24888742641229,161.37231716484456,6.7,1990.0,11.140767172860368,6.0,8.0,35.0,6.0,3.0,14.0,278,Drama,55483117.73738292
,40.57822722872339,122.07793783727726,7.3,1999.0,7.866425437951154,175.0,729.0,2000.0,841.0,133.0,441.0,0,Drama,1743.6855261740398
,14.099221914842149,133.73344949791797,5.3,2013.0,8.617108161611995,79.0,14.0,1000.0,907.0,559.0,57.0,0,Action,12366203.629821006
,36.12230329415831,145.3112405470977,7.2,2003.0,9.62462069691722,15.0,0.0,28.0,15.0,13.0,17.0,387,Crime,39.62787890009805
,23.20274229407614,119.99018832001391,7.3,2007.0,11.832278118134496,15.0,11.0,3000.0,687.0,119.0,47.0,341,Comedy,123.97739867408352
,9.867479996261904,161.13074744486156,6.0,2006.0,10.457384938515853,16.0,11.0,205.0,197.0,173.0,159.0,467,Action,5582950.40444256
,38.168731662767925,131.94828249892146,3.5,2004.0,9.201967833594024,58.0,548.0,389.0,363.0,360.0,247.0,0,Drama,3.2983963357966535
,32.375433025583696,125.5266612472828,5.6,1996.0,8.200348378019612,11.0,0.0,585.0,434.0,388.0,14.0,559,Horror,3442429.128994028
,16.393898243041495,159.1337203801901,5.2,2008.0,8.331459791215513,135.0,5.0,449.0,332.0,297.0,148.0,0,Crime,526503.5542862483
,27.09779902259785,126.16420827094193,5.0,1981.0,10.894527400160284,14.0,2.0,484.0,345.0,213.0,48.0,495,Action,1528506.7030412245
,13.835027732705267,164.15422339804098,7.8,2016.0,8.538691669250717,6.0,2.0,861.0,163.0,102.0,6.0,240,Comedy,34484.68889068685
,35.69801336131881,125.8853357996179,7.4,1993.0,9.499182950878753,41.0,0.0,18000.0,18000.0,591.0,165.0,0,Action,565792.044545983
,27.52207294519873,172.7811117384345,7.1,2032.4688730223668,7.89535066209202,9.0,0.0,666.0,579.0,460.0,25.0,0,Comedy,212173451.42254326
,35.538388867502235,141.67210691888425,6.4,2009.0,10.44297285285613,55.0,133.0,471.0,277.0,86.0,25.0,638,Action,26581184.74391324
,40.84104795740024,141.94553180827734,4.9,1996.0,10.22851808606296,18.0,198.0,1000.0,975.0,636.0,55.0,125,Horror,1741392.1414669123
,27.307066113370425,115.61987677128656,5.1,1999.0,7.0482378202791365,11.0,15.0,883.0,826.0,660.0,34.0,77,Action,280731.3373258276
,43.35140467618692,141.91774715619812,5.3,2000.0,9.624241768426948,72.0,26.0,1000.0,905.0,417.0,86.0,859,Adventure,14789195.944113243
,25.250075058795463,141.2068476040362,8.3,1999.8934561109447,9.948085247467178,18.0,1333.1997053787468,3000.0,788.0,648.0,85.0,18000,Adventure,612.4316407970595
,29.03616257410741,107.87595730801088,7.1,2002.0,10.465387317935347,128.0,341.0,963.0,678.0,569.0,162.0,0,Romance,26.321362822285042
,37.45237187588201,160.01759224302205,6.6,1998.0,9.783779938413897,49.0,71.0,1000.0,261.0,168.0,109.0,515,Fantasy,255242427.64846665
,24.757808443467454,150.6642718444944,7.2,2010.0,11.10993535764004,163.0,13.0,5000.0,629.0,594.0,73.0,0,Action,266348903.8556824
,38.63925386529055,146.23059098187355,4.0,1983.0,11.153021337889893,17.0,136.0,977.0,649.0,249.0,15.0,79,Drama,2688.4564497010488
,31.984990202217155,145.1533053427506,7.7,2009.0,9.094896955545178,118.0,45.0,61.0,5.0,4.0,71.0,11000,Action,15.30016875218069
,15.157260910836271,164.76978380056343,7.2,2012.0,10.447547867584351,17.0,0.0,3000.0,2000.0,844.0,12.0,434,Horror,201.42057678090254
,26.3594423173233,164.27196871369,5.6,2003.0,7.756054533746874,66.0,200.0,21000.0,18000.0,1000.0,79.0,494,Drama,7475.369528710798
,28.80449142082472,149.576947287263,6.3,1998.0,11.8463653126069,36.0,2.0,735.0,306.0,227.0,27.0,75,Adventure,32.46097230290852
,22.56853056934613,138.14671016217383,5.5,2005.0,9.086556135154078,32.0,387.0,8000.0,489.0,399.0,27.0,143,Family,903.5772769197742
,10.94496198946975,138.75854920673603,6.0,2008.0,11.6124960460341,79.0,3.0,905.0,513.0,448.0,107.0,3000,Fantasy,38049996.71926305
,22.60695186895807,114.13535806813267,7.7,1968.8888337199312,11.513024002083055,9.0,0.0,27000.0,698.0,427.0,33.0,0,Drama,1843.1087975571954
,15.224952039908022,145.60712499492456,6.6,2004.0,10.083561992809104,100.0,346.0,947.0,526.0,488.0,58.0,532,Comedy,51.666307066196595
,42.08224992714204,149.51354012680068,4.6,2014.0,10.041005921946551,21.0,2.0,31000.0,920.0,600.0,24.0,438,Action,20.968477055489632
,11.819539640476687,143.5525197201764,5.1,2013.0,7.886042242698412,11.0,29.0,163.0,20.0,11.0,2.0,81,Drama,330911.5070220148
,33.02808365911608,135.4398980600447,8.0,2016.0,9.056446506282471,5.0,78.0,502.0,206.0,189.0,5.0,205,Action,302304804.31024253
,30.005483282377,164.2240825714594,5.4,2013.0,10.247443148832136,25.0,16.0,1000.0,524.0,376.0,13.0,0,Drama,9472333.16504491
,15.281083458526435,145.81504090572642,4.2,2016.0,11.851244877059154,15.0,155.0,981.0,505.0,391.0,14.0,689,Action,9130.571476853169
,12.454939217800504,167.24199490565678,6.9,1997.0,10.07428358223963,34.0,88.0,1000.0,1000.0,890.0,30.0,508,Action,1280244.0513430843
,43.22388875501878,125.71466203660574,7.3,2014.0,9.0867213850243,102.0,2.0,10000.0,154.0,40.0,19.0,2000,Drama,434632.2905947575
,20.8312464150158,164.29307132146985,6.0,1984.0,9.968039824496165,9.0,62.0,584.0,552.0,518.0,61.0,345,Western,58721368.50621202
,23.580586012936543,141.11321790382405,3.1,2008.0,8.132132453899718,35.0,18.0,834.0,749.0,742.0,20.0,140,Crime,56221501.870713614
,36.88328882636106,133.1169225665107,5.5,2003.0,10.462379525719593,51.0,119.0,12000.0,844.0,844.0,95.0,655,Action,120649513.64008527
,35.64076929835986,146.48344650775877,6.9,2001.0,7.085346731946546,38.0,27.0,71.0,59.0,59.0,26.0,26,Action,24.537936464637045
,24.10762442754736,126.78347904713824,6.3,2003.0,11.487477440517385,133.0,187.0,631.0,163.0,158.0,150.0,0,Comedy,16496274.475253055
,31.93981287870259,139.36804752412291,4.8,2012.0,10.23644512563315,4.0,22.0,5000.0,659.0,447.0,3.0,223,War,42186.15990637561
,21.29163254610941,170.73029895236823,5.6,2012.0,10.934445700751787,6.0,20.0,262.0,65.0,36.0,4.0,389,Comedy,18989941.844514415
,35.1728763674554,169.76143294377306,5.4,2007.0,7.149710397309226,16.0,5.0,532.0,249.0,60.0,37.0,108,Fantasy,1692335.8054301958
,16.065467282893344,128.12517479979564,8.0,2007.0,7.884517569274807,242.0,10.0,963.0,545.0,106.0,158.0,14000,Western,1559997.637659517
,15.445620450763876,107.56591094425885,5.7,2009.0,10.34321125780258,147.0,287.0,844.0,708.0,664.0,69.0,0,Comedy,1986081.9535239679
,22.4906563950742,165.6197910807939,5.1,2015.0,8.132203205652644,36.0,249.0,294.0,284.0,96.0,29.0,0,Drama,81927.6327210668
,12.958004997234884,116.54908504578415,4.9,2003.0,10.478770773442053,140.0,474.0,1000.0,970.0,82.0,369.0,2000,Action,43665666.155333206
,31.702061275343723,149.7417270267203,7.0,2000.0,10.993060965586809,79.0,13.0,1000.0,934.0,430.0,149.0,0,Comedy,350065.7539205633
,28.1546370363216,153.10201404911572,9.0,1986.610967246196,10.077716334277191,54.0,0.0,4000.0,1000.0,1000.0,173.0,61000,Drama,69261.8362967399
,32.58363429713825,119.60953215309635,7.2,2005.0,8.717427092966288,342.0,197.0,513.0,239.0,159.0,1100.0,10000,Drama,5188911.628589621
,11.997841229795917,130.47673014840163,6.9,2005.0,10.47326840429317,261.0,0.0,1000.0,649.0,597.0,687.0,0,Drama,115420119.86706191
,39.90638257684484,108.02904381513196,8.2,2020.5118583064395,7.867432454380117,96.0,0.0,4000.0,3000.0,970.0,665.0,6000,Drama,308832434.89126825
,20.237583572697837,155.188855603921,4.1,1978.0,8.617089518513696,8.0,0.0,246.0,29.0,23.0,21.0,44,Drama,64003391.59652131
,19.18936885694538,151.7008222210714,7.1,2009.0,9.940039032665954,160.0,11.0,13000.0,3000.0,970.0,97.0,0,Drama,3963269.8998283437
,15.449600273158278,146.11057831129747,6.2,1989.0,11.004097252197331,31.0,49.0,687.0,554.0,304.0,79.0,0,Comedy,2002.0244690643942
,26.945365431168938,163.82984651693783,7.6,2009.0,7.681943101106645,281.0,192.0,14000.0,343.0,292.0,247.0,16000,Action,1089.2826427389762
,32.962590820357235,116.26578849512516,6.2,2004.0,9.017205068936589,119.0,98.0,729.0,579.0,397.0,276.0,0,Animation,23030182.439853538
,13.45660196475598,128.02822324062691,7.5,2002.0,9.951901283694916,74.0,176.0,116.0,93.0,46.0,249.0,0,Comedy,95858853.2651461
,36.534391104156576,164.463833243817,2.0,2007.0,9.64763707069866,25.0,70.0,692.0,585.0,442.0,46.0,446,Drama,12932746.944046874
,39.8191615677733,124.9827742932982,7.7,2061.7655319690457,8.462975920488912,27.0,6143.773579786693,787.0,485.0,346.0,83.0,0,Thriller,2669.065202952151
,35.02221159812536,113.28693830189692,7.4,2001.479945620719,9.563432119095465,11.0,391.6635624870541,10000.0,794.0,652.0,160.0,0,Horror,1651.1773382892109
,20.438043407875423,147.84309293599466,6.8,2008.0,7.744347074267957,158.0,342.0,1000.0,518.0,501.0,119.0,0,Romance,1645.4995136815955
,20.851405291739688,130.7634520096601,6.3,2010.0,11.85660705405855,223.0,157.0,490.0,259.0,224.0,126.0,0,Crime,15.51524563497389
,9.99780865041282,174.00242095132842,6.3,1999.0,9.629888387327291,25.0,0.0,655.0,476.0,359.0,20.0,157,Adventure,168110784.78289893
,23.700660746893043,110.06752426257802,6.4,2006.0,8.800034297369015,117.0,60.0,4000.0,787.0,628.0,106.0,3000,Drama,399.4353288983986
,30.60944485557369,140.00457516014956,5.8,2013.0,8.414905686786444,9.0,0.0,2000.0,627.0,149.0,34.0,962,Drama,134120791.05872719
,39.8400730163607,162.2316887106818,6.5,2009.0,7.195985333042757,34.0,2.0,1000.0,690.0,455.0,12.0,797,Romance,160.21085104467923
,21.76887938961918,162.16088544207065,7.2,2009.0,8.033341108120204,161.0,127.0,6000.0,941.0,798.0,65.0,0,Adventure,65135.26563318756
,12.702714675200292,123.071083581786,6.3,1977.0,11.71156498795853,6.0,6.0,963.0,750.0,375.0,26.0,122,Western,2514132.176592049
,37.83481804378656,116.57062749964592,7.0,1993.0,9.390557680933814,16.0,8.0,106.0,54.0,39.0,78.0,0,Action,192048.36362096883
,33.038916024219766,143.54973168649596,6.3,2010.0,11.182837258333176,301.0,0.0,227.0,218.0,106.0,198.0,0,Comedy,6731462.361232624
,28.35852678593813,156.5601569230879,2.3,1998.0,7.219747167147804,12.0,43.0,1000.0,788.0,611.0,62.0,724,Action,3976808.7940378617
,20.31654226302364,162.37949983301806,6.2,2002.0,8.991118977954486,103.0,835.0,13000.0,0.0,3335.7064949940805,290.0,0,Comedy,207566.40754343086
,36.77115710199774,125.58267515186212,6.7,2002.0,11.348870393451476,39.0,5.0,766.0,358.0,52.0,25.0,97,Adventure,55953.46961644296
,14.150522957853124,137.81751859055186,6.9,2005.0,7.644688802241759,49.0,554.0,876.0,838.0,530.0,50.0,311,Drama,3400.6374530926087
,21.82208072417912,108.53282591935884,5.3,2014.0,11.859027695641402,12.0,4.0,91.0,82.0,4.0,1.0,55,Comedy,21316337.73160892
,29.891303346052624,113.76780344653876,4.8,2011.0,10.969615668854416,112.0,0.0,1000.0,844.0,507.0,70.0,0,Adventure,3139825.5037301625
,40.68317275290156,144.9321769115205,6.0,2014.0,8.098544514463835,2.0,24.0,122.0,35.0,29.0,6.0,41,Crime,1269.3395863102232
,11.903372287170932,115.32026755495296,7.2,2016.0,10.527788936398034,6.0,16.0,149.0,147.0,63.0,6.0,187,Comedy,2265.807475456563
,18.48728863815448,124.70014700472402,5.8,2015.0,11.984283136943382,46.0,0.0,15000.0,725.0,493.0,38.0,0,Drama,8.94149369085533
,32.76367252928457,168.33528935113563,7.3,1999.0,8.546654648292225,63.0,4.0,177.0,66.0,36.0,51.0,687,Fantasy,3908.6255240387586
,16.41810428649035,155.6893441457069,7.0,2005.0,10.830320365762455,74.0,3.0,710.0,697.0,436.0,129.0,1000,Action,251434976.3444338
,18.132649123924654,169.09120295206426,6.4,2003.0,9.314361529336116,25.0,0.0,240.0,83.0,83.0,65.0,413,Drama,438709.211797477
,20.433895596680728,151.89453259256524,6.5,2003.0,9.403951861288908,36.0,125.0,60.0,29.0,11.0,21.0,282,Adventure,792790.5720558157
,41.95560229613068,164.6233273788552,6.4,2009.0,7.452365546828509,54.0,11.0,1000.0,418.0,415.0,31.0,663,Action,32026.237015213395
,27.81029551921301,142.23475480825763,8.1,2007.0,8.373366840068632,142.0,294.0,585.0,39.0,15.0,107.0,11000,Drama,1838.825832104883
,15.55688044468425,121.49270268632388,7.2,1981.0,11.88182179028686,6.0,0.0,804.0,167.0,146.0,33.0,337,Romance,52283.460224813636
,37.36522071524109,124.22901713843876,6.2,1993.0,8.800287335603644,14.0,208.0,876.0,827.0,689.0,54.0,391,History,117.82582594693638
,36.84475456599466,121.92624149016444,7.7,2001.0,9.541356285791176,73.0,11.0,56.0,36.0,8.0,84.0,802,Comedy,25.543069143074923
,9.810912198763072,164.23264409480134,7.3,2000.0,11.482044319212886,28.0,19.0,844.0,2.0,0.0,35.0,260,Action,178544.22864894618
,33.5963085698932,156.1259754997849,6.5,2010.0,9.65847582896155,12.0,9.0,1000.0,433.0,368.0,18.0,830,Action,300779625.09463555
,13.96220384135918,121.15450832974388,7.6,2009.0,10.25340263636955,145.0,0.0,1000.0,54.0,27.0,75.0,0,Comedy,74.40412760417142
,44.5764683236105,162.24246180519998,8.7,1971.3583817117903,8.908029646630185,10.0,1992.1394777221071,18.0,9.0,5.0,25.0,0,Drama,47904.00794532374
,14.956453393513552,117.90368667680804,7.8,1980.0,10.471648427415326,62.0,0.0,2000.0,553.0,535.0,283.0,0,Comedy,55131671.27756774
,40.77066609885445,146.1380941049889,6.3,2001.0,9.011059384571814,52.0,10.0,3000.0,685.0,578.0,43.0,478,War,1686316.4823677086
,44.45729118220002,127.8622449017811,7.5,2000.0,8.249133907222884,119.0,378.0,957.0,925.0,658.0,340.0,0,Fantasy,10879178.102855055
,20.30792764470721,149.05662229083612,5.8,1988.0,8.349049544890402,22.0,0.0,413.0,282.0,182.0,38.0,624,Action,93.51308516891487
,28.768629364166017,146.42757475586586,6.2,1988.0,7.998721852978288,34.0,80.0,8000.0,960.0,658.0,73.0,0,Comedy,4883749.037526835
,19.30795397737328,149.69981293021044,8.2,2006.675940946708,11.648322908581646,10.0,1379.7065734188764,1000.0,888.0,502.0,44.0,11000,Drama,13016741.677220907
,37.93919170571417,168.22437492387502,6.5,2008.0,11.621339895331865,9.0,0.0,844.0,0.0,1852.3785888074065,5.0,28,Action,14220009.163117379
,38.476850192913055,156.74576843019955,5.5,2012.0,8.604611969934158,133.0,4.0,8000.0,806.0,546.0,70.0,9000,Romance,35.74861447626002
,12.977641720457587,130.7995177191059,7.0,1998.0,10.552275201473442,64.0,39.0,1000.0,497.0,286.0,160.0,915,Action,2546900.3638387094
,10.47803906333948,164.55561140249227,5.1,2009.0,8.86495550641091,76.0,138.0,373.0,308.0,263.0,73.0,985,Animation,5192446.548708752
,28.86038917644336,126.08462509258284,8.4,2053.279503038637,9.457180293799135,47.0,0.0,937.0,828.0,724.0,315.0,0,Comedy,9830.423773793551
,43.73167417984253,132.53733733553895,7.8,2001.0,8.430404293610612,108.0,263.0,263.0,261.0,179.0,231.0,0,Action,4.308973887073515
,34.97057582788765,162.13779639514956,5.4,2015.0,7.852128010199427,12.0,10.0,397.0,77.0,34.0,5.0,84,Action,27.353430499156186
,12.68061425332488,137.89530836265487,6.4,2001.0,8.825455613640498,61.0,5.0,944.0,257.0,152.0,78.0,29,Action,10027735.357715214
,40.745528101566855,151.1727383306954,7.0,1979.0,9.22815882320108,23.0,735.0,187.0,34.0,20.0,50.0,643,Drama,162.56672490125214
,9.54452834535828,148.39638602332934,6.7,2002.0,9.945295708150931,75.0,159.0,631.0,104.0,53.0,111.0,605,Thriller,51.02624437770062
,43.71124120429323,159.94334155369663,5.7,2010.0,11.968343201546906,16.0,11.0,767.0,529.0,316.0,29.0,0,Action,1023.999177497871
,34.5230584671796,128.0102514157675,6.6,2003.0,10.649330269344318,60.0,324.0,173.0,67.0,27.0,36.0,52,Drama,969070.2085753183
,18.5314819298798,137.91150790481063,6.7,2009.0,9.024848936722512,63.0,19.0,1000.0,943.0,71.0,50.0,0,Adventure,29705.655474341624
,31.02769864030444,138.23150536173068,6.2,2006.0,11.466797916673464,36.0,781.0,596.0,206.0,90.0,29.0,224,Action,8651.284927126007
,12.581751954091963,127.30332809850354,6.2,2001.0,10.418373686280695,47.0,11.0,773.0,766.0,419.0,34.0,30,Action,12042.401364514664
,16.122013750547104,108.84256356532444,7.4,1977.0,8.053335486042206,38.0,160.0,11000.0,949.0,898.0,44.0,733,Comedy,10813709.659742149
,15.70774177245202,171.41706092918344,7.2,2003.0,7.127243686011632,68.0,9.0,861.0,618.0,407.0,133.0,0,Horror,13273480.345834728
,19.783636645875607,140.62305269292955,5.8,1994.0,10.293534183200368,19.0,17.0,636.0,472.0,259.0,38.0,176,Crime,25735651.315695036
,15.867622755215772,145.52746758223125,5.9,2009.0,10.108663996351892,39.0,2.0,592.0,521.0,99.0,17.0,275,Drama,21718859.798582494
,39.92920775345285,162.60929717489853,7.2,2009.0,11.11357950335278,37.0,24.0,933.0,767.0,130.0,19.0,1000,Comedy,1140.6953083602268
,34.57848257080158,134.52334864512125,5.4,2011.0,11.495689430282038,26.0,58.0,848.0,816.0,787.0,39.0,0,Comedy,75.81869963078967
,43.55158189257405,150.88826793942366,8.2,1959.6498375849649,9.284193193993314,10.0,0.0,805.0,432.0,334.0,50.0,0,Drama,59580097.227499984
,43.03886929097823,108.89355841064685,6.5,2012.0,10.534216279980456,13.0,139.0,2000.0,2000.0,1000.0,11.0,0,Action,188760.96164603197
,39.43917471080349,118.49409494620012,5.4,2012.0,11.30738226526728,6.0,0.0,978.0,323.0,57.0,8.0,543,Action,49639.76196269745
,25.930338287489427,140.45943360013638,6.4,1998.0,9.264320511093938,12.0,0.0,722.0,338.0,136.0,21.0,109,Comedy,12520.562011834341
,38.01043218156771,124.57662503440632,8.4,2039.0232296022996,11.640423384073811,15.0,0.0,229.0,223.0,220.0,42.0,0,Action,14023.491067939025
,34.69436546983096,109.86603753435182,6.9,2002.0,10.9859749584243,68.0,407.0,688.0,659.0,501.0,81.0,160,Action,68434.04343932086
,11.80612808944372,166.19033776523196,5.6,2005.0,7.099758645210123,62.0,0.0,907.0,637.0,476.0,202.0,0,War,418.03193769603524
,41.142057914482585,136.2709977259671,7.7,1996.0,7.740088776340259,71.0,96.0,509.0,294.0,35.0,104.0,0,Comedy,199.30619671517232
,27.579151466340363,163.20810189014207,6.6,2013.0,9.343206765394791,364.0,23000.0,23000.0,19000.0,694.0,314.0,33000,Romance,13452021.04410179
,40.98378736401589,171.6532182485977,7.4,2001.0,11.104065627225047,122.0,72.0,19000.0,12000.0,722.0,488.0,5000,Thriller,6378499.030118288
,29.192730217134724,125.38037015173146,7.1,2001.0,10.78265145132849,100.0,14.0,14000.0,1000.0,548.0,144.0,0,Action,11.252007670924087
,28.999480669550863,109.28073155971803,7.9,2004.0,7.83666231370413,112.0,25.0,517.0,86.0,57.0,110.0,0,Horror,38215.88851595223
,22.07377565665694,115.55435514304271,4.9,2001.0,9.24561548205233,27.0,56.0,4000.0,902.0,781.0,69.0,113,Fantasy,1862.3987008840538
,30.77161751034244,145.79135289192163,7.2,2011.0,9.921605957149326,205.0,592.0,232.0,67.0,36.0,41.0,0,Action,1024.4677579397053
,43.32068553810939,166.96158675296863,6.1,2013.0,8.537359631568126,72.0,17.0,31.0,17.0,16.0,12.0,543,War,1101.5481015628118
,32.39558882993687,150.03783612917977,6.2,2014.0,10.251647636045057,22.0,4.0,934.0,697.0,290.0,8.0,679,Drama,35156.943840225234
,41.64130450081045,159.94824960722437,5.3,2011.0,9.313080529929112,48.0,3.0,472.0,39.0,38.0,31.0,1000,Comedy,23.62805849636052
,17.930028050424085,126.25214074756865,5.0,2007.0,10.850631225047852,65.0,136.0,4000.0,543.0,139.0,117.0,915,Drama,2.8737697072428183
,20.18495167463513,145.43736311979967,7.7,1999.0,11.066123226059526,29.0,222.0,5000.0,680.0,222.0,47.0,484,Comedy,132756258.58578348
,25.65143480844472,159.31163039806796,6.3,2012.0,7.555382790795472,187.0,4.0,796.0,567.0,114.0,70.0,11000,Comedy,34706.07832135798
,18.565846543326955,135.0565364942011,7.6,2004.0,9.211828666663372,47.0,12.0,393.0,259.0,149.0,52.0,989,Action,691554.3450082695
,17.424515161663553,114.61281801225408,7.3,1980.0,8.241081905017893,41.0,82.0,208.0,191.0,32.0,249.0,0,Romance,3687906.841109997
,23.024076192003943,170.90891172207563,6.2,2011.0,11.79419605739366,24.0,4.0,374.0,282.0,47.0,27.0,421,Horror,17.24420110416855
,9.562812203156788,169.96557665351534,6.6,2013.0,9.282250698571977,318.0,0.0,852.0,618.0,482.0,269.0,35000,Comedy,2671785.859825081
,35.23273832811729,156.75006221945827,5.1,1991.0,7.6064871697718175,12.0,0.0,901.0,413.0,287.0,11.0,232,Crime,6966.030319576655
,39.33442199432339,108.31226803311984,5.0,1999.0,7.936847040782104,28.0,0.0,2000.0,804.0,73.0,18.0,122,Drama,1680861.7184771239
,29.38468608643158,119.8116356689072,7.2,1997.0,11.62103961645047,95.0,3000.0,205.0,130.0,77.0,157.0,1000,Comedy,135863084.82066825
,31.406480215146303,157.45510644672186,6.7,1981.0,11.045319923678392,74.0,24.0,977.0,485.0,157.0,161.0,0,Action,26.15203880310499
,17.342380209831735,146.37944150924133,5.6,1998.0,10.820603786975049,22.0,0.0,1000.0,597.0,498.0,26.0,575,Comedy,13.38277572483114
,18.062890603898357,145.08207944042454,5.2,2014.0,8.895278757715545,9.0,23.0,1000.0,694.0,467.0,33.0,0,Music,2729887.420488022
,29.790704024619277,112.01831771655138,7.3,1997.0,11.04380806906013,31.0,148.0,2000.0,434.0,426.0,209.0,599,Drama,18.415576889426383
,35.25433255431148,128.77763480341375,3.8,2008.0,8.600556436192388,74.0,7.0,1000.0,984.0,664.0,113.0,562,Drama,142857.3964356155
,18.516317964958155,117.32314386684152,6.2,1986.0,11.413997882085232,96.0,17.0,690.0,190.0,85.0,125.0,0,Drama,11032.81175853101
,13.293625545172404,161.43343176397772,7.2,1982.0,8.622575343803808,42.0,272.0,801.0,796.0,551.0,87.0,0,Drama,15.768017611606831
,38.5475322316239,130.27230401831716,6.1,2009.0,11.658386740407376,45.0,1000.0,849.0,578.0,409.0,21.0,738,Drama,28047.5851361252
,25.14925783790691,137.67494708883493,4.5,2016.0,7.928596955106776,12.0,23.0,927.0,509.0,503.0,9.0,740,Thriller,2066.289303020135
,39.860449379642304,156.17460523919434,5.9,2000.0,11.290517578019134,29.0,99.0,93.0,45.0,44.0,65.0,207,Animation,70911182.15392205
,18.418423953390057,117.05848714269544,6.9,2004.0,8.643879631750597,121.0,12.0,3000.0,835.0,797.0,324.0,0,Action,63.10366479178358
,42.92378859157917,124.91353877284126,6.6,1976.0,9.210214867993448,27.0,44.0,559.0,249.0,136.0,90.0,672,Horror,19.886535107575494
,16.666829924189084,171.9705249224583,5.3,2001.0,8.931885265999243,56.0,23.0,847.0,591.0,560.0,131.0,327,Thriller,3169354.7990540927
,18.05181568389316,128.1094780011039,7.0,1989.0,8.20704115826764,59.0,3.0,859.0,448.0,448.0,198.0,0,Comedy,25881347.706140123
,43.59606590989812,168.0767483947863,6.6,1998.0,11.493964408541284,60.0,84.0,1000.0,778.0,572.0,79.0,462,Horror,28638067.60809722
,41.7468040115891,121.82913933929404,5.4,2006.0,11.56304509451888,43.0,7.0,2000.0,847.0,701.0,41.0,249,Romance,1040.2510374103472
,14.507286473539368,150.32253586375765,6.9,2010.0,11.820561456986056,7.0,0.0,55.0,0.0,0.0,4.0,89,Family,532736.3125830746
,21.874609420229795,149.85122633846194,6.2,1982.0,10.671787085853977,21.0,3.0,922.0,162.0,83.0,32.0,323,Drama,1541663.948075325
,36.66075412885001,110.73803561920091,6.8,1992.0,11.846016572936552,19.0,261.0,722.0,280.0,145.0,39.0,247,Comedy,26.012455240086688
,29.008346385924057,173.87065932130116,5.6,2006.0,10.26834475550674,50.0,0.0,740.0,625.0,276.0,56.0,255,Mystery,245763654.48859158
,40.82949588775108,122.68814458637073,6.1,1996.0,7.719742219790183,37.0,18000.0,10000.0,1000.0,977.0,69.0,225,Comedy,2.8697607562543292
,26.48073863745614,164.13833428064646,7.4,2007.0,8.505279395252,16.0,0.0,75.0,45.0,14.0,25.0,133,History,7.491203007727706
,14.765069903088015,122.47015694626552,7.5,2008.0,7.519200821455199,121.0,239.0,6.0,0.0,0.0,22.0,489,Adventure,48552.660266002866
,36.92647645614144,139.83663404213175,7.2,1980.0,8.645878472364101,24.0,0.0,311.0,59.0,51.0,27.0,274,Horror,2899.983058120287
,39.899654147978495,123.1634083008738,7.3,2008.0,10.718405041654728,27.0,6.0,3000.0,1000.0,940.0,15.0,777,Drama,11451562.737666812
,40.25080671365934,146.0109023768478,6.2,1947.0,9.330452943774642,9.0,5.0,197.0,116.0,100.0,23.0,44,Comedy,12554.078014683102
,21.76170700204829,128.20749410691124,6.2,1998.0,9.780543709353651,31.0,204.0,1000.0,697.0,697.0,28.0,69,Drama,25.894563309784026
,34.21349631105622,117.13639666299257,4.6,2004.0,10.423606198902544,35.0,3.0,889.0,680.0,383.0,66.0,174,Action,2369342.8162964163
,11.361071935356115,146.6171509438689,3.3,2004.0,10.70571644840133,13.0,34.0,811.0,522.0,227.0,44.0,40,Comedy,7.3263792711699915
,40.226554108166894,127.61683309841726,7.5,1917.0286587928715,7.783823427280923,9.0,0.0,1000.0,1000.0,904.0,47.0,634,Crime,1689.0967004068386
,10.00930998015677,139.0407154685382,7.5,1992.3032845476416,7.388106713795465,9.0,2388.0806779908,1000.0,1000.0,904.0,47.0,634,Adventure,1977.2617937403834
,32.499545737308544,169.58254998004486,7.5,2025.410104204952,11.447690825514035,9.0,0.0,1000.0,1000.0,904.0,47.0,634,Romance,7.315568039977982
,24.873240805719558,133.6030712516917,7.5,2053.379740828386,9.278141490671302,9.0,6743.421192708546,1000.0,1000.0,904.0,47.0,634,Action,12206439.535784427
,41.758260827621626,145.72438545521825,4.2,2015.0,10.000755761745587,56.0,110.0,46.0,21.0,14.0,55.0,0,Drama,19399668.45049255
,13.233066463230047,130.30945596807797,7.2,2011.0,7.716314076926757,191.0,57.0,331.0,93.0,78.0,48.0,0,Action,200.4066092146868
,31.277074002247645,124.9175679821346,6.2,2008.0,8.361407980845579,80.0,46.0,570.0,337.0,141.0,82.0,639,Thriller,5.108395552009746
,24.67059556369874,117.76608972377394,6.1,2009.0,8.046209345643618,19.0,65.0,866.0,738.0,686.0,80.0,887,Fantasy,2.758406801419429
,12.596002013703782,137.86400374577272,4.2,2006.0,8.777284142136237,19.0,799.0,3000.0,2000.0,854.0,47.0,419,Action,273.34576515673615
,31.273237933847497,170.53516297467408,4.5,2009.0,9.231669392731485,530.5705787467807,0.0,695.0,617.0,483.0,2.0,38,Romance,3717.810881068667
,14.696478081628843,169.1837033193591,8.4,1990.3218471511384,9.352177157511983,38.0,2023.7456587789493,1000.0,922.0,816.0,127.0,0,Thriller,83.00579883253081
,14.136234777644743,151.23430898387,7.5,2014.0,8.73453737058064,44.0,0.0,745.0,508.0,394.0,60.0,0,Drama,1604362.168920903
,23.602121377078863,171.85220415724854,6.7,2014.0,10.733743847994292,3.0,0.0,979.0,732.0,388.0,1.0,165,Horror,40649669.95333354
,26.637167926215128,169.08619141013426,5.1,2015.0,8.972828212032642,6.0,7.0,989.0,970.0,541.0,15.0,0,Comedy,25355289.228269063
,24.735789212998327,148.2857704133326,5.5,2011.0,9.680516342127772,275.8417940819807,49.0,708.0,699.0,601.0,3.0,58,Action,924.0730487551058
,20.7851006083295,132.43609865096133,4.4,2014.0,7.220041920707763,64.0,261.0,12000.0,316.0,179.0,47.0,0,Comedy,15257.68690943107
,35.56595041381179,134.76163768102148,4.4,2014.0,8.08067611190846,8.0,3.0,1000.0,266.0,126.0,3.0,190,Comedy,1010.1692981841001
,21.786128329495696,155.5556043542866,6.8,1977.0,9.202736667019126,64.0,0.0,1000.0,849.0,826.0,153.0,2000,Fantasy,8638.96977952668
,41.62414780994256,121.4260173319038,6.7,2012.0,10.304677695607356,2.0,3.0,975.0,900.0,723.0,2.0,35,Drama,100.65615547862782
,43.03830043109466,169.55310627053598,8.6,2015.0,11.173580616187127,803.428949275847,14.0,784.0,763.0,668.0,278.669529607172,49,Action,3.254001953386916
,12.14365297645941,166.06021334588013,4.8,2016.0,9.02046157180922,35.0,0.0,40000.0,3000.0,1000.0,4.0,0,Action,40818.449545489064
,34.716916598685955,149.06284248137183,3.4,2015.0,8.093769039181588,21.0,20.0,741.0,615.0,538.0,14.0,0,Crime,22.80323044350692
,18.71679735580856,155.00631688073895,7.4,2006.0,8.724558208773681,99.0,44.0,61.0,12.0,4.0,27.0,1000,Adventure,664010.4661434258
,21.946703041120177,160.88297928618385,6.8,2005.0,7.763390511307408,122.0,187.0,1000.0,887.0,427.0,123.0,750,Action,1515.0519438971432
,29.78907279146156,155.39492836790075,6.7,1988.0,11.6797206160269,130.0,7.0,968.0,733.0,339.0,69.0,0,Comedy,4.033680966643754
,26.57848850052809,148.18114929184742,6.8,2006.0,10.657046723518842,64.0,16.0,10000.0,838.0,621.0,70.0,864,Comedy,66.31279122488348
,11.605241056025582,132.0467866944139,5.4,2014.0,9.092594656654898,13.0,0.0,927.0,833.0,316.0,11.0,0,Comedy,39.30380494362191
,42.443446036946185,171.78493013064417,5.4,2005.0,7.667465847827607,7.0,0.0,226.0,40.0,20.0,6.0,11,Adventure,678.7121152082334
,25.538252254056047,128.28692651848303,3.2,2011.0,8.481364401979864,4.0,20.0,571.0,345.0,329.0,12.0,491,Adventure,136330.43346760093
,44.73623433688397,148.42593865198998,7.1,2013.0,10.58054582076816,1.0,0.0,5.0,0.0,0.0,1.0,2,Animation,20820888.470932983
,24.65055037979941,172.69871703130866,7.8,2004.0,9.941888189555604,96.0,11.0,18000.0,66.0,16.0,182.0,2000,Drama,14.375847909510073
,18.491984580821025,123.368953203701,5.3,2007.0,7.31133885434113,8.0,0.0,584.0,580.0,413.0,8.0,31,Comedy,126381.15551820454
,44.48553964161919,164.48656930615076,7.2,2010.0,10.814767465086351,87.0,3.0,74.0,52.0,9.0,21.0,0,Adventure,472135.54375062743
,29.826336064762494,110.97703129540211,6.2,2013.0,11.658885060617289,10.0,4.0,943.0,480.0,140.0,3.0,199,Drama,70295555.447396
,44.92616419216391,166.79584813447372,5.9,2007.0,7.488582356844848,121.0,4.0,13000.0,1000.0,577.0,65.0,0,Action,256494626.01436678
,26.702555489932543,120.00626638905774,7.3,2006.0,9.095476119289298,43.0,0.0,109.0,10.0,3.0,22.0,285,Comedy,24902.74440980496
,39.13384251576904,146.64204514325465,7.7,1955.7289636657663,8.48654949845299,5.0,0.0,562.0,560.0,298.0,27.0,2000,Horror,3819.4362310934985
,25.103381690364458,110.15240118150786,7.1,1945.0,11.526752194510072,17.0,9.0,188.0,135.0,37.0,55.0,501,Action,1162394.9441863662
,26.45169094436035,133.2187169498313,7.2,1998.0,7.607884417186463,35.0,98.0,341.0,26.0,4.0,40.0,539,Crime,1363.9660892459653
,30.570756737161304,167.94812633079331,7.5,1986.0,10.64878055564839,48.0,0.0,854.0,652.0,491.0,89.0,1000,Comedy,45226527.226472154
,12.27393519590406,115.59162321544692,6.0,2011.0,7.128479013644201,16.0,5.0,274.0,154.0,122.0,14.0,0,Drama,528800.2475951889
,24.97597633868148,172.3717838306304,7.8,1997.0,7.712318562996811,54.0,4.0,25.0,20.0,3.0,68.0,689,Drama,15500.678081831513
,17.711264822685266,129.5018626294058,6.8,2002.0,9.6101838477455,92.0,68.0,835.0,601.0,391.0,199.0,3000,Drama,241.2982438203046
,42.37601675624149,157.87320531423504,6.4,2010.0,9.718619660109,50.0,0.0,24.0,12.0,9.0,17.0,0,Action,3155.264431607299
,26.72384399375119,139.45944284097197,6.5,2001.0,10.561483264771269,54.0,0.0,26000.0,1000.0,798.0,84.0,0,Drama,4.622578478832962
,10.43461362278724,161.88036352040675,7.3,2006.0,11.161998093778015,98.0,143.0,155.0,96.0,76.0,26.0,528,Horror,12.039806199921335
,33.126113927985465,139.34723504532292,7.9,2002.0,8.958730244634724,112.0,187.0,129.0,2.0,0.0,206.0,0,Action,144484.50609702774
,9.609863288631717,164.9510295596194,4.7,2014.0,11.11316593038038,9.0,0.0,327.0,82.0,62.0,7.0,62,Comedy,932374.8099476283
,14.09998175298994,157.63027011831812,5.9,2015.0,7.274936743993869,5.0,358.0,19000.0,570.0,212.0,4.0,224,Comedy,2887356.6656206986
,31.384600156911745,148.24488810194953,6.7,1976.0,8.385333646382437,39.0,0.0,898.0,842.0,753.0,61.0,629,Drama,195834330.75195903
,12.508519299254369,136.25476897186968,8.4,1930.8222190212616,7.011311685409492,2.0,361.9065710448458,662.0,517.0,505.0,74.0,0,Comedy,20826.510337390515
,42.321568389349245,166.38380968457088,5.8,2014.0,9.469011418717317,29.0,249.0,2000.0,298.0,261.0,32.0,0,Action,11591945.582103737
,24.66818506751413,136.25505091171496,7.3,2000.0,10.030848817284246,149.0,143.0,1000.0,146.0,100.0,346.0,0,Romance,442.73858173093714
,11.078046793187424,158.19076015532318,6.7,2010.0,10.724340453938634,90.0,79.0,309.0,254.0,93.0,25.0,0,Adventure,15317093.625601936
,45.06575393090325,144.8182307547448,7.2,2009.0,7.723919026244683,12.0,12.0,464.0,374.0,106.0,49.0,504,Action,871.5615271000257
,28.9970950650048,134.75926869855232,6.2,2009.0,7.999400260160723,64.0,0.0,29.0,9.0,7.0,62.0,2000,Drama,168138363.0286913
,32.854700907959945,161.7593708751823,5.2,2006.0,8.064659411478816,57.0,197.0,755.0,632.0,578.0,726.0,0,Family,1680.6047926272365
,40.66547699174805,111.8951483298794,8.1,2046.5584298759368,11.031201821577769,8.0,0.0,1000.0,557.0,551.0,23.0,0,Adventure,175103.38590907332
,13.893439264647792,166.537433595458,7.1,1997.0,9.33049979073457,50.0,23.0,471.0,232.0,130.0,48.0,61,Action,117.47352587360555
,41.03893447137213,155.71911650520133,5.0,2009.0,8.596198242036182,274.0,0.0,648.0,529.0,231.0,159.0,0,Comedy,69231.43914046264
,25.23598829607789,168.8769238907505,4.3,2013.0,9.737815395599409,46.0,2.0,707.0,619.0,555.0,11.0,0,Action,2.150703509730166
,35.66264909338612,112.0133218103526,7.3,1974.0,9.920951438373182,34.0,0.0,597.0,222.0,116.0,50.0,661,Drama,96247616.98093495
,12.46398405274404,127.78158323417266,7.0,2003.0,8.948604654565166,157.0,47.0,658.0,636.0,407.0,215.0,762,Drama,27869587.55391653
,12.521619528298746,150.3065897071556,5.9,2006.0,10.974336915018572,125.0,5.0,49000.0,780.0,710.0,156.0,576,Fantasy,430.8787317490834
,28.907059106760265,116.30159920720556,4.6,1995.0,7.181472608959827,10.0,7.0,584.0,246.0,27.0,37.0,138,Comedy,4858018.952850792
,36.52102580608685,130.55579457299484,4.7,2014.0,9.520466618534693,69.0,89.0,986.0,713.0,511.0,48.0,0,Action,1157.7807197678956
,34.262713652476066,123.16060659055977,6.7,2002.0,8.812139337095923,143.0,675.0,16000.0,977.0,968.0,425.0,0,Drama,13.626759836583062
,14.09160169134724,130.9101357680228,2.7,2003.0,7.411883546990834,52.0,2.0,960.0,12.0,0.0,62.0,131,Drama,8.29792877134597
,23.45643977201724,144.14896219064238,7.6,1996.0,10.219675634658635,50.0,378.0,925.0,729.0,611.0,202.0,0,Science Fiction,14.664397887097778
,38.91816688236837,115.77047929336284,5.8,1999.0,10.117787250275386,45.0,24.0,834.0,625.0,545.0,85.0,309,Adventure,9867.393632466737
,37.13766574158975,164.92598610105986,8.5,2011.0,8.770893985200715,115.0,330.0,48.0,0.0,0.0,69.0,26000,Action,9557534.640621414
,38.83778026620529,146.60469741243026,4.8,1987.0,8.368743738929119,15.0,101.0,721.0,576.0,324.0,35.0,550,Action,58565555.008200936
,37.95692786028418,171.25252547557872,5.7,2015.0,7.808572608079022,35.0,5.0,1000.0,1000.0,842.0,20.0,987,Horror,278422127.27981
,33.68332416006592,158.54443716762785,7.0,2002.0,7.817972265687904,41.0,60.0,979.0,665.0,444.0,113.0,872,Drama,631.7056013299454
,23.687878572995384,134.97648118833757,5.4,1999.0,9.514963557723298,31.0,81.0,2000.0,811.0,687.0,70.0,111,Crime,88.07793143931868
,28.58285959111108,159.4767486354373,6.3,2000.0,7.293936583985842,51.0,0.0,945.0,774.0,209.0,93.0,614,Drama,881.0254794164784
,13.831688248232652,149.8260017333127,6.3,1999.0,7.997564202916546,33.0,8.0,759.0,638.0,428.0,31.0,182,Romance,177422.39513824286
,19.901508600231526,155.73818535052234,7.7,2013.0,8.31690056665153,26.0,45.0,623.0,85.0,69.0,7.0,0,Animation,172979790.52760708
,27.546993263947783,164.47892409906774,6.3,2000.0,8.036825711826273,34.0,272.0,736.0,450.0,70.0,26.0,132,Drama,381.6336840515888
,31.504269473477763,118.29247034540371,5.9,1998.0,7.996737988626025,31.0,12.0,578.0,29.0,15.0,26.0,108,Drama,334352.62860288465
,30.07462530716796,155.437644315561,5.0,1998.0,9.365533482822928,19.0,137.0,4000.0,575.0,476.0,40.0,98,Crime,5629.274593800457
,33.32054702015984,163.33433495001626,6.1,1935.9493084112376,8.153204933439243,5.0,633.0312926758123,254.0,248.0,218.0,47.0,325,Science Fiction,1889637.237816051
,26.388196637634955,132.90121326718798,5.8,1997.0,11.200187951433236,12.0,19.0,18000.0,759.0,599.0,28.0,161,Comedy,134615.6652345002
,36.57764354711215,125.88288055674076,6.1,2014.0,10.510907559306771,70.0,19.0,585.0,29.0,9.0,10.0,278,Animation,5373.165556999514
,34.601501738556216,123.56961502352372,6.3,2003.0,8.76032368258741,38.0,165.0,686.0,246.0,150.0,50.0,688,Science Fiction,35.85125199149803
,38.97338845441577,129.61224071644978,7.6,1972.0,9.004465503832632,34.0,0.0,713.0,649.0,69.0,129.0,0,Adventure,11.061946541628123
,25.75568636764373,159.21181189223586,5.2,2012.0,7.962820688586122,36.0,55.0,223.0,11.0,5.0,20.0,657,Family,2439.0773399292902
,31.13247485745089,151.88838917145145,6.6,2007.0,11.541257063500993,6.0,0.0,650.0,536.0,183.0,19.0,296,Comedy,47034.85008392533
,16.012045782166577,166.43794636880358,4.7,2016.0,11.27055147013709,39.0,21.0,763.0,637.0,359.0,29.0,0,Comedy,4980.81633797824
,41.65060727491993,171.72248045829477,6.7,2009.0,8.539021716472583,182.0,18.0,399.0,129.0,35.0,104.0,0,Crime,5.320296607114428
,44.42425845610237,112.35318446098,4.2,2012.0,9.758630905891572,14.0,548.0,166.0,134.0,104.0,21.0,531,Action,7.583886962162501
,25.393216392317143,173.932700683446,6.3,2012.0,7.153897677885013,3.0,4.0,637.0,346.0,271.0,4.0,170,Drama,9031195.380316583
,24.27562926513329,112.5953725132102,4.7,2014.0,9.729367414208369,3.0,103.0,544.0,476.0,111.0,15.0,365,Action,316234.0389051317
,29.55666684115764,148.7968124797872,6.0,2014.0,11.128370841687232,31.0,10.0,507.0,236.0,196.0,10.0,0,Comedy,140.67131791689005
,44.308811632772496,111.0303225375292,7.3,2009.0,11.84112472474478,1.0,2.0,881.0,826.0,601.0,6.0,237,Crime,221.44181676177078
,34.00287048116499,109.49973476814552,7.5,2005.0,7.503352232775591,42.0,6.0,119.0,69.0,24.0,35.0,385,Music,887660.4530897425
,30.96013613132944,147.83065318544493,6.9,2009.0,10.686611068850269,61.0,29.0,117.0,64.0,64.0,14.0,0,Comedy,149866.60927254308
,25.496249901536917,150.73793957026936,8.4,1994.9727156949284,7.16644206544831,55.0,733.8154710707595,443.0,421.0,395.0,147.0,0,Action,396156.638183392
,39.808274323608686,148.94424721041818,3.5,2015.0,10.326937215631352,11.0,2.0,2000.0,872.0,6.0,14.0,358,Action,2097.4844159144895
,18.25772428229195,146.9652390482821,7.8,1969.90398566675,9.126981530596716,22.0,1383.592744729876,912.0,906.0,496.0,92.0,14000,Science Fiction,26993.47517713163
,43.598233299908735,124.9156474921992,3.9,1998.0,9.34534468105688,19.0,0.0,625.0,118.0,78.0,38.0,280,Drama,2383.2420759052343
,41.79673597941439,164.13856958940812,4.8,2008.0,9.596193426730228,33.0,47.0,430.0,209.0,108.0,52.0,804,Science Fiction,369451.33710530464
,42.11653174245195,163.63557018893204,5.2,2001.0,9.572302778366018,31.0,0.0,560.0,555.0,542.0,131.0,0,Comedy,652.7903446367724
,17.2765311364923,129.948826664663,3.3,2013.0,11.351562426681776,139.0,48.0,984.0,697.0,689.0,236.0,93000,Comedy,291.62970817437764
,29.26238629727144,129.14031054862443,6.8,1998.0,8.076561683349919,39.0,22.0,174.0,16.0,10.0,494.0,140,Comedy,644881.2307255354
,24.52496146435895,112.6789083455901,6.5,2006.0,11.430666934911471,30.0,0.0,827.0,729.0,681.0,24.0,360,Action,11475.952989255009
,36.64043553964373,136.54285657252257,5.3,2004.0,11.551162451201275,50.0,23.0,4000.0,756.0,660.0,135.0,1000,Drama,589598.1323935421
,37.4581755315783,131.10006366366449,4.7,2016.0,11.380820558420282,9.0,28.0,426.0,294.0,131.0,15.0,0,Drama,47.284496676319186
,18.6007546122994,149.48986428868153,6.1,2008.0,8.623954880514141,15.0,0.0,368.0,168.0,31.0,11.0,127,Thriller,7281.2559077351125
,31.698434837789502,161.33519054671416,5.5,1998.0,10.432530815877442,5.0,6.0,922.0,893.0,467.0,20.0,18,Romance,2218493.4373325794
,34.380675353659846,125.0011232184057,7.3,2028.8499524566337,11.673022366861142,1.0,0.0,773.0,133.0,119.0,4.0,405,Horror,41488.94534641102
,13.084349149370254,169.03009845117225,4.8,2009.0,11.152515064156336,4.0,0.0,708.0,574.0,460.0,12.0,211,Drama,39919.33977950654
,29.757320859732765,130.09711307353336,8.4,2013.0,11.343716692235244,44.0,41.0,2000.0,774.0,739.0,55.0,5000,Drama,43881852.34521032
,38.93551086470484,149.99921158700977,7.0,2015.0,8.990828691869009,6.0,117.0,21.0,3.0,0.0,2.0,121,Drama,452312.4613613885
,15.244787784305831,158.02045049899942,3.3,2014.0,7.18429175685108,17.0,892.0,603.0,145.0,50.0,10.0,721,Drama,12.880395794030052
,35.877141004084095,147.8502536146039,5.4,2014.0,9.39628716169434,7.0,14.0,2000.0,660.0,597.0,10.0,482,Horror,159255.0652800733
,23.412725270330263,165.61936224639547,4.8,2014.0,9.18332375790568,9.0,19.0,795.0,535.0,322.0,13.0,570,Action,7.394112433434251
,37.13685284249211,162.58370738272015,3.1,2014.0,8.616427009996379,3.0,0.0,1000.0,53.0,37.0,18.0,606,Documentary,10154.926189704054
,27.476398821953147,137.7995327057365,6.1,2011.0,10.58891715085063,10.0,0.0,141.0,69.0,43.0,13.0,224,Horror,5298.89439402023
,29.78764052245145,160.4599368614787,6.6,2012.0,11.392524005724804,17.0,19.0,632.0,144.0,80.0,13.0,0,Comedy,7950.160849037944
,41.663859922387175,153.31889194480874,6.7,2006.0,7.799846905737048,85.0,22.0,11000.0,505.0,303.0,73.0,799,Adventure,75.5989485146692
,15.746514899772157,114.212610549114,7.4,2006.0,10.953369591420364,60.0,38.0,625.0,464.0,377.0,174.0,0,Adventure,4.369481156146967
,42.89751685046013,169.89119516501344,6.6,1982.0,11.933152132123483,101.0,73.0,595.0,251.0,129.0,75.0,934,Crime,272588835.0413687
,19.2157316860828,161.18059899118654,7.5,2004.0,11.88469326176858,155.0,13.0,280.0,11.0,6.0,172.0,0,Family,121434068.50513925
,41.42934347751471,155.27213102861165,5.7,2012.0,7.205050378757423,188.0,43.0,691.0,480.0,463.0,47.0,0,Action,433425.3731236101
,27.206426014722226,129.3195118741409,6.6,2000.0,9.479735267416116,53.0,0.0,1000.0,436.0,360.0,83.0,290,Science Fiction,224830069.18203977
,30.71918498465041,160.78091466767364,7.4,1998.0,8.54235507580587,94.0,52.0,773.0,588.0,482.0,213.0,0,Comedy,206901070.11739916
,15.151417458404175,164.62684988380562,7.3,2014.0,11.729619542594708,85.0,611.0,878.0,10.0,4.0,20.0,0,Drama,40.76480183252809
,15.331755909375577,147.4087565028687,6.6,1985.0,10.763777029295657,7.0,78.0,685.0,178.0,77.0,16.0,889,Music,74.23316112261365
,44.1455552640055,111.82120033729268,5.9,2009.0,9.81674728283707,49.0,23.0,1000.0,927.0,706.0,20.0,545,Thriller,504946.7524865179
,25.45486519056423,122.96848777323136,7.8,1967.0540069896529,11.39020071420456,38.0,550.2192751262132,11.0,0.0,0.0,75.0,1000,Comedy,11196.702490311623
,12.372476100204976,124.71045642700592,3.0,2006.0,7.013977179456034,37.0,18.0,939.0,407.0,233.0,101.0,837,Comedy,171292511.26502547
,29.975721579442336,136.3549778181596,3.2,1987.0,9.224113486116732,29.0,4.0,641.0,168.0,152.0,65.0,491,Drama,56448631.78884429
,15.046830108740457,131.56105259439377,7.0,2002.0,10.550141251519934,75.0,15.0,953.0,625.0,453.0,109.0,595,Horror,1035.83772241362
,30.980742293210177,156.76659148413182,7.4,1945.864500384588,7.102873763665851,618.9536277282842,9523.106752509417,578.0,476.0,110.0,1.0,367,Action,306.7937033834046
,18.63295025542648,109.03585639556334,4.4,2000.0,9.323479092127515,48.0,0.0,472.0,324.0,51.0,81.0,131,Drama,637890.8238942075
,44.12056519946935,172.41397104902256,6.6,2010.0,9.651244509831058,133.0,132.0,1000.0,864.0,547.0,53.0,0,Horror,371598.24253295205
,26.45359114086863,148.53962364305997,5.3,1993.0,7.858511622355139,22.0,16.0,687.0,233.0,222.0,49.0,217,Comedy,382753.8660532086
,16.955097343831646,129.99462392554943,5.3,1997.0,9.970116937309488,30.0,45.0,578.0,341.0,267.0,49.0,417,Horror,4.98425668644835
,40.66970176833086,156.33047003464193,8.0,1978.0,7.084584285054508,112.0,0.0,820.0,350.0,180.0,181.0,0,Comedy,530167.552392196
,15.530182979032071,133.2553958727682,7.1,2001.0,11.84383479346132,79.0,11.0,11000.0,813.0,194.0,115.0,430,Science Fiction,3243.132826336974
,42.53579738667004,128.475983087858,6.6,2003.0,11.881742036523336,23.0,269.0,489.0,26.0,24.0,14.0,26,Crime,66371.41752613016
,16.74683978029493,135.8882105259994,6.3,2010.0,11.030218346720854,19.0,13.0,439.0,399.0,221.0,65.0,0,Drama,31623229.966800526
,40.12163248345067,163.2549444952572,5.0,2016.0,11.9015833906295,5.0,0.0,574.0,327.0,165.0,8.0,174,Drama,153668.22387276654
,36.09747254585212,172.20726513376962,6.9,1996.0,7.177604454098694,65.0,9.0,904.0,281.0,221.0,196.0,0,Action,27.582226736276976
,43.56994587405028,160.19609594582374,7.2,2006.0,9.480920510534308,5.0,84.0,702.0,366.0,331.0,18.0,76,Drama,227.47011480794853
,10.427800957974844,173.23349107889328,5.7,2011.0,10.730258741557952,152.0,89.0,962.0,476.0,322.0,54.0,0,Action,3338.5535336361263
,16.14659104065263,128.9095579814863,5.0,1917.6017695843973,10.679352935231767,10.0,0.0,723.0,539.0,476.0,33.0,518,Fantasy,268.13220757479746
,23.00942728674392,168.21872020392328,7.9,1966.9063384794156,7.619294147411027,7.0,659.4523866902157,786.0,341.0,246.0,28.0,3000,Action,5.570977039990061
,35.0951129922076,140.1632294480176,5.0,2004.0,10.219399191054851,1.0,40.0,912.0,750.0,249.0,27.0,47,Action,18.437853492370397
,21.927763741013628,160.93529716677855,5.3,2012.0,7.123833236891161,82.0,78.0,536.0,317.0,197.0,71.0,0,Adventure,4.8134742176454415
,18.533272902980407,165.9968307704027,7.6,2002.4009272480196,11.279891693992283,4.0,2846.3656128115285,40.0,37.0,23.0,20.0,450,Drama,66051.80236255564
,34.0426503142365,167.35578642144446,7.4,2004.0,8.448718004766794,40.0,7.0,289.0,38.0,17.0,56.0,442,Comedy,5353226.673702513
,19.554089283076507,141.18739008235693,5.9,2011.0,9.898836144857896,8.0,27.0,1000.0,902.0,847.0,8.0,348,Drama,60.61760868423787
,27.785972838929386,137.13885792952476,4.1,2009.0,10.910481253682711,63.0,26.0,487.0,298.0,236.0,48.0,0,Action,3.347888864808683
,44.36193669920587,112.9589810053921,6.7,1999.0,9.357101924328443,20.0,700.0,599.0,325.0,56.0,25.0,117,Thriller,64317.2169786893
,41.370352187898845,107.09006021859427,6.2,2009.0,7.351440684608545,90.0,0.0,767.0,122.0,77.0,31.0,580,Fantasy,220950693.2982104
,22.35817406751585,159.85333415258674,3.3,2005.0,10.856820930086869,14.0,0.0,231.0,27.0,19.0,24.0,48,Drama,221.21417076148342
,39.62436056787053,141.19341161820424,6.2,2009.0,7.3852352968393395,505.03671277558857,66.0,1000.0,975.0,452.0,1.0,54,Action,321.74335109704566
,41.94551720045201,162.8995992034235,5.9,2009.0,7.590478689781506,21.0,15.0,433.0,396.0,357.0,14.0,448,Horror,95398.29588435638
,33.40829006077486,110.30585178229693,5.5,2013.0,10.720456822623545,9.0,74.0,652.0,124.0,47.0,9.0,433,Action,54008.08081395067
,44.40858379199036,109.17091208292226,5.5,2014.0,10.863737239454354,98.0,136.0,3000.0,1000.0,975.0,85.0,0,Thriller,2.736222428640512
,26.168457047062496,120.8896538409468,2.6,2013.0,8.272200493058559,29.0,19.0,319.0,302.0,73.0,13.0,2000,Adventure,6.444886232563675
,26.351325294900896,129.55159712665352,5.8,2011.0,8.332791979771667,23.0,2000.0,2000.0,606.0,454.0,30.0,6000,Horror,24474227.97675477
,26.651610562863567,128.19119246108588,5.1,2009.0,7.703452020164578,2.0,3.0,1000.0,810.0,382.0,1.0,32,Action,350.0479988520744
,12.352498773693195,157.9121944919498,5.2,2013.0,10.969307502385108,17.0,8.0,2000.0,715.0,471.0,9.0,406,Action,624080.5932511366
,39.83179740464428,132.95966592589073,4.8,2014.0,9.711881660375791,7.0,39.0,1000.0,747.0,375.0,15.0,395,Drama,370248.1536904162
,39.88020563257904,168.54060364504545,3.9,2015.0,8.875530802040853,6.0,9.0,904.0,779.0,648.0,8.0,398,Drama,14.59459591664362
,20.2596211375892,151.02861971788718,6.2,1988.0,11.581939783083758,9.0,96.0,201.0,39.0,37.0,9.0,37,Adventure,39.3056838735829
,43.6502140686228,169.98675182067552,6.2,2009.0,11.897171868295567,11.0,0.0,854.0,602.0,356.0,14.0,229,Drama,3069203.173646284
,25.59402153786341,109.18934965701015,5.9,2010.0,9.679624838931227,34.0,7.0,2000.0,536.0,463.0,20.0,480,Drama,14.562903251330926
,26.27363439557225,167.62278688192856,4.9,2015.0,9.500977188052998,28.0,81.0,640.0,277.0,214.0,31.0,968,Horror,23.34919359272518
,20.65890408304869,125.62366241963454,6.5,2005.0,11.963832269518145,35.0,39.0,267.0,225.0,183.0,27.0,88,Thriller,81397.00222135276
,36.594097344995305,143.59280880855846,4.3,2014.0,11.620211340720694,30.0,35.0,216.0,158.0,21.0,15.0,421,Drama,4.3512547112484
,39.79879529784035,147.74634190785838,6.8,2003.0,7.265533326830397,251.0,192.0,447.0,236.0,142.0,539.0,0,Action,26590428.81890278
,29.64634657122459,122.39131506237776,6.1,2010.0,7.588385513486,57.0,18.0,130.0,96.0,39.0,32.0,0,Horror,25024790.89480174
,36.27810707992175,173.61144569217424,4.0,2015.0,7.10880274283357,14.0,6.0,679.0,234.0,29.0,17.0,369,Drama,420.27000841650033
,35.066349053889475,169.62815002295167,8.2,2006.0,11.092807576504375,15.0,124.0,464.0,426.0,327.0,106.0,349,Horror,13225181.905861758
,26.16258897803021,108.14236428255998,7.1,1997.0,11.743559588803675,61.0,9.0,402.0,222.0,42.0,57.0,381,Adventure,9.577021873697147
,25.40665189510405,146.4470649474603,6.6,2015.0,11.723130996085011,1.0,2.0,258.0,85.0,32.0,8.0,50,Comedy,22396.23510956686
,24.97387795829441,164.60386153910582,5.7,2008.0,10.077504005349876,2.0,0.0,122.0,33.0,13.0,6.0,77,Comedy,2356.405812242407
,41.132669572406535,140.390746083944,7.0,1996.0,10.243481816601706,19.0,53.0,20.0,3.0,2.0,5.0,121,Horror,151.23572420414536
,39.95707764029872,113.0404702718879,7.8,1987.0,11.796942854144811,29.0,133.0,443.0,249.0,239.0,69.0,963,Adventure,598.2770406765374
,34.795320995665534,110.741225374523,6.0,2006.0,8.75329224064572,20.0,3.0,833.0,549.0,327.0,53.0,323,Horror,86752459.10116962
,29.73488786675575,107.85500969701664,7.4,2009.0,10.92455301566767,5.0,0.0,11.0,4.0,4.0,4.0,30,Action,4.054825165088377
,16.062878565494945,131.73355706830694,5.3,2007.0,7.422596201912876,66.0,6.0,331.0,272.0,209.0,47.0,254,Adventure,52331.20581553851
,27.842655670197374,135.5723857169779,7.6,2010.0,10.20849760506567,13.0,65.0,65.0,2.0,0.0,25.0,10000,Action,6206.270760444435
,23.485379866994798,118.71958517394177,7.1,1991.0,9.77843810889981,63.0,835.0,18000.0,595.0,535.0,153.0,0,Adventure,21051.63365358045
,44.18582856946898,114.50640891218144,6.6,2003.0,10.601114878760942,9.0,0.0,50.0,16.0,6.0,5.0,39,Mystery,141820.64504920828
,38.945913472069726,141.1008146166431,7.0,1999.0,7.060006457436922,74.0,7.0,745.0,631.0,442.0,87.0,500,Adventure,2.0105957710492093
,18.76039286976093,112.39489936433333,7.6,2004.0,9.294555281186067,54.0,13.0,643.0,265.0,209.0,84.0,774,Horror,39676.87693087743
,17.218070712337408,117.50509130988942,6.7,2007.0,7.7270117134965695,80.0,34.0,56.0,41.0,40.0,29.0,430,Drama,1273.3722723074532
,28.88165601241268,147.8975069696844,7.1,1990.0,7.726094594083504,1.0,19.0,882.0,577.0,362.0,2.0,16,Action,268950.5518508123
,16.08968766644572,142.6341270486085,7.7,2008.0,11.245942540480968,197.0,119.0,334.0,4.0,0.0,345.0,24000,Action,17.769003590332073
,15.179571631138888,152.7767705903722,7.6,2008.0,7.446909953069785,14.0,9.0,860.0,130.0,125.0,34.0,588,Action,7097780.603850632
,21.416198302102103,115.23141232325882,6.6,2006.0,9.610482526449603,3.0,10.0,655.0,157.0,107.0,3.0,144,Drama,12018970.797670627
,12.126072791185836,113.05346610819392,7.1,2010.0,11.262084232352445,28.0,0.0,191.0,12.0,5.0,30.0,0,Drama,8042.5126373755975
,37.08862937648903,162.75919189351626,6.2,2008.0,11.598027962501224,22.0,8.0,611.0,397.0,315.0,26.0,0,Family,169700.18581480163
,10.618888051313792,155.55923099816786,6.1,2000.0,8.353153431679292,62.0,24.0,127.0,10.0,10.0,110.0,560,Thriller,7889057.716740337
,44.35785923213993,123.95697359486088,5.8,2010.0,9.853306727074692,2.0,20.0,794.0,607.0,555.0,7.0,190,Mystery,15.239197514602294
,38.22857483783701,139.1696844609108,5.0,2015.0,9.67548843153912,95.0,2.0,968.0,625.0,577.0,23.0,0,Comedy,4954244.758751931
,20.689936629145414,123.71726730816346,6.3,2016.0,7.105094748814596,10.0,0.0,1000.0,677.0,442.0,2.0,89,Fantasy,34513233.31650565
,12.519226854330077,135.756001307556,5.1,2006.0,10.540872308359612,25.0,9.0,973.0,872.0,201.0,90.0,250,Comedy,204747353.21525478
,14.597957645248666,148.01693764445992,5.0,2015.0,11.638573713727135,10.0,0.0,490.0,159.0,109.0,26.0,0,Adventure,65564695.901593
,40.90538917661576,162.80987966324244,3.1,2012.0,7.506785714238155,20.0,15.0,844.0,722.0,663.0,82.0,0,Comedy,3802007.926231158
,40.84536005241405,151.3834349354213,3.9,2011.0,8.633793214886303,8.0,29.0,847.0,618.0,76.0,10.0,566,Drama,3139615.04406126
,30.96783312427733,115.49374830864616,5.9,2010.0,8.375224872184532,12.0,535.0,1000.0,646.0,608.0,9.0,279,Drama,27580.042646363563
,42.55105392581744,164.07524793412912,5.8,2014.0,8.579435972043358,48.0,14.0,2000.0,1000.0,826.0,28.0,0,Action,229.03227508480734
,38.22389038920304,109.47806397968972,5.8,2014.0,7.867115323485704,48.0,14.0,2000.0,1000.0,826.0,28.0,0,Fantasy,3687.941884828932
,15.864116597980232,118.08323799446788,5.8,2014.0,9.170812377799397,48.0,14.0,2000.0,1000.0,826.0,28.0,0,Comedy,11.971047880806411
,38.91047896550978,153.79098731309048,5.8,2014.0,9.99947541334284,48.0,14.0,2000.0,1000.0,826.0,28.0,0,Drama,258.0806650924651
,15.447976140880614,153.29381565476314,7.3,1987.0,11.342728745823614,17.0,115.0,11000.0,516.0,385.0,62.0,0,Horror,27622716.593369856
,13.80796885484366,135.54521846563023,6.9,2014.0,11.468109073928304,719.7550879498451,37.0,210.0,0.0,0.0,3.0,224,Drama,336514.83973353344
,15.3433386652054,143.7923431941615,5.9,2007.0,8.941420835434771,18.0,84.0,861.0,425.0,275.0,29.0,285,Drama,13779217.886995187
,11.367622432126042,166.0931411424814,5.9,2015.0,7.986908336858273,11.0,16.0,2000.0,848.0,835.0,63.0,13000,Horror,60684589.350792974
,34.55912001211504,149.0107087182416,4.3,2008.0,7.945072368254245,11.0,0.0,676.0,399.0,306.0,9.0,77,Drama,354618.60384100076
,26.0467115061631,133.9467431565612,4.8,2015.0,8.225174387363948,5.0,0.0,1000.0,800.0,708.0,4.0,452,Drama,5314864.886713107
,26.317365808043128,118.21896860988656,5.8,2005.0,11.00470524743271,10.0,11.0,114.0,79.0,18.0,14.0,172,Drama,18549375.52115672
,41.11977939134248,158.90227149949226,5.3,2014.0,9.021304965536784,5.0,5.0,3000.0,938.0,782.0,6.0,107,Science Fiction,18.98288671505111
,43.98711652686338,154.26464916301478,6.0,2007.0,8.169920058753657,95.0,10.0,371.0,52.0,42.0,46.0,870,Romance,74478251.52029155
,39.50846801156142,126.74387428744151,7.6,2001.0,8.458155207358583,67.0,16.0,117.0,21.0,14.0,95.0,0,Action,37436943.517970674
,27.35364228271083,124.72586895971666,7.2,2015.0,11.047117138505154,4.0,7.0,128.0,22.0,17.0,1.0,305,Drama,43929913.66484203
,28.443126902703305,117.4126640092698,6.3,2010.0,9.514816910582145,521.3700512017003,15.0,919.0,718.0,650.0,4.0,162,Horror,703.7249229505297
,12.193178308800924,158.90064783421514,6.7,2015.0,9.641382063450145,1.0,0.0,749.0,354.0,338.0,1.0,14,Drama,48886570.95028887
,11.90852544007151,136.03497260897564,4.8,2015.0,9.631820029013424,33.0,0.0,846.0,366.0,260.0,21.0,275,Comedy,30244.456116302557
,19.908448751806915,136.64396852200915,5.5,2015.0,7.72755852922927,19.0,7.0,412.0,308.0,106.0,17.0,380,Comedy,1471535.6646240663
,28.35933798041392,162.30734867085022,5.1,1989.0,9.862385779061649,49.0,6.0,40.0,30.0,14.0,40.0,321,Action,512.0310287228541
,29.95238276172813,143.32556590600572,7.4,1926.038307128371,8.619758175986734,1.0,793.0448653290766,480.0,360.0,213.0,24.0,763,Drama,48.05713639730505
,44.57144780433911,110.43235207808216,7.6,1994.0,7.417816210809306,77.0,32.0,483.0,147.0,75.0,146.0,0,Action,33378172.458639946
,23.320984927485387,126.7039223460334,7.2,1998.0,11.933190155421183,56.0,149.0,912.0,752.0,580.0,132.0,0,Drama,309668.4912586962
,18.698698128528783,122.26400107301735,7.4,2005.0,9.27927707788091,151.0,244.0,538.0,363.0,244.0,243.0,0,Drama,2.5075850300020117
,14.313063913712607,154.4406881787656,7.5,1999.0,8.39077297565592,167.0,0.0,251.0,147.0,116.0,346.0,0,Western,261.7223985213504
,11.714885927143785,116.50143782841168,5.7,1986.0,7.590876087934801,65.0,85.0,265.0,194.0,186.0,74.0,0,Fantasy,10524101.244857678
,23.09770618533259,126.19231147251833,8.1,2068.75787719633,7.466406406093863,8.0,0.0,459.0,396.0,344.0,62.0,558,Adventure,355321.7939235439
,40.7821395473242,169.08023486916136,7.3,2049.71725351194,8.52957193708176,1.0,0.0,11000.0,289.0,143.0,26.0,43,Adventure,952046.0705159183
,19.157623843523247,128.5630095977555,8.1,2007.0,9.88849080629116,107.0,90.0,168.0,142.0,65.0,44.0,0,Animation,3275.89923624079
,30.051193521539723,135.3926950514169,7.3,2000.0,9.927577058631137,39.0,34.0,388.0,159.0,120.0,73.0,495,Action,8.206139536519224
,13.923670680532831,110.3621248823934,6.4,1997.0,9.100839769876314,41.0,11.0,584.0,559.0,490.0,111.0,166,Action,355589.35253168835
,32.09723412432917,143.535598181327,7.0,2004.0,9.423379515571757,46.0,0.0,49000.0,1000.0,902.0,86.0,857,Romance,9.468262064229693
,36.69359039694665,141.51821020281403,5.4,2007.0,10.750688008565431,221.0,53.0,386.0,357.0,268.0,161.0,17000,Adventure,5.1779262073314705
,38.01944615695259,132.32654129250568,2.8,2000.0,7.650509330451473,1.0,4.0,353.0,89.0,72.0,1.0,10,Comedy,4769843.240703296
,34.92991127078079,172.30327166841192,7.1,1997.0,8.292526555408024,44.0,222.0,5000.0,497.0,20.0,21.0,224,Comedy,1592106.5143330297
,15.185718340589752,162.18528924060007,7.9,1940.5387874968935,7.521716053649918,20.0,46.666710132480944,780.0,747.0,543.0,136.0,3000,Animation,4.774795832991049
,39.77255700470637,146.65955644950975,5.3,2008.0,10.833724956959337,6.0,32.0,532.0,85.0,24.0,17.0,39,Comedy,5646930.753607424
,25.745590764168757,141.31493919343066,5.4,2003.0,10.885148904252258,5.0,84.0,584.0,356.0,267.0,18.0,61,Horror,87018148.84964047
,25.356319903507007,108.6541149961181,4.8,2013.0,8.936840775559048,10.0,19.0,589.0,488.0,395.0,16.0,715,Horror,5.851374888352097
,41.763710604792834,141.19178364229953,5.9,2014.0,9.548777617426268,81.0,98.0,10000.0,773.0,89.0,40.0,0,Comedy,69452408.81488441
,28.62803735695156,127.7739855150733,6.2,2009.0,7.095687313243326,66.0,8.0,529.0,423.0,399.0,23.0,195,Drama,1246912.80507145
,41.48317179098586,142.9123487070644,6.6,2005.0,11.187744294744933,34.0,11.0,26000.0,11000.0,1000.0,90.0,0,Drama,583631.7708767141
,19.135304811327288,113.25589897478754,6.0,2015.0,7.567285366795578,29.0,0.0,160.0,152.0,94.0,59.0,0,Drama,40.72198189786418
,35.68666234799164,107.81194346924988,5.4,2013.0,10.573276881633076,18.0,308.0,638.0,449.0,395.0,24.0,604,Drama,83238.27608950225
,37.00159317964701,140.0837088975732,5.2,2009.0,9.457009782333763,107.0,6.0,513.0,480.0,161.0,91.0,0,Comedy,1029899.8210148506
,29.994890214313838,108.07652787176738,7.8,2008.0,9.270879645157216,30.0,5.0,29.0,18.0,12.0,23.0,1000,Drama,4.40656748182853
,34.44539512498659,115.77788407995304,6.4,2004.0,9.891102693323084,24.0,0.0,766.0,312.0,268.0,41.0,205,Drama,3476472.6294862065
,13.229983765913614,156.52264950602438,6.1,2011.0,11.445433011067848,116.0,6.0,253.0,113.0,103.0,235.0,0,Adventure,42613852.27121993
,41.43521057345514,110.93081547499752,5.5,2010.0,7.604963580276937,25.0,0.0,413.0,167.0,107.0,64.0,0,Action,4505482.668210478
,32.29765619825604,128.6800207848607,7.4,2015.0,7.349780244152368,379.957252521447,0.0,674.0,27.0,8.0,549.1451808924728,0,Romance,284366106.0574716
,39.51772403298474,167.49563800119384,3.9,2012.0,10.911999922895774,20.0,0.0,473.0,303.0,46.0,9.0,115,Crime,89.47210398873152
,43.51251928885587,168.67685244794853,4.6,2007.0,11.993458974751864,8.0,5.0,601.0,453.0,372.0,6.0,44,Adventure,6.184892845938516
,23.565380032161315,135.66537298001543,7.3,1992.5891795163316,9.312251028978675,19.0,251.413451910327,685.0,511.0,424.0,56.0,1000,Action,59619895.34111787
,19.407891363709066,139.734529793759,7.7,1947.0,8.28789418488497,90.0,0.0,1000.0,29.0,18.0,175.0,0,Comedy,700402.5600650273
,31.1955823665076,151.5496276778681,4.9,2008.0,8.034120459923823,21.0,0.0,633.0,597.0,332.0,31.0,153,Drama,40109.3798702891
,28.68255513756389,160.52313732261496,6.3,2002.0,8.350363234633686,12.0,10.0,15000.0,284.0,171.0,67.0,912,Comedy,156.2684297983557
,35.93074175057678,145.55879907166528,6.1,2012.0,7.284368193746699,33.0,68.0,2000.0,811.0,722.0,26.0,0,Action,14017.358161174825
,40.087787676211335,121.4714304306104,6.6,2013.0,11.36250027748526,9.0,8.0,34000.0,463.0,424.0,19.0,0,Horror,349200.3846912015
,16.63201726091875,148.30111311484416,5.7,2012.0,7.927065593947272,94.0,5.0,416.0,403.0,356.0,19.0,655,Action,5715842.962863551
,35.53180780933448,122.23752504618794,5.6,2013.0,9.425348565123873,41.0,17.0,594.0,591.0,322.0,23.0,825,Science Fiction,4141605.2844259185
,42.43631799592423,156.10360051830216,6.0,1967.0,10.188183508693836,38.0,2.0,16000.0,57.0,51.0,36.0,200,Drama,771150.3494117253
,15.952593116343834,173.28421521623565,5.7,2013.0,10.948497919923,12.0,10.0,924.0,472.0,293.0,20.0,0,Drama,21433653.767237414
,17.709630434528265,164.7888479835654,7.0,1966.0,10.791861543087329,25.0,44.0,907.0,164.0,137.0,72.0,805,Documentary,112273.61014967943
,15.516892545495311,150.11737284941535,5.3,2007.0,9.0408385907845,27.0,909.0,909.0,562.0,119.0,15.0,69,Adventure,118411.55619675312
,18.741716567656347,161.76282386119934,4.4,2011.0,8.78474850110445,2.0,531.0,10000.0,1000.0,894.0,14.0,651,Crime,249396886.49206975
,43.43714146948597,137.2212067531935,3.4,2015.0,11.81418205585648,23.0,6.0,680.0,418.0,233.0,25.0,0,Comedy,15.243538904849773
,42.66537246837364,136.8074052966726,4.5,2015.0,11.7832363956353,32.0,20000.0,2000.0,860.0,618.0,22.0,0,Comedy,102535.4770996876
,14.312258673732094,169.26320251870635,3.4,2015.0,10.992098740464584,18.0,3.0,11000.0,1000.0,412.0,17.0,728,Action,28.422943142509375
,25.45953359444109,163.52008385950012,7.1,1986.0,11.400092325790972,45.0,28.0,18000.0,1000.0,223.0,111.0,0,Drama,42.75489125459049
,28.524530466362663,144.42724905924985,6.4,2003.0,7.26036313188604,60.0,35.0,548.0,495.0,482.0,122.0,298,Horror,56721.0785137264
,20.84355935813653,127.82392473270164,5.2,2015.0,11.504027948762106,23.0,58.0,405.0,217.0,164.0,15.0,620,Adventure,21.598726481229086
,32.285483930766155,149.02202771443902,8.1,2013.0,8.995265513887189,68.0,63.0,161.0,10.0,5.0,42.0,0,Drama,96665.4029097697
,13.3733352140126,150.59037449448118,5.8,2006.0,9.77048321589844,14.0,0.0,533.0,323.0,164.0,15.0,104,Drama,186919127.32685912
,15.97815098481486,114.71455627225684,6.3,2015.0,9.65256037546995,229.14723519819,0.0,42.0,40.0,3.0,6.0,213,Drama,267.99145243048923
,27.851033019852323,123.9384763022498,7.2,2015.0,8.569675875121455,10.0,47.0,628.0,606.0,585.0,19.0,1000,Action,2286.1455738471905
,42.26821259193965,114.28365568579252,7.2,2009.0,10.15448035997437,205.0,456.0,1000.0,548.0,231.0,75.0,10000,Action,6.060378047373117
,38.22275582770597,146.79805988197336,6.8,2002.0,9.039683684265553,85.0,12.0,201.0,163.0,67.0,110.0,544,Comedy,145303.47872165823
,15.81538618445508,130.890231048013,7.3,2000.0,8.786921036145365,39.0,9.0,767.0,380.0,280.0,78.0,0,Comedy,12372.13742235324
,28.674728851067776,163.29841010553702,5.1,2015.0,8.172868763069285,3.0,0.0,141.0,77.0,61.0,6.0,82,Action,24.506284191240688
,31.897722989893204,140.1602377401763,6.1,1993.0,10.106729622792535,13.0,0.0,12000.0,580.0,482.0,17.0,266,Action,635.4296964852722
,24.63956903431219,151.83772392791647,7.5,2003.0,11.503408818765394,44.0,28.0,0.0,0.0,0.0,28.0,353,Action,35.54746436574396
,16.620699503252453,151.63507205608923,7.2,1952.0,10.710861237673246,27.0,174.0,2000.0,399.0,114.0,28.0,169,Fantasy,274491280.42711157
,26.79361692283439,169.21677758081074,5.3,2007.0,9.83153745038398,53.0,15.0,647.0,642.0,491.0,103.0,368,Horror,1210337.95395974
,26.12563629655669,127.17887142545726,8.7,2016.0,8.785882333092065,382.2490055895729,9.0,467.0,258.0,165.0,730.9825294958569,8,Comedy,488.339896450931
,10.214457853756326,172.32516999897558,3.4,2013.0,8.236278611371846,10.0,4.0,433.0,108.0,91.0,12.0,566,Comedy,19265790.25025518
,21.79179699933173,166.203391144374,5.4,2012.0,10.965875613696548,4.0,21.0,761.0,713.0,685.0,8.0,569,Drama,108.62162366531585
,18.629708399761235,112.42180905575717,4.7,2013.0,7.623929841884497,11.0,15.0,900.0,450.0,120.0,9.0,326,Comedy,773.3260857312528
,38.0104455372456,140.35161786623237,6.3,2013.0,10.91581706760837,1.0,0.0,86.0,42.0,11.0,1.0,73,Drama,3522727.6225005
,15.05668463978895,129.51902154086338,7.5,2001.0,10.495027923868092,179.0,143.0,1000.0,874.0,783.0,510.0,951,Drama,53954.1881176998
,24.11741027008019,147.89899127398127,6.8,2004.0,11.86953294082816,124.0,84.0,680.0,46.0,34.0,103.0,869,Action,10342833.344343709
,22.53841459330012,112.32905396287532,6.9,2004.0,11.02948847586156,76.0,87.0,887.0,805.0,420.0,48.0,305,Adventure,2264368.941640369
,34.82146668668958,155.58157017997115,6.1,2013.0,7.280343471518129,15.0,11.0,651.0,611.0,575.0,21.0,0,Thriller,311.82941336222854
,32.89508258004554,157.93774791272514,3.5,2010.0,11.76564601270255,5.0,8.0,713.0,607.0,394.0,15.0,588,Action,204980034.22132647
,35.81056947616231,165.08115371856584,7.2,2007.0,8.16351314383274,109.0,0.0,227.0,4.0,0.0,66.0,0,Thriller,64.46073611346692
,15.19637196900089,149.4838477283725,4.7,2014.0,11.520737119130487,40.0,0.0,327.0,51.0,2.0,18.0,844,Crime,54927.79002989756
,45.009959267456665,138.97383067690933,7.3,2006.0,10.456244740312906,51.0,21.0,53.0,30.0,27.0,23.0,0,Adventure,251.84810355403775
,44.23608385103666,119.51549010265288,5.1,2005.0,9.985451299021474,4.0,0.0,421.0,96.0,45.0,4.0,9,Action,4898.386534209732
,22.385406780855774,110.00129618820796,7.2,1969.0,9.532282157177097,35.0,0.0,963.0,710.0,21.0,26.0,278,Drama,6.286019647365047
,29.741885330645047,166.34412626118672,5.4,2003.0,11.792256862322867,22.0,1000.0,2000.0,163.0,127.0,40.0,63,Drama,109.71497294153141
,44.24545246731423,138.07879930512175,3.7,2016.0,8.871690467987701,68.0,4.0,427.0,253.0,114.0,40.0,2000,Drama,249323548.80699143
,11.629478819631874,156.888364141847,9.1,2016.0,8.821331688375299,2.0,134.0,260000.0,454.0,354.0,1.0,0,Action,813567.1469895337
,20.58184677924405,141.4226273496309,7.2,1994.0,10.190576971639898,53.0,460.0,991.0,971.0,900.0,83.0,619,Action,10315230.13924758
,15.082753105832976,113.11805132851003,7.9,2000.0,11.822316004287837,94.0,44.0,827.0,22.0,7.0,125.0,0,Crime,52858.7596762509
,19.590547780724005,148.0502049712606,7.6,2012.0,8.557481299643939,105.0,4.0,0.0,0.0,0.0,33.0,0,Action,68.8100012138179
,41.73641163320269,130.4865549809378,5.5,2014.0,7.451500472566959,6.0,6.0,393.0,191.0,56.0,3.0,307,Drama,9742.826057062577
,26.37609552954158,119.967736395519,6.2,2006.0,11.29360029093254,32.0,522.0,813.0,522.0,423.0,28.0,0,Comedy,207.23018831338848
,41.40136795787044,140.87471626970185,5.7,2006.0,10.44288782261117,229.0,134.0,936.0,935.0,488.0,235.0,0,Drama,14.671609690057998
,32.26400410384041,132.7143833879111,6.5,2002.0,9.88559785766946,31.0,18.0,954.0,767.0,597.0,55.0,304,Horror,12.062323706506485
,35.9871083288974,112.68883432063896,4.3,2005.0,8.039734987764081,14.0,7.0,890.0,597.0,424.0,5.0,68,Drama,5.855567889831121
,27.154813657005747,155.58945767195863,6.1,2015.0,9.400411919640613,14.0,102.0,563.0,485.0,360.0,11.0,212,Fantasy,3.784670215085143
,37.66611442982365,172.53203530594152,6.0,2005.0,9.561987601653389,39.0,60.0,826.0,189.0,121.0,26.0,216,Comedy,1330901.2215795824
,34.84296448838171,149.43037423756078,5.8,2010.0,11.33867520598157,35.0,407.0,38.0,8.0,7.0,8.0,594,Music,9597.22826065411
,33.1377376353903,128.5016282194059,6.7,2008.0,10.276744665426817,46.0,7.0,87000.0,781.0,711.0,22.0,371,Comedy,356.1162427580289
,36.56609344038888,133.13582648410812,7.6,2015.0,11.303861892094082,444.3491111696192,228.0,310.0,228.0,134.0,131.40766973867937,132,Drama,3.6940886473880004
,22.79279556160838,135.521967016446,6.8,2014.0,10.191345938307466,166.0,3.0,61.0,46.0,28.0,83.0,10000,Drama,94772.88522328692
,36.29651595114778,161.80391868505973,6.8,2005.0,11.162262556722158,56.0,21.0,0.0,0.0,0.0,70.0,0,Drama,2.6004829909375107
,18.816084911269392,167.8257525102145,6.8,2005.0,11.563329639142289,16.0,0.0,199.0,134.0,108.0,10.0,193,Drama,10379.232401257605
,34.16473849335943,168.7217281014925,6.3,2013.0,10.847785543820804,9.0,11.0,979.0,975.0,636.0,7.0,283,Comedy,1734.0325152278524
,19.644338061689723,133.8048673517524,7.1,2014.0,11.549594146316444,18.0,34.0,129.0,98.0,71.0,13.0,0,Action,3706652.9992958414
,44.929840999897166,113.79461642416352,8.2,2015.0,9.792103155151867,395.0373714721133,5.0,3000.0,660.0,259.0,1.0,232,Action,64946.171130809555
,21.35659644771845,125.44197868087582,3.1,2015.0,11.19100366061685,6.0,764.0,835.0,522.0,492.0,18.0,402,Comedy,96763703.49867605
,18.986062595068425,172.01641037970256,3.3,2015.0,9.35119449582665,35.0,37.0,501.0,418.0,56.0,42.0,750,Comedy,4030786.564791527
,26.02842335036403,155.064745334245,3.6,2015.0,11.851402839916997,27.0,9.0,708.0,571.0,485.0,2.0,135,Comedy,344614.4615153009
,37.524084228441865,131.42440692915497,6.7,2004.0,10.456690924760478,78.0,33.0,341.0,5.0,3.0,37.0,57,Action,64899556.16863588
,19.16187966565631,126.74306675069394,6.6,2004.0,9.675469424439472,60.0,87.0,87.0,70.0,37.0,63.0,400,Comedy,4091.0396939491598
,33.29494073214227,110.762026556307,4.8,2016.0,7.351246304060641,9.0,20.0,1000.0,301.0,256.0,8.0,724,Comedy,48.67511996205232
,28.2913982577882,114.37049310829214,5.5,2014.0,9.6328839222429,63.0,10.0,756.0,382.0,295.0,33.0,969,Comedy,728468.6694302912
,44.37638473011787,136.59306704144714,6.3,2014.0,10.856422898865764,92.0,412.0,412.0,4.0,3.0,16.0,389,Drama,8829.390686035347
,40.63771120758232,117.63589771070411,6.9,2014.0,10.952551909463134,4.0,58.0,847.0,147.0,69.0,6.0,223,Comedy,126.65500595464955
,11.406367094246038,127.10289163652207,6.5,1966.0,8.298172542279302,53.0,7.0,1000.0,370.0,356.0,155.0,0,Family,159366.3057884479
,27.4344434308196,115.62603605971272,7.1,1982.0,7.100769204603846,182.57957108649717,0.0,883.0,655.0,467.0,2.0,32,Comedy,23.559757435407867
,42.08326408110533,110.9244789295508,7.3,2073.7239143370816,10.574856931874866,13.0,0.0,416.0,0.0,2075.578620689884,13.0,533,Family,18.911759816382318
,31.56548779224148,168.55482516382483,8.1,1998.0,7.863507706003311,98.0,346.0,280.0,278.0,141.0,258.0,5000,Horror,35829715.57017164
,31.843570669976003,158.51568734846038,7.2,1996.0,7.570586480289135,43.0,12000.0,12000.0,680.0,636.0,65.0,872,Comedy,25.067651025714547
,12.632894958701828,121.34638477885136,6.5,1999.0,8.724127975729662,14.0,7.0,2000.0,783.0,548.0,38.0,117,Comedy,3370.3288227629173
,22.71244986197435,111.9491575132547,7.7,2008.8385220694583,8.71278759921267,8.0,1349.1880344575538,210.0,121.0,109.0,79.0,963,Drama,91290620.94542232
,21.123558722521715,108.58727634982203,8.7,2014.0,7.135373593421873,16.0,135.0,0.0,0.0,0.0,24.0,0,Comedy,3.823386827252008
,31.436132017303,174.01573390547503,4.3,1985.0,7.694509682722433,18.0,4.0,232.0,23.0,13.0,46.0,220,Drama,29044433.615352366
,18.202573510848858,168.85717904644434,6.2,2003.0,10.030150494159075,35.0,4.0,2000.0,1000.0,624.0,53.0,3000,Drama,15.82011580466396
,35.541342821287,126.6678343343858,3.3,2005.0,7.613021873305041,5.0,0.0,374.0,145.0,40.0,24.0,66,Drama,501531.40041025105
,28.22030546828592,130.57061108159863,2.7,2010.0,10.749553952359598,16.0,19.0,700.0,460.0,134.0,42.0,0,Drama,88624945.62778172
,42.55693507801188,112.54374143041714,5.2,2009.0,10.8333101666083,24.0,0.0,35000.0,516.0,511.0,38.0,969,Drama,81.74994579911784
,35.62243163345103,146.53518520240252,5.7,2012.0,10.277228953209423,16.0,8.0,2000.0,245.0,183.0,11.0,0,Adventure,6.77387186370394
,12.98505074848698,157.86283429847566,3.7,2011.0,10.84457120416873,7.0,11.0,578.0,418.0,397.0,3.0,381,Action,19365.43754839237
,44.21991954570218,111.18961337114612,7.3,1931.5251375706507,9.87643404873154,19.0,0.0,934.0,691.0,201.0,17.0,632,Action,15.187940064375258
,39.023015979850896,112.984729902841,4.1,2014.0,11.019952475479144,46.0,0.0,3000.0,372.0,161.0,9.0,447,Action,2724686.58100317
,13.27211342129044,123.0287734779248,7.2,1989.0,8.501240600700614,58.0,0.0,828.0,531.0,65.0,95.0,2000,Comedy,57.3422303932152
,22.56644574429949,149.9914538053074,7.6,2014.0,8.271330851704182,5.0,4.0,18000.0,748.0,434.0,1.0,221,Comedy,246785.91525656183
,20.820971053753528,148.47468199451433,7.0,2013.0,7.74815112356374,50.0,0.0,31.0,24.0,3.0,2.0,407,Comedy,7349.504731428388
,26.635177335002567,169.19312656808464,7.4,2001.0,7.346639583919411,137.0,300.0,307.0,209.0,73.0,214.0,0,Action,547.2539783117015
,23.73555270401272,134.4409405512224,7.7,2000.0,8.057712580259963,122.0,50.0,2000.0,710.0,612.0,231.0,756,Drama,8054889.067404533
,20.155704629906943,120.59857279626598,6.5,1940.0,11.549048812612837,7.0,9.0,94.0,62.0,51.0,25.0,548,Action,703.7028955437091
,30.87783128795248,163.34732838945837,7.9,2015.0,10.60464459610581,111.0,9.0,61.0,9.0,4.0,26.0,0,Comedy,434.87616461830817
,10.068006167145237,161.85640439995422,6.0,2012.0,7.260675078390935,38.0,14.0,1000.0,330.0,274.0,89.0,0,Action,123684474.15558283
,26.84059934316956,133.44057138940136,6.1,2001.0,7.793940184169682,12.0,0.0,268.0,44.0,3.0,4.0,27,Animation,2.6957431924918023
,29.01968857005855,150.48080478153292,6.2,2007.0,7.335304546176966,17.0,0.0,49000.0,931.0,924.0,2.0,87,Action,233.42612752693412
,29.809786048485837,143.34867189186247,5.6,2011.0,9.4180223667258,9.0,0.0,34.0,29.0,24.0,16.0,754,Drama,962.4662788736019
,14.078631639862756,161.36074573388044,7.2,2013.0,7.890707557808124,1.0,0.0,3.0,2.0,0.0,1.0,75,Comedy,344.28035674204307
,17.966787554718437,163.0397978825993,6.1,2003.0,11.184265404167933,51.0,4.0,690.0,316.0,95.0,38.0,480,Crime,38.47497450190559
,20.957339663847826,134.33145746153556,3.8,2008.0,8.42864099137671,14.0,0.0,387.0,295.0,227.0,35.0,636,Drama,41163511.80201936
,9.602443159423666,118.67943419351424,4.5,2011.0,11.675388141663516,18.0,0.0,721.0,134.0,5.0,11.0,161,Drama,9827154.800020289
,38.2600506790469,168.7465265470973,3.8,2012.0,8.294352483437393,22.0,0.0,380.0,91.0,63.0,51.0,238,Comedy,12933.512001763005
,33.35343185601844,167.13288775776192,6.6,1970.0,11.939136061739438,30.0,282.0,586.0,434.0,148.0,27.0,477,Romance,2353562.372799223
,27.494841194554667,115.14407234845989,4.6,2015.0,7.742107208474483,9.0,2.0,10000.0,500.0,475.0,7.0,479,Adventure,3286140.728801283
,37.40832463093837,115.50535601542282,4.2,2015.0,8.587120962558576,7.0,0.0,498.0,350.0,312.0,2.0,242,Horror,3684034.4590368383
,44.41200807978333,149.50154664015594,7.7,2004.0,10.186434175117885,99.0,222.0,680.0,404.0,68.0,207.0,0,Action,5.2342146663494535
,31.50889622222219,154.96770080333698,7.1,2007.815771986831,8.264856172169367,2.0,0.0,511.0,457.0,206.0,6.0,954,Comedy,2.839997978903482
,40.73325202288238,126.27971229456384,4.7,2002.0,8.11011854145496,12.0,0.0,4881.185789920577,9224.174914997937,1752.8340829787444,8.0,51,Drama,41021777.49880748
,40.085325784056266,121.26284025893828,7.0,2002.0,7.000514834851116,58.0,126.0,14.0,4.0,3.0,32.0,131,Comedy,62.13801509288068
,31.059975929797474,114.29716930795423,6.9,2006.0,7.233626861036928,5.0,12.0,412.0,48.0,25.0,36.0,0,Action,43472.92412035503
,33.34270333913309,150.64636703592578,6.1,2010.0,10.18751864415643,97.0,22.0,434.0,95.0,48.0,82.0,0,Drama,19083799.819487657
,38.63714073354317,158.6618218584212,3.0,2010.0,7.78236804401202,17.0,252.0,1000.0,745.0,252.0,15.0,444,Thriller,250.08956361829715
,25.52560842051184,110.92827591967192,2.6,2013.0,7.704100975533072,9.0,0.0,12.0,0.0,0.0,10.0,200,Comedy,126678.15024584053
,37.468854144494095,172.8501666735692,6.1,2008.0,8.411170400114795,95.0,0.0,12.0,5.0,5.0,85.0,0,Action,8929.94627159563
,18.57190971921102,155.51545073036914,7.5,2009.0,11.23140265386547,14.0,6.0,964.0,22.0,20.0,35.0,773,Horror,20300336.4940416
,35.25889127133085,150.0800399989604,6.7,1972.0,11.306402701730171,87.0,136.0,844.0,184.0,42.0,199.0,0,Comedy,219268.93882428162
,39.943740154314746,158.47933159882575,4.9,2014.0,7.886127391908552,16.0,2.0,321.0,287.0,9.0,2.0,234,Action,673827.0705997202
,29.39584599216274,142.10411401719176,7.2,2008.0,8.112334138672393,129.0,17000.0,543.0,426.0,184.0,67.0,0,Adventure,43.37248055274512
,36.4424791496831,169.22764877735477,7.0,2015.0,11.356800771896468,29.0,0.0,202.0,47.0,30.0,5.0,75,Action,7560947.126174057
,26.02061594557152,121.97578866635952,7.9,2008.0,11.061718985151568,120.0,11.0,37.0,3.0,2.0,183.0,37000,Action,95956.69463328412
,15.411090834449505,124.04300608671932,6.7,1998.0,11.093068600893876,38.0,122.0,22000.0,472.0,458.0,86.0,392,Action,3766337.7549684374
,32.526607794405486,117.52657403886975,7.2,2008.0,9.744126802383512,181.0,33.0,496.0,238.0,229.0,93.0,0,Comedy,133070993.49504618
,28.314507405341807,171.27282641944805,7.4,2013.0,9.432276807428249,149.0,9.0,130.0,19.0,13.0,80.0,14000,Thriller,14310640.692439089
,36.83667316780024,134.67626064234514,6.8,1996.0,8.362102946050873,18.0,132.0,778.0,695.0,584.0,32.0,227,Drama,26910.1596532046
,43.27923339009564,107.41802967920714,7.2,2002.0,8.838922117541337,260.0,152.0,1000.0,282.0,124.0,366.0,0,Adventure,5.550524797881052
,11.894654119663244,155.4398930303927,7.2,1998.0,10.90976731341913,16.0,12.0,245.0,38.0,6.0,51.0,603,Action,6447483.424639943
,41.94029877218287,170.53846827761583,6.2,1997.0,9.20804340516033,59.0,406.0,406.0,203.0,194.0,168.0,0,Horror,2471338.1482121246
,32.211230267458895,165.4676105625714,6.9,2003.0,9.84432505775887,88.0,234.0,11000.0,552.0,463.0,126.0,571,Documentary,26797668.80206112
,25.502520504406043,164.75366836452798,7.0,1997.0,9.999741240430565,28.0,4.0,611.0,394.0,301.0,29.0,166,Drama,231716.80620930038
,24.13923141794489,150.1059147643031,3.6,2000.0,7.094763998556296,13.0,0.0,844.0,625.0,268.0,32.0,24,Drama,21.139713276963555
,43.41019205090376,109.5779861066466,6.3,2013.0,7.857402858917833,117.0,71.0,11000.0,733.0,145.0,61.0,0,Crime,5.4946874333717375
,36.6420669033452,160.61270815921785,7.4,2009.0,8.857112318106992,100.0,13.0,20.0,13.0,7.0,32.0,0,Comedy,238.18202867359233
,44.00931817711975,129.65908155688086,7.4,2006.0,10.91423257688124,117.0,21.0,1000.0,835.0,772.0,88.0,11000,Romance,8.696612831941076
,41.83947440254136,123.55899830583454,6.1,2003.0,7.65741214715387,29.0,2.0,855.0,577.0,551.0,49.0,150,Horror,104082.3673066901
,42.107674339121786,116.74128290847908,7.3,2006.0,7.000806736392621,40.0,10.0,102.0,7.0,5.0,13.0,587,Fantasy,739955.4342320742
,13.151008247199664,115.27559610316244,7.4,2004.0,11.87756619514166,294.4274186519582,0.0,12.0,3.0,0.0,2.0,32,Comedy,274.0247695645762
,43.29648759325457,167.15414713580589,5.7,2000.0,8.254105659622667,13.0,165.0,978.0,922.0,679.0,16.0,25,Comedy,89.25412476766455
,35.01764179772959,156.6879052006286,7.6,2013.0,8.231486892634841,31.0,9.0,53.0,24.0,9.0,16.0,0,Action,4154895.417393824
,18.216327604093216,166.59953399170257,6.8,2014.0,10.715719517663056,43.0,0.0,20.0,8.0,0.0,11.0,0,History,88991101.84730937
,27.22207242000845,172.5023970332182,5.6,2012.0,7.553606545267742,2.0,74.0,260000.0,984.0,891.0,5.0,706,Drama,50.44820109070579
,23.990556326234167,147.71353658125787,4.8,2005.0,9.640824229620025,4.0,5.0,724.0,668.0,219.0,30.0,31,Action,11393657.590937026
,43.40397009894491,114.04291282672038,6.4,2009.0,8.944462446152821,238.0,243.0,969.0,962.0,725.0,193.0,0,Drama,220777.42092867236
,29.9744006375157,119.00818440262474,6.1,1998.0,8.448668896527714,33.0,29.0,499.0,230.0,117.0,52.0,157,Drama,1420477.0222914997
,38.09004171980449,111.4307431000375,5.2,1999.0,11.934348191146816,8.0,5.0,590.0,231.0,73.0,43.0,27,Horror,35.59853392138118
,27.16092169600193,168.68707143439264,6.9,1996.0,11.19978262079222,95.0,8.0,96.0,71.0,14.0,17.0,43,Action,6496.352186280361
,34.90868420895315,107.5229786537876,6.0,2000.0,8.62167027250579,29.0,82.0,2000.0,571.0,490.0,54.0,210,Drama,18912.307073546952
,36.42953091449253,171.94921680535663,6.3,2009.0,9.613225714812362,3.0,32.0,386.0,261.0,256.0,6.0,143,Action,1194791.1052671475
,23.51012726916114,152.827422416624,5.5,2015.0,8.227625547024246,36.0,4.0,446.0,171.0,150.0,7.0,793,Action,2338.802946181397
,29.77153413721367,122.25027541359552,5.6,1997.0,9.564675167822196,8.0,18.0,491.0,490.0,422.0,13.0,17,Adventure,2279930.58338373
,30.508452406974698,142.17900705347282,1.9,2005.0,11.905714459158297,3.0,0.0,639.0,361.0,94.0,9.0,128,Fantasy,21155137.181284007
,25.0591818623975,163.9186139791355,4.1,2006.0,9.496872263272891,8.0,53.0,563.0,288.0,176.0,12.0,42,Action,195.90929072851793
,23.63449566802761,111.91489749685668,5.4,2001.0,10.369967039119487,9.0,436.0,474.0,436.0,4.0,21.0,47,Adventure,787.4527116404882
,37.27843823795016,170.09338698509845,6.8,2013.0,8.57822561920418,87.0,50.0,327.0,9.0,8.0,15.0,0,Action,223020.01397127833
,36.6252847426432,126.34702298201776,7.0,2015.0,8.411729951908193,6.0,3.0,7.0,5.0,4.0,15.0,259,Comedy,2163.205689368808
,20.73590682883664,149.6129868701738,6.7,2006.0,10.772854791823914,14.0,57.0,442.0,403.0,228.0,75.0,501,Fantasy,451277.91881888587
,21.190509741954276,168.19922023023986,5.8,2014.0,9.137367843862275,20.0,0.0,782.0,490.0,396.0,8.0,903,Mystery,870127.4766471558
,17.24717606336886,134.0675654721901,6.2,2006.0,7.2018518465271,23.0,0.0,363.0,275.0,131.0,26.0,138,Drama,4545.291500197343
,19.005557802763697,162.6182663344371,2.8,2009.0,9.575264181942035,6.0,15.0,984.0,157.0,106.0,28.0,297,Horror,360.4239547544681
,12.403942332275555,157.9625187791089,7.3,1965.0,10.83102717495045,12.0,82.0,694.0,196.0,47.0,7.0,32,Adventure,49.6613266251157
,17.992880286272552,131.12324628628872,5.8,2004.0,11.213904879992118,2.0,3.0,767.0,282.0,149.0,22.0,141,Action,76458455.91083792
,30.095834963183385,124.81817745729263,6.5,2008.0,11.947349979341842,12.0,923.0,34000.0,17000.0,904.0,24.0,599,Drama,23347661.70575424
,27.350821783408264,167.56843053121446,6.1,2008.0,7.336949437238921,475.3236109677772,0.0,1000.0,618.0,171.0,163.35810286268128,3,Drama,18358.687345899292
,15.291469527278547,150.07762320675658,5.1,2009.0,9.59022258232056,64.0,23.0,199.0,37.0,23.0,39.0,0,Thriller,3416342.9186723595
,27.529847008049583,124.88437572426896,2.2,2012.0,8.93074066167852,7.0,142.0,458.0,383.0,317.0,14.0,150,Comedy,4691.041156085275
,26.359004713749776,164.30638865617732,7.2,2014.0,10.778589286594702,9.0,0.0,90.0,0.0,0.0,7.0,68,Action,2.4739410837509137
,27.205059703933344,127.71524015944372,5.7,2011.0,11.854417291930668,21.0,0.0,898.0,395.0,360.0,12.0,370,Drama,2516580.513525775
,44.08620518055631,149.38485929407815,3.4,2009.0,9.577806278831286,511.3178272958918,105.0,592.0,207.0,110.0,1.0,41,Adventure,162379.39879730289
,19.667977484508317,146.4926208791785,3.8,2014.0,11.139173092967257,1.0,142.0,10000.0,854.0,402.0,6.0,54,Science Fiction,1118.2000739376797
,35.53662773417105,146.37614579934996,4.7,2012.0,9.300547166314828,95.0,224.0,224.0,59.0,37.0,47.0,0,Action,9754661.082526598
,21.383784639951536,114.59527919252405,5.6,2012.0,9.695119333118347,40.0,0.0,335.0,334.0,177.0,41.0,968,Comedy,260.1670251238343
,29.55559990030381,113.9727743278102,3.9,2006.0,10.654650953807952,6.0,6.0,92.0,17.0,0.0,24.0,91,Drama,2173261.7146280366
,22.68034486203189,135.61847569360015,5.4,2014.0,7.308713307564473,16.0,0.0,57.0,40.0,36.0,16.0,48,Drama,15493.984768071832
,14.63152980871725,135.91303811029994,5.2,2015.0,9.235696263999802,39.0,53.0,677.0,366.0,253.0,19.0,936,Comedy,5.053893408825332
,21.74101438169293,129.86091810405395,3.5,2013.0,7.345798016871303,150.0,3.0,214.0,211.0,115.0,30.0,0,Crime,183481184.54746982
,30.82424330259788,117.7854780616579,5.3,2014.0,7.814694297160797,1.0,0.0,657.0,608.0,426.0,1.0,212,Drama,20425454.976821814
,29.70648857848078,153.4386484559247,5.5,2013.0,7.992843090770406,78.0,0.0,696.0,371.0,302.0,56.0,2000,Comedy,132421347.76489149
,36.16660781616081,171.89336201617982,5.9,1978.2830797560264,11.971992196903052,488.4431493644068,0.0,775.0,275.0,223.0,14.0,57,Horror,4.832982866046287
,20.23613670485763,140.88586471494727,6.0,2014.0,10.895356782972602,8.0,12.0,529.0,413.0,354.0,64.0,884,Drama,377.01484470735966
,41.77495161934451,168.91576583320824,4.8,2007.0,11.435291032142374,6.0,29.0,1000.0,569.0,558.0,4.0,42,Action,4.328118446077196
,43.03175988947731,163.99491316330386,7.1,2014.0,10.644829208221752,9.0,0.0,56.0,28.0,17.0,3.0,489,Drama,2.2709326058462547
,12.462206416231044,163.8553009444348,7.3,2015.0,11.755005012462169,10.0,171.0,1000.0,171.0,76.0,3.0,52,Drama,236.9568582407171
,35.81412053592812,129.963339542331,5.9,2011.0,9.652577321076537,76.0,32.0,144.0,127.0,127.0,43.0,0,Horror,42636057.25647494
,37.4565928724097,124.41474124571307,6.4,2012.0,10.527535351341092,62.0,6.0,975.0,947.0,727.0,39.0,0,Comedy,24.640451396464314
,40.020887973663854,130.9594380102868,7.3,2007.0,8.687567987761703,73.0,0.0,465.0,140.0,102.0,23.0,337,Mystery,9317493.529603029
,35.01084853000256,162.75488646224764,6.7,2011.0,7.037622426337942,2.0,0.0,0.0,0.0,0.0,2.0,24,Drama,119284.1112975699
,42.01325434322349,172.54580427033494,7.1,2013.0,11.43839596957494,6.0,66.0,904.0,782.0,734.0,3.0,181,Drama,2560.977798355802
,20.10508139083757,130.38035986257356,5.6,2002.0,9.397446030728918,16.0,14.0,284.0,234.0,221.0,158.0,409,Horror,34.78099998187057
,34.65628298438363,107.9106993554172,7.0,2006.0,11.439435369010642,68.0,46.0,418.0,146.0,141.0,72.0,933,Horror,128056.02012878649
,20.478922981688484,143.89370984364191,4.9,2015.0,11.01039098257026,16.0,63.0,489.0,207.0,175.0,23.0,549,Animation,301461.08868076064
,28.74013379519537,123.30138153633908,3.2,2015.0,10.7485407898666,7.0,8.0,1000.0,806.0,487.0,6.0,312,Thriller,4815252.5005804915
,11.522523196780265,156.1302307484496,8.4,2011.0,10.670916229278095,354.0,0.0,786.0,712.0,620.0,264.0,48000,Action,120149.81806101644
,35.92281056339736,141.22980992141487,6.9,2009.0,8.550206430138779,16.0,5.0,49.0,11.0,10.0,6.0,33,Drama,40408082.178026736
,35.950937145799195,143.7806602221555,7.5,1995.0,10.550089455650804,74.0,377.0,529.0,502.0,236.0,174.0,0,Drama,3136.2742453480087
,15.88756528236663,146.54443513258553,8.0,1929.0,9.401928031987229,71.0,21.0,426.0,20.0,3.0,84.0,926,Comedy,3.174223852045276
,36.15228842965151,139.2936439171286,7.4,2008.0,8.743085069867016,5.0,0.0,940.0,188.0,167.0,1.0,18,Comedy,32235013.65427997
,41.877103106121965,171.84486863385098,7.2,2004.0,8.210725304428435,25.0,0.0,24.0,5.0,0.0,11.0,83,Drama,204465144.57854912
,42.165251776142405,121.01393147317664,6.5,1999.0,8.86045526158113,29.0,37.0,574.0,573.0,501.0,79.0,130,Adventure,399846.18101054436
,12.541630390641997,114.75769813236042,4.2,2000.0,7.648060699281961,13.0,0.0,1000.0,749.0,258.0,3.0,4,Horror,79187.55533388551
,27.345801314345977,129.63244192321244,5.1,2014.0,10.474839834415022,6.0,247.0,247.0,217.0,152.0,72.0,0,History,3371805.6383737815
,9.539890981884188,111.92041806046944,6.8,2003.0,8.956042115886671,33.0,38.0,214.0,115.0,69.0,157.0,1000,Adventure,10754.573867218605
,20.463270652372067,144.6619667252242,6.2,2012.0,10.883872427344416,1.0,0.0,134.0,93.0,37.0,3.0,14,Fantasy,43433.79181136136
,31.946129403462614,168.43354650100176,7.7,2006.0,8.839017347172744,21.0,21.0,25.0,0.0,0.0,24.0,274,Action,29095689.866322655
,35.33330769820573,123.7277695339709,6.9,2007.0,11.752359475321128,82.0,8.0,2000.0,424.0,357.0,73.0,307,Adventure,22.048315042244628
,40.16260505017232,125.14383111509764,7.5,2011.0,8.194615401487097,5.0,15.0,312.0,135.0,95.0,8.0,614,Action,8.652107426237512
,17.12740157900334,129.47422946920582,8.1,1970.0,11.140419765373483,120.0,973.0,319.0,90.0,48.0,101.0,0,Comedy,274.9195987506432
,36.47282104470275,120.78142172518064,6.6,2002.0,8.098646273956142,31.0,168.0,108.0,72.0,21.0,31.0,163,Horror,881759.0999296454
,20.780586693569237,130.97869863895835,5.2,2008.0,10.08052066941007,114.0,4.0,1000.0,233.0,201.0,74.0,0,Comedy,168472463.3922568
,22.763511644431727,173.84635117685806,5.6,2006.0,9.714078300016258,233.0,129.0,935.0,611.0,280.0,129.0,2000,Action,119659795.68282357
,24.30269580203813,143.21709895984046,3.1,2009.0,9.561989206767986,8.0,3.0,717.0,134.0,118.0,30.0,128,Action,2351.3801195989777
,32.00182670314354,173.04312347675074,7.1,2005.0,8.297321144262694,49.0,30.0,262.0,23.0,14.0,46.0,903,Action,196229821.54375166
,23.583885718542675,167.11164795534074,8.1,2014.0,7.912941341555265,4.0,364.0,22000.0,4000.0,567.0,11.0,1000,Drama,8.54883790607423
,28.61986912804788,143.82588257320492,6.3,2014.0,9.489049867666049,23.0,0.0,601.0,524.0,195.0,17.0,523,Horror,539304.1430705497
,17.734066027137246,132.8818994134842,4.0,2009.0,9.696390303707172,8.0,0.0,618.0,592.0,311.0,10.0,303,Drama,437.5599179057173
,14.024180450459111,164.72716458369547,6.5,1997.0,9.949742618734364,25.0,21.0,465.0,170.0,48.0,36.0,161,Action,14.819478002974288
,30.46549700458048,112.4618679610444,4.9,2015.0,11.459028775621332,8.0,0.0,696.0,320.0,137.0,1.0,158,Crime,30512.822574216592
,17.5102805582477,117.24015634198696,5.2,2013.0,11.502099928783649,143.0,13.0,977.0,511.0,432.0,79.0,0,Action,633960.9320627014
,11.51193687759162,157.488280813939,7.4,2009.0,7.1115896402410925,21.0,2.0,628.0,474.0,442.0,8.0,203,Adventure,96.00131899249736
,36.4342585999992,138.21467164890873,7.4,2014.0,11.710549325490014,1.0,0.0,1000.0,338.0,21.0,1.0,5,Adventure,1515987.3034989748
,13.565794458721196,128.72329467851577,5.4,2012.0,8.477092265285446,34.0,4.0,523.0,385.0,258.0,27.0,1000,Drama,269.28199311342667
,36.26571853237958,125.61975167754082,3.9,2013.0,7.704421623769828,5.0,4.0,260000.0,21000.0,2000.0,5.0,0,Thriller,1289.2790292807376
,30.60758190538145,121.46873111785752,5.3,2015.0,10.244984885863806,10.0,7.0,956.0,945.0,912.0,19.0,0,Drama,209659144.01156092
,40.54187368294765,171.92113919609633,6.5,1977.0,10.36456134760375,82.0,644.0,119.0,29.0,11.0,109.0,0,Comedy,93425967.1939397
,28.714180276771025,168.90259784155748,5.6,2000.0,10.85340318818434,15.0,16.0,602.0,266.0,254.0,16.0,12,Comedy,3103705.633568353
,38.41327078707595,164.4906695889316,5.6,2007.0,11.117395274767723,728.4255679901569,0.0,23.0,20.0,20.0,4.0,11,History,326791.10439220176
,9.661392723345392,114.60618697582196,6.6,1998.0,9.066392885421449,18.0,4.0,919.0,711.0,218.0,19.0,51,Adventure,23741900.584808484
,37.497516480795525,122.66620709013078,6.3,2013.0,9.3488148883242,385.1908437891181,12.0,601.0,371.0,359.0,609.6776119480244,358,Drama,13.558887380827928
,26.878390156033504,137.23479100768367,7.7,2015.0,11.616127456185682,22.0,0.0,0.0,0.0,0.0,2.0,34,Horror,219329491.6172868
,36.45630956331821,121.598323923073,7.0,2002.0,11.176948318783282,15.0,3.0,0.0,0.0,0.0,13.0,32,Thriller,14.83071195649471
,32.73927784889016,163.63670042272665,8.0,2014.0,7.3314327940489585,674.9921484950034,0.0,595.0,412.0,271.0,1.0,9,Drama,11437.980631583825
,24.991700019151928,155.880532656076,7.2,2016.0,9.85502011818223,18.0,12.0,541.0,8.0,2.0,1.0,36,Drama,13.877796714733943
,17.468347243627864,120.55410493912328,4.5,2013.0,11.947042888613511,8.0,5.0,587.0,448.0,233.0,9.0,128,Action,21.99449435041959
,30.21650350095134,153.48225170128174,7.2,2011.0,7.58488651757005,3.0,6.0,0.0,0.0,1002.8449277907472,2.0,88,Adventure,55431.89174758597
,29.257659506347267,146.3550010023338,6.1,1983.0,8.305704925979551,4.0,11.0,2000.0,433.0,221.0,9.0,7,Drama,27.26724380017849
,37.949055973663,151.23050405480367,6.4,2015.0,11.160949457523763,2.0,0.0,0.0,0.0,0.0,2.0,18,Comedy,12.860972615080518
,30.923743046489086,131.4734139612986,7.0,2013.0,11.115165827048909,19.0,95.0,0.0,0.0,0.0,3.0,126,Drama,374.3481123843488
,26.432116597078483,157.6934805711211,6.1,1974.0,10.914024296634825,5.0,24.0,407.0,189.0,142.0,36.0,816,Comedy,100.45946967363419
,29.15260401091657,150.1041538674654,5.4,2011.0,9.391096655225038,8.0,490.0,833.0,523.0,201.0,3.0,244,Drama,9397.841174068564
,31.19389967063192,126.40440186721084,7.5,2005.0,11.098640536977054,84.0,2.0,0.0,0.0,0.0,65.0,588,Fantasy,530.409127782252
,10.30784257904873,159.27360955842556,7.1,2009.0,10.998578272947192,20.0,3.0,984.0,801.0,234.0,55.0,0,Action,4554141.750786308
,27.992023336420477,145.65350158794712,7.4,2006.0,9.30762708253773,88.0,3.0,196.0,184.0,2.0,43.0,694,Thriller,936815.7277807904
,37.66186695524557,112.30807205810773,6.4,2002.0,10.65872968743104,5.0,0.0,69.0,24.0,15.0,53.0,43,Comedy,339.2806973859508
,16.146617554661624,154.24699658491403,7.4,2003.0,9.979822845983955,105.0,6.0,30.0,0.0,0.0,77.0,0,Drama,7.55235206549768
,9.629893364043998,171.28707098947342,6.5,2000.0,7.968625850690111,46.0,7.0,328.0,27.0,17.0,74.0,0,Drama,1991315.142887351
,15.048367238550275,133.40740575104604,6.0,2003.0,7.429580864700176,3.0,0.0,69.0,34.0,17.0,34.0,44,Adventure,1351.768501210224
,9.996097779338887,169.56003076693327,7.3,1999.0,10.344477932899368,54.0,35.0,980.0,505.0,482.0,87.0,180,Action,5472479.31545743
,15.763383252040091,112.81119349944908,6.5,1997.0,7.675700929863296,17.0,204.0,659.0,529.0,474.0,21.0,51,Fantasy,13104442.013164774
,13.467885450887708,155.89463795428577,6.0,2001.0,8.3854081057802,25.0,71.0,22000.0,1000.0,658.0,34.0,139,Action,54417294.47699241
,23.49600687615896,168.12848964000386,5.3,2002.0,9.680193413725387,11.0,21.0,597.0,485.0,469.0,24.0,86,Drama,437832.1027849869
,21.754602232919503,155.33230828448222,6.6,2005.0,9.087686675627818,81.0,12000.0,778.0,327.0,213.0,53.0,238,Drama,759.52769759409
,37.97512949496388,143.74491808576792,7.1,2012.0,10.986330893978309,39.0,0.0,342.0,79.0,49.0,7.0,590,Science Fiction,453150.00006793084
,22.892758764508933,142.26583729334567,8.4,2012.0,7.728999601544934,26.0,6.0,14.0,9.0,8.0,9.0,0,Adventure,3659.8736412452067
,33.59032305279127,117.42790335503192,5.8,1991.0,11.561012738419198,10.0,32.0,11000.0,422.0,329.0,24.0,344,Drama,291.3396175429979
,25.735630591578555,122.11794134835765,6.2,2007.0,8.759326007223164,35.0,681.0,239.0,172.0,143.0,12.0,155,Science Fiction,173.89399730476723
,34.633656585492474,147.2641683211778,5.7,2007.0,11.623597230010178,9.0,6.0,396.0,326.0,325.0,10.0,60,Thriller,14.19531064846315
,28.61981374601528,144.57107918018258,6.1,2002.0,10.483157434998066,17.0,12.0,33000.0,1000.0,699.0,32.0,183,Comedy,89923.30024730676
,28.870628016426465,151.78742440237735,5.0,2005.0,11.286025436823438,2.0,0.0,584.0,507.0,347.0,11.0,29,History,17017891.707501683
,36.62900391824761,125.11189325132098,6.5,2007.0,7.177534672892454,28.0,0.0,472.0,185.0,170.0,10.0,339,Science Fiction,18121140.568193976
,30.901214879769448,130.40575881683728,4.6,2012.0,10.321969807904182,29.0,38.0,552.0,533.0,445.0,20.0,898,Comedy,241.55998248193083
,40.91390941150326,109.3624490699389,7.7,2006.0,9.91177355602924,11.0,0.0,4.0,4.0,0.0,9.0,23,Comedy,4790705.854701334
,27.77840717167478,164.72930376352298,7.3,2006.0,9.131617164563831,48.0,3.0,30.0,27.0,25.0,11.0,808,Drama,26683.580061884524
,31.33950974085737,152.08446293662516,6.6,2000.0,10.957256127291693,24.0,395.0,991.0,946.0,637.0,10.0,22,Action,1594.0192009288637
,38.34057989764834,142.788021683758,5.8,2005.0,9.168387519003623,590.9458205722317,2.0,2.0,0.0,0.0,3.0,0,Drama,3793044.756632869
,10.626560012216355,167.97018867219964,7.2,2014.0,7.553453530316926,9.0,3.0,387.0,244.0,205.0,3.0,16,Mystery,59787.86776271883
,10.047479474256086,137.4042477486609,7.2,2012.0,7.350881711469345,48.0,21.0,25000.0,766.0,680.0,54.0,0,Animation,2304929.9290648624
,35.15757157190061,137.31367723137342,3.5,2012.0,10.46301850175894,64.0,32.0,685.0,492.0,238.0,28.0,0,Crime,4975.70336325237
,21.193100931495263,123.96436595118368,7.5,2015.0,11.85846654990275,730.5277849669131,0.0,970.0,812.0,569.0,778.3030038417539,337,Romance,13514.756625035086
,43.49567349907705,127.61715105608494,2.2,2015.0,10.706504486578256,1.0,406.0,358.0,317.0,152.0,16.0,353,Comedy,147028415.0201736
,18.893828386737415,158.3838497380412,6.6,2011.0,7.379842794543992,26.0,0.0,322.0,178.0,120.0,45.0,701,Comedy,18.648641733764315
,20.09592278457549,154.86822011692917,6.9,2012.0,10.138909625170466,1.0,0.0,159.0,15.0,15.0,1.0,126,Drama,146804005.3826771
,10.60649230439176,151.24568631204127,4.0,2016.0,7.651623797157067,3.0,0.0,918.0,402.0,212.0,2.0,381,Drama,47850020.77346388
,13.050061790113698,152.58611699909562,7.4,2016.0,8.745084332939864,10.0,163.0,636.0,456.0,303.0,20.0,707,Adventure,14062.079778228846
,37.52677544331892,135.21972052032274,8.3,2014.0,9.347471550314042,1.0,0.0,84.0,41.0,33.0,1.0,70,Action,1569495.054790681
,20.687663144565327,169.11776628988554,5.7,2016.0,7.419656594621191,1.0,431.0,466.0,431.0,317.0,4.0,0,Comedy,10130.876034210343
,28.81592548808793,162.7875813257211,6.8,2014.0,9.088396489975873,10.0,0.0,0.0,0.0,0.0,10.0,44,History,850514.7507671183
,38.50823223357941,163.5630759121163,5.2,2016.0,11.15100157419117,1.0,0.0,385.0,169.0,53.0,1.0,9,Thriller,17990.789021277214
,24.842518451979327,153.92666018296143,6.2,1984.0,11.172423709905376,96.0,6.0,488.0,11.0,10.0,147.0,0,Comedy,326.5859621012334
,35.788120791507254,156.68898279729373,5.9,1991.0,10.928648451325827,8.0,10.0,353.0,12.0,10.0,11.0,123,Adventure,1563623.6492506764
,11.31475147553184,142.9995407552986,4.3,2015.0,8.312605541015921,1.0,5.0,472.0,251.0,237.0,5.0,62,Drama,128520.60997846551
,23.683838319262904,169.52239358443518,6.2,2006.0,8.355140316653182,88.0,365.0,907.0,365.0,49.0,58.0,0,Action,609132.7909505853
,32.7594067887976,169.82394369766416,6.8,2013.0,10.936203939318842,3.0,0.0,873.0,469.0,304.0,3.0,31,Comedy,1386134.6918307873
,23.682362274099567,119.2738710434734,8.2,2014.0,10.3267397275906,507.8555882017655,0.0,8.0,2.0,0.0,10.0,460,Adventure,10.488776527021543
,17.76584249610353,137.01530547654136,7.5,1990.0,11.8954587344063,71.0,89.0,88.0,74.0,3.0,52.0,865,Comedy,61478.65025487692
,26.25485025040573,137.2242501074642,7.6,2004.0,8.48020755751636,34.0,10.0,690.0,24.0,19.0,94.0,0,Adventure,4366.684576606116
,26.11346609588348,165.81229757301952,4.1,2013.0,11.93887137697956,15.0,15.0,847.0,94.0,93.0,6.0,61,Drama,1703710.2118408934
,12.062534113318533,161.9001886125995,7.7,2001.0,11.262360090162996,86.0,147.0,22.0,20.0,5.0,88.0,0,Drama,42806652.413734145
,36.50932197658271,146.50690142280777,7.1,2006.0,8.5602498613337,69.0,25.0,231.0,200.0,138.0,48.0,426,Action,738.255029229191
,38.27970853366418,161.13568743879867,4.7,2003.0,10.634761392561217,8.0,14.0,361.0,14.0,6.0,18.0,39,Horror,36.01516693419388
,14.99811213809641,130.13559906654808,7.7,1980.8952375060287,9.80024961995277,75.0,778.7835145581909,1000.0,923.0,833.0,379.0,0,Crime,238915.26431277118
,12.406504452124388,161.11034746776318,5.1,2010.0,7.810561866250928,4.0,4.0,93.0,31.0,12.0,31.0,638,Action,279.18441268521985
,43.91643694875647,129.95678045135116,5.4,2014.0,8.370005745782745,9.0,0.0,935.0,709.0,271.0,5.0,194,Drama,58493216.12631773
,12.880451175894454,131.15895057610712,6.9,1981.0,10.272548618046226,203.0,385.0,48.0,22.0,22.0,253.0,2000,Mystery,14216920.48932556
,44.40058133052648,137.39443844311623,8.2,2005.4955452684824,9.493083739461678,11.0,3940.13736873274,59.0,11.0,6.0,82.0,526,Romance,1110.6248752115532
,23.738067151000948,165.0779520417296,6.1,2005.0,7.688597950485333,80.0,3.0,108.0,64.0,39.0,52.0,166,Action,1690.8054682046554
,25.749602543967196,125.92570662832595,5.8,2002.0,9.65607175147423,8.0,0.0,169.0,80.0,36.0,10.0,7,Action,4.596391600142032
,10.160821502801925,131.83526046600082,6.0,2004.0,11.092708610637487,10.0,0.0,918.0,100.0,83.0,5.0,12,Drama,127692.7295978271
,45.05202843235429,129.84007067103252,8.2,1972.0,10.029335753270267,76.0,0.0,440.0,132.0,92.0,197.0,0,Action,233943603.30914244
,21.14621756388187,111.07266404077558,8.0,1916.0,7.275000501285964,69.0,204.0,436.0,22.0,9.0,88.0,691,Drama,444589.36282157584
,31.679514528189717,134.85197594195873,7.0,1997.0,7.514372025661067,43.0,3.0,643.0,606.0,513.0,75.0,672,Comedy,957898.8443525074
,38.81430344643362,151.46154000451287,7.2,2015.0,9.24920671632728,23.0,0.0,3.0,0.0,0.0,3.0,111,Thriller,17344587.730568554
,24.262797497115105,129.5245996171763,4.7,1987.0,10.968348618045107,40.0,44.0,615.0,96.0,93.0,46.0,583,Drama,643.9785601705378
,16.007733301230076,171.26580735696837,7.5,2005.0,7.559413788415476,45.0,0.0,0.0,0.0,0.0,16.0,70,Drama,2080.9067491063333
,14.507660587176415,167.80754392742614,6.7,2026.5828102158296,9.663173411566472,23.0,1065.182756775978,2000.0,821.0,576.0,323.0,17000,Drama,100111813.132626
,44.63556957538804,108.9256252027662,3.4,2015.0,9.575137972993844,4.0,0.0,196.0,3.0,0.0,8.0,240,Family,242882293.5409175
,15.39171348741921,168.4927375461791,6.9,1996.0,11.740678423843647,29.0,82.0,75.0,9.0,8.0,25.0,166,Thriller,15.961102824010153
,27.42207870231502,139.96138729374306,7.1,2003.0,11.893307676780369,131.0,54.0,1000.0,806.0,543.0,177.0,0,Drama,789.9063894931278
,29.64790518250592,115.79452189549096,5.6,1998.0,7.564562769279885,4.0,7.0,19.0,16.0,2.0,7.0,29,Comedy,21.941228284109325
,28.34610120593809,158.1359033355108,6.7,2006.0,7.756662144982086,88.0,129.0,52.0,44.0,26.0,57.0,594,Action,8.15714958583004
,38.08626052414668,161.32974832639974,7.1,2008.0,7.491532490528604,189.0,129.0,375.0,44.0,26.0,112.0,0,Comedy,3282308.555369051
,41.07881925821863,139.78811391375743,5.2,2010.0,9.397498487968589,20.0,5.0,795.0,659.0,301.0,23.0,92,Comedy,6722.87511751696
,35.31701240060203,157.84539198664623,7.7,1965.0,9.409084908051591,96.0,0.0,710.0,257.0,0.0,74.0,2000,Action,334.2558294666694
,31.299386569621603,146.03605856672704,7.5,2005.0,9.19628081362788,27.0,0.0,2.0,0.0,0.0,8.0,50,Action,31984.69321634861
,19.422360493634805,144.4494071280007,8.1,1964.0,11.314130268572036,24.0,0.0,581.0,99.0,87.0,26.0,363,Science Fiction,2876.654367834194
,29.0162579102546,120.67657761624793,6.6,2004.0,9.629085713402464,13.0,3.0,54.0,53.0,25.0,23.0,30,Comedy,329896.3248305457
,23.792766973760926,108.07576537386124,3.2,2009.0,10.89018788767201,8.0,0.0,502.0,119.0,32.0,18.0,53,Horror,38713591.993851304
,16.38874743154662,144.7188581765475,6.6,2015.0,11.598286163279672,4.0,44.0,644.0,503.0,221.0,1.0,175,Comedy,497.68590108019566
,17.152052375719528,166.53364424782885,4.8,2014.0,7.603704110329614,10.0,0.0,685.0,665.0,309.0,5.0,261,Animation,30367890.69280804
,15.411823938427784,138.1064278279468,4.5,1990.0,8.82263839125974,1.0,0.0,156.0,102.0,87.0,4.0,4,Drama,5298.249034777796
,33.50140282287015,107.65426279250796,7.2,2010.0,8.726024253904054,8.0,3.0,500.0,317.0,248.0,7.0,7,Drama,222.976714206438
,22.22410064926832,146.5143456154088,4.3,2015.0,10.762191318691029,9.0,77.0,19.0,0.0,0.0,1.0,114,Comedy,15747.730538158374
,44.38087291236514,169.32146063045872,4.5,1981.0,8.101597085402757,78.0,5.0,431.0,338.0,180.0,58.0,249,Thriller,71941948.99368596
,36.80820340243861,125.99918722960962,6.4,2011.0,8.40673454655225,131.0,19.0,778.0,456.0,313.0,58.0,0,Horror,7625.363932361084
,43.484016201191146,150.2856339272461,4.3,2010.0,7.784933073626812,246.08790223540805,2.0,466.0,216.0,99.0,1219.2234102904204,16,Drama,3166.2825521393574
,9.922907982414294,169.35680152653865,7.2,2002.0,11.365255708618507,51.0,681.0,94.0,26.0,13.0,138.0,661,Adventure,50.2547475297945
,20.1374605709647,128.11365989500877,6.5,1995.0,10.440727789507886,23.0,4.0,360.0,273.0,10.0,36.0,423,Crime,1619380.022096221
,11.155250000676409,163.64456793315875,6.6,2000.0,10.602468982485082,59.0,44.0,625.0,487.0,129.0,136.0,170,Documentary,1752196.921808631
,34.2927238255949,155.14368977263723,6.7,2001.0,8.64317419973305,9.0,0.0,250.0,89.0,51.0,40.0,133,Drama,35.11686203172426
,23.588807135684792,148.70541263032973,4.3,2014.0,7.774066668735475,786.497651170589,0.0,569.0,553.0,185.0,278.99257481335025,17,Drama,1754419.0913475088
,20.177860480977763,114.65042195842295,6.4,1996.0,10.2734913040862,21.0,0.0,991.0,575.0,62.0,21.0,46,Drama,19692.684896633964
,23.46169222080041,136.71306067875076,5.5,2004.0,11.468815670804211,43.0,7.0,308.0,249.0,142.0,64.0,98,Comedy,16510672.062334923
,38.92472087285032,142.86510468616183,4.3,2015.0,10.343644405977493,230.2114153494053,0.0,471.0,320.0,270.0,2.0,85,Action,24.806939137141995
,33.577137703337954,113.1081077027687,6.1,1999.0,8.55288640133335,29.0,99.0,793.0,605.0,181.0,22.0,93,Adventure,78650.96478555353
,35.0711773337679,133.57189497194656,6.8,2005.0,8.643528949549832,27.0,269.0,100.0,8.0,7.0,11.0,62,Crime,153888.26182575768
,34.989783708634334,147.5677720764679,8.5,1992.1017761796188,11.159105440219324,11.0,2149.187960871257,887.0,340.0,250.0,59.0,10000,Thriller,16350.794560411141
,43.525195949076206,107.19146334900718,6.9,2004.0,9.731024983353844,26.0,5.0,68.0,64.0,41.0,15.0,122,Comedy,381.9452465469711
,12.358468161058989,133.1187336710462,7.3,2007.0,11.169018744586896,85.0,337.0,35.0,32.0,22.0,32.0,773,Comedy,72347.92199375977
,43.24305434810216,154.8071807058835,6.9,2009.0,9.98416364288921,77.0,17.0,766.0,438.0,289.0,120.0,14000,Comedy,15301370.601034982
,16.289972371867364,166.24461333659767,6.3,1997.0,9.187980378770703,8.0,0.0,119.0,24.0,5.0,7.0,67,Mystery,7632.2888301981275
,12.399109875990233,167.64261623495776,2.5,2008.0,9.5849923936962,5.0,7.0,349.0,168.0,73.0,18.0,777,Comedy,1618.9545387816702
,19.4960592644516,109.2870502414579,5.7,2010.0,7.007821335651524,3.0,1000.0,1000.0,53.0,3.0,8.0,141,Action,9784823.352975456
,41.258876080969,130.4112025377494,7.0,2009.0,10.907282912534198,66.0,63.0,135.0,115.0,76.0,215.0,11000,Comedy,4262.840553567303
,44.8954843568485,129.46974117117713,6.2,2010.0,7.028007524239528,4.0,3.0,337.0,168.0,104.0,10.0,0,Fantasy,3658.122743574097
,38.75695076847365,131.3346898309411,6.9,2007.0,8.351049160702663,139.6260991730384,2.0,338.0,219.0,152.0,173.91451956796934,0,Thriller,70296680.88821633
,43.653147731629296,122.69060793562105,4.5,1982.0,7.288483225628796,15.0,32.0,602.0,427.0,180.0,18.0,76,Fantasy,8626753.956100231
,24.40073122932415,167.4345968186052,7.8,2013.0,7.977967896599956,1.0,0.0,0.0,0.0,0.0,1.0,53,Drama,27090221.722904567
,12.030216694135172,114.5475287714692,4.4,2012.0,7.0870051305309145,12.0,7.0,236.0,206.0,89.0,28.0,519,Comedy,196.99705324269956
,29.100081565005787,168.63110887822862,6.6,2014.0,10.896162731751728,1.0,431.0,288.0,96.0,3.0,1.0,71,Comedy,6518.701475049686
,43.41621566889781,114.87761090926892,8.0,2014.0,9.793283714884035,6.0,30.0,699.0,683.0,670.0,2.0,199,Adventure,61993854.34274611
,42.330999760993095,109.57145540439052,6.5,2006.0,10.178872999292304,2.0,12.0,1000.0,185.0,29.0,1.0,72,Comedy,40832608.42585308
,29.7793359021167,159.2992447436574,7.1,2013.0,8.255520504028933,17.0,0.0,431.0,297.0,142.0,2.0,231,Action,197994.9225591161
,32.517475155610846,159.69939072037957,4.0,2015.0,11.740059740131636,5.0,7.0,814.0,755.0,494.0,4.0,244,Comedy,3733.981829729398
,33.848541253988714,133.39882789085155,7.0,2000.0,7.707259756851519,38.0,0.0,254.0,147.0,131.0,73.0,72,Drama,9.666459111839774
,12.285732435351257,164.5647819502829,4.0,1969.0,10.191149048645745,21.0,0.0,12.0,12.0,0.0,5.0,17,Adventure,1341.434590345532
,40.29731571177892,163.61812921850495,7.2,2004.0,10.312026564729004,15.0,0.0,66.0,0.0,0.0,13.0,30,Action,379.87605883127543
,23.18186761030476,163.92996381379706,6.4,2010.0,8.362803875871917,25.0,0.0,77000.0,21.0,16.0,26.0,0,Family,46.70743521116751
,11.29878397299709,162.9755831423256,6.5,2012.0,10.161130670740407,37.0,151.0,1000.0,1000.0,305.0,10.0,569,Comedy,23.407532638367677
,12.080369049206864,159.23393188013634,6.9,2002.0,7.847242105862444,12.0,18.0,96.0,90.0,61.0,14.0,96,Horror,23570.826724571372
,24.592789805110694,110.53382344070026,7.5,2008.0,7.892822490685928,7.0,0.0,178.0,58.0,15.0,2.0,26,Comedy,131.6475709055395
,35.236334796643625,107.64579667195268,5.1,2003.0,9.866037152495457,60.0,25.0,169.0,25.0,10.0,112.0,198,Drama,12.674862480128954
,15.489072859622848,136.94475953071748,6.2,2015.0,9.158865824325224,4.0,89.0,471.0,89.0,45.0,1.0,47,Comedy,31419.102062065795
,26.439968315244563,145.8865328615858,3.9,2010.0,8.57336032967737,42.0,2.0,259.0,165.0,156.0,22.0,0,Comedy,8057.35186805825
,22.229232161586683,115.80997240763712,6.0,2008.0,8.778822960763911,93.0,157.0,962.0,873.0,98.0,40.0,443,Comedy,73.09956302163316
,15.680737002250222,152.96341069109047,6.8,2014.0,9.769345274134658,1.0,0.0,138.0,18.0,15.0,1.0,267,Drama,936.5932448764839
,39.30912086557049,140.1297986912778,7.4,2004.0,7.081177950460301,16.0,121.0,27.0,0.0,0.0,4.0,44,Fantasy,6005.104059098667
,16.20549894561603,154.75496564626437,8.1,1955.0,9.595752873102828,54.0,147.0,0.0,0.0,0.0,49.0,863,Drama,16.49244334796819
,11.450036128097237,160.47297970976533,6.5,2008.0,8.323113180564329,38.0,123.0,3000.0,985.0,782.0,51.0,0,Action,43231.82920903178
,30.71528550715481,127.50630672075457,8.0,2007.0,11.582738213243728,66.0,29.0,505.0,323.0,131.0,638.0,46000,Thriller,48434.454483526315
,31.43223107082937,138.7679070441594,7.7,2006.0,9.371117782443337,11.0,15.0,2.0,0.0,0.0,10.0,246,Adventure,643452.5228566859
,29.321202500797263,142.33414023268497,7.2,2004.0,8.337205076650392,6.0,20.0,563.0,194.0,32.0,32.0,90,Music,3636.027131857987
,31.463976307810206,121.82200468826306,5.4,2008.0,11.673972331907038,25.0,0.0,236.0,189.0,31.0,10.0,83,Action,2.710800982653444
,35.667730902922834,139.47073585251172,6.7,2012.0,7.868866403669642,13.0,0.0,178.0,32.0,27.0,1.0,38,Comedy,228162.04265990952
,36.16298690259172,134.98426728160916,6.3,2014.0,8.189442146180049,18.0,0.0,110.0,79.0,75.0,1.0,142,Action,279572.03735421726
,36.09794645928772,109.61198871249984,8.1,2012.0,9.288655154851764,3.0,0.0,433.0,375.0,178.0,3.0,66,Drama,32.68889489391706
,42.13813071957995,155.3233741914411,6.5,1986.0,8.71292642918913,26.0,0.0,539.0,53.0,46.0,26.0,406,Crime,9.20199285822114
,32.8164898611446,124.86385645170031,8.7,2014.0,8.487563050943937,661.7388297570656,0.0,0.0,0.0,0.0,1.0,88,Comedy,287.1595074181797
,19.67991434708847,114.39309730215864,6.5,2015.0,11.013750174528552,5.0,0.0,0.0,0.0,0.0,1.0,34,Thriller,11311.496228173926
,40.3404822055732,151.7250982324959,7.0,2014.0,9.29102838474866,519.8464981079737,0.0,270.0,54.0,26.0,1.0,65,Comedy,930433.9370870467
,28.910755398536025,168.02991813636248,7.3,1999.0,11.473536844815428,18.0,14.0,142.0,23.0,3.0,22.0,73,Romance,583994.8486593477
,14.452473264600291,144.24264185315516,7.4,2009.0,9.87725298187236,29.0,0.0,58.0,2.0,2.0,9.0,0,Thriller,26940.966449293104
,44.71358561091447,159.410523323887,5.4,2012.0,7.773763658615179,44.0,6.0,498.0,204.0,115.0,27.0,0,Action,66707.58989254078
,22.22539123850961,137.6481573921655,7.1,2015.0,9.09533253298092,2.0,0.0,52.0,36.0,21.0,1.0,197,Action,23.796879872102544
,11.32335760592318,164.60457297571338,8.4,1965.0,9.288096236983504,43.0,36.0,39.0,36.0,27.0,126.0,0,Fantasy,259390.919477001
,43.25446221618355,150.13904583141374,7.0,2015.0,9.64889977094752,5.0,0.0,0.0,0.0,0.0,2.0,215,Drama,419.5227805011959
,21.53992845910001,164.3259340695692,5.3,2013.0,7.189752589562409,16.0,4.0,502.0,366.0,232.0,9.0,207,Crime,187488.46732886095
,35.15867046835524,167.44299014063373,7.1,2014.0,8.20474131844164,18.0,0.0,0.0,0.0,0.0,2.0,116,Drama,13605455.509290231
,32.751976260744186,171.24170692565025,7.2,2014.0,7.1590973284209865,3.0,0.0,196.0,180.0,163.0,3.0,72,Comedy,6467.43270097429
,27.1801641802165,123.60533270921512,6.7,2011.0,11.053418668271352,136.0,129.0,120.0,119.0,100.0,69.0,0,Action,936680.243571143
,10.832817404075834,133.5609004818021,8.2,2013.0,9.484298333344483,586.3895832074384,58.0,7319.711922058784,5069.18461414037,0.0,455.06144554059097,54,Crime,524290.3917162945
,14.529474755510645,139.2340839175917,6.6,2005.0,10.960387275881958,12.0,0.0,0.0,0.0,0.0,7.0,14,Comedy,42.29540825019729
,31.762642715029106,148.87665970315712,5.1,2015.0,7.417791645774578,351.45178719959813,0.0,17.0,0.0,0.0,432.3467924871488,0,Music,2350.6551844895484
,21.21560681599899,167.31327597887042,7.0,2007.0,8.401983498918494,8.0,686.0,847.0,686.0,405.0,46.0,377,Action,879.8258885604064
,13.216531382602913,158.98634303435688,7.0,2007.0,9.209470760969063,8.0,686.0,847.0,686.0,405.0,46.0,377,Comedy,247928194.6553632
,32.57795423174268,134.70289352738266,7.0,2007.0,11.281066781143792,8.0,686.0,847.0,686.0,405.0,46.0,377,Comedy,6.422559272059066
,38.0689007795749,166.0805873772856,7.0,2007.0,10.92684014869534,8.0,686.0,847.0,686.0,405.0,46.0,377,Comedy,11.480383619186512
,10.667837368788812,110.0003822887714,7.4,1964.0,7.127842315406738,36.0,0.0,12.0,7.0,5.0,10.0,187,Drama,4.072338738590378
,38.95948706639229,164.0571942001173,5.7,2003.0,8.749374350944406,1.0,7.0,206.0,81.0,69.0,5.0,0,Comedy,2638129.9129336155
,36.39559880569296,114.35784240516962,4.8,1920.0,8.548109370083248,1.0,0.0,2.0,2.0,0.0,1.0,0,Crime,158.32502008676929
,43.80863071321587,167.81616989019489,7.0,1987.0,8.80638035714971,21.0,467.0,467.0,322.0,287.0,32.0,471,Crime,22646.113884964903
,24.46058302427737,134.77071974310627,7.3,1998.0,9.998069971941888,57.0,23.0,1000.0,577.0,545.0,113.0,0,Comedy,17.62683551633883
,40.27415925835823,113.06068115687415,5.8,1979.0,9.86847352683958,23.0,9.0,116.0,24.0,10.0,10.0,157,Romance,164.37463013898554
,44.56831716386819,129.13765808180105,7.0,2001.0,10.885826176763876,88.0,56.0,126.0,76.0,56.0,118.0,0,Horror,3739696.216263235
,26.03495036264286,111.7340560868208,3.2,2014.0,8.73539176663633,2.0,7.0,143.0,134.0,50.0,4.0,178,Adventure,149.05148706271817
,24.472315997844586,172.67731393060484,6.8,2013.0,11.04693462781064,193.0,3.0,3000.0,982.0,307.0,52.0,0,Romance,1575295.2187920439
,18.30576582336081,173.63683574688062,7.7,2012.0,8.071884096011072,50.0,0.0,0.0,0.0,0.0,23.0,0,Thriller,126958.19386183967
,38.83725121679996,147.8290505614451,5.6,2007.0,11.235476474893616,61.0,3.0,798.0,279.0,140.0,44.0,246,Adventure,29963338.476195082
,44.87648698868458,123.07748158813986,7.1,1948.0,7.551808886691175,1.0,2.0,142.0,86.0,75.0,9.0,10,Drama,149545873.63866666
,29.592937891431305,148.5573293932547,3.6,2013.0,11.31490624296102,5.0,0.0,416.0,18.0,10.0,1.0,17,Drama,10269.718608262981
,17.84561226271866,111.7546031225026,6.8,1971.0,7.228610781756242,14.0,6.0,440.0,98.0,13.0,19.0,65,Comedy,211420751.06988138
,35.16648624782677,162.8950204831533,7.6,2014.0,8.016716633385496,5.0,0.0,45.0,0.0,0.0,1.0,82,Thriller,1707396.8514120239
,41.05966760686085,110.79622041222176,8.3,2004.0,9.113688121804769,16.0,3.0,103.0,0.0,0.0,13.0,110,Adventure,59486205.63227545
,44.73342735578233,159.68878360725563,5.4,1997.0,7.831451733103626,5.0,12.0,238.0,166.0,117.0,15.0,97,Drama,11.459099099962392
,38.93893434989205,168.16335451357045,5.3,1998.0,9.255208060294004,32.0,0.0,1000.0,184.0,153.0,83.0,30,Horror,1372793.5050526105
,13.803923244702258,148.2021560685363,4.5,2015.0,7.3776817763194575,18.0,7.0,118.0,15.0,3.0,18.0,34,Action,306207600.8437338
,21.81035196787117,166.7089258405278,5.6,2011.0,8.49373097358739,66.0,32.0,968.0,407.0,128.0,22.0,0,Comedy,22568.14785551052
,20.980484937796323,123.42265506366684,5.6,2014.0,8.275512920209838,65.0,217.0,10000.0,969.0,442.0,23.0,812,Horror,2028.1945039586337
,25.305206675200463,173.38062732456422,4.1,1962.0,11.035722123071803,95.0,2.0,24.0,16.0,6.0,152.0,1000,Animation,4.077429876329429
,29.17409116119977,168.689737848579,6.8,2014.0,7.895060078336995,13.0,0.0,267.0,87.0,46.0,8.0,182,Drama,67.71473799839212
,44.78102762714328,158.3905676691563,6.3,2012.0,9.690622542055792,15.0,8.0,969.0,778.0,272.0,4.0,209,Drama,2959702.362741821
,36.23010048165069,126.18647475068792,5.8,2011.0,11.73719903712453,125.0,59.0,35.0,28.0,9.0,136.0,3000,Comedy,750498.9094193684
,44.831421388315576,119.52961711693555,6.6,1995.0,8.071657609039558,36.0,0.0,138.0,111.0,73.0,36.0,265,Comedy,7.813924978546059
,10.865907889574483,142.27437305814087,6.7,2013.0,11.960803799298985,73.0,8.0,111.0,19.0,8.0,40.0,1000,Comedy,1077.7808961564265
,18.30663051885817,114.00009408435102,6.4,1983.0,8.675215388864242,1.0,9.0,866.0,308.0,3.0,9.0,114,Adventure,198.89496993415435
,14.506843045192356,161.85529152530876,3.4,2012.0,9.849167963630247,13.0,9.0,743.0,413.0,133.0,5.0,284,Crime,6648889.025111105
,18.524400510454758,116.81380420032067,4.7,2006.0,11.061815741664226,321.0638675336159,0.0,1000.0,36.0,15.0,3.0,2,Romance,36.95039666623076
,39.66203872743249,162.73315606420758,6.0,2015.0,10.748551866432855,12.0,6.0,0.0,2279.4485114937065,0.0,1.0,5,Comedy,2.5388815163416543
,43.64165633686887,149.51593652187927,7.3,2005.0,7.001427821164219,60.0,2.0,19.0,9.0,5.0,99.0,0,Crime,3080.0009921603814
,30.352121470268287,139.70459443740526,7.9,2013.0,10.652088041592204,10.0,0.0,0.0,2433.9808950478105,1580.6490261278643,10.0,33,Crime,20488.4112775122
,23.151576744626908,135.46978174371543,7.4,2014.0,9.170370873437182,7.0,3.0,26.0,20.0,18.0,2.0,83,Action,163831.79986679906
,42.91700018123711,151.64557292096887,6.6,2013.0,7.961687693179806,34.0,3.0,695.0,571.0,69.0,7.0,234,Comedy,2.5013011256787716
,40.85389070587357,133.823758651368,5.5,2013.0,7.440529675648217,674.128736530687,117.0,948.0,482.0,281.0,4.0,72,Horror,508217.45925741363
,15.658484496264242,115.99636807338582,7.5,2000.0,11.60377854917628,75.0,234.0,552.0,61.0,15.0,76.0,451,Thriller,30.6943399503408
,34.41247052160016,143.88826727108304,7.6,1999.0,11.058103705889172,21.0,4.0,20000.0,467.0,113.0,26.0,0,Comedy,234675722.31241378
,22.813348428929924,120.98641034452768,5.0,2014.0,11.990454298411404,3.0,0.0,883.0,507.0,279.0,2.0,87,Horror,860.5137209834099
,34.252836761587794,160.1852963819308,3.2,2011.0,10.83377434163716,2.0,138.0,307.0,114.0,76.0,6.0,239,Action,5.311725400610449
,24.322915194736083,166.80479668143846,3.7,2012.0,9.9395418833003,7.0,14.0,252.0,132.0,130.0,5.0,225,Drama,5601.824402823566
,19.707014632463643,159.62491734964914,6.3,2009.0,8.923596864823017,61.0,2.0,962.0,72.0,20.0,10.0,377,Comedy,144991.14782522255
,15.96399247235073,171.50080882660728,4.1,2007.0,11.966164358703772,3.0,6.0,32.0,17.0,17.0,9.0,13,Drama,1198.2577136336006
,12.32969291704996,169.23143686375158,6.9,2005.0,8.278843595200264,52.0,26.0,26.0,6.0,3.0,23.0,91,Comedy,1190.3591202159384
,28.92823141527901,149.96553205457676,5.4,2013.0,9.904635831726583,756.5793959753454,2.0,5.0,0.0,0.0,2.0,48,Horror,1512717.931500862
,15.292365809730091,155.67854428573526,6.7,1971.0,7.495479089651945,8.0,0.0,0.0,0.0,1374.8437297621915,16.0,85,Horror,21473891.423342433
,9.946233789512243,148.9666671605443,7.3,1997.0,7.61228712288512,80.0,119.0,136.0,108.0,7.0,197.0,489,Adventure,180357497.45445755
,21.96469468533582,151.1858142102669,7.0,2002.0,8.173766601696496,28.0,3.0,93.0,46.0,42.0,21.0,61,Family,75.21711643230005
,22.116087682239936,117.75948640405484,6.3,2009.0,10.840166988041863,58.0,892.0,986.0,918.0,492.0,129.0,0,Comedy,110748.253988988
,14.87790398678049,124.30509914772654,7.1,1991.0,7.805753007336728,61.0,0.0,5.0,0.0,0.0,80.0,2000,History,5.618233640562645
,25.204231543115974,133.2194552823619,4.8,2015.0,9.091820188036811,569.8557119348939,0.0,313.0,25.0,9.0,2.0,33,Comedy,8486.834211036261
,29.10282795019813,117.85047655367684,3.3,2013.0,9.021945323004417,1.0,138.0,370.0,184.0,138.0,3.0,200,Action,69215.54680417656
,13.523979629462607,164.0408395870201,6.9,2003.0,8.98235016523504,5.0,589.0,51.0,49.0,4.0,49.0,725,Comedy,2908.1510123280555
,33.084634139952506,133.21780046564544,4.6,2015.0,7.951312536566119,43.0,158.0,630.0,512.0,265.0,33.0,0,Comedy,13.496421231856129
,31.51315221926999,137.06188841765464,3.0,2011.0,11.084697363049852,153.82352506251266,8.0,720.0,19.0,8.0,8.0,33,Science Fiction,260889357.94983774
,21.187029651104965,143.17812596757125,6.6,2005.0,11.483944740779418,51.0,157.0,830.0,224.0,10.0,71.0,297,Comedy,215599687.28157085
,32.97762607106522,110.49699753675306,7.4,2014.0,11.793474212812503,6.0,0.0,147.0,19.0,4.0,1.0,45,Comedy,1547.5170663930235
,35.611414764669455,158.70467607252374,6.2,2009.0,11.534757756549109,22.0,38.0,331.0,212.0,211.0,8.0,324,Comedy,18283401.978118103
,12.782149699675376,108.19624202840552,4.0,2011.0,11.454885081338194,42.0,91.0,407.0,91.0,86.0,35.0,835,Drama,2514.2161727877974
,11.931249226306427,138.6953505793108,6.9,2004.0,10.16183195211926,81.0,107.0,576.0,133.0,45.0,39.0,171,Drama,5094.553147621964
,13.007125142178374,144.86652229391913,7.5,2000.0,10.622703173781488,64.0,397.0,5.0,0.0,0.0,26.0,697,Drama,152611.3099113015
,30.226662377604576,143.65577467815007,6.7,2007.0,11.382968541850683,12.0,18.0,10.0,5.0,0.0,1.0,105,Science Fiction,2.1350741417638766
,44.77638065738056,145.0317779928362,6.1,2004.0,9.188348479753708,345.248556900234,5.0,21.0,20.0,12.0,3.0,22,Action,21947.868256910537
,13.147463480678196,157.03591514331774,5.4,2012.0,11.00512447802761,13.0,120.0,785.0,98.0,84.0,8.0,424,Comedy,22.58125339029112
,17.84352485361358,146.08916890040723,6.4,1995.0,7.751075539670873,10.0,3.0,789.0,194.0,152.0,14.0,20,Horror,3256448.5916998396
,36.82303842462895,115.2554961646963,6.3,2005.0,9.167576727136565,35.0,0.0,0.0,0.0,0.0,35.0,74,Drama,2981.5258408082245
,37.07620359769624,153.3628506971864,7.8,2005.0,11.539350578646294,565.0924390273833,2.0,45.0,44.0,2.0,1.0,4,Action,18.90910738961431
,38.58481727351361,126.35481616364817,6.4,2011.0,11.096242505290093,14.0,0.0,296.0,205.0,133.0,14.0,413,Comedy,5.9141377522674174
,31.5565871283631,135.13644095283558,7.7,2013.0,11.92917071235701,1.0,2.0,637.0,470.0,318.0,6.0,84,Action,57424877.67636467
,32.320626856804935,131.96270695774007,7.5,1917.701357317513,8.411016863928579,43.0,3955.029703724217,841.0,593.0,319.0,359.0,32000,Fantasy,12.410520284283468
,42.338107786964194,116.76947993182016,6.3,2013.0,10.620412017168151,13.0,0.0,0.0,0.0,0.0,3.0,16,Drama,55916.88516055013
,23.384017962382693,111.65487781690696,6.3,2012.0,11.515995822191254,14.0,0.0,946.0,719.0,489.0,9.0,660,Thriller,59.64935513961557
,35.63176468725013,151.23768092188703,6.6,2004.0,7.152962600274226,43.0,16.0,86.0,23.0,16.0,84.0,456,Action,10.614424285765747
