tconst,primaryTitle,startYear,averageRating,numVotes,genre_score,movie_writer_quality,movie_actor_score,budget,director_quality,top_3_actor_scores
tt10103028,Blindfire,2020,4.9,807,5.934379375043728,4.900000095367432,6.312798778856992,25411765.758938257,4.900000095367432,930.3333333333334
tt29173358,BJJ: Woman on Top,2023,4.3,143,6.222950643159742,4.775000095367432,5.584329313113689,22449168.97011252,4.950000047683716,15333.333333333334
tt10276160,Weekend,2020,4.8,311,5.914761655885377,4.800000190734863,6.594587194287915,25531682.48902002,4.800000190734863,3851.3333333333335
tt20511498,Plancha,2022,5.4,702,5.885894239644082,5.350000143051148,6.509761648433125,28289376.5727412,5.350000143051148,24333.333333333332
tt13575922,Cheeni,2020,6.4,786,6.222950643159742,6.562023851985022,7.932980596515833,22449168.97011252,6.733333428700765,71.5
tt26684750,Ultra Red,2023,3.5,108,5.464677190288741,5.377777761883205,5.693652287606238,42929860.016185984,5.299999989961323,600.6666666666666
tt10786774,Sam Bahadur,2023,7.7,19697,6.508681045845364,6.999999920527141,7.67596941746566,22316555.880383592,6.549999952316284,545.3333333333334
tt15848010,Vaaitha,2022,5.6,156,6.098282728260086,5.599999904632568,7.148905559090818,23810550.63444363,5.599999904632568,22000.0
tt16450934,Love Machine 2,2022,5.6,111,5.885894239644082,5.8666666348775225,6.290915114444261,28289376.5727412,5.700000047683716,15333.333333333334
tt27756224,Wasted,2023,9.6,9,6.222950643159742,9.600000381469728,5.0,22449168.97011252,9.600000381469728,7000.0
tt15670222,The Flood,2023,3.2,2319,5.436928286568318,4.3166667222976685,5.164923189945569,32586910.75400862,3.783333381017049,9634.333333333334
tt10518240,The Donkey King,2020,5.2,322,6.024813727152462,5.199999809265137,6.523694021160398,52168570.67488267,5.199999809265137,418.6666666666667
tt32916201,Vulgar,2024,5.5,145,5.985107708534049,5.5,7.359218686378941,24629269.511692487,5.5,15333.333333333334
tt11388816,Married and Loving It!,2020,5.8,22,6.222950643159742,5.800000190734863,6.828629213836014,22449168.97011252,5.800000190734863,14333.333333333334
tt13452544,Graphic Desires,2022,4.3,543,5.606572668611012,4.300000095367432,4.419905093296184,28614196.00792752,4.440000104904175,6249.333333333333
tt24850708,Gunslingers,2025,3.6,1012,5.939163136921294,3.699999888737997,5.549377360434594,29971396.32591714,4.199999979564121,7472.333333333333
tt26670485,Royal,2025,5.0,183,5.807406297652405,6.407142877578735,7.561866247511523,40568748.73810671,5.0,17333.333333333332
tt13294064,Herd Immunity,2021,6.5,25,6.222950643159742,6.577777756585015,7.133685653724896,22449168.97011252,6.577777756585015,3844.6666666666665
tt14881588,Cuzzo,2021,7.2,14,5.914761655885377,7.299999872843425,8.780713300398856,25531682.48902002,7.5,2248.3333333333335
tt6692776,The Swearing Jar,2022,6.2,813,6.156287938925195,6.199999809265137,6.790053678289453,19845209.201655608,6.199999809265137,8654.333333333334
tt23668086,2323 the Beginning,2022,9.1,12,5.728918355660729,9.100000381469728,7.275717255617179,52848120.90347222,9.100000381469728,837.0
tt11279448,The Blonde Experiment,2022,6.8,49,5.885894239644082,6.800000190734863,7.47069531386059,28289376.5727412,6.800000190734863,2248.3333333333335
tt14952882,Eighteen Hours,2021,4.9,236,5.606572668611012,4.900000095367432,7.032590875741527,28614196.00792752,6.0,7666.666666666667
tt28366799,Strawman,2023,6.1,209,6.502852952026574,5.933333277702332,6.718408790512186,24468268.645484067,5.950000047683716,14598.0
tt11941700,Tonic Film,2021,7.6,2002,6.289821273509415,7.283333301544189,8.321584537695495,22354999.524447173,6.9666666984558105,17000.0
tt14572290,Muse,2021,9.6,10,6.222950643159742,9.600000381469728,10.610142693128662,22449168.97011252,9.600000381469728,8209.0
tt13406130,Filmi Raasleela,2020,7.7,13,6.084321177424017,7.699999809265137,6.628443811290249,20969162.450643778,8.199999809265137,2000.0
tt32659608,Coven of the Black Cube,2024,7.4,21,5.940077983527218,7.11111119058397,7.982168760934222,17864676.943919234,7.333333333333333,13000.0
tt13050932,A Horror in Oakland,2025,4.4,14,5.397174567368082,5.700000047683716,6.40434854493455,20276247.67809599,5.1333333651224775,9333.333333333334
tt5723896,When Everything's Gone,2020,3.6,96,5.464677190288741,3.5999999046325684,4.447685431008328,42929860.016185984,4.699999928474426,7122.666666666667
tt27625776,As It Flows,2022,8.5,14,6.15363591029188,8.5,8.170893141504392,21709165.710378148,8.5,4513.0
tt31710879,Legend of the Tall Grass,2024,5.9,19,5.290933252022113,6.299999952316284,6.29124460532325,22456305.679276817,6.299999952316284,646.3333333333334
tt11368252,Bawri Chhori,2021,4.1,133,6.222950643159742,4.244444370269775,5.678982262570199,22449168.97011252,4.174999952316284,912.6666666666666
tt11522860,Not My Mother's Baking,2020,7.2,53,5.985107708534049,7.949999809265137,8.659445409791907,24629269.511692487,7.199999809265137,8608.333333333334
tt13680678,Margot,2020,5.6,16,5.560081124793416,5.599999904632568,5.0,22947290.64297773,5.599999904632568,898.3333333333334
tt27012240,American Maroon,2023,6.6,125,7.213336372265705,5.0,6.168497429426063,4388240.25,6.266666730244954,5564.666666666667
tt22023218,You'll Never Find Me,2023,5.8,8145,5.601605715734657,5.800000190734863,6.327945151541663,22453926.77622205,5.800000190734863,5573.666666666667
tt13498824,The Match,2025,7.5,77,6.591212752060749,7.5,7.799446580046384,23451939.857645795,7.5,8996.0
tt5608400,The Jester from Transylvania,2024,4.8,37,5.719018767110168,5.900000095367432,5.5302549028335575,38674737.986233264,5.900000095367432,21000.0
tt13580476,Dead Souls' Vacation,2020,8.6,26,7.213336372265705,8.225000262260437,5.0,4388240.25,8.600000381469727,9666.666666666666
tt13593042,Revue Starlight the Movie,2021,7.8,228,6.094788520458504,7.800000031789144,8.735498782062727,46770066.77043572,8.0,25333.333333333332
tt34957792,Raising the Bar: The Alma Richards Story,2025,8.9,17,6.8595855007105575,7.099999904632568,7.816126140218658,25167045.62709448,7.099999904632568,6969.666666666667
tt21090492,Absence of Innocence,2022,7.3,107,6.222950643159742,6.575000047683716,7.738438994683348,22449168.97011252,6.575000047683716,558.6666666666666
tt16381608,Transient,2024,6.5,377,5.717435007912408,5.912499994039536,6.724290611012776,36102963.00082816,5.912499994039536,5267.666666666667
tt9250082,Performer,2022,8.3,6,6.054422441401912,8.300000190734863,9.277026587501071,25369272.771426857,8.300000190734863,5962.333333333333
tt15440562,The New Years Baby,2021,5.4,13,6.115733884805209,5.0,5.148332989837487,53872651.1465588,4.840000009536743,768.0
tt14033502,Bad Luck Banging or Loony Porn,2021,6.5,11371,5.8862853540735385,6.571428571428571,7.550534077388722,25369272.771426857,6.571428571428571,4333.333333333333
tt13803242,The Last One,2021,8.3,8,5.322781711966471,8.300000190734863,9.601008976827316,57245524.024444446,8.300000190734863,179.33333333333334
tt19413760,What Did Deborah Do?,2023,7.5,27,6.222950643159742,7.5,8.488783336894995,22449168.97011252,7.5,1279.3333333333333
tt31465592,Indrani: Epic-1 Dharam vs Karam,2024,7.6,1060,5.945921079488184,7.599999904632568,7.622505482045405,34528888.81544197,7.599999904632568,407.3333333333333
tt21650198,Cuffin Season,2022,6.6,13,5.985107708534049,6.599999904632568,7.719531595825185,24629269.511692487,6.599999904632568,750.3333333333334
tt15910068,Doka,2024,9.2,56,6.222950643159742,9.199999809265137,11.211674036405086,22449168.97011252,9.199999809265137,236.33333333333334
tt5651912,Holy New York,2020,3.8,15,6.222950643159742,3.799999952316284,4.826237774429158,22449168.97011252,3.799999952316284,592.6666666666666
tt26787296,Burning Betrayal,2023,4.2,4106,6.042109039962235,4.516666491826375,6.582737888729452,22557470.47544072,5.766666571299235,14000.0
tt11468232,Yenni Thuniga,2022,5.9,828,5.728918355660729,5.900000095367432,6.898835667524584,52848120.90347222,5.900000095367432,15000.0
tt12267750,Grandpa's Crazy?,2023,7.8,50,6.227802112796714,6.7500001192092896,6.839383679157535,33406355.75988257,7.800000190734863,424.0
tt18260282,The Bone Breakers,2022,6.2,86,6.222950643159742,6.116666475931804,7.202719286522994,22449168.97011252,6.199999809265137,16000.0
tt35218867,UrbEx,2025,4.6,14,5.931734292103311,4.799999952316284,5.0,16433617.202851212,4.799999952316284,15666.666666666666
tt32104188,Above Top Secret the Technology Behind Disclosure,2022,6.4,17,7.213336372265705,5.0,7.951799641958876,4388240.25,5.3199999809265135,703.3333333333334
tt12925390,Halfway Home,2022,6.4,914,5.95789302151667,6.400000095367432,7.560007242717861,34852221.20759139,6.400000095367432,810.6666666666666
tt24019984,He Played Me 2,2022,6.1,71,6.222950643159742,5.77142858505249,7.490727708795021,22449168.97011252,6.527777777777778,12333.333333333334
tt11261820,Tahara,2020,5.9,397,6.222950643159742,5.900000095367432,7.055343374062726,22449168.97011252,5.900000095367432,11333.333333333334
tt28803144,Alangu,2024,8.1,1183,5.728918355660729,7.650000095367432,7.156643754962879,52848120.90347222,7.650000095367432,4860.666666666667
tt14696284,Better Nate Than Ever,2022,6.4,3185,6.097361703018362,6.0,7.139395627844208,32869436.19342289,6.0,2865.0
tt12748296,Coronavirus: Perfect Storm,2020,6.1,21,6.222950643159742,4.669999992847442,6.47990565774868,22449168.97011252,4.7586207143191634,3555.0
tt32176009,Dearest Viet,2024,8.2,6,7.213336372265705,5.0,5.0,4388240.25,8.199999809265137,35000.0
tt9806258,Shadowtown,2020,4.5,189,5.882859537024568,4.5,5.809549833696342,25105814.9945353,4.5,3787.6666666666665
tt14246570,Hotel Iris,2021,5.4,63,6.222950643159742,5.400000095367432,6.784579836571647,22449168.97011252,5.400000095367432,277.0
tt15432818,Nightwatch,2022,7.7,17,6.222950643159742,6.8999998569488525,6.757111066222596,22449168.97011252,7.699999809265137,8523.333333333334
tt26758372,Meiyazhagan,2024,8.4,13934,6.203095434705503,7.699999809265137,7.342711167112803,35159466.00376374,7.699999809265137,717.0
tt21440122,Twente op Film - Zo doo wiejleu dat,2022,7.7,6,7.213336372265705,7.699999809265137,8.707365271685934,4388240.25,7.699999809265137,14666.666666666666
tt27300761,Snatched,2024,5.0,211,5.728918355660729,5.104545506564054,6.601061057185712,52848120.90347222,5.3038461941939135,18000.0
tt21334894,2017,2022,8.4,36,6.913804122380251,7.066666444142659,5.0,14224083.959745765,7.949999690055847,4615.333333333333
tt11489092,Bread: An Everyday Miracle,2020,7.0,121,7.213336372265705,7.0,8.420077107304374,4388240.25,7.0,4294.666666666667
tt21435350,Passport,2022,7.0,80,5.885894239644082,5.066666603088379,7.019942052767758,28289376.5727412,6.4666666984558105,6660.666666666667
tt12862516,Adopting Audrey,2021,5.6,386,6.222950643159742,5.599999904632568,6.280067138056099,22449168.97011252,5.599999904632568,10666.666666666666
tt13583466,The Eternal Moment,2022,7.6,60,7.213336372265705,7.599999904632568,5.0,4388240.25,7.599999904632568,1479.3333333333333
tt18398938,Harlow's Haunt,2022,4.0,569,4.975293835433215,4.0,5.338555873501665,16298415.350626118,4.0,1080.6666666666667
tt22778022,Feral Birds,2022,6.9,54,6.222950643159742,7.2399999618530275,8.051100178822187,22449168.97011252,7.288888878292507,679.0
tt15274254,Don't Let Me Stay,2023,3.8,94,5.606572668611012,3.799999952316284,7.227354777794607,28614196.00792752,3.799999952316284,913.0
tt14446324,Bright House,2021,4.9,64,6.222950643159742,4.900000095367432,5.426761929469744,22449168.97011252,4.900000095367432,5331.0
tt35929526,KorimDick,2024,8.6,7,6.1615919961918255,8.600000381469727,5.0,16117296.184210526,8.600000381469727,745.6666666666666
tt13604934,The Boys Who Said NO!,2020,7.7,30,7.213336372265705,7.599999904632568,9.092101446505014,4388240.25,7.699999809265137,6570.666666666667
tt33533431,No Such Person,2024,6.2,17,5.606572668611012,6.199999809265137,7.112880498907219,28614196.00792752,6.5,374.3333333333333
tt2141809,Lie with Me,2021,6.4,141,6.222950643159742,6.400000095367432,6.676448704260467,22449168.97011252,6.400000095367432,10333.333333333334
tt21211334,Vitthala Tuch,2022,7.8,6,6.222950643159742,7.800000190734863,8.671974075495656,22449168.97011252,7.800000190734863,9333.333333333334
tt21595312,Ant Karm,2022,9.6,7,6.222950643159742,9.600000381469728,5.0,22449168.97011252,9.600000381469728,26333.333333333332
tt15430152,Orbital,2022,5.1,32,5.772866177563106,5.099999904632568,5.0,39847346.49727848,5.099999904632568,2248.3333333333335
tt9859574,Shiv Shastri Balboa,2022,6.6,2329,6.054422441401912,6.599999904632568,7.596097220139787,25369272.771426857,6.599999904632568,4306.333333333333
tt13302660,Double Threat,2022,4.7,1474,5.740461754638607,4.400000015894572,5.273802297300292,36583897.828046985,4.400000015894572,16000.0
tt10962838,The Big Rant,2021,7.1,36,6.054422441401912,7.099999904632568,8.316869184175468,25369272.771426857,7.099999904632568,23333.333333333332
tt22479582,Chrysanthemum,2022,6.3,224,6.222950643159742,6.850000143051148,7.314639313737477,22449168.97011252,6.300000190734863,4262.666666666667
tt14295864,Love,2021,5.2,71,6.064388686742614,5.106666501363119,6.521241557294464,23902569.33116583,5.199999809265137,29900.666666666668
tt5153956,Last Sentinel,2023,4.9,7802,5.672433259298636,5.0,5.839787173192524,21000554.77543484,4.900000095367432,25333.333333333332
tt13887082,Grand Jeté,2022,4.7,1205,6.222950643159742,4.699999809265137,5.949296562177596,22449168.97011252,4.699999809265137,1495.6666666666667
tt30235816,Al progredire della notte,2025,8.1,15,4.975293835433215,8.100000381469727,8.17883458443374,16298415.350626118,8.100000381469727,1454.6666666666667
tt27481100,Who's Afraid of Nathan Law?,2023,8.3,43,7.213336372265705,8.050000190734863,5.0,4388240.25,8.050000190734863,12000.0
tt10261710,Fairy Dance,2021,4.4,6,6.064388686742614,4.400000095367432,6.486878200750543,23902569.33116583,4.400000095367432,224.0
tt31851933,Bored Games,2024,3.5,116,5.885894239644082,3.5,5.011315324408852,28289376.5727412,3.5,1550.6666666666667
tt11454430,Jaan to Pyara,2020,3.9,17,5.956079290955996,3.900000095367432,5.297938109747154,50358941.97044359,4.855555640326606,614.0
tt19730338,Naalo Ninnu Dachaane,2022,8.6,1097,6.084321177424017,8.600000381469727,5.0,20969162.450643778,8.600000381469727,7863.666666666667
tt15295912,Megalodon Rising,2021,2.1,987,5.342331301020138,2.0999999046325684,4.6421744921583175,42130686.759514265,3.3666666746139526,10895.666666666666
tt31172607,Cruel Summer III: Pray for Fall,2024,5.3,14,4.975293835433215,4.025000095367432,5.488099581130967,16298415.350626118,4.025000095367432,14000.0
tt19719976,Joyland,2022,7.6,7412,6.0274865653880845,7.3749998807907104,8.801901788123274,25303492.61387616,7.599999904632568,6659.666666666667
tt27191250,Mechanic Rocky,2024,6.5,3445,5.975934499410236,6.450000047683716,7.161831043688358,37648644.93679237,6.5,3852.6666666666665
tt18374194,De allergrootste slijmfilm,2022,4.8,111,6.0196453027547605,5.604166785875956,6.09192463865849,55536594.02579968,5.425000190734863,18862.666666666668
tt10984980,La Vida en el Silencio,2022,7.8,23,6.222950643159742,7.800000190734863,7.844135191864514,22449168.97011252,7.800000190734863,984.6666666666666
tt19768220,Role Model,2023,8.0,67,6.222950643159742,7.75,7.826574335706053,22449168.97011252,8.0,16000.0
tt19712084,GOW - Ghost of Wuhan,2022,9.2,25,6.222950643159742,9.199999809265137,5.0,22449168.97011252,9.199999809265137,762.3333333333334
tt21301666,Tees Maar Khan,2022,5.4,2284,6.0120633920814965,5.400000095367432,7.069214311023027,32088817.44140951,5.650000095367432,17666.666666666668
tt32126588,Lop Nor Tomb,2023,6.5,56,5.728918355660729,5.0,6.799344985087221,52848120.90347222,6.5,12666.666666666666
tt23037638,There Is a Monster,2024,3.8,169,5.601605715734657,3.799999952316284,4.094826045052715,22453926.77622205,3.799999952316284,270.3333333333333
tt4772204,The Unsettling,2022,4.5,116,5.672433259298636,4.5,4.856678611073308,21000554.77543484,4.5,671.0
tt14555212,Eat the Rich,2023,5.7,60,4.975293835433215,4.699999928474426,5.798955032399017,16298415.350626118,5.699999809265137,154.0
tt32155770,Burning Butterflies,2024,8.5,74,5.466973934449058,8.5,8.357431063517144,23055563.78803984,8.5,19333.333333333332
tt30787657,Carole & Grey,2024,7.4,16,5.885894239644082,7.400000095367432,7.221583940179659,28289376.5727412,7.400000095367432,12314.333333333334
tt29930759,Screw Mickiewicz,2024,4.8,804,6.222950643159742,4.800000190734863,6.818552406243319,22449168.97011252,4.800000031789144,5346.333333333333
tt13217556,Number 1,2020,6.7,288,6.054422441401912,5.583333174387613,6.724918353375276,25369272.771426857,5.966666539510091,19333.333333333332
tt10283270,Detective vs. Sleuths,2022,6.2,1610,5.840529489441369,6.183333158493042,6.547365512031284,34091377.73593761,6.199999809265137,6152.666666666667
tt11314148,Shiddat,2021,7.6,25311,6.084321177424017,6.547222150696648,7.982421300503002,20969162.450643778,7.599999904632568,506.3333333333333
tt12077076,Sententia,2020,5.8,44,6.222950643159742,5.800000190734863,6.58423909095534,22449168.97011252,5.800000190734863,5133.0
tt31969078,Lipstick,2024,6.4,28,5.934379375043728,5.7533333937327065,6.157745876926129,25411765.758938257,5.53333338101705,24333.333333333332
tt26258134,Tilam Perca,2022,7.7,10,6.203095434705503,7.699999809265137,8.157792706792256,35159466.00376374,7.699999809265137,6880.333333333333
tt11204380,Kharts,2021,4.7,8,5.606572668611012,4.699999809265137,5.618458948035032,28614196.00792752,4.699999809265137,4217.333333333333
tt7428318,Dil Rakh: Gloves of Kin,2023,7.7,36,6.222950643159742,7.699999809265137,7.577418248531582,22449168.97011252,7.699999809265137,7034.333333333333
tt7428318,Dil Rakh: Gloves of Kin,2023,7.7,36,6.222950643159742,7.699999809265137,7.577418248531582,22449168.97011252,7.699999809265137,7034.333333333333
tt28298233,Sultana's Dream,2023,6.3,236,6.239013067302203,6.300000190734863,5.0,34526458.530681826,6.300000190734863,1226.0
tt19373584,9 Nights,2022,6.9,12,5.817166178420404,5.0,5.0,20969162.450643778,6.900000095367432,7005.0
tt8608144,The Club of Angels,2020,6.4,144,5.914761655885377,6.400000095367432,7.806818188841998,25531682.48902002,6.400000095367432,700.6666666666666
tt7379472,Invisible,2021,7.9,200,6.970123683505946,7.900000095367432,9.119257545274658,14853805.404607048,7.900000095367432,10993.0
tt30790971,Klaus & Barroso,2024,5.6,1354,5.885894239644082,5.98888882001241,7.429419109629931,28289376.5727412,5.824999928474426,5935.666666666667
tt14392398,Joy-The Feathers of Life,2022,8.6,6,6.222950643159742,8.475000143051147,10.146679650163382,22449168.97011252,8.600000381469727,638.6666666666666
tt27557561,The Snare,2025,9.0,43,5.790093740985721,9.0,9.468428917315851,26893064.153351128,9.0,11528.666666666666
tt21315862,Gunjal,2023,8.2,89,6.377660399015961,8.199999809265137,10.12690263235093,23822608.067406863,8.199999809265137,1505.6666666666667
tt16243192,Lakelands,2022,6.4,270,6.222950643159742,6.400000095367432,7.523651690810059,22449168.97011252,6.400000095367432,5614.666666666667
tt15743072,Raydio,2021,6.1,25,6.222950643159742,5.0,6.865624246148658,22449168.97011252,6.099999904632568,685.6666666666666
tt11212572,Nocebo,2022,5.8,8314,5.290933252022113,5.800000190734863,6.5163834643964975,22456305.679276817,5.300000031789144,760.3333333333334
tt29536966,Es por su bien,2024,5.3,153,5.885894239644082,5.42380952835083,6.406551334121164,28289376.5727412,4.900000095367432,8512.333333333334
tt15978740,Boxed In,2022,5.4,141,6.222950643159742,5.400000095367432,6.711197749461171,22449168.97011252,5.199999968210856,4608.666666666667
tt13070602,A Castle for Christmas,2021,5.6,16434,5.988298420687361,5.599999904632568,6.388712863969786,37980656.85234604,5.0,10321.333333333334
tt23713066,Zhanna,2022,6.9,59,6.222950643159742,6.111111111111111,7.1933710737719965,22449168.97011252,5.933333237965901,11989.0
tt8891560,Surprised by Oxford,2023,6.2,1146,6.042109039962235,6.199999809265137,6.799859403697309,22557470.47544072,6.199999809265137,6896.666666666667
tt21836592,Ivy + Bean: The Ghost That Had to Go,2022,5.6,283,6.034567232947673,5.822222206327649,6.57100984995785,38079569.80507808,5.950000047683716,6825.333333333333
tt31079476,Enthaa Kathe Maaraaya,2023,9.4,14,6.222950643159742,9.399999618530272,8.769151238086115,22449168.97011252,9.399999618530272,580.0
tt10680564,After the Gunflint,2022,7.2,8,5.856050379258259,7.199999809265137,7.033748067978008,63203425.0141844,7.199999809265137,3800.3333333333335
tt29194243,Promiscuously Toxic,2024,6.9,14,6.222950643159742,5.6636363809758965,7.596973007739065,22449168.97011252,6.114285673413958,12993.666666666666
tt21970718,Mrigja,2022,8.8,22,6.054422441401912,8.800000190734863,7.58252447503712,25369272.771426857,8.800000190734863,13000.0
tt29580631,Shadi Mein Zaroor Aana,2023,8.1,22,6.203095434705503,8.100000381469727,5.0,35159466.00376374,8.100000381469727,7317.666666666667
tt15373868,Kranti,2023,5.1,10697,5.975934499410236,5.099999904632568,7.050356989412756,37648644.93679237,5.099999904632568,6406.0
tt27718223,A Flash of Beauty: Paranormal Bigfoot,2024,7.8,56,7.213336372265705,7.3500001430511475,9.27977997839325,4388240.25,7.3500001430511475,751.0
tt15245506,Munshigiri,2021,6.9,936,6.005206918607708,6.6250001192092896,7.842902348677912,23958393.75815104,6.600000143051148,714.6666666666666
tt13084504,Christmas Overtime,2024,5.4,26,5.985107708534049,5.266666730244955,5.951125619906377,24629269.511692487,5.400000095367432,1966.3333333333333
tt13411298,Josée,2020,6.5,1074,6.15363591029188,6.572222206327651,7.266238180271189,21709165.710378148,6.875,459.3333333333333
tt16589882,Unfix,2023,8.5,19,6.222950643159742,8.5,9.362007847818717,22449168.97011252,8.5,9978.0
tt31924252,Ivan Tsarevich i Seryy Volk 6,2024,5.6,90,6.123929056021521,5.344999972979228,6.312718058456699,58695366.16310725,5.316666642824808,4273.666666666667
tt25728802,Uttwaraan,2022,6.4,18,6.222950643159742,6.400000095367432,7.695135796694977,22449168.97011252,7.166666507720947,4807.333333333333
tt13352420,Naanga Romba Busy,2020,6.0,207,5.885894239644082,5.0,7.291349269014183,28289376.5727412,5.450000047683716,5333.333333333333
tt31416854,Anand Sreebala,2024,6.6,2391,5.97361481336043,6.679999923706054,7.238882195420378,25171932.29877474,6.599999904632568,515.3333333333334
tt4629854,Niemand,2021,7.0,7,5.842337855623179,7.0,7.5727138246390435,19435489.554866266,7.0,317.6666666666667
tt14013598,Oldest Bridesmaid,2021,8.0,8,6.054422441401912,8.0,8.32401297523293,25369272.771426857,8.0,20329.333333333332
tt9024936,Tayna,2022,5.1,43,6.0196453027547605,5.179999971389771,6.117393020283896,55536594.02579968,4.849999904632568,1627.3333333333333
tt15353864,Clap,2022,6.7,354,6.418611257827269,6.699999809265137,7.09992226400095,23254548.319802023,6.699999809265137,495.6666666666667
tt14591464,The Exchange 3,2021,7.4,11,5.807406297652405,7.400000095367432,8.375315531279606,40568748.73810671,7.400000095367432,431.0
tt11860412,Texas Death Trippin Ax-Tended Cut,2020,2.7,26,4.975293835433215,4.722222222222222,4.768741410519582,16298415.350626118,3.7625000178813934,18911.0
tt16749564,João Gabriel: The Last Day of Summer,2021,8.0,5,7.213336372265705,5.0,5.0,4388240.25,8.0,5781.333333333333
tt9174986,Istasyon,2020,3.4,26,5.934379375043728,3.00000003973643,5.0,25411765.758938257,3.00000003973643,13979.666666666666
tt15387224,Shivaji Surathkal 2,2023,6.7,600,5.799747593758131,6.799999833106995,8.530846853481703,26013402.77075604,6.8999998569488525,6530.0
tt28236368,Yannick,2023,7.0,7206,6.054422441401912,6.599999984105428,7.547343252135019,25369272.771426857,6.599999984105428,4926.666666666667
tt27349553,Yalakunni,2024,8.8,167,5.97361481336043,8.800000190734863,9.086380495820272,25171932.29877474,8.800000190734863,4176.333333333333
tt15323738,Czas na pogode,2022,5.3,17,6.222950643159742,5.300000190734863,6.461066434759226,22449168.97011252,5.300000190734863,1560.0
tt11027850,Hacked,2020,4.4,1845,5.606572668611012,5.1333333651224775,5.586476842552879,28614196.00792752,4.774999976158142,16174.333333333334
tt33481564,Water for Life,2023,8.4,9,7.213336372265705,8.399999618530273,7.931170991322151,4388240.25,8.399999618530273,16666.666666666668
tt33481564,Water for Life,2023,8.4,9,7.213336372265705,8.399999618530273,7.931170991322151,4388240.25,8.399999618530273,16666.666666666668
tt27648500,Jomblo Fi Sabilillah,2023,9.1,50,6.064388686742614,7.866666899787056,10.639344624021891,23902569.33116583,7.400000254313151,3935.6666666666665
tt27510542,Love Agent,2023,8.3,28,6.084321177424017,8.300000190734863,8.657393348982227,20969162.450643778,8.300000190734863,3925.0
tt13709012,My Dying Heart,2023,6.4,10,5.599122239296479,5.916666746139526,6.971612780870986,19373792.16036932,5.433333396911621,1613.0
tt13614196,The Mire,2023,7.8,33,5.914761655885377,6.0,9.17589129366116,25531682.48902002,7.800000190734863,3994.6666666666665
tt21812034,The Untold Truth: Diana and Dodi,2022,6.8,8,7.213336372265705,6.233333303814843,7.798367836859247,4388240.25,6.3285713990529375,9666.666666666666
tt11771626,Numbers,2020,5.4,256,5.772866177563106,6.0,7.24932035338319,39847346.49727848,6.525000055631002,1238.6666666666667
tt20216968,Wrist Lock: The Martial Arts' Influence on Police Use of Force,2022,8.8,14,7.213336372265705,9.300000190734863,7.212501276773654,4388240.25,9.300000190734863,10333.333333333334
tt29315015,September Says,2024,6.3,486,6.222950643159742,6.300000190734863,6.426419381079837,22449168.97011252,6.300000190734863,252.66666666666666
tt32576588,Bocchi the Rock! Re: Re:,2024,7.9,108,6.147113815119622,7.012500047683716,8.334850910771948,38583818.66019204,7.700000047683716,3945.6666666666665
tt15427936,Jaalbandi,2022,8.2,564,6.222950643159742,7.8749998807907104,7.990306950053156,22449168.97011252,8.199999809265137,648.6666666666666
tt23576328,Legend of Paul Pry,2022,3.4,18,4.975293835433215,5.657142911638532,5.67746207866084,16298415.350626118,5.825000047683716,3576.3333333333335
tt13347018,Bigfoot or Bust,2022,2.1,315,5.885894239644082,3.0,3.531070785645364,28289376.5727412,3.333333333333333,17666.666666666668
tt15482724,Guwahati Diaries,2022,7.8,24,6.222950643159742,7.800000190734863,9.090893128004629,22449168.97011252,7.800000190734863,14333.333333333334
tt22688146,A Nashville Country Christmas,2022,7.3,109,6.097361703018362,6.600000063578288,7.798063014486633,32869436.19342289,7.300000190734863,4110.666666666667
tt31463334,Don't Look Back... I Know Your Origins,2024,4.4,85,5.466973934449058,5.0,6.027042042327067,23055563.78803984,4.850000143051148,9666.666666666666
tt21958136,The Wasp,2024,6.1,4723,5.606572668611012,6.099999904632568,6.899141835111896,28614196.00792752,6.099999904632568,220.66666666666666
tt21958136,The Wasp,2024,6.1,4723,5.606572668611012,6.099999904632568,6.899141835111896,28614196.00792752,6.099999904632568,220.66666666666666
tt24327754,7 Beats Per Minute,2024,7.8,16,7.213336372265705,7.800000190734863,5.0,4388240.25,7.800000190734863,15333.333333333334
tt16153564,The Melon Heads: House of Crow,2024,6.5,28,4.975293835433215,4.800000031789144,7.462216540798236,16298415.350626118,4.800000031789144,4333.333333333333
tt31923508,Himalaya,2024,3.2,397,4.975293835433215,3.800000031789144,4.309907225665923,16298415.350626118,3.800000031789144,23333.333333333332
tt4435664,Shot in the Dark,2021,3.5,172,5.599122239296479,3.5,5.0684638967908535,19373792.16036932,3.5,5312.0
tt9319544,Bury Me Twice,2022,6.9,255,5.352106095546972,6.28333338101705,6.139034289992129,34573268.12704917,5.066666762034099,327.0
tt26345777,Here Comes the Rain,2023,5.1,19,6.222950643159742,5.950000047683716,5.612928023076679,22449168.97011252,5.099999904632568,6950.333333333333
tt27657634,The Land in the Shadows,2024,6.9,12,6.222950643159742,6.900000095367432,7.732092228909709,22449168.97011252,6.900000095367432,16333.333333333334
tt20851874,Fourth of July,2022,6.7,2352,6.054422441401912,6.8999998569488525,7.713196669382349,25369272.771426857,6.599999904632568,7377.666666666667
tt16141930,Dil Dosti Aur Dogs,2025,5.8,229,5.885894239644082,6.666666706403096,6.506990100272266,28289376.5727412,6.6250001192092896,486.0
tt30832707,Spirit World,2024,5.8,60,6.027207754384532,5.800000190734863,7.094509671147347,35592224.46732576,5.800000190734863,3809.3333333333335
tt33078329,In Search of Edgar Allan Poe,2024,8.2,13,7.213336372265705,8.166666666666666,7.554625014338967,4388240.25,8.166666666666666,739.6666666666666
tt14483774,Shortcomings,2023,6.4,4228,6.064388686742614,6.400000095367432,6.723161412212511,23902569.33116583,6.400000095367432,786.0
tt14182174,"Botticelli, Florence And The Medici",2021,7.2,138,6.222950643159742,6.599999904632568,8.136151968450164,22449168.97011252,7.199999809265137,5937.333333333333
tt9730822,Natural Disasters,2020,4.8,372,6.054422441401912,5.050000190734863,6.379198974638851,25369272.771426857,4.550000190734863,3815.6666666666665
tt18235420,Chhote Ustaad-Precaution Is Better Than Cure,2021,8.6,9,5.97361481336043,8.600000381469727,10.672119380174845,25171932.29877474,8.600000381469727,627.6666666666666
tt20766074,Ah Girls Go Army Again,2022,4.9,112,5.885894239644082,5.350000023841858,5.343464463032988,28289376.5727412,5.412499964237213,4567.333333333333
tt17678860,Tasty Sex and Fairy,2021,6.2,5,6.222950643159742,6.199999809265137,6.986981936047516,22449168.97011252,6.633333206176758,491.0
tt29382607,Irreversible Desires,2023,8.2,21,5.606572668611012,7.833333333333333,9.228248690205362,28614196.00792752,7.833333333333333,4367.666666666667
tt11729552,Aniela,2020,4.8,11,5.290933252022113,4.800000190734863,5.169354557941663,22456305.679276817,4.800000190734863,4543.333333333333
tt27301253,Umbrella,2023,9.6,47,6.084321177424017,5.0,10.028853764857756,20969162.450643778,9.600000381469728,1333.3333333333333
tt10355356,The Curse and the Covenant,2020,6.2,23,5.831464865609323,6.199999809265137,6.328652124231825,48735279.96453901,6.199999809265137,7547.0
tt21417654,The Placita,2022,6.0,6,5.322781711966471,6.0,5.0,57245524.024444446,6.0,740.6666666666666
tt11154884,Kings of L.A.,2023,7.3,57,5.862809136221746,8.0,7.3098572321678335,35436476.59166272,8.0,5333.333333333333
tt21148002,"Egypt, a Love Song",2022,6.9,17,7.213336372265705,6.900000095367432,8.055671898344247,4388240.25,6.900000095367432,5139.0
tt13958318,Kutty Story,2021,5.5,393,6.15363591029188,5.0,6.929436435776684,21709165.710378148,5.979999987284342,294.6666666666667
tt10616476,The Café of My Memories,2020,7.5,8,6.122956586807922,7.5,7.532467327252624,18543229.31742715,7.5,215.33333333333334
tt11012790,Vera de Verdad,2020,6.4,44,6.021002971231345,6.322222338782416,7.147150480970154,23351624.487839192,6.400000095367432,3950.0
tt12993042,Viridian,2025,5.8,5,5.606572668611012,4.000000071525574,6.022465168980023,28614196.00792752,4.600000083446503,7333.333333333333
tt31042395,Centro Ilusão,2024,5.0,5,6.222950643159742,6.150000095367432,5.0,22449168.97011252,6.150000095367432,13333.333333333334
tt15367730,Fast & Serious,2021,3.7,37,5.885894239644082,5.0,3.8003142190188193,28289376.5727412,3.7571428503308977,13333.333333333334
tt17507586,No No Girl,2022,8.0,28,5.975966727368925,6.650000095367432,9.00817466767582,24997541.8494732,6.650000095367432,4591.0
tt10463126,Tromasterpiece Theatre: Poultrygeist,2020,7.9,14,5.885894239644082,7.066666709052192,5.0,28289376.5727412,6.300000031789144,7307.0
tt12180508,Cascade,2023,4.8,731,5.606572668611012,4.9333334763844805,6.44144496209126,28614196.00792752,4.800000190734863,11666.666666666666
tt28102362,The Umesh Chronicles,2024,8.5,12,6.15363591029188,8.5,8.484657961505373,21709165.710378148,8.5,14333.333333333334
tt28711471,Metallica: M72 World Tour Live from Texas - Night 1,2023,8.1,33,6.760618937724424,5.0,5.0,16326453.030487806,8.100000381469727,451.0
tt10313748,La leyenda negra,2020,7.2,84,6.222950643159742,7.199999809265137,5.0,22449168.97011252,7.199999809265137,4484.333333333333
tt31035109,Harruk,2024,4.5,22,4.975293835433215,4.5,5.0,16298415.350626118,4.5,15333.333333333334
tt12377840,Karaganda: Red Mafia,2025,8.6,53,5.728918355660729,8.600000381469727,8.036155158175031,52848120.90347222,8.600000381469727,25.0
tt11210576,Only the Winds,2020,8.7,26,6.222950643159742,8.525000095367432,9.607762496386664,22449168.97011252,8.525000095367432,403.6666666666667
tt35541602,Hurt People Hurt People,2025,6.4,12,6.222950643159742,6.400000095367432,6.836710039562067,22449168.97011252,6.400000095367432,2210.6666666666665
tt35494658,San ting dian ying,2025,4.5,13,6.222950643159742,4.5,5.994722578608959,22449168.97011252,4.5,17666.666666666668
tt11469196,I Blame Society,2020,5.4,1137,5.489253581229437,5.400000095367432,6.680806456058093,24400662.643764943,5.400000095367432,4961.333333333333
tt2801568,Urban Shakedown,2022,7.8,8,5.885894239644082,7.800000190734863,8.544054198187917,28289376.5727412,7.800000190734863,654.6666666666666
tt29611823,Art of a Hit,2024,4.2,218,5.986287805439127,4.199999809265137,4.834283656492783,18358012.450408813,4.199999809265137,5333.333333333333
tt30691362,Shoshurbari Zindabad 2,2022,4.7,7,6.084321177424017,4.579999899864196,5.593890765055823,20969162.450643778,4.699999809265137,6450.0
tt12139560,Vidhi,2021,3.8,651,6.222950643159742,4.133333285649617,6.567499300321704,22449168.97011252,4.179999923706054,7440.666666666667
tt14657212,Small Town Pride,2021,7.9,9,7.213336372265705,5.0,5.0,4388240.25,7.900000095367432,6666.666666666667
tt15061498,Ladies Market,2021,4.4,66,6.222950643159742,5.0,5.351013537149106,22449168.97011252,4.400000095367432,10942.333333333334
tt15711508,Hitmen,2023,6.9,99,5.945921079488184,6.539393981297812,7.293635727656546,34528888.81544197,6.440350950809947,329.3333333333333
tt15301000,Biosphere,2022,5.5,2807,5.980103249471049,6.1875,7.133113910370451,33157941.83579757,5.5,4247.0
tt21033260,Pirates of the North Coast,2022,7.0,12,5.885894239644082,7.0,5.0,28289376.5727412,7.0,551.6666666666666
tt11199310,Miss India,2020,3.8,2639,6.222950643159742,4.016666611035665,6.609993767337932,22449168.97011252,3.799999952316284,2666.6666666666665
tt16734276,"One Day, You Will Reach the Sea",2022,6.4,266,6.222950643159742,6.0,7.2027659066357375,22449168.97011252,6.0,202.33333333333334
tt12759408,Octonauts and the Caves of Sac Actun,2020,6.4,274,6.024813727152462,6.583333253860474,7.463394974561999,52168570.67488267,6.599999904632568,4311.333333333333
tt20724796,Kerosene,2022,7.4,3463,5.975161270726967,6.700000047683716,7.621320335298533,33489740.724119827,6.700000047683716,3981.0
tt21855432,Our Trip to Berribrook,2022,4.6,91,5.430594037538649,3.4499999284744263,5.236383212040338,22293895.961683657,3.4499999284744263,7157.666666666667
tt31079401,Mandya Haida,2024,6.2,230,5.906619766542373,6.199999809265137,8.772114679897866,36908641.677058,6.199999809265137,264.0
tt14061002,City Rush 3,2023,3.8,833,5.67510496032921,4.683333357175192,5.895576211502154,45088525.74223048,5.266666690508525,414.3333333333333
tt10323676,The Contractor,2022,5.8,32528,5.852813889143827,6.150000095367432,6.414111821772497,34637161.96050409,6.350000143051148,4021.6666666666665
tt34386297,Yurka,2024,4.0,30,6.093628877981396,4.0,5.0,22863421.23984368,4.0,4532.333333333333
tt30225448,Domovoy,2024,4.3,290,5.403379350521269,4.6125001311302185,5.831289478801757,32516847.65758256,4.75,7285.666666666667
tt6378536,Unfinished Affairs,2022,5.4,370,5.790093740985721,5.366666714350383,6.181365163129546,26893064.153351128,6.299999952316284,3877.0
tt31919760,Bloody Johann,2023,3.5,50,5.430594037538649,3.5,4.948011194941364,22293895.961683657,3.5,645.6666666666666
tt7618794,Ali's Comeback,2020,7.1,52,7.213336372265705,5.0,5.0,4388240.25,7.099999904632568,3815.6666666666665
tt13534792,Forgiveness,2020,5.7,95,6.222950643159742,5.699999809265137,6.436778745254026,22449168.97011252,5.699999809265137,6398.333333333333
tt21439866,I Want to Be Killed by a High School Girl,2022,5.7,102,5.601605715734657,6.199999968210856,6.744422806168674,22453926.77622205,6.122222211625841,852.3333333333334
tt22033936,National Theatre Live: Straight Line Crazy,2022,7.7,123,6.222950643159742,7.699999809265137,7.886663970143275,22449168.97011252,8.049999713897705,651.6666666666666
tt28671816,Hasrat,2023,4.0,18,6.222950643159742,5.074999928474426,5.305933696948848,22449168.97011252,5.099999904632568,4724.333333333333
tt34621892,Follemente,2025,7.2,1382,5.885894239644082,6.832323093606967,7.278519226319205,28289376.5727412,6.866666475931804,5.0
tt15141270,Akshi,2021,9.8,66,6.222950643159742,9.800000190734863,8.608458107383752,22449168.97011252,9.800000190734863,658.0
tt10068716,Let Me Be Frank,2021,7.1,48,6.054422441401912,7.099999904632568,6.711439512469453,25369272.771426857,7.099999904632568,8666.666666666666
tt18375618,Dreaming About Her,2022,5.7,1604,6.222950643159742,6.266666730244954,6.457268447348253,22449168.97011252,4.849999904632568,1542.6666666666667
tt33512869,"Goodbye, Farewell",2024,6.6,6,6.15363591029188,6.1499998569488525,7.166243478342013,21709165.710378148,6.839999961853027,3777.0
tt7218244,Respite,2020,4.5,251,5.975161270726967,4.324999988079071,5.492316284664396,33489740.724119827,4.5,10000.0
tt35319926,La pie voleuse,2024,6.4,116,6.222950643159742,6.316666642824808,7.085460937346524,22449168.97011252,6.333333333333333,641.0
tt27512559,Teen Adkun Sitaram,2023,4.7,75,6.054422441401912,4.699999809265137,7.145213475025424,25369272.771426857,4.699999809265137,21333.333333333332
tt11924232,Semur 2: Cinlerin Büyüsü,2020,3.1,43,4.975293835433215,2.933333237965902,3.392552463050769,16298415.350626118,2.933333237965902,6447.666666666667
tt16822384,Borys,2021,4.0,24,5.728918355660729,4.0,4.157144115151802,52848120.90347222,4.0,1206.0
tt26761279,The Final Say,2023,7.5,135,6.084321177424017,7.2250001430511475,7.390013158682215,20969162.450643778,6.150000035762787,6283.0
tt11826240,Lalitham Sundharam,2022,6.1,2198,6.097361703018362,5.6499998569488525,7.280349558022627,32869436.19342289,6.099999904632568,7807.0
tt30695150,Elpot zem udens,2023,7.0,32,6.222950643159742,6.900000095367432,7.598442524111412,22449168.97011252,6.900000095367432,6702.333333333333
tt13694438,Scenes from an Empty Church,2021,5.7,150,6.054422441401912,6.049999872843424,7.30682306506183,25369272.771426857,6.399999936421712,718.6666666666666
tt12573454,Sharper,2023,6.7,35473,5.934379375043728,6.699999809265137,7.355264297564112,25411765.758938257,6.699999809265137,13421.666666666666
tt11885576,Magic in Mount Holly,2021,4.7,159,6.084321177424017,5.279999828338623,5.461060537218138,20969162.450643778,4.883333206176758,1080.6666666666667
tt9178190,Maysville,2021,5.8,215,6.222950643159742,5.800000190734863,6.713825429603813,22449168.97011252,5.800000190734863,421.0
tt17048222,Poly-iSH,2022,4.1,9,6.222950643159742,6.349999984105428,6.333575147877619,22449168.97011252,6.349999984105428,17333.333333333332
tt12747236,Do You Love Me As I Love You,2020,5.7,1319,6.15363591029188,5.0,6.391734890116442,21709165.710378148,5.6499998569488525,4322.0
tt17422606,Et Tu,2023,8.6,56,5.290933252022113,8.600000381469727,6.67235325959054,22456305.679276817,8.600000381469727,1321.6666666666667
tt10171472,Goodrich,2024,6.3,5347,6.054422441401912,6.300000190734863,7.311504487861509,25369272.771426857,6.300000190734863,557.3333333333334
tt13153882,Goodbye Stranger,2023,6.3,324,6.289821273509415,6.300000190734863,7.371490872669699,22354999.524447173,6.5,4757.0
tt20455254,Juniors,2022,5.3,187,6.054422441401912,5.300000190734863,6.591966021380946,25369272.771426857,5.300000190734863,865.0
tt7263022,The Demons Within,2023,4.7,31,5.290933252022113,4.699999809265137,6.17840648778794,22456305.679276817,6.25,10817.333333333334
tt7830014,What Breaks the Ice,2020,5.4,1300,6.005206918607708,5.400000095367432,6.6886052075807,23958393.75815104,4.75,14666.666666666666
tt32317795,No Way Out,2023,3.8,31,5.606572668611012,4.811111132303874,5.919698947907943,28614196.00792752,4.360000038146973,770.0
tt16254308,Too Cool to Kill,2022,6.1,836,5.885894239644082,6.1333333651224775,6.2805911285061695,28289376.5727412,6.099999904632568,519.3333333333334
tt9881678,Chapter X,2023,3.3,79,5.676569781400761,3.299999952316284,4.8768822371517775,29160954.76175921,3.299999952316284,7000.0
tt27162702,Mouj Masti,2023,8.5,15,5.885894239644082,8.5,5.0,28289376.5727412,8.5,1076.6666666666667
tt33372595,Tochka opory,2024,8.2,6,6.064388686742614,7.324999809265137,7.416445652579607,23902569.33116583,6.449999809265137,739.3333333333334
tt15399628,Unwanted,2021,5.3,86,6.222950643159742,5.300000190734863,5.0,22449168.97011252,5.300000190734863,8163.333333333333
tt13502506,L'Arracheuse de temps,2021,6.2,322,5.831464865609323,6.199999809265137,7.1673506856576426,48735279.96453901,6.6499998569488525,3087.0
tt12844910,Pathaan,2023,5.8,160684,5.7305138011766665,5.991666674613953,7.234083121977669,48221913.97519472,6.0,16666.666666666668
tt8310476,The Violent Heart,2020,6.2,991,5.914761655885377,6.199999809265137,6.637776514230171,25531682.48902002,6.199999809265137,337.0
tt15456456,Broken Borders,2023,7.6,10,6.222950643159742,7.349999904632568,8.681119177304538,22449168.97011252,7.599999904632568,9160.666666666666
tt27802490,Exhuma,2024,6.9,23535,5.672433259298636,6.900000095367432,7.916231018603681,21000554.77543484,6.900000095367432,1459.3333333333333
tt6835382,Pool,2020,3.9,111,6.222950643159742,3.900000095367432,4.7803403043043176,22449168.97011252,3.900000095367432,4544.0
tt28350704,Rode College,2024,6.6,430,5.975934499410236,6.724999904632568,7.791298923586242,37648644.93679237,6.599999904632568,74.0
tt7795112,Amour-Eux,2020,4.8,7,6.15363591029188,4.800000190734863,6.228534796743118,21709165.710378148,4.800000190734863,508.0
tt22457818,Lee Chang-dong: The art of irony,2022,7.6,28,7.213336372265705,7.599999904632568,5.0,4388240.25,7.599999904632568,5197.0
tt15022446,Petit mal,2022,5.6,118,6.222950643159742,5.4666666984558105,6.280145069934312,22449168.97011252,5.4666666984558105,14666.666666666666
tt5215096,Other Monsters,2022,4.1,129,5.790093740985721,4.099999904632568,5.231847869785336,26893064.153351128,4.099999904632568,7741.333333333333
tt33293355,King Xian's Worm Valley of Ghost Blowing Lamp,2023,6.4,72,5.728918355660729,5.719999980926514,6.598701305871428,52848120.90347222,5.560000014305115,7990.0
tt21882070,The IRIS Project,2022,8.4,45,5.149037773699843,5.0,9.097276448742504,36771969.687535286,8.399999618530273,4488.333333333333
tt21041144,The Battle for First Chair Opening Day Dreams PinPin Twenty,2022,8.7,9,5.322781711966471,8.699999809265137,10.06596256750517,57245524.024444446,8.699999809265137,1125.6666666666667
tt13556236,Everything Is Unknown,2022,4.9,20,6.042109039962235,5.100000143051148,6.054588204925439,22557470.47544072,5.100000143051148,2886.6666666666665
tt34460889,Nha Gia Tien,2025,7.0,119,5.430594037538649,5.0,7.20789126531559,22293895.961683657,7.0,12333.333333333334
tt10441958,How to Be a Good Wife,2020,5.8,2381,6.054422441401912,5.975000143051148,6.732075200193707,25369272.771426857,6.150000095367432,808.0
tt19800436,The Man for the Job,2022,6.0,45,6.222950643159742,5.857142857142857,7.162316711647086,22449168.97011252,5.612499982118607,1120.3333333333333
tt10337582,Last 6 Hours,2022,8.5,605,5.914761655885377,8.5,7.602863537146677,25531682.48902002,8.5,7972.0
tt32340343,Shell of Fear,2024,4.9,33,5.606572668611012,5.699999968210856,5.0,28614196.00792752,5.699999968210856,912.6666666666666
tt10756184,Saloum,2021,6.2,3268,5.436928286568318,5.766666531562805,7.126664592257337,32586910.75400862,5.333333253860474,2091.0
tt20784426,Maro Prapancham,2023,7.3,2108,5.717435007912408,7.300000190734863,5.0,36102963.00082816,7.300000190734863,7285.666666666667
tt26545639,Fragrant,2023,4.4,118,6.222950643159742,5.833333333333333,5.195516753505491,22449168.97011252,4.400000095367432,5255.333333333333
tt10383290,Donna Stronger Than Pretty,2020,5.1,533,6.222950643159742,5.099999904632568,6.456602193113969,22449168.97011252,5.099999904632568,3916.3333333333335
tt14667700,The Joy of Things,2021,7.0,167,6.222950643159742,7.0,7.870425008099325,22449168.97011252,7.0,17322.666666666668
tt29542040,Nevidimyy moy,2024,5.7,29,6.222950643159742,5.724999904632568,6.062830432854297,22449168.97011252,5.733333269755046,605.0
tt26345542,The Peacock,2023,4.9,346,5.885894239644082,4.900000095367432,6.395194824906958,28289376.5727412,4.900000095367432,4259.666666666667
tt16970840,Pen Vilai Verum 999 Rubai Mattume,2022,7.2,63,5.97361481336043,7.199999809265137,8.360241883452996,25171932.29877474,7.199999809265137,506.3333333333333
tt30956879,Midnight in Bali,2025,6.2,9,6.222950643159742,6.060000038146972,7.559860449188442,22449168.97011252,5.571428571428571,4754.333333333333
tt14091854,Burning Hearts,2022,6.3,519,6.093628877981396,6.266666809717814,7.1253939112972615,22863421.23984368,6.300000190734863,592.6666666666666
tt18413900,Mutant Ghost Wargirl,2022,4.5,356,5.525850033813599,5.25,5.841690632460411,55046822.46395834,5.800000031789144,904.3333333333334
tt12392416,The Party Bus,2020,6.7,13,6.222950643159742,6.699999809265137,7.337733993462688,22449168.97011252,6.699999809265137,4000.0
tt28360465,The World is a Beautiful Place and I am Not Afraid to Die,2023,5.3,10,6.054422441401912,4.200000047683716,6.222592607058672,25369272.771426857,4.200000047683716,3809.3333333333335
tt30476486,Haikyu!! The Dumpster Battle,2024,7.7,6249,6.147113815119622,7.699999809265137,8.270577590584423,38583818.66019204,7.474999904632568,5655.666666666667
tt20834182,Altered Perceptions,2023,3.3,189,5.372376948900879,3.299999952316284,5.320816949437026,32599339.79354548,3.9999998807907104,7333.333333333333
tt22061554,Oblivious,2023,4.6,626,6.222950643159742,5.0,5.216047821665027,22449168.97011252,5.699999928474426,165.66666666666666
tt13655580,The Ghosts of Monday,2022,3.0,373,5.290933252022113,4.144444539811876,5.082823562322844,22456305.679276817,5.340000057220459,4065.0
tt7017928,The Pre-Drink,2020,5.9,12,5.885894239644082,5.900000095367432,5.0,28289376.5727412,5.900000095367432,401.3333333333333
tt30416258,Filmlovers!,2024,6.0,150,6.348420207777178,5.806060588721073,6.747489926819134,24861756.158729017,5.666666666666667,402.6666666666667
tt30017270,Wir werden unsterblich sein,2023,5.1,9,6.098282728260086,4.399999976158142,6.44752705165593,23810550.63444363,4.399999976158142,1409.6666666666667
tt16259420,The Last Resort,2021,9.0,10,5.606572668611012,6.600000023841858,9.56075972686631,28614196.00792752,9.0,4822.0
tt14288764,Hospital,2020,3.3,626,4.975293835433215,3.299999952316284,6.4106910027384005,16298415.350626118,3.299999952316284,14333.333333333334
tt28800817,Kyllä isä osaa -elokuva,2024,5.3,495,5.885894239644082,5.300000190734863,5.946637700855284,28289376.5727412,5.300000190734863,994.6666666666666
tt15300538,Tom,2022,2.7,1903,4.975293835433215,5.155555539660984,3.233659347034903,16298415.350626118,5.155555539660984,7639.333333333333
tt28522288,The Heretics of London: The Smithfield Martyrs,2022,8.5,8,7.213336372265705,8.5,10.872832397874248,4388240.25,8.5,6528.333333333333
tt15292590,Mosul My Home,2021,6.3,6,6.787589462335919,6.300000190734863,5.0,17176461.436186846,6.300000190734863,4682.666666666667
tt32857155,Kali,2024,7.8,424,5.606572668611012,7.800000190734863,8.046919818812047,28614196.00792752,7.800000190734863,7568.666666666667
tt13540650,Proof Sheet,2023,9.0,43,5.819055299302949,9.0,9.229978746236569,24254080.005565863,9.0,4435.0
tt33362137,Kutsal Damacana 5: Zombi,2025,1.9,359,5.885894239644082,2.4249999821186066,4.208850404253214,28289376.5727412,3.514285683631897,12333.333333333334
tt20836102,On Human Touch,2023,5.6,22,6.222950643159742,5.599999904632568,6.755985389533507,22449168.97011252,5.599999904632568,3973.0
tt5472822,Flint,2020,7.2,124,7.213336372265705,7.199999809265137,6.2505726299918205,4388240.25,7.349999904632568,4034.3333333333335
tt27540975,Nome,2023,7.4,41,6.294813698504193,7.275000095367432,5.0,21551472.35390872,7.400000095367432,11333.333333333334
tt32844059,The School of Women,2024,6.3,17,7.213336372265705,6.300000190734863,7.312967492578395,4388240.25,6.300000190734863,1521.0
tt13409808,Ebhabei Golpo Hok,2020,7.5,51,6.222950643159742,7.34444448682997,8.682727832792082,22449168.97011252,7.5,567.0
tt29266854,Marichi,2023,5.8,2554,5.819055299302949,5.800000190734863,8.09061378909981,24254080.005565863,5.800000190734863,4045.0
tt26902287,Itakunai Shinikata,2020,6.7,18,6.222950643159742,6.699999809265137,7.76805476162783,22449168.97011252,6.3999998569488525,626.6666666666666
tt19868158,A Clever Woman,2023,8.3,9,6.222950643159742,5.0,9.625428876257372,22449168.97011252,8.300000190734863,363.0
tt32756472,One Woman's Trash,2024,6.5,20,6.222950643159742,6.5,7.466952677354445,22449168.97011252,6.5,3291.3333333333335
tt22079266,Nómadas por Ingrid García Jonsson,2022,5.2,24,7.213336372265705,5.199999809265137,5.0,4388240.25,5.199999809265137,10666.666666666666
tt11392272,The Retreat,2021,4.9,2027,5.290933252022113,4.900000095367432,6.075780894350063,22456305.679276817,4.900000095367432,7628.666666666667
tt29290741,Eravamo bambini,2024,6.4,206,5.914761655885377,5.500000059604645,6.843747518127843,25531682.48902002,6.200000047683716,131.0
tt27540217,Good Bad Ugly,2025,6.9,8253,5.852813889143827,5.6333333651224775,7.519363270426998,34637161.96050409,5.6333333651224775,3961.3333333333335
tt13400008,Together Alone,2021,6.6,27,6.222950643159742,6.824999928474426,8.225349441124509,22449168.97011252,6.599999904632568,1404.6666666666667
tt12528166,Out of Death,2021,3.4,6270,5.76970194587739,3.450000047683716,4.298536105375036,35544749.73672483,3.450000047683716,3970.0
tt27042638,Adios Buenos Aires,2023,6.5,259,6.289821273509415,6.5,6.921392379182833,22354999.524447173,6.5,16985.666666666668
tt19814212,Ebony Hustle 2: Ballistic Protection,2024,3.3,41,5.606572668611012,4.633333285649617,7.159403473067275,28614196.00792752,3.299999952316284,1418.3333333333333
tt18765420,Curse of the Re-Animator,2022,5.2,98,5.149037773699843,4.759999966621399,5.683406599946175,36771969.687535286,4.68888881471422,8000.0
tt34982577,Het Stof dat Zwerft,2024,8.3,6,7.213336372265705,8.300000190734863,10.002643285035653,4388240.25,8.300000190734863,4908.333333333333
tt14438964,Goodbye,2022,6.7,10228,6.097361703018362,5.266666650772095,7.183984957849667,32869436.19342289,5.299999952316284,344.6666666666667
tt14438964,Goodbye,2022,6.7,10228,6.097361703018362,5.266666650772095,7.183984957849667,32869436.19342289,5.299999952316284,344.6666666666667
tt10975730,Virgo and the Sparklings,2023,5.7,364,5.823620991521023,5.53333314259847,7.171957963285329,48113640.8301326,5.666666666666667,624.0
tt7286966,Money Plane,2020,3.2,5883,5.862809136221746,3.938888880941603,4.997511928732579,35436476.59166272,5.2200000286102295,775.6666666666666
tt23558818,Pyar Ki Policy,2023,9.2,31,6.054422441401912,9.199999809265137,9.927678980367777,25369272.771426857,9.199999809265137,4515.333333333333
tt8537296,Last Call in the Dog House,2021,4.2,100,5.772866177563106,4.6499998569488525,5.039235456158804,39847346.49727848,4.424999833106995,7931.333333333333
tt8302382,Krack,2021,6.9,7596,5.975934499410236,6.090598375369342,7.170552899784686,37648644.93679237,6.899999976158142,5227.333333333333
tt12476620,Pretend That You Love Me,2020,7.8,633,6.15363591029188,6.794117647058823,7.959752902640057,21709165.710378148,6.9277777671813965,23323.666666666668
tt7079272,Losing Addison,2022,5.1,61,5.819055299302949,5.099999904632568,5.9136819361156485,24254080.005565863,5.099999904632568,4644.666666666667
tt18351592,Karina,2024,7.1,17,6.326140560996801,6.75,7.8546677242519,23516657.303003907,7.099999904632568,7312.0
tt24514130,Omission,2023,7.6,55,6.222950643159742,6.575000047683716,7.778123558734582,22449168.97011252,6.575000047683716,4157.0
tt18336342,Hell Hound,2022,7.5,13,5.550133171331474,7.5,5.0,34585306.79012547,7.5,9000.0
tt20238316,Three Widows Against the World,2022,6.6,198,5.862809136221746,6.012499928474426,7.462578142162957,35436476.59166272,6.599999904632568,11333.333333333334
tt29359373,Everybody Loves Touda,2024,6.5,378,6.222950643159742,6.6333333651224775,8.051914680856381,22449168.97011252,6.200000047683716,181.0
tt11488628,To Live Again,2020,3.9,9,5.985107708534049,5.299999952316284,5.011886586054748,24629269.511692487,5.666666666666667,291.6666666666667
tt12850216,Unidentified Objects,2022,6.3,309,5.810542198256765,6.300000190734863,6.348930156466788,35994689.85576605,6.300000190734863,11606.666666666666
tt29931567,Room 0,2024,3.1,213,5.582803226626811,3.0999999046325684,3.4362229818211287,36704600.012645945,3.0999999046325684,1078.0
tt8962754,A Pebble in the Pond,2022,7.7,32,7.213336372265705,7.699999809265137,9.322273509665312,4388240.25,7.699999809265137,1147.0
tt21454134,The Bikeriders,2023,6.6,67586,6.098282728260086,6.599999904632568,7.607904005241032,23810550.63444363,6.599999904632568,5737.666666666667
tt15313092,Horror of the Bitsevskiy park,2021,8.3,47,5.290933252022113,7.410967713402163,7.509214701120494,22456305.679276817,7.93749999627471,3759.6666666666665
tt9612892,The Black Emperor of Broadway,2020,6.1,145,6.222950643159742,6.099999904632568,6.633316418409281,22449168.97011252,6.099999904632568,4654.333333333333
tt32453155,Anoko wa Daare?,2024,5.5,68,4.975293835433215,5.362500011920929,5.967157720921767,16298415.350626118,5.166666666666667,12666.666666666666
tt33371517,Personal Reset,2024,8.8,11,5.322781711966471,8.800000190734863,5.0,57245524.024444446,8.800000190734863,1758.0
tt18453474,Our Christmas House,2024,5.5,46,6.097361703018362,4.100000023841858,7.921756966619834,32869436.19342289,5.5,6666.666666666667
tt7598106,To Olivia,2021,6.4,1961,6.579683191843726,6.016666730244954,7.130889950179348,23147945.951722927,6.950000047683716,1688.0
tt13780836,Real Paranormal Activity,2020,2.5,25,4.975293835433215,5.0,5.0,16298415.350626118,2.5,5185.666666666667
tt26454725,Deliveries from Eva,2024,5.3,21,5.606572668611012,4.300000071525574,6.0718833599845725,28614196.00792752,6.200000047683716,480.6666666666667
tt9809006,A Genie's Tail,2022,4.0,1715,6.034567232947673,4.0,5.67469417259202,38079569.80507808,6.650000095367432,593.3333333333334
tt14473660,Son-of-a Preacher Man,2022,9.2,18,6.222950643159742,9.199999809265137,9.401782751823887,22449168.97011252,9.199999809265137,323.3333333333333
tt21230032,Águila y Jaguar: Los Guerreros Legendarios,2022,6.6,467,6.3324965625550425,6.599999904632568,7.239558384941692,65012910.43772242,6.599999904632568,713.3333333333334
tt11569670,Yanagawa,2021,6.2,173,6.15363591029188,6.3999998569488525,7.163201634766538,21709165.710378148,6.3999998569488525,7850.333333333333
tt33015160,Salut les zins,2023,6.7,11,6.222950643159742,6.699999809265137,5.0,22449168.97011252,6.699999809265137,339.3333333333333
tt14403480,Godspeed,2020,8.6,92,6.614271872494797,5.0,8.009790460759554,24059927.66949153,8.600000381469727,429.3333333333333
tt29173414,Firefly,2023,7.4,296,6.027207754384532,7.549999952316284,6.944629069423407,35592224.46732576,7.549999952316284,3231.6666666666665
tt28494698,Frente a Guernica,2023,6.1,12,7.213336372265705,5.0,5.0,4388240.25,6.099999904632568,3906.3333333333335
tt11542214,War of the Eltis,2020,5.8,5590,6.034567232947673,5.550000190734863,6.911030052304315,38079569.80507808,5.400000095367432,448.3333333333333
tt21060202,Rise of the Jurassic,2022,5.5,93,5.635916815628487,5.5,6.588357667078481,57765689.98070035,6.599999904632568,591.3333333333334
tt11398388,"Riotsville, U.S.A.",2022,6.7,418,6.998045816579555,6.699999809265137,5.0,15437804.285427809,6.699999809265137,2090.3333333333335
tt30399248,The Future Awaits,2025,5.8,54,6.502852952026574,5.983333508173625,6.77296129262367,24468268.645484067,6.350000143051148,4077.6666666666665
tt13117282,Sleepless Nights,2020,6.6,16,5.95242766666685,6.599999904632568,7.383508361528047,21709165.710378148,6.599999904632568,783.3333333333334
tt13434248,Divine Astrology,2020,8.0,30,7.213336372265705,6.784615406623254,8.327420613106952,4388240.25,7.12580648545296,7173.666666666667
tt21235030,The Only Ones,2024,7.9,17,5.290933252022113,7.900000095367432,7.339312401292072,22456305.679276817,7.900000095367432,1109.6666666666667
tt15690574,Be Careful What You Wish 4,2021,4.7,15,5.290933252022113,4.699999809265137,5.0,22456305.679276817,4.699999809265137,12165.0
tt15533042,Keep Sweet,2021,6.2,223,7.213336372265705,5.0,5.0,4388240.25,7.649999976158142,1643.6666666666667
tt8354752,Emperor,2020,5.9,1668,6.647373881526953,5.900000095367432,6.479361769870204,24261086.741433825,5.900000095367432,6333.333333333333
tt21437942,Ah Be Birader,2022,4.9,190,5.807406297652405,4.575000047683716,5.867887437849319,40568748.73810671,4.625000029802322,14666.666666666666
tt13492092,Stseni ot zhivota na edna aktrisa,2020,4.9,20,6.222950643159742,4.900000095367432,6.607461070657169,22449168.97011252,5.850000143051148,3966.0
tt14209916,Cocaine Bear,2023,5.9,119875,5.822027240538508,5.700000127156575,6.780382098289661,27358501.62648115,5.900000095367432,16191.666666666666
tt9122672,Amarração do Amor,2021,6.5,141,5.985107708534049,5.750000015894572,7.224362331846861,24629269.511692487,5.699999968210856,5043.666666666667
tt30020955,Fright,2024,6.7,60,4.975293835433215,6.099999904632568,6.883448954944456,16298415.350626118,6.099999904632568,707.0
tt26625961,Seupeurinteo,2023,6.0,19,6.418611257827269,6.0,7.039755856614259,23254548.319802023,6.0,6975.0
tt13362198,Nagin,2021,7.1,11,6.027207754384532,6.133333206176758,6.552230225273303,35592224.46732576,6.239999961853028,658.6666666666666
tt13067220,Mini Fenomen,2022,4.2,7,5.885894239644082,4.8999998569488525,4.140131870708801,28289376.5727412,4.8999998569488525,6950.666666666667
tt35494602,Palliative Care Unit,2025,8.9,8,7.213336372265705,5.0,5.0,4388240.25,8.899999618530273,6000.0
tt13782188,Tungipara'r Miya Bhai,2021,5.2,86,6.782755260893406,5.75,6.861957269621084,26487368.320855614,5.75,8370.0
tt19175658,Kurt Laughs,2022,8.7,10,5.905139183804946,8.449999809265137,9.678779749602306,26450913.85026041,8.449999809265137,3952.6666666666665
tt21306462,Pandemic Thirst,2022,4.8,18,4.975293835433215,5.55833343664805,5.8548448898152,16298415.350626118,5.350000143051148,911.0
tt0327785,The Killer's Game,2024,5.8,17323,5.740461754638607,5.800000190734863,6.6270899448229095,36583897.828046985,5.950000047683716,11333.333333333334
tt13959362,Pranavam,2021,5.4,641,5.606572668611012,5.0,5.0,28614196.00792752,5.400000095367432,12000.0
tt4027628,The Conspiracy of Dark Falls,2022,2.7,228,5.464677190288741,2.700000047683716,2.821388866305337,42929860.016185984,2.700000047683716,7447.666666666667
tt35929437,Simli,2025,9.7,65,5.728918355660729,9.699999809265137,10.417526785182591,52848120.90347222,9.699999809265137,9795.333333333334
tt5785352,Freeland,2020,5.7,325,6.222950643159742,5.699999809265137,7.0156152563340495,22449168.97011252,5.699999809265137,2660.6666666666665
tt27045130,Assemblage,2024,6.8,15,5.606572668611012,6.850000143051148,7.620619151310251,28614196.00792752,6.850000143051148,506.3333333333333
tt31946179,The Ballad of John and Yoko,2024,8.5,17,6.970123683505946,8.5,8.853027280333222,14853805.404607048,8.5,4601.666666666667
tt10627804,A Walk in the Park,2022,6.4,7,5.985107708534049,6.400000095367432,6.597219356950801,24629269.511692487,6.400000095367432,4121.333333333333
tt36689463,Tomb Watcher,2025,5.0,13,4.975293835433215,5.0,6.429134880402174,16298415.350626118,5.650000095367432,5606.0
tt19810888,Radio Man,2023,6.4,60,5.322781711966471,8.0,9.325355912355132,57245524.024444446,8.0,4834.333333333333
tt16368898,Lights Out,2024,4.9,1780,5.66774551213587,4.64444449212816,5.9427817206276,40731158.45569987,4.000000034059797,193.66666666666666
tt14029064,Under Three Moons,2022,6.2,50,5.322781711966471,6.199999809265137,6.384602922361743,57245524.024444446,6.199999809265137,4540.666666666667
tt18060740,Chee$e,2022,6.8,34,5.980103249471049,6.800000190734863,5.0,33157941.83579757,6.800000190734863,1632.3333333333333
tt17494746,Thattukada Muthal Semitheri Vare,2022,9.1,54,5.606572668611012,9.100000381469728,9.11894654652544,28614196.00792752,9.100000381469728,19333.333333333332
tt12026606,How to Build a Truth Engine,2024,7.8,50,7.213336372265705,7.800000190734863,5.0,4388240.25,7.800000190734863,14333.333333333334
tt15091720,Not on This Night,2021,8.4,6,6.222950643159742,7.549999674161275,5.0,22449168.97011252,5.849999785423279,16576.333333333332
tt8356942,The 355,2022,5.6,40914,5.66774551213587,5.424999952316284,7.199089104633086,40731158.45569987,5.599999904632568,5291.0
tt29686174,"Roma, santa e dannata",2023,6.9,60,7.213336372265705,6.900000095367432,7.548075802843413,4388240.25,6.900000095367432,4777.666666666667
tt31883677,A Night Like This,2025,6.8,46,6.15363591029188,6.800000190734863,7.106664833029358,21709165.710378148,6.800000190734863,405.0
tt14897184,Orango,2024,7.0,76,6.222950643159742,7.049999952316284,5.0,22449168.97011252,7.099999904632568,2734.6666666666665
tt21288456,ReEmigrants,2022,6.2,320,5.885894239644082,6.199999809265137,6.9400885972235375,28289376.5727412,6.3999998569488525,6565.666666666667
tt4006478,Inheritance,2024,8.2,24,6.222950643159742,6.649999976158142,7.962278434018697,22449168.97011252,7.299999952316284,4013.3333333333335
tt10714856,Feel the Beat,2020,6.3,14046,6.097361703018362,6.300000190734863,7.330574366207184,32869436.19342289,5.950000047683716,1339.0
tt15659800,The Kids Turned Out Fine,2022,5.2,22,6.289821273509415,5.199999809265137,7.028826074050968,22354999.524447173,5.199999809265137,4666.0
tt27564640,"Turbozavry. Privet, Sirena!",2023,5.4,11,6.3324965625550425,5.680555568801032,7.562603059287926,65012910.43772242,6.149999976158142,1423.0
tt18108824,The Friend,2024,6.5,1449,6.222950643159742,6.550000031789144,7.379256523407191,22449168.97011252,6.5,3769.6666666666665
tt29033339,Blood Red River Bed,2024,6.3,20,4.975293835433215,6.300000190734863,4.767593038568405,16298415.350626118,6.300000190734863,6500.666666666667
tt14456288,Alaska,2023,6.6,65,6.222950643159742,6.599999904632568,7.552250464990108,22449168.97011252,6.599999904632568,520.6666666666666
tt27704668,Take Your Bible and Get the Fuck Out of Here!,2023,5.1,62,5.731228212544113,5.099999904632568,5.726983579271977,36533567.45369658,5.099999904632568,7953.0
tt13449624,Jug Jugg Jeeyo,2022,6.1,39384,6.097361703018362,5.931111017862956,6.790847343887959,32869436.19342289,5.8999998569488525,811.3333333333334
tt7050800,23 Horas,2024,6.9,20,5.688242110289604,7.100000143051148,8.212505421485908,49579441.87045667,7.100000143051148,215.0
tt7805344,Dragon Princess,2021,7.2,203,6.115733884805209,7.199999809265137,7.382380184840922,53872651.1465588,7.199999809265137,544.0
tt10940736,15 Ways to Kill Your Neighbour,2022,6.0,620,5.746233454127546,6.6047618843260265,7.0502229713685125,28451786.29033436,6.799999952316284,3289.3333333333335
tt5950596,The Voices,2020,3.7,812,5.290933252022113,4.149999976158142,5.392731770329052,22456305.679276817,3.450000047683716,7940.0
tt6393762,13 Miles,2022,6.0,25,6.418611257827269,6.0,6.506157378146578,23254548.319802023,6.0,813.3333333333334
tt13539254,Star Struck,2022,6.2,8,5.985107708534049,6.199999809265137,7.220421766632009,24629269.511692487,6.199999809265137,16525.666666666668
tt31722548,Onihei Hankacho: Ketto,2024,6.3,16,6.782755260893406,6.300000190734863,7.27932892152014,26487368.320855614,6.300000190734863,7552.666666666667
tt21335356,Please Don't Destroy: The Treasure of Foggy Mountain,2023,6.0,10231,5.823620991521023,6.0,6.924941001437321,48113640.8301326,6.0,8957.0
tt30413296,Poslednji strelac,2024,5.4,262,6.098282728260086,5.75,6.984803563935448,23810550.63444363,6.049999952316284,7167.666666666667
tt13157970,Incarnation,2022,3.0,2244,5.290933252022113,3.225000023841858,4.678833030098351,22456305.679276817,3.0,17.333333333333332
tt11569602,Affraa Taffri,2020,7.0,98,6.054422441401912,7.150000015894572,8.48599861796229,25369272.771426857,7.0,4634.666666666667
tt20214908,Another Simple Favor,2025,5.4,4270,5.892854784102487,5.566666762034099,6.575715100073227,25905129.62569393,5.700000127156575,5000.0
tt11795652,Wildhood,2021,7.0,1931,6.15363591029188,7.0,7.883561794852734,21709165.710378148,7.0,479.3333333333333
tt13926310,Small Body,2021,7.0,1054,6.222950643159742,6.499999973509048,7.886290802026632,22449168.97011252,7.0,7788.666666666667
tt28102409,Monster im Kopf,2023,6.4,78,6.222950643159742,6.400000095367432,7.098887784266124,22449168.97011252,6.400000095367432,496.0
tt20859002,Crime Traveler: The Adventures of Dave Slade,2022,6.1,16,5.376513471003004,7.508333245913187,7.17161973196297,40759739.779869854,6.099999904632568,300.3333333333333
tt26493204,Koli O Arjun,2022,8.8,6,6.222950643159742,8.800000190734863,9.241302230554114,22449168.97011252,8.849999904632568,1478.0
tt12368524,A Peloton of One,2020,7.2,22,7.213336372265705,5.0,8.311596643049599,4388240.25,7.199999809265137,202.33333333333334
tt27873669,Draculaw,2023,8.3,30,4.975293835433215,8.300000190734863,8.938902206139762,16298415.350626118,8.300000190734863,13994.0
tt30195482,Kein Tier. So Wild.,2025,6.3,66,6.0175386119261445,6.450000166893005,7.359720008378727,36941508.76102389,6.600000143051148,674.0
tt24177962,Natatorium,2024,5.7,104,5.914761655885377,5.699999809265137,6.721052753630351,25531682.48902002,5.699999809265137,734.0
tt15837662,Progressive Tailors Club,2021,6.4,23,5.885894239644082,5.672222269905937,6.543470552211788,28289376.5727412,6.490909039974213,5133.333333333333
tt34305840,Johatsu,2024,5.1,38,5.914761655885377,5.875,6.862300908349771,25531682.48902002,5.741666674613953,0.6666666666666666
tt15727970,Chobiyal - The Photographer,2020,8.9,31,5.606572668611012,5.0,8.880814342772307,28614196.00792752,8.899999618530273,219.0
tt11647720,Sima's Song,2024,7.2,28,6.222950643159742,7.195833186308543,7.471134841112697,22449168.97011252,7.199999809265137,45.666666666666664
tt19409208,Afetname,2022,8.2,6,5.885894239644082,5.255555484029982,8.736084906519388,28289376.5727412,4.799999952316284,506.3333333333333
tt15715122,Dybbuk: The Curse Is Real,2021,5.1,3098,5.599122239296479,4.883333245913188,6.459904770555511,19373792.16036932,4.899999936421712,347.0
tt14962518,Grethe Meyer: The Queen of Danish Design,2022,8.1,9,6.790900918651052,8.100000381469727,9.460694590862389,16894710.717815284,7.112500190734863,92.33333333333333
tt16279702,Return to Auschwitz: The Survival of Vladimir Munk,2021,8.3,22,6.739680758772951,8.300000190734863,5.0,17774925.84698938,8.300000190734863,709.0
tt29376918,The Absolute Nixonverse,2023,7.5,9,5.859034798543189,5.0,5.0,22346621.22568253,7.5,1244.3333333333333
tt33337007,Fussclass Dabhade,2025,7.4,4404,6.222950643159742,7.933333317438762,8.226557209863968,22449168.97011252,7.980000019073486,8907.333333333334
tt11768356,The Hardest Thing,2020,4.8,592,6.222950643159742,4.800000190734863,6.878813924692317,22449168.97011252,6.150000095367432,267.0
tt26734145,Suki,2023,4.5,686,6.222950643159742,5.100000063578288,5.935660181958207,22449168.97011252,5.100000063578288,11625.333333333334
tt14195192,Puzhu,2022,6.2,3230,5.914761655885377,5.858333269755046,7.254485241774474,25531682.48902002,6.199999809265137,11666.666666666666
tt19813764,Gin Ke Dus,2024,7.6,59,5.606572668611012,7.349999904632568,5.0,28614196.00792752,7.599999904632568,8517.666666666666
tt13723578,El Cuento del Limonero,2021,7.0,6,6.027207754384532,6.900000095367432,5.0,35592224.46732576,6.666666666666667,8186.0
tt8482584,12 Mighty Orphans,2021,6.9,9565,6.698513566694102,6.4444445504082575,7.114548514623914,25273647.99517357,6.350000143051148,9666.666666666666
tt31660693,The Way We Talk,2024,7.5,219,6.222950643159742,7.5,8.033819613841894,22449168.97011252,6.900000095367432,583.0
tt22053146,Chhalle Mundiyan,2022,5.1,84,5.885894239644082,6.187499940395355,7.1181332826021135,28289376.5727412,5.099999904632568,7974.666666666667
tt12313480,The Chernobyl Fallout,2022,7.4,12,4.975293835433215,7.400000095367432,8.058048384674086,16298415.350626118,7.400000095367432,883.0
tt13440294,Jayanti,2021,8.2,2688,6.222950643159742,8.199999809265137,8.756084205405532,22449168.97011252,8.199999809265137,905.6666666666666
tt12657454,Station to Station,2021,4.8,236,6.222950643159742,4.800000190734863,5.388720614484666,22449168.97011252,4.800000190734863,3333.3333333333335
tt33079438,The Time of Fever,2024,8.0,658,6.15363591029188,8.0,5.0,21709165.710378148,8.0,4311.0
tt27635828,XXX-mas,2023,5.8,126,4.975293835433215,5.450000047683716,5.5932895674769325,16298415.350626118,5.450000047683716,447.6666666666667
tt32282525,Fé para o Impossível,2025,8.7,94,6.579683191843726,6.133333345254263,7.427988940314164,23147945.951722927,7.599999904632568,488.6666666666667
tt18079362,80 for Brady,2023,5.9,13278,6.241038918432873,5.900000095367432,6.996343836710362,24932824.40411508,5.900000095367432,5482.666666666667
tt22000548,All About the Levkoviches,2024,7.0,1075,6.222950643159742,7.0,8.095529461775827,22449168.97011252,7.0,7089.666666666667
tt31113577,Untitled Footage,2024,5.5,15,4.975293835433215,4.740000009536743,5.6948380828730185,16298415.350626118,4.740000009536743,7662.666666666667
tt30484671,Sahmeran Legend-Tulhan,2024,6.0,34,6.027207754384532,6.0,7.515610029789358,35592224.46732576,6.0,4968.0
tt15939018,Little Axel,2021,7.4,23,7.213336372265705,6.850000143051148,5.0,4388240.25,6.850000143051148,555.3333333333334
tt16475268,Pieces We Leave Behind,2023,7.4,7,6.15363591029188,7.400000095367432,6.719455377824529,21709165.710378148,7.400000095367432,3918.3333333333335
tt31158691,Alemari E Baduku,2024,9.0,14,5.914761655885377,5.0,5.0,25531682.48902002,9.0,439.3333333333333
tt11300696,Mister Sister,2021,7.4,52,5.885894239644082,7.650000095367432,8.842176801026373,28289376.5727412,7.650000095367432,476.3333333333333
tt11844456,Massacre Academy,2021,6.1,100,4.975293835433215,4.199999968210856,5.845016394353606,16298415.350626118,4.199999968210856,1134.0
tt30784591,Murderous Minds: Harold Shipman,2023,5.1,9,7.213336372265705,4.925000041723251,6.880295339927145,4388240.25,5.430769260113056,4317.0
tt36542428,Neela Mudi (Blue Hair),2025,8.0,11,6.222950643159742,8.0,9.53668240182532,22449168.97011252,8.0,9000.0
tt23741080,My Sole Desire,2022,6.2,1099,6.15363591029188,6.246666526794434,6.958029413095505,21709165.710378148,6.199999809265137,5232.666666666667
tt14112080,Tethered,2022,4.7,2378,5.672433259298636,4.699999809265137,5.559951072846948,21000554.77543484,4.699999809265137,592.6666666666666
tt21955024,Pokolenie Ikea,2023,4.3,583,6.064388686742614,4.300000190734863,5.78537281259315,23902569.33116583,4.300000190734863,1340.6666666666667
tt9630826,Brothers Broken: The Story That Stopped the Music,2023,8.7,10,7.213336372265705,7.974999904632568,9.320240390127704,4388240.25,8.699999809265137,813.6666666666666
tt16897732,María,2023,5.8,60,5.301549405336899,6.6166666348775225,5.900072660679881,34052711.7943327,6.130000066757202,17333.333333333332
tt4187380,Pacifica.,2024,6.3,28,6.222950643159742,6.450000166893005,6.35631013189509,22449168.97011252,6.600000143051148,16666.666666666668
tt18362444,The Year of the Dog,2022,5.8,379,6.222950643159742,5.800000190734863,6.382249566735804,22449168.97011252,5.800000190734863,662.0
tt15548230,Farándula la película,2023,8.4,10,5.885894239644082,8.399999618530273,8.69467029338169,28289376.5727412,8.399999618530273,168.0
tt13167512,EVE,2021,7.4,9,5.800594244794824,7.400000095367432,8.521710849500428,47632706.0029138,7.400000095367432,4560.0
tt14915626,Per niente al mondo,2022,6.2,152,6.222950643159742,6.574999809265137,7.16211718311703,22449168.97011252,6.199999809265137,547.6666666666666
tt30244989,Cuerpo escombro,2024,4.8,529,5.885894239644082,4.700000166893005,5.753294144258533,28289376.5727412,4.800000190734863,4929.0
tt12121582,When You Finish Saving the World,2022,5.6,5445,6.054422441401912,6.349999904632568,7.190906260229951,25369272.771426857,6.349999904632568,6975.0
tt13763288,Hontou ni atta kowai hanashi 2020 norowareta Ie,2020,5.5,9,5.397174567368082,4.0,7.260918862701305,20276247.67809599,4.75,5204.333333333333
tt10090058,Satria Dewa: Gatotkaca,2022,5.3,926,5.935973126026243,6.242857206435431,7.317057284688024,46166904.96258971,5.9821429422923496,4034.0
tt7853250,Kaatteri,2022,4.3,514,5.572412818111853,4.800000031789144,6.120971457282489,35930405.64585057,4.800000031789144,4631.666666666667
tt16433456,When the Tables Turn,2021,5.7,36,6.222950643159742,7.199999809265137,5.0,22449168.97011252,5.699999809265137,4547.666666666667
tt8421260,Two Yellow Lines,2021,6.7,186,6.222950643159742,6.699999809265137,7.457302664189012,22449168.97011252,6.699999809265137,490.3333333333333
tt13976892,Perchance to Dream,2025,8.2,8,5.606572668611012,7.899999856948851,7.068486984355548,28614196.00792752,7.299999952316284,261.3333333333333
tt12304698,Beautiful Helen,2022,5.6,44,6.222950643159742,6.518749922513962,6.947974683547141,22449168.97011252,5.599999904632568,5407.333333333333
tt23050200,Werewolf,2023,5.8,20,6.222950643159742,5.800000190734863,7.206394795354122,22449168.97011252,6.050000190734863,33586.333333333336
tt35504279,Two Times João Liberada,2025,6.3,10,6.579683191843726,6.300000190734863,7.208093236333107,23147945.951722927,6.300000190734863,4962.0
tt7988312,Une revanche à prendre,2023,7.6,12,6.222950643159742,7.599999904632568,8.090434547615635,22449168.97011252,7.599999904632568,4174.333333333333
tt14495388,Innale Vare,2022,6.2,840,5.914761655885377,6.498333247502645,7.334089396962506,25531682.48902002,6.299999872843425,729.3333333333334
tt15695764,El Ucumar,2022,4.7,22,4.975293835433215,4.699999809265137,6.89514133107954,16298415.350626118,4.699999809265137,1315.3333333333333
tt22400006,Possessed,2022,4.6,238,5.436928286568318,4.599999904632568,6.080966385567092,32586910.75400862,5.099999904632568,1508.6666666666667
tt24076340,Shikakenin Fujieda Baian,2023,7.5,70,6.161762809971521,5.0,7.846095773606232,34835807.174367525,7.5,1137.6666666666667
tt27524908,Novogodniy ol inklyuziv,2023,4.5,51,6.034567232947673,4.325000047683716,5.8779507177314585,38079569.80507808,4.762500017881393,10654.333333333334
tt21368074,Just Lie to Me,2023,6.0,7,5.885894239644082,6.0,6.990431767964155,28289376.5727412,5.849999904632568,4000.0
tt22813018,Tom Papa: Home Free,2024,6.9,488,6.549615305954894,6.900000095367432,7.6812924110137795,16338808.411370598,6.475000023841858,2275.3333333333335
tt14400948,Uparwala & Sons,2024,9.2,322,6.097361703018362,9.199999809265137,10.2456023577338,32869436.19342289,9.199999809265137,4517.0
tt35330350,Katha Kamamishu,2025,7.7,32,6.222950643159742,5.0,7.593066512848819,22449168.97011252,7.699999809265137,344.3333333333333
tt8182004,Tokoloshe: The Calling,2020,4.4,75,4.975293835433215,4.900000095367432,4.705982276859583,16298415.350626118,4.400000095367432,7805.0
tt15119154,Life of Crime 1984-2020,2021,8.4,3009,6.707788975384614,5.0,5.0,17802298.494036023,8.399999618530273,4238.333333333333
tt22002112,The Summer of Our Love,2024,5.7,56,6.090145626331883,6.849999904632568,6.950323593727831,22285280.57568808,6.849999904632568,3897.0
tt10153822,Por Detrás da Moeda,2020,9.5,35,7.213336372265705,5.0,5.0,4388240.25,9.5,1366.3333333333333
tt24633870,Zha,2024,9.7,18,6.222950643159742,9.699999809265137,9.813572107443427,22449168.97011252,9.699999809265137,3329.6666666666665
tt27759716,Cassino in Ischia,2024,4.4,245,5.807406297652405,4.400000095367432,5.72822321190209,40568748.73810671,4.400000095367432,755.3333333333334
tt31989784,Simarik,2024,6.5,2769,5.807406297652405,5.763888782925076,7.290453163865322,40568748.73810671,4.5,591.6666666666666
tt15762830,Freedom Fight,2022,7.5,891,6.222950643159742,6.9366666634877525,7.268856662249671,22449168.97011252,7.05666667620341,5197.666666666667
tt11306684,Back to the Wharf,2020,6.1,332,6.093628877981396,6.099999904632568,7.00462566796266,22863421.23984368,6.099999904632568,539.3333333333334
tt13162144,Kaanekkaane,2021,7.5,4285,5.914761655885377,6.498333247502645,7.1454789995752845,25531682.48902002,7.5,837.0
tt13276318,Fish Under the Ice,2020,6.4,28,6.222950643159742,6.400000095367432,7.554031887231451,22449168.97011252,6.400000095367432,4706.666666666667
tt12443574,Finding Manny,2020,8.1,33,7.213336372265705,8.100000381469727,4.795018434108539,4388240.25,8.100000381469727,15.333333333333334
tt13894660,"1+1+1 Life, love, chaos",2025,5.4,9,6.054422441401912,5.400000095367432,6.480147201541301,25369272.771426857,5.400000095367432,1960.6666666666667
tt31413828,City Manzions,2024,9.4,17,6.222950643159742,9.399999618530272,9.377598732403875,22449168.97011252,9.399999618530272,865.0
tt23867366,Fuga,2024,6.0,9,6.222950643159742,6.0,5.0,22449168.97011252,6.0,493.6666666666667
tt22753222,A Taste of Praise,2023,4.9,103,6.222950643159742,4.900000095367432,6.086969314617943,22449168.97011252,4.900000095367432,349.6666666666667
tt32214046,Poppay Ki Wedding,2024,8.7,78,5.985107708534049,7.349999904632568,9.92017817071245,24629269.511692487,7.349999904632568,870.6666666666666
tt19781152,Down the Road,2023,3.5,54,6.021002971231345,3.5,3.338375835405409,23351624.487839192,3.5,3998.3333333333335
tt9625672,Safe Space,2022,6.6,10,6.054422441401912,6.599999904632568,7.896384588798454,25369272.771426857,6.599999904632568,4811.666666666667
tt10697680,The Human Solution,2021,7.2,52,6.222950643159742,7.199999809265137,6.770501218998271,22449168.97011252,7.199999809265137,819.0
tt15789388,Romi,2023,4.1,222,5.397174567368082,4.25,6.40652517846594,20276247.67809599,4.25,872.0
tt6851410,The Judgement,2021,7.3,2027,6.377660399015961,7.133333524068196,7.891512615954141,23822608.067406863,6.800000190734863,11666.666666666666
tt21098850,Infidelity Can Be Fatal,2023,5.0,245,5.606572668611012,5.849999904632568,6.11087528569338,28614196.00792752,5.0333333015441895,20666.666666666668
tt28668069,Below the Belt,2023,3.0,8,5.975934499410236,4.637500017881393,5.502079401078687,37648644.93679237,4.387500002980232,5155.666666666667
tt28668069,Below the Belt,2023,3.0,8,5.975934499410236,4.637500017881393,5.502079401078687,37648644.93679237,4.387500002980232,5155.666666666667
tt13429654,Canailles,2022,4.7,164,5.929754526502256,4.983333190282186,6.736196449413644,26730654.43575797,4.799999952316284,4852.666666666667
tt6074542,Friend of the World,2020,5.1,125,5.394656595681256,4.700000047683716,5.596205596273107,33944438.64927059,5.099999904632568,4000.0
tt33536422,Stolen Identity: The Last Hacker,2024,7.0,23,5.728918355660729,5.0,6.96067729895407,52848120.90347222,5.27142858505249,476.6666666666667
tt31030571,Superkrachten voor je hoofd,2024,7.3,198,6.183240226251263,7.300000190734863,8.04673515505872,47869763.03741497,7.300000190734863,3781.0
tt4008584,Evolutionary,2021,6.4,8,5.525850033813599,6.400000095367432,7.435531168012091,55046822.46395834,6.400000095367432,1379.3333333333333
tt15249740,Margarine,2021,8.7,102,6.222950643159742,8.699999809265137,5.0,22449168.97011252,8.699999809265137,793.0
tt27146069,The Ruse,2024,8.1,114,5.7128139839569805,8.100000381469727,7.542689193286797,26434138.00674669,8.100000381469727,1000.0
tt14701278,Fighting Chance,2022,6.8,76,6.222950643159742,6.610000085830689,7.433551848413403,22449168.97011252,6.419999980926514,1938.0
tt21141724,Step Aside,2023,8.8,20,5.885894239644082,8.800000190734863,7.409120238564847,28289376.5727412,8.800000190734863,9997.333333333334
tt7890974,Paradox Lost,2021,5.2,312,5.604337975805276,5.199999809265137,5.20350354281317,42767450.29859282,5.199999809265137,884.6666666666666
tt32145804,Man and Woman,2024,5.5,24,6.15363591029188,5.139999961853027,6.288002823439361,21709165.710378148,5.224999964237213,664.6666666666666
tt7345950,The Trap Door at the Edge of the Universe,2020,6.5,40,5.885894239644082,6.5,7.400101637457772,28289376.5727412,6.5,4627.666666666667
tt16901008,Valhalla Dreams,2021,4.4,14,6.222950643159742,4.524999916553497,4.845569295054212,22449168.97011252,4.400000095367432,301.3333333333333
tt14791590,Due Justice,2023,3.8,810,5.975161270726967,5.199999888737996,5.140929543799811,33489740.724119827,3.799999952316284,14993.0
tt7703924,Infamous,2020,4.3,3608,6.093628877981396,4.300000190734863,5.363430825913933,22863421.23984368,5.5,8853.0
tt28363725,Guna guna istri muda,2024,5.1,169,5.601605715734657,6.02907265358003,7.033036912047402,22453926.77622205,5.571428571428571,1096.0
tt33483632,Suçuarana,2024,6.5,6,6.222950643159742,6.850000023841858,7.907180232528954,22449168.97011252,7.149999976158142,504.0
tt13004806,A Ranjith Cinema,2023,5.0,2681,5.606572668611012,5.0,6.897718918339095,28614196.00792752,5.0,1371.6666666666667
tt15006560,Questa notte parlami dell'Africa,2022,5.3,14,6.222950643159742,5.333333492279053,6.817658033289351,22449168.97011252,5.300000190734863,10591.333333333334
tt23772714,Signature,2022,6.4,25,6.222950643159742,6.400000095367432,7.0165610636560585,22449168.97011252,6.400000095367432,5286.333333333333
tt21025204,Treading Water,2024,8.0,25,6.222950643159742,8.0,9.142946933544891,22449168.97011252,8.0,4030.3333333333335
tt19877146,Srimulat: Hidup Memang Komedi,2023,7.1,99,6.348420207777178,6.550000031789144,7.713450173492602,24861756.158729017,6.375000059604645,6081.333333333333
tt13013204,Shoebox,2021,8.6,54,6.222950643159742,8.600000381469727,8.59359344923012,22449168.97011252,8.600000381469727,4263.0
tt27719925,Il ladro di stelle cadenti,2024,8.8,26,5.831464865609323,8.800000190734863,8.6636304636228,48735279.96453901,8.700000286102295,4345.666666666667
tt19113870,Stoned,2022,8.0,10,5.885894239644082,8.0,7.865158027243511,28289376.5727412,8.0,456.0
tt13092784,Mr. Earth,2022,4.8,144,5.800594244794824,4.333333412806193,5.663756983816915,47632706.0029138,4.333333412806193,1883.6666666666667
tt25785988,Hayatla Baris,2024,6.3,375,6.591212752060749,5.786111228995853,6.917352344415795,23451939.857645795,6.300000190734863,225.66666666666666
tt33034505,Pechi,2024,5.5,1460,5.403379350521269,5.5,6.437030320193475,32516847.65758256,5.5,4731.333333333333
tt26426567,Global Aadgaon,2023,8.9,9,6.222950643159742,8.899999618530273,9.373271470505566,22449168.97011252,8.899999618530273,16249.333333333334
tt30399522,Big Bad CGI Monsters,2024,4.1,33,4.975293835433215,3.338461542740846,4.493225512300365,16298415.350626118,3.262068972505372,743.6666666666666
tt13757834,Despedida de soltera 2,2020,5.6,41,5.885894239644082,4.466666645473904,5.364768459825124,28289376.5727412,4.733333269755046,323.6666666666667
tt31514476,Spirit in the Blood,2024,4.7,374,5.606572668611012,4.699999809265137,6.173979702679466,28614196.00792752,4.699999809265137,4196.0
tt16311464,Silver Haze,2023,6.1,1042,6.222950643159742,6.099999904632568,6.872144981337387,22449168.97011252,6.099999904632568,984.0
tt15354960,Loonies,2023,4.3,48,5.929754526502256,4.100000143051148,5.863656359491232,26730654.43575797,4.100000143051148,1284.6666666666667
tt5696284,The Wind & the Reckoning,2022,7.2,195,6.287252094437136,7.199999809265137,7.525706106748873,37379987.435050845,7.199999809265137,8875.666666666666
tt29925436,Sarpanch,2023,8.9,10,5.914761655885377,8.899999618530273,9.431930135009193,25531682.48902002,8.899999618530273,4194.0
tt10776714,Vindication Swim,2024,6.0,211,6.647373881526953,6.0,7.038680330620134,24261086.741433825,6.0,606.3333333333334
tt4799820,Pati Patni and Joe,2021,6.4,54,6.054422441401912,6.400000095367432,7.0124955350247005,25369272.771426857,6.400000095367432,4861.666666666667
tt14534530,Prince Harry: A New Kind of Royal,2021,4.3,12,7.213336372265705,5.0,3.342251084353925,4388240.25,4.996666685740153,372.0
tt35301400,Bhera,2024,7.2,14,6.222950643159742,7.199999809265137,5.0,22449168.97011252,7.199999809265137,4050.6666666666665
tt15358794,Sadece Bir Gece,2022,5.3,112,6.084321177424017,4.820000028610229,5.668071169264448,20969162.450643778,5.200000047683716,16000.0
tt8518302,Dawn Breaks Behind the Eyes,2021,5.0,2159,5.5077558301322975,4.875,5.8998410507983765,31133538.753221404,4.75,10860.0
tt23141154,Remp-it 2,2022,4.7,82,5.975161270726967,4.8999998569488525,6.122130941304942,33489740.724119827,4.699999809265137,3325.0
tt34717620,L'incroyable femme des neiges,2025,7.2,28,5.988298420687361,6.349999904632568,7.241825469760778,37980656.85234604,6.349999904632568,300.3333333333333
tt15470434,My Inner Demon: A Geraldson Tale,2021,7.1,26,4.975293835433215,7.099999904632568,6.996497453454952,16298415.350626118,7.099999904632568,9333.333333333334
tt13986218,Chini Kam Rang Kada,2020,8.6,24,6.222950643159742,8.600000381469727,9.691498029752276,22449168.97011252,8.600000381469727,466.3333333333333
tt28252956,Sree Muthappan,2024,9.4,11,6.222950643159742,9.399999618530272,8.429228451546244,22449168.97011252,9.399999618530272,877.0
tt36272079,Shreeman v/s Shreemati,2025,6.9,9,6.222950643159742,7.4999998807907104,7.887266868111103,22449168.97011252,7.349999904632568,855.3333333333334
tt28628329,A House Is Not a Disco,2024,7.2,32,7.213336372265705,5.0,5.0,4388240.25,7.199999809265137,5168.666666666667
tt27721398,Hijacked: Flight 73,2023,6.4,329,6.718143507712724,5.0,8.61950258829814,13418704.61005626,6.400000095367432,627.0
tt34998615,"Love, Celeste",2024,6.1,40,6.222950643159742,6.38894826035661,7.413599216624936,22449168.97011252,6.9277777671813965,9761.333333333334
tt5477396,Drafted 2035,2023,5.9,40,5.728918355660729,5.900000095367432,5.899782608958456,52848120.90347222,5.900000095367432,2994.0
tt5587198,Blood Widow,2020,3.7,149,5.466973934449058,3.3750000596046448,5.0713231261897125,23055563.78803984,3.700000047683716,2303.6666666666665
tt31918472,"To Laugh, to Sing, Perchance to Cry",2024,6.0,44,6.054422441401912,5.700000047683716,6.780336717918559,25369272.771426857,5.299999952316284,398.6666666666667
tt10079448,In a Silent Way,2020,7.5,32,5.885894239644082,7.5,8.021348417681603,28289376.5727412,7.5,572.3333333333334
tt11729218,Sheen,2020,4.9,80,6.222950643159742,4.900000095367432,5.234102839222467,22449168.97011252,4.900000095367432,837.0
tt18072724,Stalked Within,2022,5.3,496,5.914761655885377,5.300000190734863,6.752954867831158,25531682.48902002,5.300000190734863,4835.333333333333
tt32352287,Lubuk,2024,6.6,81,5.606572668611012,7.049999952316284,7.422748184555097,28614196.00792752,7.049999952316284,14000.0
tt13617604,World Cup Heist,2020,3.0,2918,6.270279109671656,3.149999976158142,3.970971328606611,23893676.312792927,3.399999976158142,2154.6666666666665
tt29454072,Pushtaini,2023,8.2,64,6.054422441401912,8.199999809265137,8.63982015511178,25369272.771426857,8.199999809265137,1289.0
tt5715464,Usogui,2022,5.6,492,5.606572668611012,5.599999904632568,6.6814663577129565,28614196.00792752,5.27142858505249,924.6666666666666
tt11967404,C.O.R.N.,2021,4.4,538,5.290933252022113,4.5,5.174910845307849,22456305.679276817,4.5,3984.3333333333335
tt3890536,Escuela para Seductores,2020,3.8,108,5.885894239644082,3.799999952316284,6.151358643292919,28289376.5727412,3.799999952316284,8160.333333333333
tt14954646,Scent of Linden,2023,8.9,19,5.885894239644082,8.899999618530273,9.41326055075047,28289376.5727412,8.899999618530273,6081.333333333333
tt14051362,Raka,2021,9.5,11,5.728918355660729,9.5,5.0,52848120.90347222,9.5,5506.666666666667
tt18072882,Northern Comfort,2023,5.5,2020,5.885894239644082,5.5,6.815396038722045,28289376.5727412,5.5,376.6666666666667
tt18072882,Northern Comfort,2023,5.5,2020,5.885894239644082,5.5,6.815396038722045,28289376.5727412,5.5,376.6666666666667
tt13309978,Superhost,2021,5.5,5007,5.489253581229437,5.400000095367432,6.790138525466896,24400662.643764943,5.400000095367432,844.3333333333334
tt4729638,Psychopath,2020,4.3,22,4.975293835433215,3.7500001192092896,5.474016647127711,16298415.350626118,3.7500001192092896,14666.666666666666
tt12015668,Gift of Fire,2020,6.4,65,6.222950643159742,6.400000095367432,7.238333457067634,22449168.97011252,6.400000095367432,5512.333333333333
tt33475772,Abortion Dream Team,2024,6.5,13,7.213336372265705,6.5,5.0,4388240.25,6.5,3701.6666666666665
tt12986194,Those Who Call,2023,2.3,237,5.672433259298636,3.0,3.130566669503758,21000554.77543484,3.0,4089.3333333333335
tt6247650,Agony,2020,3.6,172,5.606572668611012,3.924999952316284,4.842804937302954,28614196.00792752,4.25,7350.333333333333
tt19763032,Mr. Bones 3: Son of Bones,2022,4.6,177,5.885894239644082,4.4999998807907104,5.379915694165393,28289376.5727412,4.3999998569488525,5637.0
tt15145278,A folk horror tale,2021,6.1,16,4.975293835433215,6.466666618982951,5.0,16298415.350626118,6.450000047683716,4699.666666666667
tt13016978,Uncut Rage,2020,5.0,10,5.606572668611012,5.0,5.0,28614196.00792752,5.0,608.6666666666666
tt11884558,Ghost,2022,7.5,41,5.489253581229437,7.5,8.899331880432992,24400662.643764943,7.5,4765.0
tt31502084,Battle,2024,6.1,12,6.222950643159742,6.099999904632568,6.918944747421834,22449168.97011252,6.099999904632568,4541.666666666667
tt5090568,Transformers: Rise of the Beasts,2023,6.0,121480,5.635916815628487,5.9666666984558105,7.240109791727028,57765689.98070035,6.0,4134.333333333333
tt15257116,Palm Trees and Power Lines,2022,6.5,3196,6.222950643159742,6.5,6.855797322042973,22449168.97011252,6.5,373.3333333333333
tt27487494,In Custody,2024,6.3,56,6.054422441401912,6.300000190734863,7.164587395511146,25369272.771426857,6.300000190734863,3700.3333333333335
tt27921620,All-Time High,2023,5.8,2143,5.885894239644082,5.150000095367432,6.724013111942485,28289376.5727412,5.150000095367432,1309.6666666666667
tt13694152,Legend of Lizard Man,2023,2.9,214,4.975293835433215,2.650000095367432,4.203239245741768,16298415.350626118,2.8958333233992257,3776.3333333333335
tt15161046,Asunción,2021,7.8,13,6.222950643159742,7.100000143051148,7.235439056417697,22449168.97011252,7.100000143051148,9506.666666666666
tt8941380,The Last Rite,2021,3.6,1002,4.975293835433215,3.5999999046325684,4.321770786591541,16298415.350626118,3.5999999046325684,5985.666666666667
tt12725876,The Arctic: Our Last Great Wilderness,2021,7.2,25,7.213336372265705,7.489999930063884,5.0,4388240.25,7.199999809265137,973.0
tt26469455,Luccas Neto em: A Gincana Na Netoland,2022,3.9,23,5.885894239644082,4.087499984673091,4.02521706032756,28289376.5727412,3.563636367971247,345.3333333333333
tt23625664,Bhagwan Bachave,2022,9.0,49,5.975966727368925,9.0,9.367990736796788,24997541.8494732,9.0,5324.666666666667
tt9760852,Baby,2020,5.0,645,5.601605715734657,5.0,5.631704107972795,22453926.77622205,5.0,9225.666666666666
tt31599119,Sun,2024,8.4,30,4.975293835433215,8.399999618530273,9.494503824634284,16298415.350626118,8.399999618530273,345.6666666666667
tt21953278,Romeo + Isabella,2023,4.2,87,6.093628877981396,5.366666475931804,7.021269049673563,22863421.23984368,5.366666475931804,233.33333333333334
tt13641244,The Bright Side,2020,6.1,125,6.054422441401912,6.099999904632568,6.752443007992317,25369272.771426857,6.099999904632568,10513.0
tt13696296,Chinese Doctors,2021,4.7,1336,6.222950643159742,4.699999809265137,6.571305441736776,22449168.97011252,5.549999952316284,4140.0
tt20598076,Hamlet,2024,5.6,178,6.222950643159742,5.0,6.028265263693738,22449168.97011252,5.599999904632568,3970.6666666666665
tt10862050,It Came from Below,2021,3.3,1322,5.466973934449058,3.4999999801317854,3.5309075971662387,23055563.78803984,3.299999952316284,782.6666666666666
tt36150511,Lo Deseado,2025,4.7,14,6.222950643159742,4.699999809265137,6.7913241230540935,22449168.97011252,4.699999809265137,4775.666666666667
tt24724658,Maruthi Nagar Police Station,2023,5.5,195,5.934379375043728,5.800000011920929,6.9859004611576765,25411765.758938257,5.975000023841858,796.6666666666666
tt14494520,As of Yet,2021,5.5,82,5.885894239644082,5.5,6.724007263018494,28289376.5727412,5.5,594.6666666666666
tt27930683,Agni,2024,7.2,14900,5.975934499410236,6.599999853542872,8.09596861790666,37648644.93679237,7.199999809265137,126.0
tt27433086,Delicious Romance,2023,6.2,158,5.985107708534049,6.349999904632568,8.106300857101951,24629269.511692487,6.166666587193808,1666.6666666666667
tt6314998,Black Lake,2020,4.2,120,4.975293835433215,5.0,5.3182562385004895,16298415.350626118,5.0,14000.0
tt18079840,Earth Virus of the Dead,2022,2.8,66,5.606572668611012,2.9499999284744263,3.011935449692739,28614196.00792752,2.9499999284744263,4323.333333333333
tt13194200,Serengeti: Journey to the Heart of Africa,2022,8.2,31,7.213336372265705,8.049999872843424,5.0,4388240.25,8.199999809265137,588.0
tt6060874,Opposite Borders,2020,6.8,22,6.222950643159742,6.800000190734863,7.678616977053178,22449168.97011252,6.800000190734863,73.33333333333333
tt28219801,Bengaluru Boys,2023,6.7,1110,6.222950643159742,5.0,6.885760279259723,22449168.97011252,6.699999809265137,549.3333333333334
tt24517128,Karagiozis: The Movie,2022,5.7,90,6.133877009483463,5.699999809265137,5.0,47057350.01595953,5.699999809265137,7222.666666666667
tt15109082,The Quiet Girl,2022,7.7,25941,6.222950643159742,7.474999904632568,8.674011052765502,22449168.97011252,7.699999809265137,589.3333333333334
tt21613182,Secret Seam,2023,2.5,81,5.670098985611351,2.5,5.0,56394743.00105596,2.5,1245.6666666666667
tt35684021,The Noisy Mansion,2025,3.8,8,5.885894239644082,5.0,6.403077786466369,28289376.5727412,3.799999952316284,4195.0
tt9263762,Poster Boys,2020,5.3,255,6.054422441401912,5.300000190734863,6.644284058611342,25369272.771426857,5.300000190734863,15.333333333333334
tt21078728,Virgin Forest,2022,4.3,614,5.914761655885377,4.947727311741222,5.584274797789681,25531682.48902002,4.433333317438762,854.6666666666666
tt13004612,Corona Depression,2020,2.0,201,6.054422441401912,2.0,5.0,25369272.771426857,2.0,4160.666666666667
tt32345728,My Red Comrade,2024,8.1,59,6.222950643159742,8.100000381469727,6.930064994326138,22449168.97011252,8.100000381469727,497.6666666666667
tt8065292,Bashira,2021,6.4,41,4.975293835433215,6.400000095367432,7.74734679671592,16298415.350626118,6.400000095367432,1537.0
tt23625088,Jeta,2022,8.7,9,6.222950643159742,5.0,9.654070530724557,22449168.97011252,8.699999809265137,4257.0
tt30226946,Baba Yaga spasaet Novyy god,2024,4.4,117,5.9750616150512,4.400000095367432,5.448377924790411,46454188.20811352,4.566666603088379,16000.0
tt18548186,Pig Killer,2022,3.7,422,5.589321316032198,4.399999959128244,5.236929462186206,21908142.551655576,4.399999959128244,3323.3333333333335
tt14336200,Paralyzed,2021,3.4,31,6.222950643159742,3.400000095367432,3.95110507593726,22449168.97011252,3.400000095367432,697.3333333333334
tt11739498,30 Rojullo Preminchadam Ela?,2021,5.6,2786,5.95789302151667,5.599999904632568,6.948612431776198,34852221.20759139,5.599999904632568,10482.333333333334
tt14410024,Mermaids' Lament,2023,8.7,73,6.027207754384532,8.699999809265137,7.614440326637433,35592224.46732576,8.699999809265137,7807.0
tt14847302,Jethica,2022,5.3,620,5.905139183804946,5.7166666984558105,6.4385302981525445,26450913.85026041,5.666666666666667,1187.6666666666667
tt8297302,Beyond the Light Barrier,2023,6.2,611,6.744691096739143,6.0,5.0,16401375.211325703,6.0,5479.333333333333
tt13734670,Agent Crazy Flower,2020,4.6,32,5.728918355660729,4.599999904632568,6.232339453754402,52848120.90347222,4.599999904632568,353.3333333333333
tt17278128,Erica Duchess: My Spirit Told Me,2022,5.7,23,5.885894239644082,5.699999809265137,6.783599601572589,28289376.5727412,6.099999904632568,683.6666666666666
tt28601552,The Town,2022,5.1,115,6.222950643159742,5.0,5.757667222130795,22449168.97011252,5.200000047683716,757.3333333333334
tt15137146,Oppanda,2022,9.0,100,6.222950643159742,5.0,8.979250452827433,22449168.97011252,8.900000095367432,4406.666666666667
tt12684068,Where the Scary Things Are,2022,3.1,724,4.975293835433215,4.899999976158142,5.890912655533937,16298415.350626118,4.880000019073487,375.3333333333333
tt29270596,Passport to Love,2024,6.2,408,6.15363591029188,6.042857136045184,6.968595645486462,21709165.710378148,6.066666682561238,517.6666666666666
tt28305906,The Perfect Hand,2023,4.8,14,6.044285527551576,5.377777761883205,5.797780621884874,18533034.03713959,5.299999989961323,1064.3333333333333
tt27581129,Back to Maracaibo,2022,9.2,31,5.885894239644082,9.199999809265137,10.193501091879586,28289376.5727412,9.199999809265137,392.6666666666667
tt11190652,The Rose Maker,2020,6.4,1292,6.054422441401912,6.509259338732119,6.675265419748132,25369272.771426857,6.400000095367432,825.6666666666666
tt15237900,A Very Merry New Year,2021,5.3,22,6.222950643159742,4.549999992052714,5.642822025034916,22449168.97011252,4.549999992052714,6318.666666666667
tt32307759,DitO,2024,3.2,16,6.418611257827269,3.200000047683716,4.754675794251456,23254548.319802023,3.200000047683716,1356.3333333333333
tt27614382,U.S. Palmese,2024,6.3,112,5.885894239644082,5.83666672706604,6.990976085992329,28289376.5727412,5.800000071525574,11694.0
tt29939980,2020,2024,7.5,80,6.054422441401912,7.5,8.167776219857522,25369272.771426857,7.5,748.0
tt32086052,Viet and Nam,2024,6.5,430,6.222950643159742,6.5,5.0,22449168.97011252,6.5,8251.333333333334
tt12935690,The Second Man,2022,6.1,85,5.975161270726967,6.099999904632568,6.717527508113983,33489740.724119827,6.099999904632568,1814.3333333333333
tt16161330,Sex-Positive,2024,4.0,748,5.885894239644082,4.0,5.837044349022861,28289376.5727412,4.0,4565.0
tt29333393,Troppo azzurro,2023,5.7,130,5.885894239644082,5.449999809265137,6.918245043666052,28289376.5727412,5.699999809265137,5666.666666666667
tt27551528,Centered: Joe Lieberman,2024,8.9,21,7.213336372265705,8.449999809265137,5.0,4388240.25,8.449999809265137,729.3333333333334
tt32151362,For the Love of Cash 2,2024,8.6,10,6.098282728260086,5.0,9.80330008912952,23810550.63444363,8.300000190734863,6581.666666666667
tt14354838,Heroes. Silence and Rock and Roll,2021,7.5,771,7.213336372265705,7.024999976158142,5.0,4388240.25,6.549999952316284,5209.0
tt10916120,Ik Sandhu Hunda Si,2020,5.0,317,5.975934499410236,5.825000007947286,7.183668449678993,37648644.93679237,5.0,8119.0
tt11105790,Broken Keys,2021,6.5,359,6.222950643159742,6.600000023841858,7.555483612313586,22449168.97011252,6.5,5666.666666666667
tt15006446,The Devil's Music,2023,6.4,10,5.403379350521269,6.6333333651224775,7.857220221956595,32516847.65758256,6.400000095367432,6793.333333333333
tt21192216,The Legend & Butterfly,2023,6.5,701,6.363342360492388,6.574999928474426,7.485135223834447,23301899.91387064,7.0333333015441895,3843.6666666666665
tt7662940,Dream Runner,2020,4.8,29,5.839782389495547,4.800000190734863,5.24109763252962,34955541.764443904,4.800000190734863,4472.0
tt5815420,2 Graves in the Desert,2020,3.0,386,5.606572668611012,3.0,4.418911744860087,28614196.00792752,3.0,1193.0
tt22021550,Black Panther: Legacy,2023,7.9,39,5.935973126026243,8.03888890478346,8.620684861166165,46166904.96258971,8.266666571299234,928.6666666666666
tt31193771,Sally,2025,8.4,58,6.977502457895607,8.399999618530273,7.220390857763606,18240777.16806298,7.466666539510091,215.66666666666666
tt21334360,BAM!,2024,7.0,30,5.988298420687361,7.0,5.0,37980656.85234604,7.0,4471.666666666667
tt26762684,Yeh Shaadi Nahi Ho Sakti,2023,5.2,29,5.885894239644082,5.716666539510091,6.409866139276258,28289376.5727412,6.199999809265137,380.3333333333333
tt6772802,Hillbilly Elegy,2020,6.7,58375,6.579683191843726,6.199999809265137,7.120229163241071,23147945.951722927,7.199999968210856,198.33333333333334
tt31518999,The Last Nightmare Part One,2024,6.0,76,4.975293835433215,5.613888872994317,6.761847245374367,16298415.350626118,5.699999968210856,4232.333333333333
tt33502767,The Stepdaughter 2,2024,5.8,48,5.606572668611012,5.131220134251426,6.200146873127374,28614196.00792752,5.3038461941939135,6481.0
tt21040162,A Kind of Kidnapping,2023,6.6,142,6.0274865653880845,6.599999904632568,7.204079172370479,25303492.61387616,6.599999904632568,7552.666666666667
tt12387734,Tres Extraños,2020,7.7,12,6.222950643159742,7.699999809265137,8.87335598878149,22449168.97011252,7.699999809265137,839.0
tt11173160,Qismat 2,2021,6.8,1835,6.15363591029188,7.024999976158142,7.647421617940036,21709165.710378148,6.8199999809265135,702.6666666666666
tt36294546,Regret,2025,9.3,89,6.203095434705503,9.300000190734863,5.0,35159466.00376374,9.300000190734863,286.6666666666667
tt16612280,¿Vienes o Voy?,2024,6.2,16,5.985107708534049,6.199999809265137,6.576054641362492,24629269.511692487,6.199999809265137,1357.6666666666667
tt23804618,Campfire Dead by Dawn,2024,3.1,61,4.975293835433215,5.066666603088379,5.229165552351607,16298415.350626118,5.066666603088379,3823.3333333333335
tt15568464,"France, le fabuleux voyage",2021,7.8,21,6.998045816579555,7.800000190734863,8.324466809024706,15437804.285427809,7.800000190734863,12486.666666666666
tt6048442,Back on the Strip,2023,4.2,783,5.885894239644082,4.199999809265137,5.729819616270578,28289376.5727412,4.199999809265137,776.6666666666666
tt17079862,A Noite das Vampiras,2023,6.7,27,5.430594037538649,6.699999809265137,8.344143066774452,22293895.961683657,6.699999809265137,872.0
tt12875782,Freaks: You're One of Us,2020,5.4,7077,5.792399073578512,5.400000095367432,6.599642094232718,42809990.986365326,5.400000095367432,3967.6666666666665
tt8764084,Mandao Returns,2020,5.6,129,5.430594037538649,5.599999904632568,6.488176221196195,22293895.961683657,5.599999904632568,580.3333333333334
tt11355340,Bangaru Bullodu,2021,5.3,288,6.222950643159742,5.400000095367432,7.084293508909904,22449168.97011252,5.300000190734863,584.3333333333334
tt15732890,The Book of Solutions,2023,6.1,2761,6.054422441401912,6.25,6.978749874895237,25369272.771426857,6.25,599.0
tt29173926,Mystery,2023,9.4,160,5.819055299302949,8.266666412353516,8.140391749337354,24254080.005565863,9.399999618530272,407.0
tt28635495,Photophobia,2023,6.4,98,7.213336372265705,6.417460381038605,5.0,4388240.25,6.400000095367432,23333.333333333332
tt11319278,Raggie,2020,6.1,163,6.3324965625550425,5.999999920527141,6.709884917055798,65012910.43772242,6.099999944368998,6618.666666666667
tt14128966,BOONE: The Vengeance Trail,2022,3.4,14,6.936415740527709,3.700000047683716,4.305832412617379,23846722.933333334,3.350000023841858,797.3333333333334
tt19802602,Ago Alaago,2021,1.5,24,6.222950643159742,3.739999985694885,4.570872048437608,22449168.97011252,2.974999964237213,470.6666666666667
tt32536315,Blue Moon,2025,7.4,180,6.639995107137292,7.400000095367432,7.619894943541486,20874114.977977887,7.1333333651224775,728.0
tt21435976,September Babies,2024,5.7,290,5.852813889143827,5.699999809265137,6.695123193637702,34637161.96050409,5.699999809265137,970.3333333333334
tt9742206,Kevin Walter's Tower Rats,2020,6.9,34,5.8709723094511705,6.900000095367432,6.7492296504530005,45746400.7934628,6.900000095367432,7000.0
tt27424999,Street Logic,2023,4.3,34,5.97361481336043,4.900000095367432,5.572970016023197,25171932.29877474,4.550000190734863,800.3333333333334
tt15944018,Once Upon a Crime,2023,5.3,2169,5.905186477420924,5.222222301695082,6.378505985099851,38888244.62856678,5.100000040871756,17333.333333333332
tt2728986,Sleight,2020,8.0,13,6.222950643159742,8.0,8.039638689789943,22449168.97011252,8.0,11200.333333333334
tt12724040,Cherry,2022,5.6,328,6.054422441401912,5.599999904632568,6.1871249485727375,25369272.771426857,5.3999998569488525,3828.3333333333335
tt29348753,The Brotherhood of Rebel,2023,5.6,107,5.76970194587739,5.0,6.466776412742251,35544749.73672483,5.699999928474426,8068.0
tt28634176,CarousHELL 3,2023,5.8,66,5.885894239644082,5.466666777928671,5.764448827234393,28289376.5727412,5.183333396911621,6375.666666666667
tt18560294,Who Needs It?,2023,7.0,11,6.054422441401912,6.920833302868737,8.356143189998232,25369272.771426857,7.074999928474426,3298.6666666666665
tt7415156,Love Is Not Love,2020,5.7,42,6.084321177424017,5.699999809265137,6.380421267892486,20969162.450643778,5.699999809265137,549.0
tt32495411,Curse of the Seven Oceans,2024,5.5,444,5.290933252022113,5.467857224600656,6.292660170611612,22456305.679276817,6.0,245.0
tt27502640,Er Ci Hu Xi,2023,6.8,5,6.222950643159742,6.800000190734863,7.462590358077394,22449168.97011252,6.800000190734863,7493.333333333333
tt30221138,Aluda,2023,6.4,71,5.975161270726967,5.0,7.919421094245537,33489740.724119827,6.400000095367432,9635.333333333334
tt11170742,The Winter House,2021,6.6,130,6.222950643159742,7.1499998569488525,7.265034823574714,22449168.97011252,7.1499998569488525,348.3333333333333
tt13638858,What You Wish For,2023,6.7,9360,5.290933252022113,6.699999809265137,6.808713602044813,22456305.679276817,6.699999809265137,5786.0
tt28941406,"Privet, mama",2023,5.8,57,6.054422441401912,5.800000190734863,6.273369480579458,25369272.771426857,5.800000190734863,1298.6666666666667
tt9213934,Killer Among Us,2021,4.8,480,5.290933252022113,4.800000190734863,6.233127748697243,22456305.679276817,4.800000190734863,387.3333333333333
tt32947869,The Way of the Rain - Hope for Earth,2024,8.8,18,6.760618937724424,5.0,10.646282448000544,16326453.030487806,8.800000190734863,7543.333333333333
tt11859012,The Girl Who Got Away,2021,5.3,7967,5.290933252022113,5.300000190734863,6.50465572644448,22456305.679276817,5.300000190734863,12333.333333333334
tt19856204,Lal Jose,2022,2.9,59,6.222950643159742,2.900000095367432,5.448428609488062,22449168.97011252,2.900000095367432,7502.666666666667
tt33499051,The Last Sacrifice,2024,7.4,26,7.213336372265705,7.400000095367432,8.277422388535776,4388240.25,7.400000095367432,10666.666666666666
tt11633204,Flowers 02,2020,7.2,31,4.975293835433215,7.199999809265137,8.616753244667642,16298415.350626118,7.199999809265137,11315.666666666666
tt17888396,Rhymes,2021,8.5,51,5.606572668611012,5.0,9.988829814537532,28614196.00792752,8.5,4755.0
tt29173274,Split Screen,2023,5.6,74,4.975293835433215,4.712857144219535,5.725745306708819,16298415.350626118,4.726250007748604,246.0
tt27010448,Sakshi -An Untold Story,2022,8.7,10,6.222950643159742,8.312500059604645,8.511222797179379,22449168.97011252,8.400000095367432,461.0
tt29115814,The Young Hoodlum,2023,4.9,16,6.222950643159742,5.0,6.693332398569091,22449168.97011252,4.900000095367432,3728.0
tt9497760,Sol en el Agua,2021,6.1,16,5.606572668611012,6.099999904632568,7.224828619169488,28614196.00792752,6.099999904632568,619.6666666666666
tt10016152,Mr Nelson on the North Side,2021,8.4,47,7.213336372265705,5.0,6.790557344798998,4388240.25,8.399999618530273,22000.0
tt10016152,Mr Nelson on the North Side,2021,8.4,47,7.213336372265705,5.0,6.790557344798998,4388240.25,8.399999618530273,22000.0
tt21238872,Bad Psychiatrist,2025,9.8,10,6.054422441401912,9.800000190734863,8.22720286118658,25369272.771426857,9.800000190734863,433.6666666666667
tt14834556,Detektyw Bruno,2022,5.3,116,6.034567232947673,5.566666841506958,6.1944930436421695,38079569.80507808,5.450000166893005,6942.0
tt14945790,Plunder Quest,2022,7.3,41,5.8709723094511705,6.933333396911621,8.37853368423215,45746400.7934628,6.933333396911621,4119.333333333333
tt16491324,Honor Society,2022,6.5,10949,5.985107708534049,6.5,7.105078282322529,24629269.511692487,6.5,774.3333333333334
tt10801458,Gender Crisis,2021,7.5,24,6.054422441401912,6.333333373069763,7.552214171118957,25369272.771426857,5.842857190540859,415.6666666666667
tt11853944,The Doll 3,2022,4.8,325,5.290933252022113,5.217857224600656,6.058432091686948,22456305.679276817,5.150000095367432,7220.0
tt10981076,Mrugtrushna,2021,6.9,437,6.027207754384532,6.80000008477105,8.506568330371266,35592224.46732576,7.00000015894572,2666.6666666666665
tt13395224,Country Gold,2022,6.9,75,5.858679552626702,5.350000023841858,6.481843673641863,38512328.2686401,5.350000023841858,523.0
tt23023426,Occupied,2022,7.1,33,7.213336372265705,5.0,5.0,4388240.25,7.099999904632568,403.3333333333333
tt14540284,Tech Billionaires: Bill Gates,2021,5.2,60,7.074876056396708,5.762857147625515,6.536363232166207,14117481.591666669,5.68749999627471,4333.333333333333
tt23846442,Tagaru Palya,2023,6.8,346,6.222950643159742,6.800000190734863,8.909167483483529,22449168.97011252,6.800000190734863,1488.6666666666667
tt27573695,You're Not There,2024,7.7,40,6.222950643159742,7.699999809265137,7.318478936535731,22449168.97011252,5.3999998569488525,6799.333333333333
tt31588163,Just in Time,2024,6.9,316,6.222950643159742,6.900000095367432,8.170235221919317,22449168.97011252,6.900000095367432,14093.333333333334
tt32447110,Sinakagon,2024,6.9,33,5.599122239296479,5.0,5.0,19373792.16036932,6.900000095367432,8823.333333333334
tt9209388,Companion,2023,7.3,35,6.222950643159742,6.8466668128967285,8.589204267154148,22449168.97011252,7.300000190734863,4108.333333333333
tt12935278,El Sexoservidor 4,2020,2.9,29,6.222950643159742,4.466666645473904,4.103678561980861,22449168.97011252,3.700000127156576,336.0
tt11403186,Hobby Hustle,2025,6.0,40,7.213336372265705,5.0,5.0,4388240.25,6.0,3846.6666666666665
tt10990248,The Matchmaker,2021,7.0,92,6.097361703018362,7.899999936421712,8.21923601494723,32869436.19342289,7.899999936421712,5722.0
tt7332466,More to Life,2020,5.3,45,6.222950643159742,5.300000190734863,5.723083300494745,22449168.97011252,5.300000190734863,637.6666666666666
tt14859132,Puksatte Lifu Pursotte Illa,2021,7.7,121,6.0274865653880845,7.699999809265137,8.164414516635944,25303492.61387616,7.699999809265137,5093.333333333333
tt12532444,Five Dragon Town Coffin Biography,2020,6.2,14,5.805477866842771,5.933333396911621,6.561796884973124,54928941.96073187,5.600000023841858,566.3333333333334
tt31066341,The Gifts of Christmas,2024,5.7,19,6.084321177424017,4.6499998569488525,5.594716626399164,20969162.450643778,4.6499998569488525,772.0
tt13059278,Whispers in the Wheat,2022,6.8,13,6.222950643159742,6.800000190734863,5.0,22449168.97011252,6.800000190734863,900.0
tt23136152,Perjanjian Gaib,2023,5.7,148,5.430594037538649,5.580952349163237,6.665795285061058,22293895.961683657,6.199999939311635,4783.0
tt10467054,Threads - Our Tapestry of Love,2020,6.6,666,6.084321177424017,6.280000019073486,7.162413246099444,20969162.450643778,6.491666634877523,123.0
tt16150884,Normalnyy tolko ya,2021,5.9,146,6.222950643159742,5.900000095367432,6.280569380333979,22449168.97011252,5.024999976158142,11333.333333333334
tt13145186,Olga,2021,6.8,1279,6.418611257827269,6.318750113248825,5.0,23254548.319802023,6.800000190734863,875.0
tt23774656,THE ATM GUY,2022,9.0,10,6.222950643159742,9.0,5.0,22449168.97011252,9.0,895.3333333333334
tt13105114,Wind,2020,7.5,14,6.222950643159742,7.5,7.962982569411747,22449168.97011252,7.5,5176.333333333333
tt21874008,The Great Arms Robbery,2022,4.4,150,5.728918355660729,4.400000095367432,5.698588497025264,52848120.90347222,4.400000095367432,727.6666666666666
tt15315812,The Slaughter,2022,3.7,59,4.975293835433215,4.811111132303874,6.992777276542096,16298415.350626118,4.360000038146973,721.0
tt24074470,Cocktail,2023,8.5,911,5.586939748728935,5.0,8.989118711696669,44864999.99897032,8.5,13666.666666666666
tt28673287,The Wild,2023,8.6,12,5.606572668611012,8.600000381469727,10.214774191520416,28614196.00792752,8.600000381469727,4874.0
tt12414062,Bronx80146 - nuova squadra catturandi,2020,6.0,82,5.851266584510579,6.0,5.0,39010026.60112348,6.0,901.0
tt8196168,Straighten Up and Fly Right,2022,7.6,26,6.054422441401912,7.599999904632568,8.116974821993828,25369272.771426857,7.599999904632568,2485.0
tt15170580,Antardrishti,2022,9.3,9,5.606572668611012,8.50000011920929,9.87427768930083,28614196.00792752,7.700000047683716,4666.666666666667
tt11023754,Home Minister,2022,7.0,1122,5.975934499410236,5.0,7.714496524630856,37648644.93679237,7.0,7767.0
tt33399808,Winter Elegy,2024,8.6,12,6.222950643159742,8.600000381469727,8.381040085723914,22449168.97011252,7.333333333333333,753.3333333333334
tt12980392,Project Dreams: How to Build Mazinger Z's Hangar,2020,6.0,139,5.792399073578512,6.699999968210856,7.2389294830626065,42809990.986365326,5.988888846503364,5149.666666666667
tt15723074,10th Class Diaries,2022,5.9,100,6.222950643159742,5.900000095367432,6.904626709329506,22449168.97011252,6.399999936421712,4381.0
tt32433286,Im Haus der alten Augustin,2024,8.3,14,5.746233454127546,8.300000190734863,9.354154359541504,28451786.29033436,8.300000190734863,5162.666666666667
tt27349551,Les Pas Perdus,2024,8.2,13,6.222950643159742,7.7444443172878685,7.833205750613775,22449168.97011252,8.199999809265137,785.6666666666666
tt23052340,Deepavali Bonus,2024,6.9,114,6.222950643159742,6.900000095367432,7.605131835662173,22449168.97011252,6.900000095367432,7807.0
tt10772662,The Boy Behind the Door,2020,5.7,6256,5.466973934449058,5.0333333015441895,6.53485319031702,23055563.78803984,5.25,8584.0
tt15262652,Shady Grove,2022,3.6,216,5.290933252022113,6.200000047683716,6.63605303027224,22456305.679276817,6.200000047683716,3686.6666666666665
tt20229564,Porno prica,2022,5.1,123,5.885894239644082,5.523809455689929,6.094967597857222,28289376.5727412,5.099999904632568,789.3333333333334
tt30294276,Love and Work,2024,7.0,13,5.885894239644082,6.044444402058919,7.214686498584706,28289376.5727412,5.666666666666667,3885.3333333333335
tt33317547,Tatuajes en la memoria,2024,5.7,11,6.222950643159742,5.699999809265137,6.536107152375923,22449168.97011252,6.6499998569488525,1340.0
tt6865630,Ana,2020,5.9,1976,6.054422441401912,5.900000095367432,7.074390105393994,25369272.771426857,5.900000095367432,1531.0
tt27543570,Dead Girls Dancing,2023,5.3,206,6.222950643159742,5.300000190734863,5.994600397265803,22449168.97011252,5.300000190734863,5240.333333333333
tt32851910,Peg O' My Heart,2024,6.2,138,5.934379375043728,5.859999871253967,6.987460654075152,25411765.758938257,6.199999809265137,11000.0
tt31248638,Mertsanie,2024,5.6,18,5.464677190288741,5.3999998569488525,5.0,42929860.016185984,5.599999904632568,536.0
tt28668521,Freedom Is Beautiful,2023,4.3,95,7.213336372265705,5.0,5.0,4388240.25,4.300000190734863,11894.333333333334
tt33050292,Piglet,2025,2.7,499,4.975293835433215,3.4761904761904763,4.148356332412565,16298415.350626118,4.483333309491475,2178.3333333333335
tt20250342,The Circle,2020,3.1,10,4.975293835433215,3.0999999046325684,5.0,16298415.350626118,3.0999999046325684,9555.0
tt12182440,Buladó,2020,6.5,1288,6.222950643159742,6.5,6.9546346662331535,22449168.97011252,6.5,3595.0
tt19401474,Twisted Vines,2022,4.3,185,6.005206918607708,4.300000190734863,5.06287986860347,23958393.75815104,4.300000190734863,597.3333333333334
tt14146688,Me contro te - Il mistero della scuola incantata,2021,2.1,163,5.885894239644082,2.4411110904481674,3.3036497546839545,28289376.5727412,2.7166666189829507,1065.0
tt12601256,Nobody Knows,2021,7.5,60,5.914761655885377,7.5,8.570986356381448,25531682.48902002,7.5,4413.666666666667
tt33600152,Sodade,2024,6.5,11,6.222950643159742,6.5,7.556128052415524,22449168.97011252,6.5,818.6666666666666
tt11852794,Under Cover,2022,7.3,41,7.213336372265705,7.300000190734863,7.944895559872569,4388240.25,7.300000190734863,7450.0
tt32499895,Millers in Marriage,2024,5.3,387,6.222950643159742,5.300000190734863,6.233423363887473,22449168.97011252,5.300000190734863,453.0
tt4946776,Aquarium,2022,4.0,44,6.098282728260086,4.0,5.501913522497035,23810550.63444363,4.0,541.6666666666666
tt10806034,Galeria Futuro,2021,6.5,41,5.885894239644082,6.153333330154418,6.835066456270542,28289376.5727412,5.950000047683716,4650.666666666667
tt6458744,Unit Eleven,2020,2.3,203,5.728918355660729,2.299999952316284,5.0,52848120.90347222,2.299999952316284,8270.666666666666
tt23769168,Just My Type,2022,8.2,33,5.885894239644082,8.199999809265137,7.313962788587137,28289376.5727412,7.866666475931804,230.0
tt33507459,Mugaritz. Sin pan ni postre,2024,6.2,21,7.213336372265705,6.074999809265137,5.0,4388240.25,5.933333237965901,681.0
tt24228356,The Loop of Fear,2022,7.0,10,5.290933252022113,7.0,5.0,22456305.679276817,7.0,682.0
tt14550344,Until the Wheels Come Off,2022,7.2,39,6.913804122380251,5.0,5.0,14224083.959745765,7.199999809265137,2303.0
tt36242582,Meet the Khumalos,2025,5.1,429,6.054422441401912,5.099999904632568,6.746848212329072,25369272.771426857,5.066666762034099,717.6666666666666
tt33305346,Aimons-nous vivants,2025,5.9,37,5.985107708534049,5.954166769981384,6.470020896796318,24629269.511692487,5.975000143051148,350.0
tt13781128,Paachuvum Albhuthavilakkum,2023,7.3,3943,6.054422441401912,7.300000190734863,7.236671319567118,25369272.771426857,7.300000190734863,43.666666666666664
tt29309987,8,2023,8.0,249,6.222950643159742,8.0,8.971650918243947,22449168.97011252,8.0,8045.0
tt22797706,Project Iceman,2022,7.9,1499,7.213336372265705,5.0,5.0,4388240.25,7.900000095367432,526.3333333333334
tt31850657,A Lab Story,2024,8.6,12,6.222950643159742,7.700000127156575,7.135883386448542,22449168.97011252,6.550000071525574,718.0
tt8850576,Women of the White Buffalo,2022,7.5,97,7.213336372265705,7.5,8.690672620227605,4388240.25,7.5,555.3333333333334
tt17054432,Dueños del Tiempo,2020,7.6,15,5.987195784039379,7.599999904632568,8.510565716554444,48978772.453161485,7.1249998807907104,4250.0
tt14398982,Beata te,2022,5.9,172,5.885894239644082,5.96666677792867,6.790938532292418,28289376.5727412,6.066666603088379,4572.333333333333
tt21955640,Wild Port of Europe - Nature on the Edge,2022,6.4,41,7.213336372265705,6.400000095367432,7.335312360515003,4388240.25,6.400000095367432,2999.6666666666665
tt29884987,Deus Irae,2023,5.6,120,5.290933252022113,5.599999904632568,6.854487294659106,22456305.679276817,5.599999904632568,1795.6666666666667
tt15262802,First Responders,2022,6.9,30,6.222950643159742,6.4666666984558105,8.311643550745938,22449168.97011252,6.900000095367432,4167.333333333333
tt25032152,Soy Inocente,2023,7.1,64,5.885894239644082,5.325000047683716,6.859260223606152,28289376.5727412,5.325000047683716,9860.333333333334
tt9037400,Playing the Changes - Tracking Darius Brubeck,2024,9.0,8,7.213336372265705,9.0,5.0,4388240.25,9.0,7723.0
tt15354254,Dublin Crust,2023,6.0,397,6.054422441401912,6.0,7.513945255012271,25369272.771426857,6.0,6474.333333333333
tt8790384,Rocambola,2020,3.9,94,5.606572668611012,3.900000095367432,4.655143928859708,28614196.00792752,3.900000095367432,5292.333333333333
tt22746748,Sideworld: Damnation Village,2022,7.5,28,6.0943151038494605,7.025000095367432,8.470266144622967,10343327.80031306,7.025000095367432,3270.6666666666665
tt33484317,Arsa,2024,8.2,9,6.222950643159742,7.85555542839898,7.570686944539734,22449168.97011252,8.199999809265137,498.6666666666667
tt23900716,Ogo Bideshini,2022,6.6,207,6.064388686742614,7.416666547457376,7.53625284415421,23902569.33116583,6.416666547457377,873.0
tt7117966,Ode to Passion,2020,6.8,625,6.156287938925195,6.800000190734863,7.257961151564706,19845209.201655608,6.800000190734863,683.3333333333334
tt24802658,The Escapee,2023,2.8,152,5.728918355660729,5.0,4.030551706377013,52848120.90347222,2.8958333233992257,1839.3333333333333
tt7248350,Penduko,2023,5.4,109,5.805477866842771,5.483333396911621,5.717153594582094,54928941.96073187,5.255555576748318,607.3333333333334
tt18927696,Fearless: The Women Fighting Putin,2022,7.2,30,7.213336372265705,5.0,6.243482641445016,4388240.25,7.199999809265137,1168.0
tt13833830,Reveries: Going Deeper,2020,7.1,10,5.885894239644082,6.75,7.628768008151351,28289376.5727412,6.8999998569488525,108.0
tt15742308,Goddamned Asura,2021,6.5,352,6.005206918607708,6.5,6.787629349551051,23958393.75815104,6.5,4796.0
tt14949634,All for One,2024,1.4,665,5.856050379258259,4.261904753389813,6.003424160823506,63203425.0141844,3.199999988079071,4588.0
tt8598380,The Sixth Land,2020,3.9,19,6.222950643159742,3.900000095367432,4.329274003238847,22449168.97011252,3.900000095367432,4611.666666666667
tt28866079,Girl Code,2024,7.8,9,6.222950643159742,4.382307756864108,6.431923602035377,22449168.97011252,4.219230835254376,8188.333333333333
tt13090932,The Jungle Demon,2021,9.0,16,5.479305627767495,9.0,8.911092819409463,36038678.79091268,9.0,5296.333333333333
tt29456783,Innalekal Thalirkkumbol,2023,5.2,147,6.183240226251263,5.199999809265137,8.010473788052016,47869763.03741497,5.199999809265137,3666.6666666666665
tt15121766,Gadens Melodi,2021,6.8,6,5.728918355660729,6.800000190734863,5.0,52848120.90347222,6.800000190734863,254.0
tt27919777,Coney Island Cousins,2025,9.5,6,5.822027240538508,9.5,11.890080116957389,27358501.62648115,9.5,493.3333333333333
tt31524311,Santa Hunters,2024,5.8,36,5.885894239644082,5.800000190734863,6.609870487809884,28289376.5727412,5.800000190734863,74.0
tt16025668,Costa Concordia - Chronik einer Katastrophe,2021,6.5,330,7.213336372265705,6.5,7.404139438328417,4388240.25,6.5,8860.333333333334
tt10356564,The Other Me,2022,4.2,722,5.882859537024568,4.199999809265137,5.553898234902001,25105814.9945353,4.199999809265137,8192.333333333334
tt32345447,If My Lover Were a Flower,2024,8.5,8,6.084321177424017,8.350000023841858,10.12221496909837,20969162.450643778,8.5,1853.6666666666667
tt15413348,Cutting Corners,2021,6.9,121,6.222950643159742,6.900000095367432,5.0,22449168.97011252,6.900000095367432,781.3333333333334
tt7476822,Temenggor,2020,4.3,49,5.843757622433792,4.650000095367432,5.0,55969352.4893617,5.78571435383388,4337.0
tt23915738,Love Sorry,2022,5.9,712,5.985107708534049,5.850000143051148,7.212984791637642,24629269.511692487,5.183333436648051,20666.666666666668
tt32242031,The Brothers Grimm: American Folktales,2024,6.3,6,5.831464865609323,5.0,5.0,48735279.96453901,6.300000190734863,7982.666666666667
tt30070875,Plant Man,2024,7.2,2042,5.885894239644082,5.0,7.155683291258981,28289376.5727412,7.199999809265137,6654.333333333333
tt14827898,The Crusades,2023,4.5,321,6.054422441401912,4.5,5.637262725157872,25369272.771426857,4.5,6666.666666666667
tt36591053,Gangland: The City of Crime,2025,8.2,10,5.728918355660729,7.543749898672104,8.9674875661787,52848120.90347222,8.199999809265137,651.6666666666666
tt32880932,V/H/S/Beyond,2024,5.8,9509,5.301549405336899,6.083333492279053,5.8210429211443255,34052711.7943327,5.733333508173625,8227.0
tt8588414,A Shot Through the Wall,2020,5.3,373,5.934379375043728,5.300000190734863,6.0328982338480825,25411765.758938257,5.300000190734863,15666.666666666666
tt34781820,The Stamp Thief,2025,7.7,10,6.222950643159742,5.0,9.643368513528864,22449168.97011252,7.699999809265137,768.0
tt27510455,Mondays: See You 'This' Week!,2022,6.5,1154,5.604337975805276,6.5,7.41246838714149,42767450.29859282,6.5,1962.6666666666667
tt15558212,Hell's Coming for You,2023,5.0,65,5.606572668611012,4.299999992052714,5.134187151526509,28614196.00792752,3.660000038146973,8612.666666666666
tt20465746,Last Night of Amore,2023,7.1,5881,5.914761655885377,7.099999904632568,7.641224263742004,25531682.48902002,7.099999904632568,12333.333333333334
tt15080160,Field of Operations: The Tunisia Campaign,2020,7.2,7,6.790006563057174,7.199999809265137,8.41428367437123,12521007.99385246,7.199999809265137,514.6666666666666
tt12415850,Freedom Hair,2024,4.9,162,6.222950643159742,4.900000095367432,5.970088010969292,22449168.97011252,4.900000095367432,559.6666666666666
tt33477418,Like Aani Subscribe,2024,7.4,6172,5.819055299302949,7.400000095367432,8.501086533707996,24254080.005565863,7.400000095367432,8878.0
tt15654654,Thaggedhe Le,2022,5.8,106,5.97361481336043,6.550000190734863,6.811905222200793,25171932.29877474,6.550000190734863,60.666666666666664
tt10307870,Sweet Sorrow,2023,6.4,93,6.054422441401912,6.400000095367432,7.614074694226725,25369272.771426857,6.400000095367432,7765.0
tt15783462,Nice View,2022,6.7,1452,6.054422441401912,6.699999809265137,7.142631318300137,25369272.771426857,6.699999809265137,140.33333333333334
tt8367084,Then Came You,2020,5.9,2787,6.064388686742614,5.7500001192092896,6.83758361495927,23902569.33116583,5.900000095367432,665.0
tt10115874,The Diary: An Untold Story,2021,6.9,20,6.042109039962235,6.900000095367432,8.047594863408639,22557470.47544072,6.900000095367432,530.6666666666666
tt13021712,The Age of Genesis,2020,9.0,7,5.322781711966471,9.0,9.369166137508484,57245524.024444446,7.808333317438761,586.6666666666666
tt18398986,Without Blood,2024,7.5,110,6.294813698504193,7.0,7.690670141139652,21551472.35390872,7.5,1242.6666666666667
tt15114166,Osman Sekiz,2022,5.0,382,5.93389342755914,5.0,6.298729745807068,32664606.329307992,4.350000023841858,16666.666666666668
tt29577119,Magnum 87,2023,9.7,7,6.913804122380251,5.0,5.0,14224083.959745765,9.699999809265137,72.0
tt15748830,Jaane Jaan,2023,7.0,15735,6.005206918607708,6.462499956289928,7.356494242903373,23958393.75815104,6.400000095367432,4852.0
tt21846706,All That Sex,2023,4.5,294,6.064388686742614,5.237500071525574,5.373513636480616,23902569.33116583,3.549999992052714,12240.0
tt11351238,Halvai 5-0,2020,4.0,1024,5.852474769473515,4.0,4.385831686718936,26271728.28915353,4.0,3780.0
tt23759332,Fearless Love,2022,4.1,316,5.648503084167104,5.0,4.399239607394069,21852318.124670364,4.099999904632568,6333.333333333333
tt23634886,Buaphan Fan Yap,2022,4.2,169,5.807406297652405,5.0,4.4483063789707655,40568748.73810671,5.883333285649617,450.0
tt31407003,Ginpei-cho cinema blues,2022,6.1,15,6.222950643159742,5.0,7.344501423285936,22449168.97011252,6.122222211625841,23959.333333333332
tt14219458,Farm to Fork to Love,2021,5.7,554,6.084321177424017,5.849999984105428,6.786493286751436,20969162.450643778,5.95714282989502,8666.666666666666
tt15442580,Moonlight Shadow,2021,5.4,209,6.222950643159742,5.575000047683716,6.997437005853046,22449168.97011252,5.450000047683716,7942.666666666667
tt14761462,Re: Uniting,2023,7.6,74,6.222950643159742,7.599999904632568,7.959761028045747,22449168.97011252,7.599999904632568,659.0
tt7816986,Martingale,2024,5.4,105,5.97361481336043,5.0,5.874467467949001,25171932.29877474,4.200000047683716,3180.3333333333335
tt25177944,Hantu Tenggek,2022,6.1,20,5.56421764689554,5.724999934434891,6.422926570372525,31107690.629302103,5.57999997138977,4217.0
tt11454088,Meathook Massacre Part VI: Bloodline,2020,4.0,26,4.975293835433215,2.699999968210856,4.383783809134361,16298415.350626118,3.149999976158142,6168.0
tt2786516,Free for All: The Public Library,2025,8.1,15,7.213336372265705,8.100000381469727,8.753241388793603,4388240.25,8.100000381469727,8333.333333333334
tt12152860,Atração de Risco,2020,7.4,28,5.606572668611012,7.400000095367432,8.118625416162264,28614196.00792752,6.75,8666.666666666666
tt17639060,"Run, Tiger Run!",2022,6.9,89,5.972488432491343,6.900000095367432,8.079781226183414,60354818.78512635,6.900000095367432,4496.0
tt11051898,Drunken Birds,2021,6.7,345,6.222950643159742,6.699999809265137,7.402376465359121,22449168.97011252,6.699999809265137,3173.0
tt23049558,Roger Federer: A Champions Journey,2023,5.5,63,6.614271872494797,5.762857147625515,6.99762121123669,24059927.66949153,5.68749999627471,3440.6666666666665
tt15396972,Tarará,2021,8.5,7,7.213336372265705,8.5,5.0,4388240.25,8.5,20333.333333333332
tt10669888,Blood for Dust,2023,5.2,2180,5.76970194587739,5.141666531562805,6.318676156897847,35544749.73672483,5.349999904632568,6229.666666666667
tt13003106,Arreola Jones and the Home Video Vixens,2020,7.0,8,5.885894239644082,7.0,8.93076791860096,28289376.5727412,7.0,637.0
tt23034906,The Key -Professor's Pleasure- (Kagi),2022,7.3,74,6.222950643159742,7.070000100135803,7.819689876110628,22449168.97011252,6.800000031789144,368.6666666666667
tt21072230,Self Driver,2024,7.0,69,5.606572668611012,7.0,7.815974455151551,28614196.00792752,7.0,11000.0
tt6614198,And Mrs,2024,5.8,780,5.885894239644082,5.800000190734863,6.868598315223133,28289376.5727412,5.800000190734863,4359.0
tt12758486,Chevalier,2022,6.5,7643,6.647373881526953,6.5,7.083247017668181,24261086.741433825,6.5,12000.0
tt27742343,The Elephant,2023,7.6,13,5.672433259298636,7.599999904632568,5.0,21000554.77543484,7.599999904632568,2621.0
tt12618046,200 Cigarettes from Now,2021,7.0,7,6.064388686742614,5.0,5.0,23902569.33116583,7.0,18333.333333333332
tt12215252,I Run to You,2022,6.4,2124,5.985107708534049,6.91333335240682,7.292786981820959,24629269.511692487,6.766666730244954,4438.666666666667
tt11542194,Kaaal,2020,4.7,1663,4.975293835433215,4.699999809265137,5.093831053676006,16298415.350626118,4.699999809265137,1167.6666666666667
tt14961546,Intuit,2021,2.7,22,5.301549405336899,2.700000047683716,6.568156115169015,34052711.7943327,2.700000047683716,17000.0
tt6580050,On Halloween,2020,3.2,571,4.975293835433215,3.200000047683716,4.512990030552025,16298415.350626118,3.200000047683716,9936.0
tt8115996,Witches of Blackwood,2020,3.5,405,5.290933252022113,3.5,5.338503817089883,22456305.679276817,3.5,5108.0
tt7697348,40: The Temptation of Christ,2020,5.1,327,6.222950643159742,6.549999952316284,6.075862638379292,22449168.97011252,5.5,4323.0
tt11343552,Anukunnadi Okkati Ayyindhi Okati,2020,4.2,738,6.0274865653880845,4.716666579246521,6.655352887511242,25303492.61387616,4.333333253860474,7140.666666666667
tt14091210,Greta Thunberg: The Voice of the Future,2020,3.4,149,7.213336372265705,5.048648640916154,6.272787291315141,4388240.25,4.996666685740153,113.33333333333333
tt11226404,Daughter,2022,4.8,390,5.672433259298636,4.800000190734863,5.704794776647232,21000554.77543484,4.800000190734863,239.66666666666666
tt21217804,Chaudhry,2022,7.4,42,6.212982969849622,5.0,8.157991529490436,33955592.045193434,7.400000095367432,3666.6666666666665
tt11100764,Son of Alibaba Nalpathonnaman,2022,7.0,34,5.76970194587739,7.0,9.09808190393119,35544749.73672483,7.0,617.3333333333334
tt27381447,Another Day in America,2024,8.9,84,6.054422441401912,8.899999618530273,7.746567489337171,25369272.771426857,8.899999618530273,796.3333333333334
tt11879646,Day 13,2023,5.1,295,5.352106095546972,5.099999904632568,6.322238837163809,34573268.12704917,4.716666579246521,3662.3333333333335
tt29572786,Smaragda: I Got Thick Skin and I Can't Jump,2024,7.9,39,6.222950643159742,7.900000095367432,8.276273463660733,22449168.97011252,7.900000095367432,601.0
tt7830416,Evil Takes Root,2020,4.5,506,5.290933252022113,4.366666674613953,5.42599225586584,22456305.679276817,4.100000023841858,5164.0
tt21254234,Zound,2020,7.3,225,6.222950643159742,7.300000190734863,8.806864856505449,22449168.97011252,7.300000190734863,725.3333333333334
tt25505060,Leon - Kämpf um deine Liebe,2023,5.7,11,6.15363591029188,5.699999809265137,6.03007739389762,21709165.710378148,5.099999904632568,6224.666666666667
tt12524030,Naked Cannibal Campers,2020,3.7,176,4.975293835433215,4.9666666984558105,4.98768545109293,16298415.350626118,4.9666666984558105,32978.333333333336
tt13298500,Monsters of California,2023,4.7,870,5.589416045612365,4.699999809265137,5.578728844974704,60224474.51931442,4.699999809265137,5942.0
tt11204984,Divorzio a Las Vegas,2020,5.2,277,5.985107708534049,5.324444336361355,6.036168865157674,24629269.511692487,5.119999933242798,4319.0
tt15164524,Merise Merise,2021,6.3,752,6.084321177424017,6.300000190734863,7.5979313190030595,20969162.450643778,6.300000190734863,357.3333333333333
tt7974036,Alien Prophecy,2020,3.9,31,5.322781711966471,3.900000095367432,4.134891366683583,57245524.024444446,3.900000095367432,618.3333333333334
tt36400736,Dud Bekaa,2025,9.8,21,6.222950643159742,5.0,5.0,22449168.97011252,9.800000190734863,7528.333333333333
tt27834496,A Summer Night,2023,9.9,30,6.222950643159742,9.899999618530272,9.52831679677328,22449168.97011252,9.899999618530272,1666.6666666666667
tt13496358,Absolute Denial,2021,7.1,136,5.827639137260757,7.099999904632568,8.67177374317492,61129217.23108344,7.099999904632568,6372.0
tt17007488,In Plain Sight: The Intelligence Community and UFOs,2022,7.3,24,7.213336372265705,5.756250008940697,5.0,4388240.25,5.772916659712791,315.6666666666667
tt6566576,Fear Street: Part One - 1994,2021,6.2,101587,5.672433259298636,6.299999819861518,7.248390333520743,21000554.77543484,6.49999984105428,300.0
tt11779744,Ajinkya,2021,8.7,762,6.084321177424017,8.699999809265137,9.810672423486285,20969162.450643778,8.699999809265137,5863.333333333333
tt9428638,Last Stop before Chocolate Mountain,2022,8.2,37,7.213336372265705,8.199999809265137,7.697029522904784,4388240.25,8.199999809265137,9000.0
tt21194672,MA_SER,2022,3.3,12,4.975293835433215,5.0,5.0,16298415.350626118,4.159999990463257,275.0
tt13742826,Triple D Revenge,2021,7.2,103,5.97361481336043,7.199999809265137,7.7367935321013075,25171932.29877474,7.199999809265137,5208.333333333333
tt12719600,Hidden,2023,6.7,46,5.934379375043728,5.599999904632568,5.928979597795556,25411765.758938257,5.599999904632568,5062.0
tt11418672,Holy Silence,2020,7.0,79,7.213336372265705,7.650000095367432,8.487781776356053,4388240.25,7.650000095367432,6403.0
tt26270640,Indochine: Central Tour au cinéma,2022,7.1,10,6.760618937724424,7.099999904632568,5.0,16326453.030487806,7.099999904632568,551.6666666666666
tt31499750,Lowlifes,2024,6.2,6448,4.975293835433215,6.199999809265137,6.1512020658617885,16298415.350626118,6.199999809265137,4479.666666666667
tt35090088,Trail Cam Sasquatch,2025,3.0,9,5.149037773699843,2.8899999856948853,3.26372572983407,36771969.687535286,2.8864864626446285,9817.666666666666
tt14958836,Welcome to Our World,2021,7.0,11,5.885894239644082,7.0,7.24572257983897,28289376.5727412,7.0,523.0
tt14975252,Devil in Agbada,2021,7.6,102,5.728918355660729,6.950000047683716,7.92593712052202,52848120.90347222,7.599999904632568,173.66666666666666
tt14039392,The Love Letter,2021,6.1,557,6.064388686742614,6.099999904632568,6.999556839712284,23902569.33116583,6.099999904632568,8391.666666666666
tt24512504,Intimate Confessions,2022,7.5,9,6.222950643159742,7.5,7.621981933293836,22449168.97011252,7.5,112.33333333333333
tt13002232,Inland,2022,5.1,177,5.957823602690671,5.099999904632568,6.351394697097697,31812842.980072465,5.099999904632568,894.0
tt11900444,Showtime 1958,2020,6.8,39,6.189260955200943,6.800000190734863,7.193562995466328,28812076.06391267,6.800000190734863,6000.0
tt12059016,Red Snow,2021,5.0,2290,5.489253581229437,4.75,5.5082045483648825,24400662.643764943,4.75,4670.0
tt12338648,Mehandi Laga Ke Rakhna 3,2020,7.9,220,6.222950643159742,8.800000071525574,9.421219661234476,22449168.97011252,8.680000019073486,19427.333333333332
tt29436137,Io e il Secco,2023,7.2,102,6.054422441401912,6.674999833106995,7.655196887998104,25369272.771426857,7.199999809265137,408.6666666666667
tt14421754,Dirty Games,2022,3.0,794,5.845446923017514,3.555555502573649,3.8124859066092647,24791679.22928565,3.324999988079071,4627.333333333333
tt14266192,Abar Bochhor Koori Pore,2022,8.1,154,6.222950643159742,8.100000381469727,8.40414958888662,22449168.97011252,8.100000381469727,320.0
tt21615958,Isleen Pines,2024,5.8,728,5.394656595681256,6.260000085830688,6.151451194936456,33944438.64927059,6.400000095367432,691.6666666666666
tt18966752,Take Me to the River: New Orleans,2022,8.9,25,7.213336372265705,8.899999618530273,11.054008115133469,4388240.25,8.899999618530273,5860.333333333333
tt13610158,The Harbinger,2022,5.4,2159,5.672433259298636,5.400000095367432,6.096868528138415,21000554.77543484,5.400000095367432,2248.0
tt19713230,A Neighbor's Vendetta,2023,5.3,319,5.606572668611012,5.300000190734863,5.662528111562345,28614196.00792752,5.300000190734863,4554.0
tt13222524,Finding Your True Self,2022,8.6,10,6.15363591029188,8.600000381469727,8.396669961438931,21709165.710378148,8.600000381469727,513.0
tt28821588,The Soul Eater,2024,5.9,2673,5.589321316032198,5.900000095367432,6.850333136401591,21908142.551655576,5.533333460489909,5050.666666666667
tt14799066,In Those Days,2021,6.2,111,6.222950643159742,6.174999833106995,6.888589545788975,22449168.97011252,6.611111058129205,4879.666666666667
tt16077702,Govinda Naam Mera,2022,6.5,10869,6.0274865653880845,7.0,7.501994214870133,25303492.61387616,6.5,3951.6666666666665
tt30145660,The Revenge,2023,5.7,14,5.882859537024568,5.699999809265137,6.494036314790336,25105814.9945353,5.699999809265137,10752.0
tt13487922,1UP,2022,3.5,1835,6.250083056069439,3.5,5.569844945516876,26174652.121116363,3.5,884.3333333333334
tt36385296,Herfra Hvor Vi Står - 80 år med Niels Skousen,2025,5.6,5,6.977502457895607,5.599999904632568,6.745041908527487,18240777.16806298,5.599999904632568,5214.333333333333
tt21241112,Dole Mates,2022,5.7,12,5.985107708534049,5.699999809265137,5.0,24629269.511692487,5.699999809265137,5503.0
tt17495990,Caracas,2024,5.7,415,6.222950643159742,5.99999984105428,6.814205952187159,22449168.97011252,5.8999998569488525,8265.0
tt13705714,Snowball,2020,6.9,84,6.222950643159742,6.900000095367432,7.200320856383011,22449168.97011252,6.900000095367432,35.333333333333336
tt15477202,Voice of Sathyanathan,2023,5.7,1407,5.746233454127546,5.766666571299235,6.31840805917916,28451786.29033436,5.699999809265137,14000.0
tt23180428,Intersex,2024,5.8,37,6.222950643159742,5.100000063578288,6.659845741034302,22449168.97011252,5.450000127156576,2462.0
tt14575898,Lord of the Ants,2022,6.7,1408,6.579683191843726,6.45777768029107,7.448546708627228,23147945.951722927,6.233333269755046,667.3333333333334
tt14552446,Lilith's Ball: 7 Deadly Sins,2022,3.3,32,6.222950643159742,4.115476208073752,3.655849164028959,22449168.97011252,4.114285741533552,699.3333333333334
tt32322813,Rose Water (May Ward),2024,7.6,5,6.222950643159742,7.599999904632568,9.153519356910348,22449168.97011252,7.599999904632568,5000.0
tt7127184,Useless Humans,2020,4.5,2505,5.572412818111853,4.5,5.248024590123582,35930405.64585057,4.5,3135.0
tt29719180,Shoot Again: The Resurgence of Pinball,2024,4.6,8,7.213336372265705,5.0,5.0,4388240.25,4.599999904632568,1481.6666666666667
tt20847416,Sidhus of Southall,2023,4.4,138,6.034567232947673,6.760000030199686,7.118613654358501,38079569.80507808,5.666666666666667,940.3333333333334
tt9592522,Knucks,2021,3.4,115,5.874711659424235,3.400000095367432,5.541749679391174,32720430.756293204,3.400000095367432,1193.6666666666667
tt32659452,Herchcovitch; Exposto,2024,5.9,22,7.213336372265705,6.500000052981907,5.0,4388240.25,5.900000095367432,9000.0
tt28766949,Uranus 2324,2024,6.4,4822,5.876684510850076,6.400000095367432,7.6884026111013775,33554618.48173358,6.400000095367432,814.6666666666666
tt12975174,Beyond Weight Loss: Breaking the Fat Loss Code,2020,6.8,148,7.213336372265705,6.800000190734863,7.681071848318643,4388240.25,6.800000190734863,16873.333333333332
tt26902292,It's Lonely at the Top II,2023,5.5,17,6.222950643159742,5.0,7.336001950441076,22449168.97011252,5.987500071525574,7666.666666666667
tt14164234,Ride or Die,2021,5.6,2814,6.093628877981396,5.883333285649618,6.76796631218887,22863421.23984368,5.833333253860474,3908.3333333333335
tt10198564,Bullet Proof,2022,4.3,1836,5.728918355660729,4.0000001192092896,4.940149953151511,52848120.90347222,4.0000001192092896,1064.3333333333333
tt10091272,Honey Trap,2022,1.8,42,5.606572668611012,2.324999988079071,3.200922631628038,28614196.00792752,2.3083333373069763,4994.0
tt11864586,CyberStalked,2020,1.8,613,6.936415740527709,1.7333333094914751,1.7354146262663634,23846722.933333334,1.7333333094914751,420.0
tt14124080,The Great Escaper,2023,7.0,8315,6.508681045845364,7.0,7.614851369962882,22316555.880383592,7.0,10616.0
tt26763310,Mangalavaaram,2023,6.8,3839,5.436928286568318,6.50277774863773,7.219437830610142,32586910.75400862,6.666666666666667,571.6666666666666
tt24218164,Finist. The First Warrior,2025,6.0,250,5.956918490372949,5.966666690508525,6.359066990156012,53269489.33871279,5.840000057220459,606.3333333333334
tt11404762,From the Depths,2020,2.4,555,5.672433259298636,3.5,3.695988607920502,21000554.77543484,4.0333333015441895,7904.0
tt3171196,The Lurking Fear,2023,2.5,212,4.975293835433215,2.5,4.616921296949479,16298415.350626118,2.5,404.3333333333333
tt30052262,One Chell and Citieventures,2023,3.5,21,6.024813727152462,3.5,5.0,52168570.67488267,3.5,4094.6666666666665
tt22006138,Egoist,2022,7.0,853,6.15363591029188,6.983333349227905,7.600081714384598,21709165.710378148,6.650000095367432,678.3333333333334
tt35150158,Red Stars Upon the Field,2025,6.1,18,5.914761655885377,6.099999904632568,7.301534450350326,25531682.48902002,6.099999904632568,7500.666666666667
tt28504311,Rent,2023,3.8,2153,5.474454324396822,3.799999952316284,6.91444285548824,20735173.82470043,3.799999952316284,9769.333333333334
tt13968846,Journalist,2021,6.5,15,6.222950643159742,6.299999952316284,7.668853461223714,22449168.97011252,6.5,5853.666666666667
tt21411206,The Picture of Dorian Gray,2023,3.9,237,5.760855218672325,5.442129618591733,4.857022770431975,19905582.25712747,4.009090900421143,462.6666666666667
tt13656056,El color del cielo,2022,5.7,45,6.222950643159742,5.699999809265137,6.938547247227267,22449168.97011252,5.699999809265137,961.0
tt13118434,Macho Man 3,2024,6.7,13,5.66774551213587,6.699999809265137,8.111223558225696,40731158.45569987,6.699999809265137,9149.333333333334
tt12593218,Il silenzio grande,2021,6.7,232,5.885894239644082,6.699999809265137,7.185947495969345,28289376.5727412,6.699999809265137,556.3333333333334
tt13617378,Salesmen,2022,5.2,154,5.885894239644082,5.199999809265137,5.72094406423729,28289376.5727412,5.199999809265137,10333.333333333334
tt27547742,Il silenzio prima del giorno,2023,7.0,7,6.084321177424017,6.399999936421712,7.694490714320658,20969162.450643778,6.099999904632568,7273.666666666667
tt10341040,Around the World in 80 Days,2021,4.7,1038,6.024813727152462,4.699999809265137,6.491993328893467,52168570.67488267,4.699999809265137,1353.0
tt9257906,The Unkind,2021,3.4,691,5.541938000115162,3.400000095367432,4.438669129711432,29762591.773577,3.400000095367432,5962.0
tt22042944,A Waste of Time,2022,8.7,15,5.885894239644082,8.699999809265137,5.0,28289376.5727412,8.699999809265137,10533.333333333334
tt15109218,River of Salvation,2020,6.5,64,6.098282728260086,5.0,7.460000575024722,23810550.63444363,6.5,5092.0
tt17074712,Wild Isles,2022,8.5,12,7.213336372265705,8.833333333333334,10.398236488593035,4388240.25,9.0,1256.0
tt15787858,Miz Behaviour,2020,5.9,21,5.885894239644082,6.293750017881393,7.520059717330315,28289376.5727412,6.490909039974213,1100.6666666666667
tt26761925,Dance for Me,2023,4.9,408,5.606572668611012,5.866666793823242,5.882567514813424,28614196.00792752,5.108333349227905,91.33333333333333
tt11460862,"Sometime, Sometime",2020,6.4,32,6.222950643159742,6.350000143051148,7.604116798257691,22449168.97011252,6.400000095367432,545.3333333333334
tt10451852,Nine Days,2020,6.8,12952,6.027207754384532,6.800000190734863,7.336437879149446,35592224.46732576,6.800000190734863,937.3333333333334
tt14661730,"Tito, Margot & Me",2022,4.2,24,7.213336372265705,4.199999809265137,5.0,4388240.25,4.199999809265137,845.6666666666666
tt9110340,Andhaghaaram,2020,7.5,4241,5.466973934449058,7.5,7.831029790152296,23055563.78803984,7.5,23.333333333333332
tt22376434,Cry Me an Ocean,2023,8.8,9,5.520087523450734,8.800000190734863,9.79001793238058,44116653.75609425,8.800000190734863,1815.3333333333333
tt7768784,She Ball,2020,3.6,482,6.241038918432873,3.5999999046325684,5.086501250237063,24932824.40411508,3.5999999046325684,2730.6666666666665
tt23398784,Karmapolice,2023,5.4,18,5.97361481336043,5.400000095367432,6.648799087017981,25171932.29877474,5.400000095367432,3230.6666666666665
tt28020204,La spiaggia dei gabbiani,2024,4.3,14,5.885894239644082,4.775000095367432,5.126070494314056,28289376.5727412,4.75,3036.0
tt11714790,Juliet and the King,2025,4.5,15,6.3324965625550425,4.5,5.863274252561783,65012910.43772242,4.5,4942.666666666667
tt12530402,Tinnitus,2022,5.2,271,5.937505450362585,5.446666558583577,6.286994269888849,20935837.33007672,5.199999809265137,968.6666666666666
tt27512761,Ki Mein Jhooth Boleya???,2023,6.4,26,5.885894239644082,6.651666704813639,7.323070638124794,28289376.5727412,6.450000047683716,4635.0
tt14079218,Arsène Wenger: Invincible,2021,7.6,1577,6.913804122380251,7.563888827959697,5.0,14224083.959745765,7.699999928474426,10608.666666666666
tt32150631,It Was All a Dream,2024,7.0,9,7.213336372265705,7.0,8.17689489324141,4388240.25,7.0,394.0
tt4643336,Red Dog & Bates,2023,9.5,18,7.213336372265705,5.0,5.0,4388240.25,9.5,518.6666666666666
tt18560250,The Warrant: Breaker's Law,2023,5.1,372,5.865620411943409,5.233333269755046,6.068282232011993,14616899.104166666,5.519999980926514,715.0
tt15386618,Shooting My Life's Script,2024,6.2,338,6.084321177424017,5.549999912579854,6.749665869420056,20969162.450643778,5.929166575272879,738.6666666666666
tt15257646,Powder,2022,7.8,53,5.606572668611012,6.550000190734863,6.479721628571838,28614196.00792752,6.550000190734863,5164.333333333333
tt32367116,The Things You Kill,2025,7.1,264,5.606572668611012,6.966666539510091,7.661711061023652,28614196.00792752,7.1499998569488525,779.0
tt18272884,Padre Pio,2022,4.5,1629,6.579683191843726,5.174999992052713,6.461292677802153,23147945.951722927,4.500000047683716,365.0
tt11143850,Amadeo,2023,5.7,135,6.579683191843726,5.699999809265137,6.71410838927924,23147945.951722927,5.699999809265137,5770.333333333333
tt27459162,TUGS: A Bigg Retrospective,2023,6.8,6,7.213336372265705,6.800000190734863,5.0,4388240.25,6.800000190734863,4331.666666666667
tt14535574,The Rise of K-Pop,2020,5.4,12,6.986977654995064,5.0,6.809452257896084,10357346.640243905,4.996666685740153,8985.333333333334
tt13658766,Everybody Loves Chris Rock,2021,4.1,65,6.678548784145832,5.048648640916154,6.052329075043705,18841446.585358176,5.29687499627471,649.6666666666666
tt19817288,Backlash: Misogyny in the Digital Age,2022,7.3,77,7.213336372265705,7.4750001430511475,5.0,4388240.25,7.4750001430511475,4586.666666666667
tt34380108,Giddiness,2024,8.8,13,5.606572668611012,8.800000190734863,11.081875327475856,28614196.00792752,8.800000190734863,3946.0
tt10028812,Witch Trilogy 15+,2022,6.8,269,7.213336372265705,5.0,7.399491420078016,4388240.25,6.033333460489909,1511.6666666666667
tt13342872,Mar de Dentro,2020,7.3,56,6.222950643159742,7.300000190734863,7.952981603334348,22449168.97011252,7.300000190734863,12000.0
tt31248599,S.T.A.L.K.E.R.: Shadow of the Zone,2024,5.2,476,5.55275757874607,5.199999809265137,8.193330634811302,46235946.978614725,5.199999809265137,6578.333333333333
tt8319290,Unfollower,2020,3.9,214,5.606572668611012,3.900000095367432,4.925804462730305,28614196.00792752,3.900000095367432,8720.0
tt30517711,Here We Are,2024,5.0,9,6.222950643159742,5.0,5.526551674946152,22449168.97011252,5.0,533.6666666666666
tt27907811,Thandel,2025,6.6,3620,5.889763304114335,6.733333269755045,7.573583637799472,45673569.456100136,6.8666666348775225,381.6666666666667
tt35559284,Sampung Utos Kay Josh,2025,6.6,115,5.430594037538649,6.599999904632568,6.430128665225145,22293895.961683657,6.599999904632568,710.3333333333334
tt30893648,The Diary of West Bengal,2024,6.5,872,6.222950643159742,7.049999952316284,8.824678122803586,22449168.97011252,7.049999952316284,6179.0
tt13845664,Janowar,2021,7.7,1458,5.934379375043728,6.744444423251682,7.419519616320244,25411765.758938257,6.75,232.0
tt21994096,Nada é por Acaso,2022,6.0,150,6.222950643159742,5.325000007947287,6.833001504461063,22449168.97011252,6.0,1138.6666666666667
tt7541720,Music,2021,3.2,9455,5.997038435987527,3.200000047683716,5.782006654858734,22393553.720750187,3.200000047683716,665.3333333333334
tt29615088,Chavales,2023,4.8,5,6.3324965625550425,4.800000190734863,5.040306050068157,65012910.43772242,4.800000190734863,9516.0
tt12299824,JJ+E,2021,5.4,2661,6.15363591029188,5.400000095367432,6.509710032436045,21709165.710378148,5.400000095367432,6666.666666666667
tt26316468,Part V: Railspin Splitspace,2023,8.1,14,5.843580347049333,8.100000381469727,5.0,34586831.586153686,8.100000381469727,4433.0
tt27761490,Nganù,2023,7.0,58,6.222950643159742,6.755555603239272,8.04458884642294,22449168.97011252,7.0,877.6666666666666
tt13200826,The Far Traveller,2020,7.5,18,7.213336372265705,7.5,7.385129893982052,4388240.25,7.5,2381.0
tt28485362,In fuga con Babbo Natale,2023,5.8,37,5.885894239644082,5.635000133514405,6.162903244043939,28289376.5727412,5.200000127156575,8333.333333333334
tt13685074,Nel bagno delle donne,2020,5.8,75,5.885894239644082,5.800000190734863,6.558206941690423,28289376.5727412,5.800000190734863,4550.333333333333
tt22184618,Yankees-Dodgers: An Uncivil War,2022,7.2,111,6.913804122380251,5.0,5.0,14224083.959745765,7.199999809265137,757.3333333333334
tt13923016,Wake Up Dorothy,2021,8.2,13,6.189260955200943,8.25,5.0,28812076.06391267,8.199999809265137,5049.666666666667
tt12184036,Mujereando. El Quejío de una Diosa,2020,7.5,8,7.213336372265705,7.5,5.0,4388240.25,7.5,15578.0
tt11167110,Protégé,2020,3.6,22,5.606572668611012,5.887499988079071,5.548077666875699,28614196.00792752,6.233333322736952,825.6666666666666
tt22778002,Little Rose 2,2023,5.2,253,6.20409285755472,5.199999809265137,6.169866350176231,25850244.43296522,5.199999809265137,4008.6666666666665
tt14999006,Sun Moon,2023,5.4,343,6.15363591029188,5.400000095367432,5.865100968369906,21709165.710378148,5.400000095367432,802.6666666666666
tt22009116,ISKA,2022,8.7,42,7.213336372265705,8.699999809265137,5.0,4388240.25,8.699999809265137,538.6666666666666
tt31843697,American Terror Tales 3,2024,2.6,48,4.975293835433215,3.566666576597426,5.139497059247392,16298415.350626118,3.3833332459131875,311.0
tt20159172,El Método,2023,7.0,23,5.905139183804946,7.15833334128062,8.38723965436875,26450913.85026041,7.533333301544189,327.6666666666667
tt28452235,Dark Souls 3 NG+ Speedrun (and getting back with my ex???),2022,9.2,16,6.054422441401912,5.0,8.305245490618452,25369272.771426857,6.9277777671813965,10333.333333333334
tt12801374,Under the Open Sky,2020,7.2,2222,6.098282728260086,7.199999809265137,7.666854802284938,23810550.63444363,7.199999809265137,492.3333333333333
tt23453382,The Final Contestant,2023,9.3,203,6.222950643159742,9.300000190734863,6.226060519933256,22449168.97011252,6.933333396911621,17666.666666666668
tt14200996,Maria Into Life,2022,6.1,679,5.985107708534049,6.099999904632568,7.060904530622942,24629269.511692487,6.099999904632568,4908.0
tt30745027,Boney Island Reality Show,2024,4.3,23,5.290933252022113,5.0,5.0,22456305.679276817,4.300000190734863,5118.0
tt26928790,The Soldier's Tale,2022,7.4,7,6.760618937724424,5.0,8.435029113384395,16326453.030487806,7.400000095367432,927.6666666666666
tt5809076,... It's Love? - You can never be ready,2022,4.2,21,6.15363591029188,4.199999809265137,4.750929931745214,21709165.710378148,4.199999809265137,613.3333333333334
tt27005178,Je le jure,2024,6.5,55,6.222950643159742,6.799999952316284,6.999081206840337,22449168.97011252,6.799999952316284,751.3333333333334
tt29414998,Hiding Saddam Hussein,2023,7.9,468,7.213336372265705,7.900000095367432,5.0,4388240.25,7.900000095367432,262.0
tt26922932,Don't Die Hard,2023,7.9,14,5.852474769473515,7.900000095367432,9.344242830370836,26271728.28915353,7.900000095367432,7000.0
tt12176824,Dead Community Guild,2024,8.0,16,5.914761655885377,8.0,5.468541327261375,25531682.48902002,8.0,178.66666666666666
tt12176824,Dead Community Guild,2024,8.0,16,5.914761655885377,8.0,5.468541327261375,25531682.48902002,8.0,178.66666666666666
tt33063038,Day of the Diesels,2024,7.7,10,6.094788520458504,7.191666563351949,8.733876468140148,46770066.77043572,7.699999809265137,740.3333333333334
tt17071456,Shackled,2023,3.6,112,5.606572668611012,6.333333333333333,5.792096797618193,28614196.00792752,6.5,4893.666666666667
tt9256090,Priorities Chapter One: Money Isn't Everything,2021,5.7,17,6.222950643159742,5.699999809265137,5.0,22449168.97011252,5.699999809265137,5935.0
tt9060700,The Check Post,2023,8.4,8,6.222950643159742,8.399999618530273,6.998074775241801,22449168.97011252,7.899999856948851,707.0
tt11127404,Kaduva,2022,6.1,3717,5.852813889143827,6.75,7.152133964042045,34637161.96050409,5.300000071525574,1618.3333333333333
tt21275472,For the Animals,2023,6.8,21,7.213336372265705,5.0,5.0,4388240.25,6.925000190734863,8275.333333333334
tt9097616,The Miracle Morning,2020,6.9,29,7.213336372265705,5.0,5.0,4388240.25,6.900000095367432,313.6666666666667
tt22526694,Solo Somos Carne,2022,4.0,9,4.975293835433215,4.0,5.0,16298415.350626118,4.0,4043.0
tt5848326,Healing River,2020,5.7,185,6.222950643159742,5.1499998569488525,5.93351734710173,22449168.97011252,5.1499998569488525,4288.333333333333
tt29609422,Death Whisperer,2023,5.8,2798,5.290933252022113,5.950000166893005,6.85514324670406,22456305.679276817,6.100000143051148,173.0
tt35647510,The Ultimate Stack,2024,6.1,10,7.213336372265705,6.099999904632568,5.0,4388240.25,6.099999904632568,131.33333333333334
tt14077794,The Fam,2021,7.0,314,6.222950643159742,7.0,5.0,22449168.97011252,7.0,580.3333333333334
tt27495893,Sea Not on the Map,2021,9.0,40,6.054422441401912,7.066666682561238,9.26141102151632,25369272.771426857,7.2600000381469725,154.66666666666666
tt26430199,Ivan Semyonov. Bolshoy pokhod,2023,5.6,19,6.034567232947673,5.599999904632568,6.121501557636192,38079569.80507808,5.024999976158142,610.0
tt15269862,Belle enfant,2024,5.8,60,6.054422441401912,5.800000190734863,6.947315854090216,25369272.771426857,5.800000190734863,770.0
tt6539992,Embattled,2020,6.5,3924,6.188713623771757,6.149999976158142,6.683688188439538,33119072.51435876,6.5,4270.666666666667
tt31514490,He Loves Me Not,2024,6.5,8,6.222950643159742,4.532142894608634,6.704147994124483,22449168.97011252,4.114285741533552,6596.333333333333
tt8239184,Transe,2021,7.6,10,7.213336372265705,7.599999904632568,5.0,4388240.25,7.599999904632568,11297.666666666666
tt30296373,Hollywood Deal,2023,7.8,14,5.606572668611012,6.9166667858759565,7.34238749955409,28614196.00792752,7.800000190734863,4802.0
tt32810861,Quarantine,2025,4.6,256,5.790093740985721,4.17916664481163,6.03772003771574,26893064.153351128,4.599999904632568,8547.666666666666
tt28682488,Trilogy: New Wave,2024,7.6,32,7.213336372265705,7.599999904632568,5.0,4388240.25,7.599999904632568,362.6666666666667
tt26932098,All-In Team Jumbo-Visma,2023,8.2,229,6.614271872494797,8.199999809265137,5.0,24059927.66949153,8.199999809265137,4509.0
tt15761408,Aalankam,2023,7.2,27,5.807406297652405,7.199999809265137,7.275439443949929,40568748.73810671,7.199999809265137,773.6666666666666
tt11325880,Santa,2021,7.1,34,6.222950643159742,7.25,7.190431875595106,22449168.97011252,7.099999904632568,421.6666666666667
tt3418854,Burning Dog,2020,4.2,181,5.740461754638607,4.199999809265137,5.1459878276198,36583897.828046985,4.199999809265137,7554.666666666667
tt14633464,Desperation Road,2023,5.8,4824,5.934379375043728,5.650000095367432,6.613640453886042,25411765.758938257,5.450000047683716,7000.0
tt1300856,Lunar Effect,2020,5.4,28,5.290933252022113,5.400000095367432,6.10916075704362,22456305.679276817,5.400000095367432,29.333333333333332
tt12003946,Violent Night,2022,6.7,113980,5.740461754638607,6.649999976158142,7.255708256403596,36583897.828046985,6.433333237965901,3985.6666666666665
tt22697898,Kryptic,2024,6.3,101,5.601605715734657,6.300000190734863,6.824379782722781,22453926.77622205,6.300000190734863,269.3333333333333
tt15356328,The Lockdown,2021,8.6,7,5.606572668611012,5.0,5.0,28614196.00792752,8.600000381469727,9102.0
tt24228490,The Darkest Place,2022,5.5,14,4.975293835433215,4.299999952316284,5.0,16298415.350626118,4.299999952316284,6270.0
tt13792468,Vineyards,2023,6.1,11,6.15363591029188,6.099999904632568,7.281600992802168,21709165.710378148,6.099999904632568,2954.6666666666665
tt3569164,Act Super Naturally,2023,7.8,34,5.885894239644082,7.800000190734863,9.839227721371245,28289376.5727412,7.800000190734863,438.3333333333333
tt27711968,Yo Mama,2023,5.1,135,6.323256588684252,5.099999904632568,6.115450616386663,22307914.8016145,5.149999976158142,7857.666666666667
tt22394800,Tears of Cem Karaca,2024,7.2,2046,6.639995107137292,6.333333174387614,7.252900492423058,20874114.977977887,7.199999809265137,609.3333333333334
tt13648216,Faya Dayi,2021,6.8,734,6.718143507712724,6.800000190734863,7.934852490029249,13418704.61005626,6.800000190734863,846.3333333333334
tt9136058,A Christmas Carol,2020,5.3,474,6.277723602857392,5.718750089406967,5.645230797713404,43731039.70391747,5.300000190734863,753.6666666666666
tt15366554,The Man from Rome,2023,6.7,174,5.975966727368925,6.699999809265137,7.276842070067336,24997541.8494732,6.699999809265137,1773.0
tt14064760,The Southern Chronicles,2024,8.8,2512,6.064388686742614,8.400000154972076,8.371664053275829,23902569.33116583,8.800000190734863,4835.0
tt19223442,The Love Coach,2022,5.6,9,6.222950643159742,5.488888846503364,6.423174621377252,22449168.97011252,6.5333333015441895,4294.666666666667
tt19512970,Wij Praten Niet - We Don't Talk -,2022,6.6,9,7.213336372265705,5.0,5.0,4388240.25,6.599999904632568,527.3333333333334
tt33303402,Fly,2025,9.9,18,6.222950643159742,9.899999618530272,11.831145845216223,22449168.97011252,9.899999618530272,440.6666666666667
tt13373352,Bikin Filem,2020,4.6,49,5.885894239644082,4.599999904632568,6.790044770846043,28289376.5727412,4.599999904632568,435.6666666666667
tt35047998,If Jack Reacher Could Sing,2024,7.6,12,6.986977654995064,5.0,5.0,10357346.640243905,7.599999904632568,4304.333333333333
tt21437132,1960,2022,6.0,13,6.222950643159742,6.0,6.796327905426774,22449168.97011252,6.0,10602.666666666666
tt23040384,Travelling Ghosts,2022,6.2,53,5.831464865609323,6.199999809265137,7.070455078563545,48735279.96453901,6.199999809265137,2203.0
tt34830387,Espantaho,2024,5.8,42,4.975293835433215,5.600000143051148,6.449193121494304,16298415.350626118,5.400000095367432,4019.6666666666665
tt7157990,Yo Fausto,2021,7.7,48,6.222950643159742,7.699999809265137,7.726879694861012,22449168.97011252,7.699999809265137,735.0
tt15115804,O2,2022,5.7,2434,5.606572668611012,5.699999809265137,6.492088238150363,28614196.00792752,5.699999809265137,3919.0
tt26443638,The Winner Takes It All,2023,4.7,47,5.885894239644082,4.699999809265137,6.093508498622457,28289376.5727412,4.699999809265137,515.3333333333334
tt13723712,A Siege Diary,2020,6.4,131,6.222950643159742,5.883333404858907,7.190479742154997,22449168.97011252,4.850000023841858,469.0
tt13268214,B-Boy Blues,2021,4.5,740,6.15363591029188,3.775000005960465,5.599609520683406,21709165.710378148,3.050000011920929,408.0
tt22492630,Plakat nelzya,2022,5.6,52,5.914761655885377,5.966666579246521,5.648943839265442,25531682.48902002,6.5,538.0
tt11343634,Khakii,2020,4.7,28,6.222950643159742,5.844444354375204,6.572958947503436,22449168.97011252,4.699999809265137,161.33333333333334
tt14571020,Biko,2022,6.0,41,6.163504015611674,4.637500067551931,6.587515090173793,30429364.81939042,6.0,5665.333333333333
tt32126733,Dasavarenya Sri Vijaya Dasaru,2024,9.2,20,6.222950643159742,9.199999809265137,10.533314354391642,22449168.97011252,9.199999809265137,365.0
tt11797376,Lost & Found,2022,5.5,1620,5.934379375043728,5.849999904632568,6.444226169574645,25411765.758938257,5.5,5588.666666666667
tt28153349,Picture of Spring,2023,6.1,74,6.222950643159742,6.200000047683716,7.056038743359421,22449168.97011252,6.200000047683716,80.66666666666667
tt21215806,Mega Ape,2023,2.1,264,5.530035476912675,3.112235716694494,4.1983131485619,32478637.60894652,3.262068972505372,534.6666666666666
tt13858702,The Island Within,2020,7.0,70,6.054422441401912,7.0,8.229137423310759,25369272.771426857,7.0,23666.666666666668
tt21057454,He's Watching,2022,3.8,438,4.975293835433215,3.799999952316284,4.0316346614939,16298415.350626118,3.799999952316284,5873.0
tt23159976,Jóreménység-sziget,2022,7.4,454,6.579683191843726,8.549999952316284,5.0,23147945.951722927,8.549999952316284,590.3333333333334
tt11728340,Maria Solinha,2020,5.1,26,6.222950643159742,5.099999904632568,6.591624448168035,22449168.97011252,5.099999904632568,853.0
tt7264528,You Are Not Alone,2024,6.2,69,5.975966727368925,6.199999809265137,6.902700448778229,24997541.8494732,6.199999809265137,10301.0
tt24217762,"Sneg, sestra i rosomakha",2023,5.8,115,6.15363591029188,6.371428625924247,6.329815275997312,21709165.710378148,6.371428625924247,883.6666666666666
tt20100884,"Where the Devil Can't Go, He Sends a Woman 2",2023,4.8,2583,6.0274865653880845,4.5333333015441895,5.466919464794687,25303492.61387616,4.75,6333.333333333333
tt14807000,Nightmare,2022,5.0,1047,5.672433259298636,5.0,6.048523429107016,21000554.77543484,5.0,10000.0
tt8345300,Marakkar: Lion of the Arabian Sea,2021,5.8,9476,6.244874753237959,6.225000143051148,6.411176021396038,33928219.398146786,5.6750001311302185,1865.6666666666667
tt11591252,Everyday Is Your Last,2020,7.3,11,6.222950643159742,7.300000190734863,8.395804908860553,22449168.97011252,7.300000190734863,352.0
tt14495920,Nibhrito,2021,8.4,41,6.222950643159742,8.399999618530273,7.781761664749481,22449168.97011252,8.399999618530273,5391.333333333333
tt13413498,Four Amigos,2022,5.3,41,5.728918355660729,6.225000023841858,6.572700272786641,52848120.90347222,6.225000023841858,637.0
tt30876483,Exterritorial,2025,5.8,2349,5.71818210785823,5.800000190734863,6.793036390076834,35238798.97232187,5.800000190734863,3476.6666666666665
tt21767274,Are You Ok Baby?,2023,6.5,1280,6.126601894257146,6.5,7.252986366101116,31830288.10210074,6.5,65.33333333333333
tt14369780,Lady Chatterley's Lover,2022,6.6,25366,6.15363591029188,6.756666580835978,7.460391211885149,21709165.710378148,6.599999904632568,1225.3333333333333
tt18397006,The Dam,2022,5.8,162,6.021002971231345,6.061111185285781,5.0,23351624.487839192,5.800000190734863,171.66666666666666
tt32149847,Drop,2025,6.3,12558,5.882859537024568,5.600000143051148,6.572339370271411,25105814.9945353,6.233333428700765,853.0
tt6786948,Portraits,2024,4.9,44,5.397174567368082,4.900000095367432,5.656586453652136,20276247.67809599,4.900000095367432,3574.3333333333335
tt25011404,Jingle Vingle,2022,8.1,135,6.183240226251263,8.100000381469727,9.009668300524018,47869763.03741497,8.100000381469727,13333.333333333334
tt11552492,Forbidden Womanhood,2022,7.1,24,6.222950643159742,7.099999904632568,5.0,22449168.97011252,7.099999904632568,4286.0
tt14273718,Kode Muruga,2023,8.6,875,5.885894239644082,5.0,8.779283853898935,28289376.5727412,8.600000381469727,4966.0
tt14585564,Run,2021,5.6,27,6.222950643159742,6.099999904632568,6.723305431560542,22449168.97011252,6.099999904632568,12000.0
tt13799636,Taxi Driver,2020,3.4,12,6.222950643159742,3.400000095367432,3.5429113830977954,22449168.97011252,3.400000095367432,4912.666666666667
tt11143108,Oh My Kadavule,2020,8.0,5485,5.93389342755914,7.549999952316284,7.355986633019389,32664606.329307992,7.666666666666667,8077.666666666667
tt9031034,Le bonnet de Modibo,2020,5.7,9,6.054422441401912,6.049999952316284,6.488327997019133,25369272.771426857,6.049999952316284,11269.333333333334
tt14783562,Petromax,2022,5.0,173,5.885894239644082,6.166666666666667,7.24039855612133,28289376.5727412,6.619999980926513,1176.3333333333333
tt29553451,Shoshite,2023,9.8,265,6.222950643159742,9.800000190734863,9.278707825760655,22449168.97011252,9.800000190734863,513.3333333333334
tt15150608,The Wandering Moon,2022,6.9,903,6.021002971231345,6.900000095367432,7.361710442788514,23351624.487839192,6.900000095367432,842.6666666666666
tt15078412,Keith Loves Ava,2020,5.0,7,5.290933252022113,5.0,5.8226127147492095,22456305.679276817,5.0,1215.6666666666667
tt20969586,Thunderbolts*,2025,7.8,23691,5.852861182759806,7.64444457160102,7.5847307335034255,47074492.73881045,8.150000095367432,1259.6666666666667
tt12304768,Neon Bleed,2023,8.1,18,6.319061464748199,8.100000381469727,8.283520951914197,21315851.433125023,8.100000381469727,9419.0
tt28795838,Amityville Apocalypse,2023,4.5,84,4.975293835433215,4.383333325386047,4.390377101208568,16298415.350626118,4.155128185565655,584.3333333333334
tt18966930,Gejalar,2022,6.5,20,6.760618937724424,6.5,7.292203512430905,16326453.030487806,6.5,231.0
tt11584538,Dancing Through the Shadow,2021,8.6,38,6.222950643159742,8.600000381469727,8.79453100746181,22449168.97011252,8.600000381469727,6153.0
tt13982086,Boys Feels: Desire in the Dark,2021,6.7,26,6.222950643159742,6.699999809265137,7.255614338591845,22449168.97011252,6.53333314259847,14333.333333333334
tt23142374,Vatikan'in Sifresi: Bir Temel Macerasi,2023,3.5,44,5.885894239644082,4.066666603088379,4.632933860314857,28289376.5727412,3.400000035762787,644.0
tt23142374,Vatikan'in Sifresi: Bir Temel Macerasi,2023,3.5,44,5.885894239644082,4.066666603088379,4.632933860314857,28289376.5727412,3.400000035762787,644.0
tt7802606,Beautiful Game,2023,8.4,9,6.222950643159742,8.399999618530273,9.220042508396308,22449168.97011252,8.399999618530273,1550.3333333333333
tt7900242,Permanent Collection,2020,7.2,46,6.054422441401912,7.199999809265137,7.270328044578427,25369272.771426857,7.199999809265137,690.6666666666666
tt32821480,The Wolf in the Chute,2024,9.0,12,6.539478392104558,9.0,11.101732049912576,9502569.677083332,9.0,100582.66666666667
tt29424662,Agent Zero,2023,5.0,412,5.885894239644082,5.0,5.86292997717155,28289376.5727412,5.0,5319.333333333333
tt15733560,Cani randagi,2023,6.0,24,6.098282728260086,6.0,6.881910220760365,23810550.63444363,6.0,510.0
tt32434379,My Fault: London,2025,6.2,10052,6.15363591029188,6.016666491826376,6.495964803357906,21709165.710378148,6.199999809265137,577.3333333333334
tt30816463,A Bluegrass Christmas,2024,6.0,236,6.084321177424017,6.439999961853028,6.555489566753849,20969162.450643778,6.100000063578288,670.3333333333334
tt28103733,One for the Road,2023,6.6,1242,6.054422441401912,6.599999904632568,7.040030455663353,25369272.771426857,6.599999904632568,1886.0
tt32151514,Life of a Bull,2024,3.3,27,6.222950643159742,4.382307756864108,5.0115621230990905,22449168.97011252,4.219230835254376,1656.0
tt28607155,Infinitas Terras (Ou Relatos do Meu Tempo em Crise),2023,8.1,21,6.222950643159742,8.100000381469727,8.534877038421957,22449168.97011252,8.100000381469727,5573.333333333333
tt23781144,Mountain Boy,2024,8.4,26,6.0196453027547605,8.399999618530273,10.056265526613776,55536594.02579968,8.399999618530273,4206.0
tt31805745,B4S: Truoc Gio Yeu,2024,5.6,62,5.985107708534049,5.499999894036187,6.832818182923184,24629269.511692487,5.40833322207133,20666.666666666668
tt27714650,13 Sherwood Avenue,2023,4.4,138,4.975293835433215,4.549999952316284,5.1815353540699975,16298415.350626118,4.559999942779541,9821.666666666666
tt14120534,Chedda Boys,2021,7.9,44,5.97361481336043,7.0500000317891445,7.865210406028929,25171932.29877474,7.900000095367432,1093.6666666666667
tt12867504,SARS-29,2020,3.0,1946,6.222950643159742,3.233333269755045,4.417544129053493,22449168.97011252,3.4166665871938067,268.3333333333333
tt29102395,Mi bestia,2024,5.6,81,5.606572668611012,5.0,8.888397470058736,28614196.00792752,5.599999904632568,264.3333333333333
tt11557312,The Life of Grace,2020,5.8,73,5.599122239296479,5.800000190734863,5.0,19373792.16036932,5.800000190734863,1173.3333333333333
tt14527750,Centimeter,2023,4.1,35,5.810542198256765,5.12499992052714,6.811784981951985,35994689.85576605,4.524999976158142,575.3333333333334
tt33594689,Ju ji zhi wang: An sha,2023,8.0,6,5.851266584510579,6.960000014305114,7.602296370859633,39010026.60112348,6.122222264607747,13678.333333333334
tt15520090,Anka,2022,4.7,847,5.975934499410236,4.224999845027924,5.922462196915587,37648644.93679237,4.949999809265137,6212.333333333333
tt14016126,Water Brother,2024,9.6,32,7.213336372265705,5.0,10.739703954229114,4388240.25,7.800000190734863,392.0
tt27251639,Menshee zlo,2022,6.1,56,6.15363591029188,4.649999936421712,6.693979129210727,21709165.710378148,3.199999968210856,1996.0
tt20560392,New Continent,2023,6.0,32,6.222950643159742,6.0,6.82853083232416,22449168.97011252,6.0,790.0
tt8889818,Stowaway,2022,3.3,1574,5.606572668611012,3.299999952316284,5.088240634823415,28614196.00792752,3.299999952316284,509.3333333333333
tt17039442,Valley of Exile,2023,7.9,77,6.222950643159742,7.900000095367432,8.819791930491732,22449168.97011252,7.900000095367432,4949.666666666667
tt27049755,Immortal Woman,2023,5.3,7,6.222950643159742,5.0,7.155734220613816,22449168.97011252,5.300000190734863,7316.666666666667
tt14901542,Alles über Martin Suter. Ausser die Wahrheit.,2022,6.6,29,7.074876056396708,6.599999904632568,7.795822286032357,14117481.591666669,7.179999923706054,11333.333333333334
tt13308098,Behind a Masquerade of Rhymes,2021,5.8,10,6.222950643159742,5.800000190734863,6.612090426746809,22449168.97011252,5.800000190734863,173.0
tt11912510,Chrzciny,2022,5.9,415,6.222950643159742,5.900000095367432,6.379986727093286,22449168.97011252,5.900000095367432,738.0
tt18335266,After Jackie,2022,7.1,87,6.913804122380251,7.099999904632568,7.574581632839384,14224083.959745765,7.475000023841858,1245.6666666666667
tt11581190,Degree College,2020,4.2,31,5.971281496398258,5.0,7.737100095355615,24010842.47622794,5.349999904632568,8528.666666666666
tt27577799,Jallikattu,2023,7.9,18,5.97361481336043,7.900000095367432,7.656292450679105,25171932.29877474,7.900000095367432,717.6666666666666
tt18936606,Chronicles of an Exile,2021,8.1,9,7.213336372265705,8.100000381469727,7.1979664388487326,4388240.25,8.100000381469727,98.0
tt10406466,It Is in Us All,2022,5.3,473,6.222950643159742,6.400000095367432,6.334018384409078,22449168.97011252,6.400000095367432,280.3333333333333
tt13863702,Miles from Nowhere,2022,6.5,79,6.222950643159742,5.766666730244954,6.405380495164491,22449168.97011252,5.400000095367432,1142.6666666666667
tt23897308,Kill Your Lover,2023,4.0,331,4.975293835433215,4.549999952316284,3.6139033483370553,16298415.350626118,4.266666650772095,4270.333333333333
tt11939544,"Asjad, millest me ei räägi",2020,6.4,83,6.054422441401912,6.400000095367432,7.121917332650433,25369272.771426857,5.333333333333333,616.0
tt5576912,60 Seconds to Di3,2021,3.2,159,4.975293835433215,3.200000047683716,4.314089890204129,16298415.350626118,3.200000047683716,429.6666666666667
tt21837426,Just Before,2022,6.5,42,6.222950643159742,6.5,6.688213400280734,22449168.97011252,6.5,289.0
tt16118722,Tony Hawk: Until the Wheels Fall Off,2022,8.0,5024,6.921341328429404,5.0,10.034825404792873,17431630.284274954,8.0,626.6666666666666
tt28607649,Wish You Were the One,2023,5.9,114,6.084321177424017,5.740000057220459,6.626967950035337,20969162.450643778,5.433333396911621,659.3333333333334
tt29613587,Mast Mein Rehne Ka,2023,7.1,3729,6.054422441401912,6.549999901226588,7.743410191439787,25369272.771426857,7.099999904632568,7251.333333333333
tt3996898,Goethes Faust,2020,6.9,36,6.222950643159742,6.575000047683716,7.569577795556346,22449168.97011252,6.900000095367432,436.3333333333333
tt30149921,Lohusa,2024,5.3,2867,5.885894239644082,5.550000190734863,5.616426506573164,28289376.5727412,4.6333333651224775,28.0
tt7512472,Lost Records,2020,9.2,29,6.678548784145832,9.199999809265137,5.0,18841446.585358176,9.199999809265137,701.0
tt13796104,Cockroach Invasion,2020,3.9,65,5.572412818111853,3.900000095367432,5.631355284511285,35930405.64585057,5.5,8666.666666666666
tt9214832,Emma.,2020,6.7,67175,6.064388686742614,6.337499916553497,7.537517255011613,23902569.33116583,6.699999809265137,676.3333333333334
tt27571703,Secrets on Greek Row,2023,4.7,137,5.882859537024568,4.899999904632568,6.3728894342050735,25105814.9945353,5.008333206176758,5177.0
tt23809778,Adrishya Jalakangal,2023,4.8,651,6.222950643159742,4.800000190734863,6.635540916080904,22449168.97011252,4.800000190734863,156.0
tt29871176,Narcos Italia - Plata o Plomo,2023,4.4,51,5.728918355660729,4.400000095367432,5.0,52848120.90347222,4.400000095367432,813.6666666666666
tt11284972,Butchers Bluff,2023,8.1,393,4.975293835433215,8.100000381469727,6.06192088112036,16298415.350626118,8.100000381469727,1083.0
tt19316408,Stranger in the Woods,2024,3.5,1328,5.606572668611012,3.5,5.105783114130811,28614196.00792752,3.5,1571.6666666666667
tt10065694,Antebellum,2020,5.8,30977,5.672433259298636,5.800000190734863,6.995978397480106,21000554.77543484,5.800000190734863,1411.6666666666667
tt3197780,My Happy Ending,2023,5.3,533,6.054422441401912,5.300000190734863,6.365885002969612,25369272.771426857,5.300000190734863,379.6666666666667
tt10043660,Engaged in Vegas,2021,3.9,1114,5.885894239644082,3.900000095367432,5.684119226173574,28289376.5727412,3.900000095367432,3470.6666666666665
tt14785638,A Holiday Chance,2021,6.2,145,6.064388686742614,6.0249998569488525,6.947056182207144,23902569.33116583,5.522222280502319,740.6666666666666
tt28358231,Don't F**k with Ghosts,2024,6.9,207,5.604337975805276,5.700000127156575,6.282678476010536,42767450.29859282,5.700000127156575,19333.333333333332
tt13032716,Dancing Queens,2021,5.8,2276,6.054422441401912,5.616666793823242,6.363279420180083,25369272.771426857,5.800000190734863,9301.0
tt29195229,Bending Light,2024,7.2,6,7.213336372265705,7.199999809265137,8.807630223340666,4388240.25,7.199999809265137,238.33333333333334
tt18673736,#69 Samskar Colony,2022,6.1,601,6.084321177424017,6.199999928474426,7.382263328743653,20969162.450643778,6.199999968210856,7760.0
tt21435580,Hermosa Justicia,2023,7.5,248,5.975934499410236,5.950000047683716,8.943132794640077,37648644.93679237,5.950000047683716,630.0
tt27436793,Final Days: Tales from the End Times,2025,5.1,176,4.975293835433215,4.841904731023879,5.545424847050325,16298415.350626118,4.767499973376592,763.0
tt26695297,Coppers,2024,5.1,402,5.885894239644082,5.233333269755046,6.367426241646767,28289376.5727412,5.233333269755046,3901.0
tt35380379,Mokshapatam,2025,7.7,50,5.97361481336043,7.2499998807907104,7.484329808599631,25171932.29877474,7.699999809265137,11205.333333333334
tt22782672,The Apprentice's Quest,2022,3.9,20,6.222950643159742,4.044444455040826,4.97173648074913,22449168.97011252,4.044444455040826,849.6666666666666
tt18247252,Yin-yang town strange talk,2022,4.6,49,5.397174567368082,4.599999904632568,5.355307467355221,20276247.67809599,5.266666571299235,1000.0
tt21268172,Tsakaninmu,2021,7.8,11,6.222950643159742,8.150000095367432,8.813106658759141,22449168.97011252,7.800000190734863,5276.333333333333
tt14811976,Jewelry of India,2021,7.5,365,6.998045816579555,7.5,5.0,15437804.285427809,7.100000063578288,5858.666666666667
tt29740052,Ole Aale,2024,8.7,409,6.183240226251263,7.858333216773139,8.926696790302975,47869763.03741497,7.799999872843425,1904.3333333333333
tt7965254,The Phoenix,2020,5.2,49,6.222950643159742,5.199999809265137,6.046526821001417,22449168.97011252,5.199999809265137,4490.666666666667
tt22542668,Deleted,2022,5.1,50,5.975934499410236,5.099999904632568,6.41163652564173,37648644.93679237,5.099999904632568,4627.0
tt26943806,Lizzie Lazarus,2024,4.4,103,5.601605715734657,5.25,7.055124901999085,22453926.77622205,4.400000095367432,2222.0
tt26659737,Cheddy Gang Tamasha,2023,7.5,2826,5.862809136221746,7.5,7.982223236418628,35436476.59166272,7.5,613.0
tt30784352,Dead Fun,2024,8.9,10,5.430594037538649,8.899999618530273,9.12198626643369,22293895.961683657,8.899999618530273,8187.666666666667
tt21158338,We Kill Them All,2025,3.6,163,5.606572668611012,4.6499998569488525,5.39388606208942,28614196.00792752,4.6499998569488525,4085.0
tt11868198,Materna,2020,4.8,270,6.222950643159742,5.266666809717814,6.350896310414998,22449168.97011252,6.200000047683716,614.0
tt21382794,John Monteleone: The Chisels Are Calling,2021,8.3,9,7.213336372265705,5.0,5.0,4388240.25,8.300000190734863,235.33333333333334
tt19638078,Hendrie,2024,8.1,39,7.213336372265705,5.0,5.0,4388240.25,8.100000381469727,845.6666666666666
tt11399896,The Last Manhunt,2022,4.4,1473,6.0120633920814965,4.700000047683716,6.052488720211606,32088817.44140951,4.400000095367432,771.6666666666666
tt33615466,Nintama Rantaro Dokutake Ninja-tai Saikyou no Gunshi,2024,7.1,22,5.972488432491343,5.0,7.886559148507445,60354818.78512635,7.099999904632568,547.3333333333334
tt15169036,Blood Harvest,2023,2.3,216,5.672433259298636,2.633333325386048,5.146401924793202,21000554.77543484,3.3000000715255737,1085.0
tt22060224,Balconies,2022,6.6,9,6.054422441401912,6.599999904632568,7.912955091903895,25369272.771426857,6.599999904632568,1160.3333333333333
tt11268878,Pothanur Thabal Nilayam,2022,7.4,428,6.098282728260086,7.400000095367432,8.73459605889946,23810550.63444363,7.400000095367432,6278.333333333333
tt15036176,Hai Tujhe Salaam India,2022,7.9,40,6.222950643159742,7.900000095367432,8.165670615561547,22449168.97011252,7.900000095367432,709.0
tt21210306,I Fshehuri,2022,9.0,20,6.222950643159742,9.0,10.223603363100612,22449168.97011252,9.0,822.0
tt10236164,The Girl with the Needle,2024,7.5,13848,6.32644023913786,7.274999976158142,7.786125354611956,24702823.19658096,7.049999952316284,380.6666666666667
tt10461442,Dick Dynamite 1944,2023,4.1,207,5.530035476912675,4.099999904632568,5.163221240398202,32478637.60894652,4.099999904632568,1020.6666666666666
tt22074944,Tenebra - Questa è la mia vendetta,2022,5.4,10,5.606572668611012,5.666666719648572,6.382183618359122,28614196.00792752,5.800000031789144,4687.0
tt30958042,Skin in Spring,2024,6.9,51,6.15363591029188,6.900000095367432,5.0,21709165.710378148,6.900000095367432,753.0
tt25415324,Asatveera,2021,9.8,12,5.97361481336043,9.800000190734863,5.0,25171932.29877474,9.800000190734863,1329.3333333333333
tt10187378,Lamb of God,2020,6.6,123,6.222950643159742,6.599999904632568,7.182265053683047,22449168.97011252,6.599999904632568,337.3333333333333
tt10901068,Joseph,2020,6.5,24,6.222950643159742,6.5,7.166709591772415,22449168.97011252,6.5,3846.3333333333335
tt12922900,Manhattan Odyssey,2020,4.9,27,5.601605715734657,4.900000095367432,6.198358857313528,22453926.77622205,4.900000095367432,48.666666666666664
tt7978892,The Ant Farm,2022,4.1,80,5.606572668611012,4.7499998807907104,6.236342984979832,28614196.00792752,4.099999904632568,642.6666666666666
tt12282354,Matthew Bourne's the Red Shoes,2020,7.4,93,6.084321177424017,5.0,8.7023383810538,20969162.450643778,7.400000095367432,540.6666666666666
tt14842196,Thanda,2021,5.5,161,5.807406297652405,6.175000071525574,6.4510618349643964,40568748.73810671,6.420000076293945,5211.0
tt29333272,I Dream in Photos,2023,8.2,11,7.213336372265705,7.566666603088379,5.0,4388240.25,7.758333206176758,4131.333333333333
tt30813874,Arne Alligator och djungelkompisarna,2024,4.6,48,6.257868394403152,4.599999904632568,5.849212368312145,56441336.73756869,4.599999904632568,168.0
tt15477676,Transition,2021,6.9,14,6.222950643159742,6.900000095367432,5.0,22449168.97011252,6.900000095367432,785.0
tt22753468,Night to Day,2022,2.4,8,4.975293835433215,2.400000095367432,5.176387255890999,16298415.350626118,2.400000095367432,2079.3333333333335
tt11809492,Balcony,2020,7.4,12,5.914761655885377,7.400000095367432,7.54189394373746,25531682.48902002,8.299999952316284,704.3333333333334
tt15440934,Manobjomin,2023,7.2,14,6.222950643159742,7.199999809265137,7.86083020298086,22449168.97011252,7.199999809265137,3985.0
tt14429000,Her Way,2021,6.5,692,6.222950643159742,6.391666650772095,6.878072614125453,22449168.97011252,6.5,700.0
tt26387361,Robert Downey Jr: High Altitude,2023,6.7,62,7.074876056396708,6.083333253860474,7.510818445587469,14117481.591666669,5.849999904632568,1163.3333333333333
tt27912854,Space Kids,2023,5.2,45,6.3324965625550425,5.199999809265137,5.0,65012910.43772242,5.199999809265137,560.3333333333334
tt27599380,Bushirt T-shirt,2023,8.6,223,5.885894239644082,8.600000381469727,8.849094684998816,28289376.5727412,8.600000381469727,141.0
tt8232756,Spiral,2020,6.1,368,6.222950643159742,6.099999904632568,7.121692331137498,22449168.97011252,6.099999904632568,131.33333333333334
tt5748448,Copshop,2021,6.2,42166,5.66774551213587,6.047222150696649,7.074999529412017,40731158.45569987,6.199999968210856,544.0
tt9467386,Life as It Should Be,2020,5.7,1017,6.054422441401912,5.689999882380167,6.561640398648507,25369272.771426857,5.699999968210856,13666.666666666666
tt9467386,Life as It Should Be,2020,5.7,1017,6.054422441401912,5.689999882380167,6.561640398648507,25369272.771426857,5.699999968210856,13666.666666666666
tt9467386,Life as It Should Be,2020,5.7,1017,6.054422441401912,5.689999882380167,6.561640398648507,25369272.771426857,5.699999968210856,13666.666666666666
tt27667349,Ghosts of the Chelsea Hotel (and Other Rock & Roll Stories),2023,8.2,13,7.213336372265705,7.474999904632568,5.0,4388240.25,7.566666603088379,884.0
tt13608086,Silent Night in Algona,2022,7.4,108,6.396315376768137,5.024999976158142,6.382617281205623,32268766.7761277,7.400000095367432,928.0
tt32128968,The Hyperboreans,2024,6.5,114,6.222950643159742,6.5,7.520721355481776,22449168.97011252,6.5,636.6666666666666
tt20565812,Beyond,2023,9.4,8,7.213336372265705,9.12499976158142,5.0,4388240.25,8.849999904632568,518.3333333333334
tt13322726,Captain Volkonogov Escaped,2021,7.3,2936,5.914761655885377,7.300000190734863,7.161723032344449,25531682.48902002,6.900000095367432,11928.333333333334
tt26442871,Wildcat,2023,5.8,1381,6.330277083098925,5.800000190734863,7.003571168158975,31677057.28932829,5.800000190734863,625.3333333333334
tt27564246,Cold Sigh,2023,7.2,26,6.222950643159742,7.199999809265137,6.236387179018709,22449168.97011252,7.199999809265137,825.3333333333334
tt31385737,Idea,2025,6.2,15,5.606572668611012,6.049999952316284,6.901336946137787,28614196.00792752,6.049999952316284,6637.0
tt26047818,Anyone But You,2023,6.1,145344,5.985107708534049,6.1249998807907104,6.807602173957294,24629269.511692487,6.1499998569488525,461.0
tt22477502,Dirty Money,2024,5.6,146,5.851266584510579,6.200000047683716,6.600963090088153,39010026.60112348,5.599999904632568,5000.0
tt31997662,Winner,2024,6.8,8,7.213336372265705,5.0,6.89207238778065,4388240.25,6.163636294278232,950.6666666666666
tt30150182,Second Chance,2024,8.3,26,6.222950643159742,8.300000190734863,5.0,22449168.97011252,8.300000190734863,313.3333333333333
tt21067242,Love Never Ends,2023,7.1,464,6.15363591029188,6.833333253860474,6.855176494843647,21709165.710378148,7.099999904632568,11000.0
tt10701074,Ponniyin Selvan: Part I,2022,7.5,37659,5.975934499410236,7.038888918028937,7.58274074696765,37648644.93679237,7.349999904632568,8156.0
tt15299730,Gerçek Cinler 2,2023,2.9,19,4.975293835433215,2.800000011920929,5.0,16298415.350626118,3.199999979564122,56.333333333333336
tt31497750,Tiger,2024,7.8,586,7.213336372265705,5.0,7.4277235509175235,4388240.25,7.550000190734863,6359.333333333333
tt34447607,Baba Beni Güldürsene,2024,7.6,21,5.885894239644082,7.599999904632568,8.13947889682489,28289376.5727412,7.599999904632568,892.6666666666666
tt14055470,Longing for Today,2023,5.2,24,6.222950643159742,5.199999809265137,6.063136560633002,22449168.97011252,5.199999809265137,792.3333333333334
tt14749050,Free the Narrative,2021,6.6,7,5.352106095546972,6.599999904632568,7.5595912420073,34573268.12704917,6.599999904632568,510.6666666666667
tt8800224,Dylan & Zoey,2022,7.0,96,6.222950643159742,7.0,7.727280755125549,22449168.97011252,7.0,291.0
tt28943594,Five Breakups and a Romance,2023,5.8,192,6.163504015611674,5.933333396911621,6.179821964708316,30429364.81939042,5.933333396911621,621.0
tt6665070,Knights of Newgate,2021,3.5,124,5.843757622433792,3.5,4.225263944838221,55969352.4893617,3.5,13814.666666666666
tt21969886,Melody-Go-Round,2022,4.9,20,6.222950643159742,5.0,5.886410984852565,22449168.97011252,4.900000095367432,8130.666666666667
tt12043434,A Free Can Gangster,2020,7.5,10,5.975934499410236,7.5,5.0,37648644.93679237,7.5,350.6666666666667
tt14558102,One Night Off,2021,5.4,1062,5.885894239644082,5.2166666984558105,6.343016827425219,28289376.5727412,5.400000095367432,4660.666666666667
tt29685593,Polydroso,2023,5.4,240,6.097361703018362,5.900000095367432,6.577739991891312,32869436.19342289,5.900000095367432,421.6666666666667
tt11864074,In a Land That No Longer Exists,2022,6.2,723,6.502852952026574,6.199999809265137,7.232597478455557,24468268.645484067,6.199999809265137,5276.0
tt9347654,Mother Mountain,2022,4.9,12,6.039500511209001,4.900000095367432,6.138911453692733,42826296.99214846,4.900000095367432,20.333333333333332
tt27999293,Jesus - Is Jesus Real,2023,8.4,36,7.213336372265705,8.399999618530273,5.0,4388240.25,8.399999618530273,665.3333333333334
tt27698077,Faith in the Family,2024,2.8,122,6.097361703018362,3.1999999284744263,4.16705468229487,32869436.19342289,2.799999952316284,5086.666666666667
tt19854066,Doctor Strange: Multiversal Madness,2022,8.0,48,5.6235851223100495,7.894444439146253,8.396097193132041,44782574.97782751,8.266666571299234,137.0
tt23148938,Kara Krus,2022,4.5,274,5.606572668611012,4.846428522041865,5.503223614047252,28614196.00792752,5.286666663487752,1564.3333333333333
tt13210996,Samjin Company English Class,2020,6.6,719,6.0274865653880845,6.599999904632568,7.268490573847852,25303492.61387616,6.5,1144.0
tt13116922,Lockdown all'italiana,2020,2.7,402,5.885894239644082,3.633333365122477,3.63822660668978,28289376.5727412,3.3000000715255737,6241.333333333333
tt11490170,HIT,2020,7.6,8294,6.005206918607708,7.190000009536743,7.370687639867299,23958393.75815104,6.880000019073487,4709.333333333333
tt27722530,Here & There,2024,5.3,270,5.885894239644082,5.850000103314717,5.962666700451279,28289376.5727412,5.233333428700765,4735.333333333333
tt8101932,I Believe in One Only Father,2021,7.0,115,6.098282728260086,7.0,7.028373872741264,23810550.63444363,7.0,4217.0
tt28377513,Yirmisekiz,2023,3.5,23,5.975934499410236,3.5,4.787644975626579,37648644.93679237,3.5,11893.666666666666
tt7720142,Assassin Club,2023,4.7,3789,5.66774551213587,4.699999809265137,6.560804266700233,40731158.45569987,4.699999809265137,6039.0
tt11600484,Film About a Father Who,2020,6.5,61,7.213336372265705,6.5,5.0,4388240.25,6.5,12157.0
tt23856292,Subho Bijoya,2022,5.5,12,6.222950643159742,6.491666754086813,7.42249703217779,22449168.97011252,6.733333428700765,561.0
tt11012230,Rowdy Baby,2022,6.0,428,6.084321177424017,6.0,6.855963347427494,20969162.450643778,6.0,4738.666666666667
tt34481896,Bhooter Pallay Bhootnath,2024,9.5,15,5.885894239644082,9.5,8.533094432417892,28289376.5727412,9.5,1115.6666666666667
tt28743776,Parakramam,2024,6.8,3122,6.222950643159742,7.5,8.295170573258813,22449168.97011252,7.5,4103.666666666667
tt15446094,Springsville,2024,3.9,21,4.975293835433215,3.900000095367432,4.761994403544371,16298415.350626118,3.900000095367432,6437.666666666667
tt14995258,No Limit,2022,5.8,4213,6.307181231026185,5.800000190734863,6.571163437985097,22492753.03008261,5.800000190734863,646.0
tt15091474,Wrongleela,2021,7.6,20,5.885894239644082,7.366666555404663,8.008336277328016,28289376.5727412,6.8999998569488525,699.3333333333334
tt29295453,Female Special Police Office,2023,7.0,128,5.76970194587739,7.0,7.315973697069233,35544749.73672483,6.733333349227905,176.0
tt23052710,Death Bitch,2024,7.2,20,5.352106095546972,5.4799998760223385,6.057798935098586,34573268.12704917,5.4799998760223385,366.0
tt14354568,Britney Lost Her Phone,2023,7.9,26,5.875757325793746,7.900000095367432,6.929022697013835,21453137.83845393,7.800000031789144,161.66666666666666
tt16166234,Idealnaya zhena,2021,5.2,18,5.885894239644082,5.099999904632568,6.3376165096726025,28289376.5727412,5.25,401.3333333333333
tt15540412,Riviera East,2022,5.7,1348,5.929754526502256,5.699999809265137,7.038829447937208,26730654.43575797,5.824999809265137,4090.6666666666665
tt7873348,Save Yourselves!,2020,5.8,8979,5.688242110289604,5.800000190734863,6.837897440455432,49579441.87045667,5.800000190734863,3491.6666666666665
tt17517630,I Can't Stop Biting You,2022,5.5,37,5.93389342755914,5.5,6.850818418165578,32664606.329307992,5.5,5167.0
tt12222074,Fight of Fury,2020,3.6,197,5.852813889143827,3.5999999046325684,5.0,34637161.96050409,3.5999999046325684,1211.6666666666667
tt11404052,Capital M,2020,9.3,31,6.222950643159742,9.300000190734863,9.451232834843548,22449168.97011252,9.300000190734863,641.6666666666666
tt21439796,Sophia,2022,6.4,185,6.363342360492388,6.783333381017049,7.405178104832316,23301899.91387064,7.549999952316284,5666.666666666667
tt28862282,Pushkara,2023,8.8,569,6.222950643159742,8.877777841356066,9.76177815134141,22449168.97011252,8.800000190734863,477.6666666666667
tt28234061,Zina,2023,3.6,45,4.975293835433215,4.166666666666667,5.0,16298415.350626118,4.687499940395355,760.0
tt11691034,Surviving Sex Trafficking,2021,7.3,56,7.213336372265705,5.0,5.0,4388240.25,7.050000190734863,483.0
tt11089614,Der Tod ist nicht umsonst : Danielle muss weg,2020,1.2,58,5.885894239644082,2.599999964237213,1.8273579975369405,28289376.5727412,1.2000000476837158,818.0
tt3727948,Anonymous Killers,2020,3.7,253,5.518493772468219,3.700000047683716,5.215140533103772,23361514.5524428,3.700000047683716,5181.666666666667
tt28327276,Um Filme do Caraças,2023,3.9,100,5.885894239644082,4.533333460489909,5.317185936678918,28289376.5727412,4.150000095367432,197.0
tt20198716,"Love, Divided",2024,6.0,4645,5.985107708534049,5.45714282989502,6.495797879515803,24629269.511692487,6.700000047683716,15375.333333333334
tt20194494,Weekend Getaway,2022,4.8,24,5.606572668611012,4.377777761883205,5.506422679430245,28614196.00792752,4.370000004768372,652.3333333333334
tt15782954,Fresh Kills,2023,5.9,1231,6.098282728260086,5.900000095367432,6.632662041918083,23810550.63444363,5.900000095367432,818.6666666666666
tt15495170,Powerful Chief,2020,6.9,126,6.222950643159742,6.900000095367432,7.947166799982396,22449168.97011252,6.900000095367432,393.0
tt15004066,Atoman,2025,7.5,65,5.805477866842771,7.5,7.476916842985888,54928941.96073187,7.5,708.6666666666666
tt14101196,Rxcall,2022,3.4,10,5.290933252022113,3.400000095367432,5.0,22456305.679276817,3.400000095367432,616.0
tt10981304,Sreekaram,2021,7.3,3436,6.222950643159742,7.099487287570269,7.521101450704344,22449168.97011252,7.300000190734863,1161.0
tt8773342,Freddy,2023,8.6,48,6.579683191843726,8.600000381469727,9.15906335516392,23147945.951722927,8.600000381469727,6176.0
tt35681042,"Compa, me gusta su vieja",2024,5.6,21,6.098282728260086,5.0,5.863108426991936,23810550.63444363,5.599999904632568,8512.666666666666
tt30796133,Desiré,2023,5.9,19,6.222950643159742,5.900000095367432,7.050525253426449,22449168.97011252,5.900000095367432,7501.666666666667
tt27262156,The Colosseum,2022,7.3,9,6.222950643159742,7.300000190734863,7.154781434719312,22449168.97011252,7.300000190734863,4435.666666666667
tt5439812,Zola,2020,6.4,19138,6.0274865653880845,6.400000095367432,6.9584468014944765,25303492.61387616,6.400000095367432,1861.3333333333333
tt27171507,Kozovo,2023,2.4,59,6.034567232947673,2.400000095367432,4.259231897657084,38079569.80507808,2.400000095367432,7795.666666666667
tt28350776,An Encounter to Remember,2023,6.7,16,6.15363591029188,6.699999809265137,7.49957364871548,21709165.710378148,6.699999809265137,8000.0
tt21624838,All That Remains,2024,7.9,10,4.975293835433215,7.900000095367432,5.0,16298415.350626118,7.900000095367432,365.6666666666667
tt26773767,Hummingbirds,2023,6.4,95,7.213336372265705,5.0,5.0,4388240.25,6.400000095367432,545.3333333333334
tt14953706,"Always, Lola",2022,7.5,53,6.222950643159742,7.5,7.264497595902083,22449168.97011252,7.5,5120.666666666667
tt15337666,Thomas & Friends: All Engines Go - Race for the Sodor Cup,2021,2.9,156,6.225776261666044,4.913888997501797,3.875364439611255,42999989.8864493,2.900000095367432,6202.666666666667
tt26690739,The Guardian,2020,8.4,8,5.772866177563106,7.499999761581421,8.183040768768779,39847346.49727848,7.499999761581421,760.0
tt21357092,Die Mucklas ... und wie sie zu Pettersson und Findus kamen,2022,4.0,216,6.024813727152462,4.0,5.562837540258408,52168570.67488267,5.366666714350382,6967.333333333333
tt12749596,Host,2020,6.5,44551,5.397174567368082,5.755555576748318,7.477173605348569,20276247.67809599,5.6333333651224775,561.3333333333334
tt36436506,The Stone,2025,7.5,116,5.852813889143827,7.1166666348775225,8.194640846210177,34637161.96050409,7.5,558.0
tt30840610,Moon Ghost Returns,2024,6.9,21,5.394656595681256,6.933333396911621,7.630396769024822,33944438.64927059,6.933333396911621,9736.666666666666
tt10612164,Vergeet my nie,2020,6.2,46,6.084321177424017,6.449999809265137,7.624018223481407,20969162.450643778,6.199999809265137,630.0
tt14280078,Hell Bank Presents: Running Ghost,2020,5.1,51,5.93389342755914,5.233333269755046,5.985925204650399,32664606.329307992,5.099999904632568,5230.333333333333
tt10038660,"Our Lady of San Juan, Four Centuries of Miracles",2021,6.4,101,6.502852952026574,6.7500001192092896,7.398352461594315,24468268.645484067,7.100000143051148,776.6666666666666
tt14586462,Lady Gaga: Encore,2020,6.5,21,6.986977654995064,5.47714284828731,4.31499623732307,10357346.640243905,5.29687499627471,6307.666666666667
tt23739358,JUTO - The Journey,2022,7.4,8,5.885894239644082,7.400000095367432,5.0,28289376.5727412,7.400000095367432,5839.666666666667
tt29538453,Tenants,2024,5.6,102,4.975293835433215,5.349999904632568,6.604593801284572,16298415.350626118,5.599999904632568,5941.666666666667
tt28492482,AIMEE: The Visitor,2023,4.8,329,5.301549405336899,4.34166665871938,6.416369923056155,34052711.7943327,4.957142898014614,6388.666666666667
tt11956314,NYC Dreams,2022,6.7,41,6.355963586102727,6.599999964237213,7.251770459381746,19914928.1504147,5.899999976158142,259.6666666666667
tt17541226,Macabre Mountain,2023,5.0,98,4.975293835433215,5.077777756585015,5.467060976704323,16298415.350626118,5.049999952316284,16977.0
tt15189982,Sleeping Forest Michiko,2020,8.5,6,6.084321177424017,8.5,8.39551883204846,20969162.450643778,8.5,599.3333333333334
tt14245910,April,2021,3.4,127,6.222950643159742,3.400000095367432,4.503804270630463,22449168.97011252,3.400000095367432,16868.0
tt17595262,The Last Client,2022,6.4,2608,6.005206918607708,6.450000047683716,7.4490161377613795,23958393.75815104,6.400000095367432,4174.333333333333
tt12063522,Easter Bunny Bloodbath 2: No More Tears,2020,3.6,24,4.975293835433215,3.5999999046325684,4.90873369435612,16298415.350626118,3.4499999284744263,849.3333333333334
tt30803901,The Reflected Self,2024,7.3,42,5.914761655885377,5.800000190734863,6.322066284995145,25531682.48902002,5.800000190734863,18215.333333333332
tt29566160,Trouble Girl,2023,6.4,242,6.222950643159742,5.0,7.436592478162709,22449168.97011252,6.400000095367432,5588.666666666667
tt12048438,Secrets to a Swayin' Band,2020,7.5,7,6.323256588684252,7.5,5.0,22307914.8016145,7.5,13313.0
tt11737772,Chal Mera Putt 2,2020,8.7,3545,6.222950643159742,7.109259199213099,8.177611958460952,22449168.97011252,7.199999809265137,5266.666666666667
tt33306109,From Contract Lover to the Billionaire's Bride,2024,6.9,524,6.084321177424017,5.0,7.404856875806981,20969162.450643778,7.766666889190674,11000.0
tt15823300,Haze,2024,6.8,48,5.672433259298636,6.75,7.805701062907035,21000554.77543484,6.75,761.3333333333334
tt29444671,Dilli Dark,2023,8.1,55,5.885894239644082,8.100000381469727,8.845757436665457,28289376.5727412,8.100000381469727,663.6666666666666
tt26673530,The Action Pack,2023,4.9,1713,5.862809136221746,3.8000000715255737,6.547934436191619,35436476.59166272,3.8000000715255737,720.6666666666666
tt27436192,Syke: Särkynyt sydän,2023,5.3,146,6.222950643159742,5.0,6.05471290711585,22449168.97011252,5.066666762034099,712.6666666666666
tt13767266,The Legionnaire,2021,5.9,283,5.975934499410236,5.900000095367432,7.245413783664489,37648644.93679237,5.900000095367432,200.66666666666666
tt33059501,An Errand,2024,7.1,18,6.222950643159742,7.099999904632568,6.739388906250949,22449168.97011252,7.099999904632568,1230.0
tt3528764,Bullet Ride,2020,5.5,45,5.807406297652405,7.200000127156575,6.9214743881243885,40568748.73810671,6.0500000317891445,276.3333333333333
tt8245904,Squatter,2020,2.7,87,4.975293835433215,2.700000047683716,2.6686278466967663,16298415.350626118,2.700000047683716,13713.333333333334
tt8245904,Squatter,2020,2.7,87,4.975293835433215,2.700000047683716,2.6686278466967663,16298415.350626118,2.700000047683716,13713.333333333334
tt14012572,Adrenaline,2023,2.7,408,5.851266584510579,3.770000022649765,4.435762260559358,39010026.60112348,3.049999952316284,292.0
tt28116291,IQ (Power of student),2023,8.4,211,6.222950643159742,8.399999618530273,7.9629876986913315,22449168.97011252,8.399999618530273,9341.0
tt16354528,Call of the Void,2025,5.2,15,4.975293835433215,5.199999809265137,6.006448078416941,16298415.350626118,5.199999809265137,11787.666666666666
tt13298952,Chinatown Cannon 2,2020,7.2,34,5.885894239644082,7.199999809265137,8.372518641052332,28289376.5727412,7.199999809265137,919.6666666666666
tt21097730,Real Emperor Kandanai Maneesawath,2022,9.4,63,6.396328911340144,9.444999949137369,10.884733786074506,24263291.747926485,9.389999930063883,615.6666666666666
tt29336036,Nirvana,2023,8.8,8,5.606572668611012,8.800000190734863,5.0,28614196.00792752,8.800000190734863,1106.3333333333333
tt32333879,Ek Anjaan Rishtey Ka Guilt,2021,6.1,9,6.084321177424017,5.0,8.280141504064316,20969162.450643778,6.099999904632568,1015.3333333333334
tt26739127,Holy Mother,2024,6.0,126,6.222950643159742,6.0,6.988314243262556,22449168.97011252,6.0,1451.3333333333333
tt26773513,Mining - Reyte te Kabzaa,2023,7.7,25,5.728918355660729,7.033333460489909,8.331052660478202,52848120.90347222,6.950000047683716,511.3333333333333
tt32362728,Ella,2024,9.2,66,5.831464865609323,9.199999809265137,7.470761183287427,48735279.96453901,9.199999809265137,854.0
tt17543978,Mr. Francesco,2022,8.1,9,5.822027240538508,8.100000381469727,5.0,27358501.62648115,8.100000381469727,575.3333333333334
tt22465306,Devil's Men,2023,3.6,185,6.366676753848642,4.649999976158142,6.047095959968542,20653775.73770492,4.149999976158142,6230.0
tt16757636,Redrum,2022,8.6,11,5.799747593758131,8.600000381469727,7.989422680471844,26013402.77075604,8.600000381469727,209.66666666666666
tt23330554,Winnie-the-Pooh: Blood and Honey 2,2024,4.7,11452,5.290933252022113,4.174999892711639,4.867128290409707,22456305.679276817,3.283333301544189,303.0
tt28547641,The Beautiful Ones,2023,6.0,7,4.975293835433215,6.0,6.077845028787392,16298415.350626118,6.0,612.6666666666666
tt12396978,Journey of Eternity,2022,7.8,44,6.502852952026574,7.800000190734863,9.217869126537355,24468268.645484067,7.800000190734863,4324.333333333333
tt11049086,First One In,2020,5.5,105,6.250083056069439,5.5,6.834365163299185,26174652.121116363,5.5,3908.0
tt29479000,Horrors of the Holocaust,2023,6.3,23,7.213336372265705,5.47714284828731,7.266119869107206,4388240.25,5.29687499627471,154.33333333333334
tt13667552,Kamen Rider Zero-One Others: Kamen Rider Metsuboujinrai,2021,7.3,65,5.525850033813599,7.085714289120265,8.065673617484519,55046822.46395834,7.400000095367432,612.6666666666666
tt31513504,Annapurna,2025,8.2,6,6.203095434705503,7.416666547457376,8.451470229214438,35159466.00376374,6.416666547457377,7458.333333333333
tt11333834,Gindari 2: Bahubuthayo 3,2022,2.9,119,5.852474769473515,5.400000095367432,5.482884247458936,26271728.28915353,5.400000095367432,686.6666666666666
tt33008664,Mochi-chon,2024,9.0,9,6.3324965625550425,5.0,5.0,65012910.43772242,9.0,585.3333333333334
tt17005282,Death Notice: A Serial Killer Leaving Notes,2023,5.5,352,5.799747593758131,5.825000047683716,6.5076556597793545,26013402.77075604,5.622222211625841,697.6666666666666
tt26235048,Buddy,2024,3.8,348,5.635916815628487,4.700000047683716,5.695687294708186,57765689.98070035,4.850000023841858,8115.333333333333
tt15000578,X = Prem,2022,6.6,581,6.15363591029188,5.0,7.928389760799005,21709165.710378148,6.090909047560259,351.0
tt12789540,Mosquito State,2020,5.1,1012,5.601605715734657,5.099999904632568,5.678452246155146,22453926.77622205,5.099999904632568,1033.3333333333333
tt24638018,Tao xue shen tan,2022,6.7,22,5.862809136221746,5.0,7.024404862088915,35436476.59166272,6.25,9142.0
tt11271990,Ali & the Queens,2021,7.0,1690,6.054422441401912,6.599999964237213,7.46490628538034,25369272.771426857,6.349999904632568,2887.6666666666665
tt21151720,Candy 2,2022,4.4,29,5.728918355660729,4.400000095367432,5.87136606305243,52848120.90347222,5.6333333651224775,1578.0
tt15353574,Hard Miles,2023,6.4,1211,6.418611257827269,5.950000047683716,6.3634338469472445,23254548.319802023,5.5,330.0
tt11740140,De Club van 5,2021,8.2,17,6.0196453027547605,8.199999809265137,9.050718030303884,55536594.02579968,8.199999809265137,4776.0
tt35111719,Story of Wuyi Lane,2023,6.7,53,5.728918355660729,5.0,7.467217468251811,52848120.90347222,6.699999809265137,10333.333333333334
tt19488564,A Crack in the Mountain,2022,7.6,33,7.213336372265705,7.599999904632568,5.0,4388240.25,7.599999904632568,374.0
tt30748149,Riptide,2024,6.9,10,5.819055299302949,6.900000095367432,5.0,24254080.005565863,6.900000095367432,300.3333333333333
tt13721238,El sexoservidor 6,2020,3.5,38,6.222950643159742,5.0,4.037777842227496,22449168.97011252,3.350000023841858,6443.666666666667
tt23004264,Bonnard: Pierre & Marthe,2023,6.5,712,6.414562520370489,6.325000047683716,7.107368369149433,22421684.784696545,6.150000095367432,480.0
tt23005858,Patient No. 1,2023,7.5,43,6.222950643159742,6.800000011920929,7.53572153513748,22449168.97011252,7.5,1306.3333333333333
tt33887354,Once Upon a Honeymoon,2024,7.0,23,6.15363591029188,7.100000037087335,7.428932666584615,21709165.710378148,6.675000071525574,611.0
tt22814834,The Hound of the Baskervilles: Sherlock the Movie,2022,6.2,89,6.005206918607708,6.199999809265137,7.075418965247341,23958393.75815104,6.199999809265137,4229.0
tt35676003,Puppies,2025,7.0,60,5.985107708534049,6.855555534362793,7.36325543252456,24629269.511692487,7.0,352.0
tt32727888,Itlu Mee Cinema,2024,7.5,2022,6.222950643159742,5.0,5.0,22449168.97011252,7.5,4672.666666666667
tt32019542,Prem Ni Pathshala,2024,8.5,7,5.97361481336043,8.5,9.799591815380191,25171932.29877474,8.5,1577.6666666666667
tt10230590,Hashtag Blessed: The Movie,2022,5.1,114,6.183240226251263,5.099999904632568,5.0155664271796665,47869763.03741497,5.099999904632568,1172.0
tt8883486,Medieval,2022,5.9,13843,6.244874753237959,5.900000095367432,6.800957149033956,33928219.398146786,5.900000095367432,7676.0
tt13972332,Some Kind of Christmas!,2020,5.8,21,6.222950643159742,5.800000190734863,7.614466951594882,22449168.97011252,5.800000190734863,531.6666666666666
tt9636302,Snow Blinded,2022,6.0,25,5.601605715734657,6.0,6.037765241479105,22453926.77622205,7.199999809265137,777.6666666666666
tt36042604,Altweibersommer,2025,6.8,17,5.885894239644082,6.800000190734863,7.315335965561965,28289376.5727412,6.800000190734863,995.0
tt11912042,Golgappe,2023,4.2,127,5.885894239644082,5.648333342870077,6.316118918540037,28289376.5727412,5.799999986376081,1187.0
tt12723442,Ziraldo - Uma Obra que pede Socorro,2020,6.5,9,7.213336372265705,6.5,5.0,4388240.25,6.5,731.3333333333334
tt32188500,Luccas Neto em: O Meu Aniversário,2023,4.4,12,5.9750616150512,3.899999993188041,4.23834951763089,46454188.20811352,3.563636367971247,972.6666666666666
tt20237930,Could You Don't Leave Me,2022,3.1,20,6.15363591029188,3.0999999046325684,5.007568279484313,21709165.710378148,4.1249998807907104,320.3333333333333
tt19864926,Ammu,2022,6.7,1347,6.222950643159742,6.616666555404663,7.552140118954004,22449168.97011252,6.699999809265137,407.6666666666667
tt6661368,Isaac,2020,5.4,290,6.064388686742614,4.9666666984558105,6.431527620513225,23902569.33116583,5.800000071525574,474.3333333333333
tt30835200,The in Between,2024,6.0,24,7.213336372265705,5.0,5.0,4388240.25,6.0,1.6666666666666667
tt19799058,Critical Keertanegalu,2022,6.4,693,5.885894239644082,6.400000095367432,7.945707187083135,28289376.5727412,7.500000238418579,15.333333333333334
tt14115150,My Escort Best Friend,2022,5.0,181,5.606572668611012,5.0,5.474217189634532,28614196.00792752,5.087500035762787,476.6666666666667
tt14115150,My Escort Best Friend,2022,5.0,181,5.606572668611012,5.0,5.474217189634532,28614196.00792752,5.087500035762787,476.0
tt26236678,State of Grace,2023,9.0,9,6.222950643159742,9.0,7.612847044080109,22449168.97011252,9.0,1714.6666666666667
tt26898626,Harano Prapti,2020,5.0,7,6.098282728260086,6.805000042915344,7.250605369303312,23810550.63444363,5.716666618982951,880.6666666666666
tt13097910,Feast,2021,5.1,282,6.222950643159742,5.149999976158142,6.387857079867811,22449168.97011252,5.099999904632568,422.0
tt3705818,"EarthBound, USA",2023,8.2,23,7.213336372265705,8.199999809265137,9.848926653787364,4388240.25,8.199999809265137,463.3333333333333
tt12816738,Spící mesto,2021,4.4,36,5.944586797054512,4.725000023841858,4.964421171386402,40286374.33583995,5.433333237965901,343.3333333333333
tt14376562,"Valentino, Puedes ser tu propio héroe o villano",2022,5.0,45,5.885894239644082,5.0,6.349071744512792,28289376.5727412,4.950000047683716,7333.333333333333
tt13588156,All My Puny Sorrows,2021,6.1,903,6.222950643159742,6.699999928474426,6.862016457724711,22449168.97011252,6.099999904632568,286.3333333333333
tt20880676,I Got Problemz,2023,3.4,42,5.885894239644082,3.400000095367432,6.003297513766171,28289376.5727412,6.150000035762787,4446.666666666667
tt6914500,Aaradugula Bullet,2021,3.5,320,5.975934499410236,5.0,5.722914556385559,37648644.93679237,3.5,3.6666666666666665
tt31442238,Four Rivers Six Ranges,2025,9.2,26,6.29609491311606,9.199999809265137,8.438503915446967,33048004.26897269,9.199999809265137,971.0
tt31149938,E-mail,2024,5.4,805,5.728918355660729,5.400000095367432,7.099766103077152,52848120.90347222,5.400000095367432,586.3333333333334
tt32367651,Who Said Death Is Beautiful?,2023,2.8,14,5.653895198994128,2.799999952316284,4.717685775691787,40655662.89417427,2.799999952316284,7333.333333333333
tt35069701,Ninja Motherf*cking Destruction,2025,7.1,9,6.222950643159742,7.099999904632568,7.259275852883513,22449168.97011252,7.099999904632568,83.0
tt13153494,Punch,2022,6.3,1768,6.307181231026185,6.300000190734863,6.9712824799471615,22492753.03008261,6.300000190734863,595.6666666666666
tt11821888,Thalli Pogathey,2021,5.5,483,6.222950643159742,5.0,5.0,22449168.97011252,5.174999952316284,4191.333333333333
tt15454148,The Wisteria Manor,2022,9.1,41,5.626223437386727,9.050000190734863,11.11286163386103,20507219.26894525,9.0,1218.3333333333333
tt9911046,The Saving,2020,6.1,23,5.975934499410236,6.099999904632568,5.0,37648644.93679237,6.099999904632568,530.6666666666666
tt14820436,In The Month of July,2021,7.8,16,6.183240226251263,7.800000190734863,7.68200194505386,47869763.03741497,7.800000190734863,116.66666666666667
tt15839942,Kaaduvetty,2024,3.2,148,6.084321177424017,3.200000047683716,4.571586496580856,20969162.450643778,3.200000047683716,270.6666666666667
tt34194399,Burt,2025,7.2,13,6.054422441401912,7.199999809265137,7.31065483206256,25369272.771426857,7.199999809265137,1342.3333333333333
tt15067890,Rój,2023,5.4,64,5.914761655885377,5.400000095367432,5.965203034389508,25531682.48902002,5.400000095367432,6133.666666666667
tt8633462,"Quo Vadis, Aida?",2020,8.0,40445,6.457460885967262,8.0,7.860517316294299,23196771.009557683,8.0,469.3333333333333
tt8571594,Harvest of the Dead: Halloween Night,2020,4.0,85,4.975293835433215,4.0,5.164997309837318,16298415.350626118,4.0,626.3333333333334
tt9481962,I Do,2020,8.0,12,6.222950643159742,8.0,7.705083562628084,22449168.97011252,8.0,9048.333333333334
tt13867056,Staring at Strangers,2022,6.1,794,6.222950643159742,6.233333269755045,6.922562558723521,22449168.97011252,6.25,4056.0
tt24575936,The Battle,2023,6.4,83,6.222950643159742,6.533333460489909,7.490998440388246,22449168.97011252,6.400000095367432,4168.0
tt31703444,Buzz House: The Movie,2024,3.2,1292,5.430594037538649,3.0,5.0,22293895.961683657,3.6999999284744254,105.0
tt15225760,Adrishyam,2022,5.6,1300,5.882859537024568,5.8749998807907104,7.2130724155927055,25105814.9945353,6.1499998569488525,4812.666666666667
tt21203792,Dye Hard,2022,9.1,10,7.213336372265705,7.003448305458858,5.0,4388240.25,7.12580648545296,926.0
tt22051136,Armstrong,2022,7.6,21,5.76970194587739,7.599999904632568,7.497509483349916,35544749.73672483,7.599999904632568,13666.666666666666
tt14432598,Sana all,2021,8.5,7,6.084321177424017,6.639999985694885,6.816377497093791,20969162.450643778,5.033333381017049,1579.0
tt14967688,Are they Here? UFOs Caught on Camera,2020,4.7,23,7.213336372265705,4.699999809265137,5.119586269272244,4388240.25,4.699999809265137,652.6666666666666
tt28684462,Kaagaz 2,2024,5.8,2696,6.222950643159742,6.550000190734863,7.488991986196735,22449168.97011252,5.683333476384481,5000.0
tt15206368,Dedh Bigha Zameen,2024,6.9,755,6.203095434705503,7.049999952316284,7.552539777449414,35159466.00376374,7.049999952316284,546.6666666666666
tt14604262,Black Sai,2021,7.2,8,5.728918355660729,7.199999809265137,7.644691882710284,52848120.90347222,7.199999809265137,612.3333333333334
tt15341290,Backstage: dietro le quinte,2022,6.9,50,6.1615919961918255,5.971428462437221,7.228214744069744,16117296.184210526,7.649999856948851,12333.333333333334
tt11968730,Temesvarli Osman,2020,5.8,17,6.718143507712724,5.800000190734863,7.231464669159709,13418704.61005626,5.800000190734863,707.6666666666666
tt14793714,Country Cabaret,2022,5.8,323,6.054422441401912,6.002777907583449,6.350270612561889,25369272.771426857,5.975000143051148,10658.333333333334
tt10126040,The Exchange,2021,5.7,620,6.054422441401912,5.699999809265137,6.255276758642242,25369272.771426857,4.6499998569488525,9333.333333333334
tt27451258,The Everything Pot,2024,7.5,34,5.985107708534049,7.5,7.206756023858359,24629269.511692487,7.5,24333.333333333332
tt30008481,Urban Nightmares: A Found Footage Anthology,2024,4.7,45,4.975293835433215,4.699999809265137,5.509356673930725,16298415.350626118,4.916666507720947,765.6666666666666
tt19862820,Zero Hour,2023,4.3,56,5.7128139839569805,4.300000190734863,5.432793193042324,26434138.00674669,4.300000190734863,5282.0
tt12518378,Deemo Memorial Keys,2021,6.2,71,6.308193455296263,5.8999998569488525,7.727727848652058,43358214.47758308,6.199999809265137,275.3333333333333
tt6074102,Cumbia que te vas de ronda,2020,7.3,13,6.986977654995064,7.300000190734863,5.0,10357346.640243905,7.300000190734863,3269.6666666666665
tt28585732,Vinveli Devathai,2023,5.6,28,5.985107708534049,5.599999904632568,6.139192969488466,24629269.511692487,5.599999904632568,529.0
tt28642613,Sith Wars: Episódio III - Fantasmas Dos Sith,2024,8.6,115,5.627721644412174,7.388235288507798,8.662736185436057,52942974.9641519,7.388235288507798,5880.666666666667
tt26774047,The Creeps,2023,3.2,36,4.975293835433215,3.338461542740846,4.018418186761578,16298415.350626118,3.262068972505372,437.0
tt33087498,Curse of the Naked Ghost Hunters,2024,5.1,12,4.975293835433215,4.349999904632568,4.891025376132978,16298415.350626118,4.349999904632568,3933.0
tt11214972,A1 Express,2021,6.2,928,6.222950643159742,6.199999809265137,7.033080922714039,22449168.97011252,6.199999809265137,9270.0
tt21908892,Kotha Kothaga,2022,7.1,1143,6.15363591029188,7.099999904632568,8.038657162628247,21709165.710378148,7.099999904632568,9774.666666666666
tt16429138,Elsker dig i skjul,2021,7.3,11,6.222950643159742,7.300000190734863,7.83530573402619,22449168.97011252,7.300000190734863,313.3333333333333
tt14953028,The Vampire and the Vigilante,2024,3.6,52,5.352106095546972,3.60555550787184,4.052142687352854,34573268.12704917,3.577777730094062,4204.333333333333
tt15844940,Body Odyssey,2023,6.3,109,6.222950643159742,6.633333524068196,6.5775045416689295,22449168.97011252,6.300000190734863,669.3333333333334
tt12436252,Loves Spell,2020,5.5,102,5.985107708534049,4.883333325386047,4.600036301092497,24629269.511692487,4.266666650772095,680.6666666666666
tt12226632,Big George Foreman,2023,6.6,11535,6.591212752060749,6.499999894036187,6.756900059683532,23451939.857645795,6.599999904632568,1179.3333333333333
tt18500680,Route 10,2022,4.8,908,5.852813889143827,4.800000190734863,6.766832213741055,34637161.96050409,4.800000190734863,9666.666666666666
tt29458178,Love Game,2024,7.5,35,6.054422441401912,7.5,8.59278569341181,25369272.771426857,7.5,1942.0
tt15805420,American Meltdown,2023,5.1,335,5.929754526502256,5.099999904632568,6.024754801615675,26730654.43575797,5.099999904632568,4924.666666666667
tt35917983,The Greatest Fire That Never Should've Happened,2025,9.8,90,7.213336372265705,5.0,7.448259073064802,4388240.25,9.800000190734863,568.3333333333334
tt32383438,Dauren's Wedding,2023,6.0,9,6.222950643159742,6.0,7.075158113259775,22449168.97011252,6.0,269.3333333333333
tt29372038,"Othelo, the Great",2023,7.6,33,7.213336372265705,7.599999904632568,5.0,4388240.25,7.599999904632568,8000.0
tt21331502,Sivi 2,2022,6.7,11,4.975293835433215,6.699999809265137,7.754912770333866,16298415.350626118,6.699999809265137,680.3333333333334
tt27043683,Yaaran Diyan Poun Baaran,2023,6.9,1126,5.885894239644082,6.833333333333334,7.355759097114313,28289376.5727412,6.900000095367432,546.6666666666666
tt14770122,Untold: This is My Story,2021,8.1,24,6.222950643159742,8.100000381469727,8.326748947540162,22449168.97011252,8.100000381469727,3633.6666666666665
tt27489436,Bad Ben 10: Eulogy,2022,6.7,20,5.885894239644082,5.449999968210856,6.978189761431036,28289376.5727412,5.449999968210856,4034.6666666666665
tt22398358,Salute,2022,7.5,41,6.222950643159742,5.0,8.731552944935482,22449168.97011252,6.950000047683716,6619.333333333333
tt21934610,The Birds Who Fear Death,2024,9.2,73,6.098282728260086,9.199999809265137,8.316733208013803,23810550.63444363,9.199999809265137,207.66666666666666
tt31597907,Wilfred Buck,2024,7.1,56,7.213336372265705,7.099999904632568,5.0,4388240.25,7.099999904632568,4890.0
tt7847002,The Message,2020,5.7,194,6.203095434705503,5.599999904632568,6.525199919341946,35159466.00376374,5.299999872843424,4312.333333333333
tt16917146,New South Cottage,2022,7.5,9,6.084321177424017,5.649999976158142,8.494701116029043,20969162.450643778,5.649999976158142,321.0
tt27869819,Papeles,2025,7.5,16,5.852813889143827,7.633333365122477,7.580535022534699,34637161.96050409,7.700000047683716,1106.3333333333333
tt7212526,When It Rings,2023,4.5,26,5.606572668611012,4.5,4.83956930881098,28614196.00792752,4.5,491.6666666666667
tt7212526,When It Rings,2023,4.5,26,5.606572668611012,4.5,4.83956930881098,28614196.00792752,4.5,491.6666666666667
tt31511644,La fonte des glaces,2024,6.8,87,6.222950643159742,6.866666793823242,7.203075642415298,22449168.97011252,6.800000190734863,12938.666666666666
tt28002564,The Waves of Madness,2024,6.1,65,5.415672107345737,5.966666539510091,6.923988301509032,39750920.18240526,5.966666539510091,712.6666666666666
tt21392514,Harriet Tubman: Visions of Freedom,2022,7.6,56,7.074876056396708,7.599999904632568,9.219179148907692,14117481.591666669,7.262499928474426,260.0
tt32678603,Emagadhagan,2024,8.4,149,6.222950643159742,8.399999618530273,5.0,22449168.97011252,8.399999618530273,7927.0
tt31313704,Navra Maza Navsacha 2,2024,5.3,506,5.885894239644082,5.300000190734863,7.784178639141429,28289376.5727412,5.300000190734863,1666.6666666666667
tt28377588,Ground Zero,2025,7.6,3742,6.244874753237959,7.099999904632568,8.813433331851535,33928219.398146786,7.799999872843425,5600.666666666667
tt18396068,Parkland of Decay and Fantasy,2022,7.1,17,6.287952179059325,7.099999904632568,7.209861461381387,25792533.406701624,7.099999904632568,6575.333333333333
tt32229751,"Tam, gde tantsuyut sterkhi",2024,7.3,20,6.222950643159742,6.703333393732707,7.879321012957988,22449168.97011252,7.300000190734863,5880.0
tt26456078,Odin nastoyashchiy den,2023,5.4,130,5.790093740985721,5.674999952316284,6.393327321395937,26893064.153351128,5.400000095367432,4982.0
tt13678710,Transfer,2020,6.8,10,7.213336372265705,6.800000190734863,9.449923827747886,4388240.25,6.800000190734863,17333.333333333332
tt15614406,Escribir lo imposible,2021,8.8,5,7.074876056396708,8.800000190734863,5.0,14117481.591666669,8.800000190734863,671.0
tt9185206,"Are You There God? It's Me, Margaret.",2023,7.3,33774,6.097361703018362,7.325000166893005,7.93713472322171,32869436.19342289,7.300000190734863,5632.666666666667
tt31916241,Demetri Martin: Demetri Deconstructed,2024,6.8,538,6.549615305954894,5.0,6.811791361107761,16338808.411370598,6.800000190734863,812.0
tt29568056,Momma's Boy,2024,3.8,48,6.064388686742614,3.799999952316284,6.330627800469036,23902569.33116583,3.799999952316284,484.0
tt15048078,Die gong mie shu,2020,5.6,88,5.728918355660729,5.0,7.377678772632798,52848120.90347222,5.4666666984558105,4174.666666666667
tt33047482,Pleasant Goat and Big Big Wolf: The World Guardians,2024,7.4,14,6.3324965625550425,5.0,8.526766613785355,65012910.43772242,7.400000095367432,763.0
tt36059844,Ah!,2025,4.4,193,5.555395893822748,5.0,8.070216902836004,21960591.26973247,4.400000095367432,7453.333333333333
tt14687716,The Beehive,2023,4.4,137,5.914761655885377,4.400000095367432,4.774873523943496,25531682.48902002,4.400000095367432,846.6666666666666
tt26344944,Full Circle,2023,9.5,10,7.213336372265705,5.0,5.0,4388240.25,8.450000047683716,6586.333333333333
tt11095458,Riptide,2020,7.2,11,6.222950643159742,7.199999809265137,8.453593190451095,22449168.97011252,7.199999809265137,473.0
tt28355490,Art of Love,2024,4.6,2404,6.15363591029188,5.0,5.974052770245071,21709165.710378148,4.799999952316284,9189.0
tt27529166,Anwar: The Untold Story,2023,4.8,502,6.647373881526953,4.800000190734863,6.8352172592046765,24261086.741433825,5.350000143051148,7871.666666666667
tt11416582,Amber Road,2022,4.3,665,4.975293835433215,5.200000007947286,5.747793267069167,16298415.350626118,5.200000007947286,11394.333333333334
tt14061478,Lamb of God: The Concert Film,2021,8.4,163,6.1615919961918255,8.399999618530273,8.902940272979478,16117296.184210526,8.399999618530273,958.6666666666666
tt21257364,Who Wants to Marry an Astronaut?,2024,8.3,16,5.985107708534049,8.300000190734863,9.337650134262416,24629269.511692487,6.850000143051148,878.3333333333334
tt11608494,Zero Avenue,2021,4.1,101,5.529807506428616,4.099999904632568,4.508954691995475,18633788.90063495,4.099999904632568,867.0
tt19812766,Tayna amuleta,2022,5.0,35,6.007352545930293,5.0,7.087021714077952,48302521.50097699,5.0,578.0
tt34382107,Buried Alive: The Clay Killer,2025,8.7,7,5.97361481336043,8.55789459797374,5.0,25171932.29877474,8.273684175390946,7972.666666666667
tt21988454,Girl Friday,2022,4.3,315,6.222950643159742,4.474999994039536,5.251859561956972,22449168.97011252,4.789473696758873,11646.666666666666
tt34602203,Portraits of the Apocalypse,2024,8.2,15,4.975293835433215,6.794444349077012,7.57794130115812,16298415.350626118,6.908888785044351,369.3333333333333
tt33037725,Ancestral Visions of the Future,2025,5.9,15,7.213336372265705,5.900000095367432,6.523543615997729,4388240.25,5.900000095367432,109.33333333333333
tt14552060,Ung Trussel,2021,6.0,9,5.975934499410236,6.0,5.0,37648644.93679237,6.0,12167.333333333334
tt15112802,Beyond the White Veil,2022,7.6,9,5.831464865609323,7.599999904632568,6.695103447371776,48735279.96453901,7.599999904632568,810.0
tt10633456,Minari,2020,7.4,103798,6.222950643159742,7.400000095367432,7.500267623181334,22449168.97011252,6.950000047683716,325.6666666666667
tt33030245,It's Not My Film,2024,6.8,119,6.054422441401912,6.800000190734863,7.677147793010579,25369272.771426857,6.800000190734863,6109.666666666667
tt10887736,Trip,2022,3.0,143,4.975293835433215,3.0,4.934102869482583,16298415.350626118,3.0,5439.666666666667
tt8129682,Phobias,2021,3.6,1324,5.290933252022113,3.5999999046325684,4.93949251194885,22456305.679276817,3.966666592491998,800.6666666666666
tt9354432,Alberto and the Concrete Jungle,2020,7.6,63,5.988298420687361,7.599999904632568,7.570317834624262,37980656.85234604,7.599999904632568,712.0
tt35115460,T.T.T. [Terror in Teruel Town],2023,9.4,38,5.430594037538649,9.399999618530272,5.0,22293895.961683657,9.399999618530272,1322.0
tt5851696,"My Sailor, My Love",2022,7.1,1536,6.222950643159742,6.833333253860474,7.311790756675819,22449168.97011252,6.833333174387614,715.3333333333334
tt32369408,A Country Music Christmas,2024,6.6,103,6.084321177424017,6.25,7.073474059317419,20969162.450643778,6.599999904632568,4123.666666666667
tt19866304,Bad Influence,2022,5.3,219,5.790093740985721,6.019999980926514,5.871577550042883,26893064.153351128,5.150000095367432,356.0
tt12716280,Beyond the Chamber of Terror,2021,6.4,58,5.6116009628125765,6.400000095367432,6.803914698470964,23253241.407380685,6.400000095367432,1844.3333333333333
tt27514389,Your Pussy,2023,4.1,47,5.886480911288267,4.516666624281142,5.0,22449168.97011252,6.030000019073486,334.6666666666667
tt27555774,Tedhi Medhi Kahaniyaan,2023,6.3,8,6.064388686742614,6.300000190734863,6.868997944267841,23902569.33116583,7.0,5897.0
tt21223380,Doraemon the Movie: Nobita's Sky Utopia,2023,6.7,1370,6.024813727152462,6.695833265781403,7.700679134796139,52168570.67488267,6.699999809265137,13959.0
tt11905944,Future Is a Lonely Place,2021,5.4,212,5.934379375043728,5.400000095367432,6.288724304354866,25411765.758938257,5.400000095367432,6338.0
tt15128358,Prison 77,2022,6.9,4539,5.914761655885377,6.675000071525574,6.69402909801288,25531682.48902002,6.900000095367432,4435.666666666667
tt15414016,Amber Cops,2021,5.8,258,5.885894239644082,6.075000166893005,7.199113126432413,28289376.5727412,5.800000190734863,908.6666666666666
tt17346434,Love & Mathematics,2022,5.7,89,5.885894239644082,5.2727272727272725,6.309398931662934,28289376.5727412,5.8666666348775225,1269.0
tt23260634,Sandgatan II,2022,7.1,9,5.885894239644082,7.099999904632568,5.0,28289376.5727412,7.099999904632568,624.0
tt27479153,Cinle Evlilik,2023,4.6,6,4.975293835433215,4.599999904632568,5.0,16298415.350626118,4.599999904632568,312.0
tt14399096,My Son,2021,6.2,274,6.222950643159742,6.599999904632568,6.882020987563316,22449168.97011252,6.199999809265137,6222.666666666667
tt24071516,The Buildout,2024,4.2,82,5.599122239296479,4.199999809265137,6.584475833577447,19373792.16036932,4.199999809265137,813.0
tt22529250,Blossoms to Blossoms,2022,5.6,151,6.054422441401912,5.599999904632568,5.0,25369272.771426857,5.599999904632568,6762.0
tt9569272,The Hidden Town,2020,6.3,62,5.843757622433792,6.300000190734863,6.9656232842381,55969352.4893617,6.4666666984558105,326.6666666666667
tt8335482,The Lost Prince,2020,5.4,1678,5.9750616150512,6.027777777777778,6.751748369961566,46454188.20811352,6.300000031789144,477.0
tt14888342,Dakuaan Da Munda 2,2022,6.4,215,6.173794825148899,6.550000111262004,7.762317421542831,46632756.283663325,6.574999928474426,863.6666666666666
tt15873942,Planet of the Astronauts,2022,7.2,38,5.688242110289604,7.399999856948851,8.489592449279712,49579441.87045667,7.399999856948851,18991.0
tt33451050,Main Banungi Miss Bundelkhand: The Women Power,2024,9.4,26,6.222950643159742,5.0,11.58932577785799,22449168.97011252,9.399999618530272,634.0
tt30744030,Ognennyy lis,2024,7.5,119,7.213336372265705,7.900000095367432,5.0,4388240.25,7.900000095367432,298.3333333333333
tt11777298,DAU. Degeneratsiya,2020,6.5,674,5.601605715734657,5.8651514956445405,6.660366003653318,22453926.77622205,5.791666676600775,5474.666666666667
tt21479810,Project Pivot,2022,9.9,18,7.213336372265705,9.899999618530272,5.0,4388240.25,9.899999618530272,1276.0
tt15478968,Making Malinche: A Documentary by Nacho Cano,2021,4.9,68,6.687464184228766,5.0,5.0,10252768.217105262,4.900000095367432,4666.666666666667
tt8910408,Songs of Solomon,2020,6.6,1425,6.222950643159742,6.599999904632568,8.084824910451683,22449168.97011252,6.599999904632568,2333.3333333333335
tt3442126,Sorry I Killed You,2020,4.3,294,5.430594037538649,4.300000190734863,5.012346655943641,22293895.961683657,4.300000190734863,983.6666666666666
tt14167118,Ab Ye Galtiyan Na Ho,2021,8.3,7,5.899711257576276,8.300000190734863,9.026126197511909,34035553.3089524,8.300000190734863,381.3333333333333
tt18253722,Chestniy razvod 2,2022,5.2,58,5.885894239644082,4.57999997138977,6.255199867099549,28289376.5727412,4.762500017881393,2755.3333333333335
tt8461224,The Tax Collector,2020,4.9,16355,5.975161270726967,5.350000143051148,6.910224767056434,33489740.724119827,5.666666825612386,188.33333333333334
tt21964260,My Loneliness Has Wings,2023,5.3,669,6.222950643159742,5.300000190734863,6.0057378971781255,22449168.97011252,5.300000190734863,9190.666666666666
tt12245382,After Quarentine,2023,5.3,55,6.064388686742614,5.300000190734863,5.78819258181063,23902569.33116583,5.300000190734863,663.3333333333334
tt19757976,The Evil Three,2024,6.6,1000,5.436928286568318,5.9388888412051735,7.084713114184572,32586910.75400862,6.599999904632568,7692.666666666667
tt28247697,Bad Ben 12: Alien Agenda,2023,6.5,17,5.885894239644082,5.449999968210856,6.319216774344892,28289376.5727412,5.449999968210856,512.0
tt7517142,Too Much Life,2023,9.2,21,6.222950643159742,9.199999809265137,5.0,22449168.97011252,9.199999809265137,4755.666666666667
tt12664200,Amaci Olmayan Grup,2021,2.8,370,5.885894239644082,4.274999916553497,5.464121793053358,28289376.5727412,2.799999952316284,70.33333333333333
tt31531846,A Good Man 2,2024,6.5,55,5.606572668611012,7.300000190734863,7.772450322547266,28614196.00792752,6.466666539510091,748.0
tt16760422,Divergent,2021,4.9,19,6.054422441401912,5.0,6.921663785391571,25369272.771426857,4.900000095367432,451.3333333333333
tt31522216,Free Delivery,2023,8.6,7,5.885894239644082,8.933333396911621,9.955553208433017,28289376.5727412,8.933333396911621,5410.333333333333
tt11916314,Dark City Beneath the Beat,2020,6.8,166,7.213336372265705,5.0,5.0,4388240.25,6.800000190734863,717.0
tt33991824,Gingerbread Kids,2024,7.6,5,6.222950643159742,7.599999904632568,8.477037680677647,22449168.97011252,7.599999904632568,631.3333333333334
tt27511275,8 A.M. Metro,2023,7.6,1748,6.222950643159742,7.666666587193807,7.578874655794238,22449168.97011252,7.599999904632568,4860.333333333333
tt29038265,Pasar Setan,2024,6.8,59,5.290933252022113,6.683333476384481,7.956371148057065,22456305.679276817,6.800000190734863,705.6666666666666
tt4919268,Bad Boys: Ride or Die,2024,6.5,100443,5.823620991521023,5.927777793672349,6.888437522433807,48113640.8301326,6.825000047683716,492.0
tt15012846,"Me, We",2021,7.4,71,6.222950643159742,7.800000071525574,8.141743348579968,22449168.97011252,8.200000047683716,656.0
tt15614274,Double XL,2022,4.6,4583,6.054422441401912,4.883333285649618,6.36318663798587,25369272.771426857,5.549999952316284,300.3333333333333
tt8010548,Devilreaux,2023,2.6,361,5.290933252022113,3.2850000143051146,4.834977238110243,22456305.679276817,3.649999976158142,370.6666666666667
tt28815396,A Young Time Ago,2023,7.3,30,6.222950643159742,7.300000190734863,7.808404138123699,22449168.97011252,7.3500001430511475,308.3333333333333
tt9249092,The Diaries of Adam and Eve,2023,6.5,13,5.858679552626702,6.5,7.529139788116664,38512328.2686401,6.5,470.6666666666667
tt13288972,Pets 2,2021,5.3,55,6.133877009483463,4.065957449852152,5.126046169087677,47057350.01595953,5.350000143051148,4105.0
tt22497824,The Matchmaker,2023,3.7,501,5.882859537024568,5.0,5.247546614035508,25105814.9945353,3.700000047683716,6457.666666666667
tt14598646,Aa Ammayi Gurinchi Meeku Cheppali,2022,6.3,740,6.222950643159742,6.533333460489909,7.570410045935241,22449168.97011252,6.533333460489909,769.6666666666666
tt2235695,Rebecca,2020,6.0,48504,6.042109039962235,5.800000031789144,7.083351630397842,22557470.47544072,5.3666666348775225,1299.0
tt23149674,Prime Orbit,2023,3.0,68,5.322781711966471,5.0,2.5204423599189347,57245524.024444446,3.0,1198.3333333333333
tt14157114,The Picture of Dorian Gray,2021,6.4,70,5.914761655885377,6.28333338101705,7.554695176304818,25531682.48902002,6.400000095367432,774.3333333333334
tt14809482,Best Clowns,2023,8.2,23,5.885894239644082,8.199999809265137,7.341310294636778,28289376.5727412,8.199999809265137,924.3333333333334
tt31248889,Once Upon a Time in Amityville,2024,3.6,51,5.482495638662545,2.8899999856948853,3.0988062481017526,19843170.154240098,2.8864864626446285,865.6666666666666
tt27541450,Old Righteous Blues,2024,6.8,7,6.222950643159742,6.800000190734863,7.663354563392945,22449168.97011252,6.800000190734863,3713.0
tt34387687,Iravinil Aatam Par,2024,3.3,153,5.76970194587739,3.299999952316284,6.249822408133196,35544749.73672483,4.7499998807907104,5035.333333333333
tt22336378,Boudi Canteen,2022,6.4,175,6.203095434705503,6.6711111783981325,7.810104201113486,35159466.00376374,6.839999961853027,708.0
tt13581026,Jinrou Gêmu: Desugêmu no uneinin,2020,6.0,23,5.819055299302949,6.599999904632568,6.70241326206636,24254080.005565863,6.599999904632568,811.3333333333334
tt33475730,Halinghing,2024,5.7,46,6.222950643159742,5.0,5.74095441065917,22449168.97011252,4.8999998569488525,1699.3333333333333
tt27666930,Cleopatra: Her Real Story,2023,8.0,38,7.213336372265705,5.0,5.0,4388240.25,7.727272727272727,6905.0
tt29526058,Krash-test,2023,5.6,35,6.222950643159742,5.599999904632568,6.617826138268744,22449168.97011252,5.599999904632568,9333.333333333334
tt26732463,Hour of Danger,2023,4.4,162,6.32644023913786,4.606250047683716,5.458739849092942,24702823.19658096,4.789473696758873,5156.333333333333
tt33478329,That Creep from the Bar Last Night,2025,8.9,9,6.222950643159742,8.899999618530273,8.93436388688869,22449168.97011252,8.899999618530273,6624.666666666667
tt16741018,Echo to Delta,2023,6.2,48,6.222950643159742,6.199999809265137,6.845394083023929,22449168.97011252,6.199999809265137,5300.0
tt2381814,Las hijas de Danao,2023,5.6,13,5.790093740985721,5.599999904632568,6.684243703888892,26893064.153351128,5.599999904632568,715.0
tt13615386,"Ariana Grande: Excuse Me, I Love You",2020,6.4,3152,6.986977654995064,5.0,8.257991841137436,10357346.640243905,6.866666730244955,671.3333333333334
tt11564450,Loser is Winner,2024,8.1,554,6.614271872494797,8.033333619435629,9.744080358883773,24059927.66949153,7.900000095367432,868.3333333333334
tt18766692,Trio,2022,7.6,115,6.222950643159742,5.0,8.90753330967727,22449168.97011252,7.599999904632568,631.3333333333334
tt13528134,Khan Tiuola,2020,5.9,22,5.466973934449058,5.900000095367432,5.783342328039668,23055563.78803984,5.900000095367432,236.0
tt26831885,Cutthroat Texas,2023,7.0,8,5.97361481336043,8.199999809265137,5.0,25171932.29877474,8.199999809265137,357.3333333333333
tt22049410,Home Coming,2022,6.3,824,5.852813889143827,6.255555682712132,6.719126274799007,34637161.96050409,5.900000015894572,8254.666666666666
tt14854142,Cheraathukal,2021,7.9,52,6.222950643159742,7.516666730244954,7.790768764190135,22449168.97011252,7.516666730244954,586.3333333333334
tt15554578,Madhav,2022,5.0,13,5.728918355660729,5.0,8.409204475086321,52848120.90347222,5.0,7325.666666666667
tt19393408,Chuck Chuck Baby,2023,6.6,297,6.222950643159742,6.599999904632568,7.451040766920152,22449168.97011252,6.599999904632568,295.6666666666667
tt1800393,The Last Son,2021,4.8,2273,5.898381241238053,5.0,5.440665453141183,21893421.36073557,4.833333333333333,457.3333333333333
tt26744208,Kaatera,2023,7.2,3537,5.728918355660729,7.012962950600518,7.541364385111311,52848120.90347222,6.549999952316284,7727.333333333333
tt14140954,Mission Possible,2021,6.5,2050,5.862809136221746,6.5,7.3560558232480915,35436476.59166272,6.5,900.0
tt19498462,The Woods,2022,3.3,26,4.975293835433215,3.638888888888889,4.396501590123665,16298415.350626118,3.299999952316284,3804.0
tt18951176,Gulmohar,2023,7.6,5715,6.203095434705503,7.599999904632568,7.988076528467682,35159466.00376374,7.599999904632568,3810.0
tt1590031,Frankenpimp's Revenge: The Romeo and Juliet Massacre,2020,2.6,51,5.511892352234422,2.5999999046325684,2.897405416589783,39293938.739545785,2.5999999046325684,560.0
tt9815998,Hooking Up,2020,5.6,2465,6.054422441401912,5.599999904632568,6.326870086898394,25369272.771426857,5.599999904632568,87.0
tt27304839,Killing Romance,2023,5.9,467,5.884686301482307,5.0,7.152454890195847,24340289.58829308,5.900000095367432,1459.3333333333333
tt10669868,Acting: The First Six Lessons,2021,7.4,13,6.222950643159742,7.400000095367432,8.19781368333054,22449168.97011252,7.400000095367432,370.0
tt18257464,Polite Society,2023,6.6,11986,5.807406297652405,6.599999904632568,6.657761732983957,40568748.73810671,6.599999904632568,7775.0
tt11222994,IMThem,2021,5.3,67,5.489253581229437,5.300000190734863,5.983025417412049,24400662.643764943,5.300000190734863,1284.0
tt29432702,Secret: Untold Melody,2023,7.0,466,6.42247005757422,5.0,7.686151256893065,18647807.74056579,6.849999904632568,5139.666666666667
tt15846874,My Boss is a Serial Killer,2021,4.4,129,5.770507402519347,4.400000095367432,5.278306389550258,27052550.8620782,4.400000095367432,907.6666666666666
tt13225088,Portrait of a failed writer,2020,8.6,18,7.213336372265705,8.600000381469727,5.0,4388240.25,8.450000286102295,6608.666666666667
tt18815594,Welcome to the Game,2024,5.9,64,6.005206918607708,5.968750029802322,6.412963940606189,23958393.75815104,5.899999936421712,384.3333333333333
tt32809700,Dog Tashi,2024,6.4,5,6.222950643159742,6.400000095367432,7.176117358156136,22449168.97011252,6.400000095367432,259.0
tt10782876,Swimming for Gold,2020,5.5,676,6.39875604937303,5.5,6.268329423824071,35964845.35345325,5.5,796.6666666666666
tt28378155,"Love, Wine & Salt: A Tuscan Romance",2024,6.9,19,6.084321177424017,6.850000023841858,8.036226079501983,20969162.450643778,6.799999952316284,7273.333333333333
tt14741860,Dangerous Men,2022,6.0,890,5.929754526502256,5.25,6.949444777106025,26730654.43575797,6.0,601.3333333333334
tt20782936,Christmas Holidate,2023,3.5,34,6.064388686742614,5.6910714166505,5.997234899688903,23902569.33116583,5.975000143051148,140.33333333333334
tt7963280,It's a Life Worth Living,2020,6.7,64,6.222950643159742,6.699999809265137,7.777175962256462,22449168.97011252,6.699999809265137,9215.666666666666
tt31987477,Shadows Side,2024,2.1,130,4.975293835433215,5.0,1.956025955848025,16298415.350626118,2.0999999046325684,6437.666666666667
tt9114124,Cambio tutto!,2020,6.0,1547,5.885894239644082,5.613939402320168,6.944955249056297,28289376.5727412,6.0333333015441895,792.6666666666666
tt13723164,Stand on It!,2020,5.7,159,5.823620991521023,4.666666587193807,5.976673782940436,48113640.8301326,4.666666587193807,45.0
tt13568866,Zerrissen - Zwischen zwei Müttern,2020,6.3,41,6.126601894257146,6.300000190734863,6.820296780229978,31830288.10210074,6.300000190734863,757.6666666666666
tt27957454,Worlds Apart,2024,6.5,227,6.222950643159742,5.975000023841858,7.310290572897635,22449168.97011252,6.233333428700765,795.3333333333334
tt10059518,Unhinged,2020,6.0,83415,5.66774551213587,6.0,6.485771706340257,40731158.45569987,6.0,56.666666666666664
tt13000618,The Pleasant Valley War,2021,6.4,110,6.539478392104558,5.384091019630432,5.985205353869969,9502569.677083332,5.223077003772442,606.0
tt28548667,Mrit,2023,4.2,33,4.975293835433215,4.199999809265137,5.0,16298415.350626118,4.199999809265137,5121.666666666667
tt27752111,The Mountain,2024,6.6,158,5.988298420687361,6.599999904632568,7.2326584762438255,37980656.85234604,6.599999904632568,3917.0
tt14310580,Loose Change,2022,5.4,18,5.862809136221746,5.377777761883205,5.716060453657721,35436476.59166272,5.299999989961323,360.6666666666667
tt11464730,Motherly,2021,5.2,2147,5.466973934449058,5.199999809265137,6.336903076661104,23055563.78803984,5.199999809265137,613.3333333333334
tt28078231,Une Jeunesse Française,2024,6.5,9,7.213336372265705,6.5,5.0,4388240.25,6.5,859.3333333333334
tt16392992,Amaris,2022,5.6,22,6.222950643159742,6.700000047683716,8.276883704103383,22449168.97011252,6.700000047683716,594.0
tt14031824,Prankster,2023,7.6,15,5.885894239644082,7.599999904632568,6.333359924102632,28289376.5727412,7.599999904632568,1333.3333333333333
tt31943592,Kartam Bhugtam,2024,6.5,203,5.606572668611012,6.5,7.333875277312141,28614196.00792752,6.5,246.66666666666666
tt14039652,Mugizh,2021,5.6,375,6.222950643159742,5.0,7.13022407950171,22449168.97011252,5.599999904632568,1101.0
tt26470367,Ehl-i Cin: Intikam,2023,4.9,12,4.975293835433215,5.0,4.1643121748304415,16298415.350626118,5.3666666348775225,7681.333333333333
tt31996214,Mord in Wien - Der letzte Bissen,2025,6.4,38,5.97361481336043,6.450000047683716,7.529910196022901,25171932.29877474,6.650000095367432,6275.666666666667
tt15385596,American Dirge,2024,9.6,5,6.418447438242798,9.550000190734863,5.0,17030496.40855946,9.550000190734863,4311.0
tt34773331,Jilabi,2025,4.8,122,6.222950643159742,6.0333333015441895,7.72049387197832,22449168.97011252,5.3750001192092896,740.0
tt27216315,Water Margin's Revenge,2022,8.0,54,5.728918355660729,5.0,8.584567343520403,52848120.90347222,8.0,838.0
tt9563096,The Invisible,2020,6.4,560,6.054422441401912,5.799999992052713,6.963151365477603,25369272.771426857,6.299999952316284,17210.333333333332
tt14034966,Wheel of Fortune and Fantasy,2021,7.5,10703,6.15363591029188,7.200000047683716,7.578456406208605,21709165.710378148,7.200000047683716,429.6666666666667
tt8608822,Andílci za skolou,2022,4.5,24,6.076908820695723,4.5,5.218201058018317,30758811.931455564,4.5,3888.6666666666665
tt6373600,Even Pigs Go to Heaven,2022,6.4,336,5.885894239644082,6.150000095367432,7.310069146695077,28289376.5727412,6.400000095367432,614.0
tt16116726,Just for Meeting You,2023,6.2,212,6.084321177424017,5.9833331902821865,7.245554339771741,20969162.450643778,5.849999904632568,4626.0
tt14368728,"Intervenção, É Proibido Morrer",2021,6.2,480,6.222950643159742,6.183333198229472,6.963062432178663,22449168.97011252,5.699999809265137,3755.3333333333335
tt14878420,Bird Atlas,2021,6.0,121,6.222950643159742,6.0,6.752918402539458,22449168.97011252,6.0,14958.666666666666
tt26160190,Unlocked,2023,6.4,12215,6.005206918607708,5.950000047683716,7.125011735218632,23958393.75815104,6.400000095367432,12847.0
tt14611846,A Garden of Camellias,2021,6.2,28,6.183240226251263,6.199999809265137,7.148004573688063,47869763.03741497,6.199999809265137,634.0
tt29341311,Congrats My Ex!,2023,6.1,601,5.985107708534049,6.208333253860474,7.236670385665031,24629269.511692487,5.883333285649617,18922.333333333332
tt15450976,Swim Instructor Nightmare,2022,5.4,246,5.606572668611012,4.8666666348775225,5.872014782412611,28614196.00792752,5.114285741533552,426.0
tt9861230,The Quiet Migration,2023,6.2,281,6.222950643159742,6.091666579246521,7.096414447356754,22449168.97011252,6.199999809265137,502.0
tt11905810,YeRe YeRe Pavsa,2022,9.1,11,6.222950643159742,9.100000381469728,9.72624739313135,22449168.97011252,9.100000381469728,4656.0
tt35661932,Coastal,2024,7.4,107,7.213336372265705,5.0,10.179408792208193,4388240.25,7.549999952316284,93.0
tt21805506,King's Gambit,2024,7.0,8,7.213336372265705,5.0,5.0,4388240.25,6.75,4775.666666666667
tt29262126,The Rise of Hitler,2023,6.2,6,7.213336372265705,4.664285710879734,6.698427525802847,4388240.25,4.8878787792090215,844.0
tt15119794,Göta kanal - Vinna eller försvinna,2022,4.5,516,5.885894239644082,4.25,6.658185849810735,28289376.5727412,4.5,11322.0
tt15047780,Stay Awake,2022,6.6,355,6.222950643159742,6.599999904632568,6.919859716250639,22449168.97011252,6.599999904632568,496.6666666666667
tt9261042,A Perfect Plan,2020,4.4,439,5.840529489441369,4.400000095367432,5.6223695861944,34091377.73593761,4.400000095367432,8.666666666666666
tt19400232,Parallel Lies,2023,4.2,20,6.222950643159742,4.524999916553497,5.423420695443345,22449168.97011252,4.56666652361552,501.6666666666667
tt30973186,Diving Into the Darkness,2024,9.1,84,6.561219541339587,8.450000286102295,5.0,30550530.97789197,8.450000286102295,10666.666666666666
tt18335416,Hope of Escape,2024,7.7,41,6.647373881526953,7.699999809265137,9.192620180784312,24261086.741433825,7.699999809265137,449.3333333333333
tt1896747,Fly Me to the Moon,2024,6.6,50315,5.985107708534049,6.599999904632568,7.611228710873432,24629269.511692487,6.599999904632568,343.6666666666667
tt14748114,Call Taxi,2021,4.1,13,6.222950643159742,5.0,5.144916799295283,22449168.97011252,4.099999904632568,755.0
tt15556636,Sepeda Presiden,2021,7.9,21,6.054422441401912,7.3125001192092896,7.257931209864487,25369272.771426857,7.2333333174387615,475.3333333333333
tt27823026,Roman Peony,2024,8.2,10,6.15363591029188,8.199999809265137,8.631788102720265,21709165.710378148,8.199999809265137,589.6666666666666
tt12060172,The Mutation,2021,2.8,680,5.301549405336899,3.080769227101253,3.711862032626726,34052711.7943327,2.969444413979848,6666.666666666667
tt28004697,Thookudurai,2024,4.3,2257,5.681476100442853,3.950000047683716,6.764389204963575,30819184.98692743,3.950000047683716,15000.0
tt8560648,The Last Video Store,2023,4.2,131,6.054422441401912,4.199999809265137,5.05800508980095,25369272.771426857,4.199999809265137,316.3333333333333
tt30138238,Drug Stamps,2023,6.0,89,5.728918355660729,6.0,6.26111170399721,52848120.90347222,6.0,4093.3333333333335
tt8286194,Mete Miedo,2022,3.7,621,5.466973934449058,4.199999928474426,4.550772069165473,23055563.78803984,3.700000047683716,5300.666666666667
tt34350124,The Philosopher (I Have Something to Say),2024,6.7,27,5.885894239644082,6.699999809265137,7.443214617833492,28289376.5727412,6.699999809265137,413.6666666666667
tt19632738,Cherry Magic! Thirty Years of Virginity Can Make You a Wizard?!: The Movie,2022,7.3,758,5.93389342755914,5.0,7.453919759646288,32664606.329307992,6.650000095367432,1141.3333333333333
tt27724113,The Arctic Convoy,2023,6.5,3980,6.244874753237959,6.425000005298191,7.032038778961965,33928219.398146786,5.733333269755046,367.3333333333333
tt21962898,The Falling Star,2023,5.6,297,5.975966727368925,5.599999904632568,6.291416454863856,24997541.8494732,5.599999904632568,33.0
tt11628208,North of Normal,2022,6.4,561,6.222950643159742,6.400000095367432,6.520656934130344,22449168.97011252,6.400000095367432,660.6666666666666
tt27298988,Ireland's Mother and Baby Scandal,2020,7.8,27,7.213336372265705,5.0,5.0,4388240.25,7.800000190734863,517.0
tt20517066,¿Cuándo volverás?,2022,8.0,20,6.222950643159742,8.0,7.678156228829929,22449168.97011252,8.0,693.0
tt13320792,Los inocentes,2020,5.9,70,6.222950643159742,5.900000095367432,6.634767102817125,22449168.97011252,5.900000095367432,945.3333333333334
tt10452184,She's the Eldest,2020,6.8,23,6.054422441401912,6.75,8.077264903828294,25369272.771426857,6.75,9300.0
tt15094806,Amityville Karen,2022,2.5,533,5.560081124793416,3.4272727099331943,4.994163336496486,22947290.64297773,4.0800000667572025,874.0
tt16244594,Not One and Not Two,2024,5.7,6,5.819055299302949,5.699999809265137,5.0,24254080.005565863,5.699999809265137,1235.0
tt19864536,Afrika,2022,6.9,36,6.163504015611674,6.900000095367432,6.509559630924883,30429364.81939042,6.900000095367432,1.3333333333333333
tt21109252,Nadikalil Sundari Yamuna,2023,5.3,397,5.885894239644082,5.300000190734863,6.423432172628858,28289376.5727412,5.300000190734863,276.0
tt14663702,Azazil,2022,1.3,14,4.975293835433215,2.549999952316284,2.422922676990203,16298415.350626118,2.549999952316284,6110.666666666667
tt10540242,The Main Event,2020,4.8,2835,5.932684273852025,5.086111201180352,6.216985800138469,43002420.17120946,4.800000190734863,3759.3333333333335
tt31407246,Photograph of Memories,2021,6.1,9,6.222950643159742,5.674999952316284,6.807849906984383,22449168.97011252,5.450000047683716,8096.0
tt11718516,Huesera: The Bone Woman,2022,6.0,6917,5.599122239296479,6.0,7.223221371537525,19373792.16036932,6.0,396.6666666666667
tt13670588,Boycie in Belgrade,2020,6.2,133,7.213336372265705,5.0,6.961488678310758,4388240.25,6.199999809265137,4171.333333333333
tt21821538,7 Churches,2022,3.7,12,5.606572668611012,3.700000047683716,6.581091583875115,28614196.00792752,3.700000047683716,463.3333333333333
tt13414364,Vulcan - Legend of Jiuhe,2020,3.7,9,5.843757622433792,4.500000059604645,5.044183442658258,55969352.4893617,5.560000014305115,694.0
tt32485455,I 20,2024,9.0,494,5.703551444695243,9.0,5.0,39107343.23754411,9.0,247.66666666666666
tt29711926,Tomorrow Is Another Dream,2024,6.5,16,5.772866177563106,6.450000047683716,5.0,39847346.49727848,6.450000047683716,187.66666666666666
tt8371236,Playing God,2021,5.3,1369,6.054422441401912,5.300000190734863,6.533355742226176,25369272.771426857,5.300000190734863,16666.666666666668
tt13808364,Dear Best Friend,2021,5.8,172,5.914761655885377,4.575000047683716,6.758212416531058,25531682.48902002,4.575000047683716,646.3333333333334
tt10945232,Men on the Verge of a Nervous Breakdown,2022,5.2,582,5.885894239644082,5.466666539510092,5.905225520146884,28289376.5727412,5.199999809265137,4554.666666666667
tt13630094,The Security of Fear,2021,4.9,14,5.606572668611012,4.900000095367432,6.129957132197903,28614196.00792752,4.900000095367432,653.0
tt12527002,Ardhangini,2023,7.2,364,6.222950643159742,7.179999923706054,7.765483422741081,22449168.97011252,6.833333253860474,10863.666666666666
tt12527002,Ardhangini,2023,7.2,364,6.222950643159742,7.179999923706054,7.765483422741081,22449168.97011252,6.833333253860474,10863.666666666666
tt15441522,On the Wandering Paths,2023,6.6,1483,6.222950643159742,6.483333349227905,7.145166137151831,22449168.97011252,6.450000047683716,4213.666666666667
tt14787206,The Gossip,2021,6.3,91,5.770507402519347,5.0,6.118192182062233,27052550.8620782,6.200000047683716,711.6666666666666
tt7972570,Mr. K,2024,6.1,442,6.021002971231345,6.099999904632568,6.947948891465332,23351624.487839192,6.099999904632568,729.6666666666666
tt11987258,Neon Spring,2022,5.7,373,6.222950643159742,6.241666595141092,6.979679373850677,22449168.97011252,6.560000038146972,829.3333333333334
tt11820950,The Portable Door,2023,6.1,11267,5.857803161503888,6.099999904632568,6.963099279198162,46742693.85048821,6.099999904632568,24.666666666666668
tt32232806,Krasnye lenty,2024,5.4,22,6.294813698504193,6.00000007947286,5.0,21551472.35390872,5.400000095367432,772.3333333333334
tt15731270,Aashiqui,2022,7.5,169,6.084321177424017,5.0,9.477938050533176,20969162.450643778,8.074999928474426,1215.3333333333333
tt15348000,La mémé,2021,6.5,164,7.213336372265705,5.0,5.0,4388240.25,6.5,613.3333333333334
tt8130518,Dark Cloud,2022,3.7,4619,5.301549405336899,3.700000047683716,4.902612252649265,34052711.7943327,3.700000047683716,368.6666666666667
tt19984386,American Star,2024,5.5,2500,5.882859537024568,5.5,6.94327025088361,25105814.9945353,5.849999904632568,1471.0
tt26596953,Forgotten Love,2023,7.5,12589,6.15363591029188,6.242857138315837,6.412410462834707,21709165.710378148,6.900000095367432,1948.0
tt10223850,Knockout Girls,2021,8.2,18,5.975934499410236,8.199999809265137,5.0,37648644.93679237,8.199999809265137,246.33333333333334
tt16920932,Four Ever Young,2021,6.8,5,6.222950643159742,6.800000190734863,5.0,22449168.97011252,6.800000190734863,195.33333333333334
tt14871868,Song Hae 1927,2020,5.6,6,6.970123683505946,5.599999904632568,6.617009255874036,14853805.404607048,5.849999904632568,3973.6666666666665
tt20417056,Life Is Suffering. Death Is Salvation,2022,8.2,11,6.222950643159742,8.433333237965902,5.0,22449168.97011252,8.433333237965902,5023.666666666667
tt15539454,"Prasica, slabsalni izraz za zensko",2021,6.9,275,6.054422441401912,6.7500001192092896,7.85940459403578,25369272.771426857,6.900000095367432,545.0
tt14509240,The Riot,2023,6.5,1350,6.244874753237959,6.349999984105428,6.947149415243599,33928219.398146786,7.099999904632568,655.3333333333334
tt20916374,Salli,2023,7.2,93,6.222950643159742,5.0,7.56777069554839,22449168.97011252,7.199999809265137,1124.6666666666667
tt15546822,Mukundan Unni Associates,2022,7.9,6732,6.0274865653880845,7.900000095367432,7.644736099128186,25303492.61387616,7.900000095367432,3112.0
tt7397098,Initiation,2020,5.0,4518,5.723953097317796,5.0,5.54942390078453,21306505.5398378,5.0,324.0
tt26763339,Dance Party,2023,4.2,28,6.222950643159742,4.199999809265137,6.593422714480957,22449168.97011252,4.699999809265137,14879.333333333334
tt33581992,Humans in the Loop,2024,9.2,35,6.222950643159742,9.199999809265137,10.153028095789384,22449168.97011252,9.199999809265137,905.6666666666666
tt15516226,Chhatriwali,2023,6.6,11200,6.054422441401912,7.099999904632568,6.852684194254162,25369272.771426857,7.799999872843425,19000.0
tt10344522,Four Good Days,2020,6.6,14950,6.222950643159742,6.544444349077012,7.306312808908673,22449168.97011252,6.433333237965901,665.6666666666666
tt11872836,Elsa's Land,2020,7.2,29,6.15363591029188,6.9333331849839945,7.625625378035388,21709165.710378148,7.199999809265137,4.0
tt21434474,Black Night Parade,2022,5.5,85,5.858679552626702,4.872222238116794,6.823055336094335,38512328.2686401,5.100000040871756,432.3333333333333
tt26327164,Kuiko,2023,5.5,228,5.885894239644082,5.5,7.025521662908749,28289376.5727412,5.5,1013.3333333333334
tt4473386,Gadbad Gondhal,2020,8.6,16,6.163504015611674,8.533333539962769,8.927579664139591,30429364.81939042,8.600000381469727,2728.0
tt9154220,Seahorse,2022,8.2,5,6.222950643159742,8.199999809265137,6.470705793624884,22449168.97011252,8.199999809265137,501.0
tt14972740,The Oleanders,2021,8.3,55,7.213336372265705,8.300000190734863,5.0,4388240.25,8.300000190734863,4917.333333333333
tt12499740,A Message from Brianna,2021,3.4,160,4.975293835433215,4.575000047683716,5.121063043498307,16298415.350626118,4.575000047683716,493.6666666666667
tt29253040,Creak,2023,6.1,328,5.606572668611012,5.3999998569488525,6.252174920541144,28614196.00792752,6.016666571299235,4302.666666666667
tt30061227,White Flag,2023,6.6,14,6.222950643159742,6.599999904632568,7.561085900077748,22449168.97011252,6.599999904632568,712.3333333333334
tt27757500,Sous le tapis,2023,5.7,146,6.054422441401912,5.699999809265137,6.528128164235469,25369272.771426857,5.699999809265137,1447.0
tt21968718,Good Session,2022,7.0,8,5.885894239644082,7.0,7.023083570479759,28289376.5727412,7.0,3147.3333333333335
tt15198592,I'm Going to Have a Good Time,2022,6.6,1597,6.1615919961918255,6.599999904632568,7.076923536136575,16117296.184210526,6.599999904632568,594.6666666666666
tt13285446,Mael Totey: The Movie,2020,4.3,164,6.0511518811064535,4.300000190734863,4.264405944407312,32376100.68693332,4.100000143051148,210.33333333333334
tt30486891,Delivery Boy,2024,8.3,1139,6.054422441401912,8.675000071525574,8.871888260671696,25369272.771426857,8.800000190734863,265.0
tt30463201,Mantaua,2021,7.7,6,6.222950643159742,5.0,8.59840636273921,22449168.97011252,7.25,526.3333333333334
tt26255020,Consent,2023,6.5,1145,6.579683191843726,6.333333333333333,6.987418313420763,23147945.951722927,6.5,724.3333333333334
tt27804976,Gosmari Family,2023,8.6,30,5.885894239644082,8.600000381469727,9.6664417590666,28289376.5727412,8.600000381469727,1128.0
tt7344298,The Gools,2023,6.5,70,6.006670602474209,6.5,6.483743136268994,58983871.80548195,6.5,4265.666666666667
tt34192070,Baxti Tery,2024,9.3,9,5.885894239644082,7.762500047683716,10.188553845193043,28289376.5727412,9.300000190734863,8000.0
tt33998444,Tornando a est,2025,9.0,27,5.856050379258259,5.0,7.782733316386914,63203425.0141844,7.200000127156575,1038.3333333333333
tt33501680,Breaking the Silence: The Maria Soledad Case,2024,6.4,523,6.593475592813068,5.0,6.989982197843492,14780086.27438737,6.400000095367432,341.0
tt21263500,Contorted,2022,4.6,194,5.397174567368082,4.599999904632568,5.937225227574646,20276247.67809599,4.599999904632568,840.6666666666666
tt19036468,Mephisto,2024,5.4,62,5.886996059126692,5.400000095367432,5.951285622712279,33266214.98085968,5.400000095367432,7765.0
tt26083006,The Green Door,2022,5.8,140,6.222950643159742,4.800000071525574,6.221153107211318,22449168.97011252,5.800000190734863,3790.3333333333335
tt13296032,Dinosaur Hotel,2021,2.0,797,5.372376948900879,2.75,2.9961626016926783,32599339.79354548,2.5166666507720947,589.3333333333334
tt13962396,Bedridden,2021,5.2,24,4.975293835433215,5.199999809265137,5.3390519023220255,16298415.350626118,5.199999809265137,641.6666666666666
tt11771206,Soul Mate,2020,6.0,559,6.084321177424017,5.383333365122477,6.482183815930028,20969162.450643778,5.433333396911621,742.0
tt33511073,Baligtaran,2024,5.6,80,6.222950643159742,5.224999994039536,6.312593652178213,22449168.97011252,6.460000038146973,692.3333333333334
tt9125394,Moondance,2020,5.9,48,6.1615919961918255,6.799999952316284,6.548404315568631,16117296.184210526,6.799999952316284,597.3333333333334
tt10648624,4/20,2020,7.5,44,5.885894239644082,7.5,7.393871356118771,28289376.5727412,7.5,4056.6666666666665
tt29425866,Mo Mamma,2023,5.6,43,6.222950643159742,5.599999904632568,6.7468971114121725,22449168.97011252,5.599999904632568,5598.666666666667
tt28275855,Kanikuly off-line 3,2023,7.0,6,5.885894239644082,5.0,7.857121658267388,28289376.5727412,7.0,187.66666666666666
tt31576204,The Contract,2024,6.9,65,5.606572668611012,5.775000095367432,6.6774283487672745,28614196.00792752,5.459999990463257,5688.666666666667
tt30839817,Nécrose,2024,8.6,34,7.213336372265705,8.600000381469727,9.090964958703358,4388240.25,8.600000381469727,488.0
tt15477692,Tomb Empty Coffin,2020,6.7,60,5.935973126026243,5.0,6.677374952619493,46166904.96258971,6.049999952316284,208.33333333333334
tt17282434,Phas Gaye Yaaro,2022,8.3,64,5.430594037538649,8.300000190734863,8.858088664201498,22293895.961683657,8.300000190734863,16903.666666666668
tt3277846,t=E/x²,2020,4.8,53,5.665962463509227,4.800000190734863,6.497623434064326,48234343.01473156,4.800000190734863,3842.0
tt32526089,Burgemeestersmoord,2024,6.4,83,6.457460885967262,6.400000095367432,7.330167096683087,23196771.009557683,6.400000095367432,5599.666666666667
tt23468446,The Passion of Joan,2022,9.5,36,6.222950643159742,9.5,11.515021660588214,22449168.97011252,9.5,1160.3333333333333
tt30624784,My Zombabe,2024,5.2,84,5.648503084167104,5.170138912068473,5.997285602325417,21852318.124670364,5.439999997615814,5100.333333333333
tt32316129,Kanni,2024,9.1,178,5.606572668611012,9.100000381469728,10.994394997508923,28614196.00792752,9.100000381469728,578.3333333333334
tt10816448,The Earth of Three Colors,2021,6.9,155,6.222950643159742,6.585714328856695,7.455772866830364,22449168.97011252,5.740000009536743,662.6666666666666
tt28183687,Where Do We Begin,2024,7.2,52,6.222950643159742,7.199999809265137,6.48285877113251,22449168.97011252,7.199999809265137,5002.333333333333
tt24176930,Ammar 3: Cin Kabilesi,2023,2.6,54,4.975293835433215,3.1666666666666665,4.201480625417637,16298415.350626118,4.799999952316284,6666.666666666667
tt27176023,The Desperate Chase,2024,5.5,61,5.862809136221746,5.0,6.457745575703805,35436476.59166272,5.650000095367432,12067.666666666666
tt12295244,White Sky,2021,3.0,479,5.525850033813599,3.4666666984558105,3.62797878746839,55046822.46395834,3.866666634877523,2198.6666666666665
tt18289494,Bully the Rico Story,2021,7.8,17,6.222950643159742,7.87500007947286,8.023339881434957,22449168.97011252,7.600000063578288,371.0
tt16793192,Gelin,2021,6.2,11,4.975293835433215,6.199999809265137,6.631362212886973,16298415.350626118,6.199999809265137,787.3333333333334
tt8646470,Silent as the Grave,2023,4.8,155,6.005206918607708,4.800000190734863,5.760847633648571,23958393.75815104,4.800000190734863,298.0
tt15534052,The End of the Pale Hour,2021,5.7,112,6.15363591029188,6.083333253860474,6.940668872861496,21709165.710378148,5.699999809265137,542.0
tt23458618,Anuragam,2023,6.6,849,6.15363591029188,6.599999904632568,6.999571256792164,21709165.710378148,6.349999904632568,1129.0
tt13523166,What Happened at 625 River Road?,2023,3.1,223,5.290933252022113,3.0999999046325684,4.902852328318765,22456305.679276817,3.0999999046325684,540.0
tt21209532,Ranking All 836 Moons in Super Mario Odyssey,2022,8.4,18,6.3324965625550425,8.399999618530273,5.0,65012910.43772242,8.399999618530273,7519.666666666667
tt28716997,Safe House 2,2023,8.9,12,5.975934499410236,8.699999809265137,10.212968658091356,37648644.93679237,8.799999713897705,1274.0
tt15448352,Listen Before You Sing,2021,6.6,110,6.222950643159742,6.599999904632568,7.022052588454301,22449168.97011252,6.599999904632568,545.3333333333334
tt31169484,Adesso vinco io,2023,7.2,34,7.074876056396708,5.958333293596903,5.0,14117481.591666669,6.674999833106995,5295.666666666667
tt12354254,Rudri,2020,5.1,11,6.098282728260086,5.099999904632568,7.359597109181483,23810550.63444363,5.099999904632568,367.6666666666667
tt24802624,Christmas with the Prince,2023,2.8,216,5.970185778341138,2.9391304306361987,3.844982519946569,42086293.73241409,2.8958333233992257,744.0
tt3562014,The Salamander,2021,5.3,151,6.222950643159742,5.624074194166396,6.735091813290292,22449168.97011252,5.300000190734863,1293.6666666666667
tt15039894,Due Season,2022,6.3,54,6.222950643159742,6.033333460489908,6.441971599015631,22449168.97011252,6.300000190734863,7242.666666666667
tt15512578,Die drei ??? - Erbe des Drachen,2023,5.6,872,5.952781968270823,5.894444333182441,6.329195843422459,45109089.35238841,5.933333237965901,1064.6666666666667
tt28620456,Sugapa,2023,5.0,158,6.222950643159742,5.179999985013689,5.903321833604996,22449168.97011252,5.445454489101064,2207.6666666666665
tt20198930,Grinders,2022,6.3,13,5.95242766666685,6.600000143051148,7.153940799390473,21709165.710378148,6.300000190734863,368.0
tt20603054,MMXX,2023,5.7,291,6.054422441401912,6.1499998569488525,6.379049877513658,25369272.771426857,6.1499998569488525,379.0
tt13099434,NGFL: Nice Guys Finish Last,2022,8.3,52,5.885894239644082,8.300000190734863,7.840008175492284,28289376.5727412,8.300000190734863,9333.333333333334
tt19264140,Clara,2023,7.9,36,6.222950643159742,6.950000047683716,8.088561575800549,22449168.97011252,7.900000095367432,18666.666666666668
tt21740468,Adonis X,2022,6.4,70,6.222950643159742,5.800000071525574,6.139509809593932,22449168.97011252,5.400000095367432,632.0
tt29256333,Bento Mussolini: Italy's Greatest Evil,2023,6.0,25,7.213336372265705,6.0,6.860491819439488,4388240.25,6.0,5174.666666666667
tt13412272,Bishbashpo,2020,7.8,7,5.97361481336043,7.800000190734863,5.0,25171932.29877474,7.800000190734863,7709.666666666667
tt30872798,Razaa-e-Ishq,2024,9.3,16,6.222950643159742,9.300000190734863,8.62772698147611,22449168.97011252,9.300000190734863,218333.33333333334
tt32097328,Biz Ayrilamayiz,2024,3.9,36,5.985107708534049,4.200000047683716,3.9522423734830383,24629269.511692487,3.308333352208137,7829.666666666667
tt15625740,Nisan,2022,6.2,9,6.222950643159742,6.199999809265137,7.062185374690969,22449168.97011252,6.199999809265137,789.3333333333334
tt11294544,Lo invisible,2021,6.1,80,6.222950643159742,6.099999904632568,6.940777081826988,22449168.97011252,6.099999904632568,5526.333333333333
tt10841384,The Forevers,2020,7.4,37,5.972488432491343,7.400000095367432,8.754398900462283,60354818.78512635,7.400000095367432,5102.666666666667
tt12281046,The House Guest,2020,4.1,48,5.606572668611012,5.0,5.323984377200751,28614196.00792752,4.370000004768372,622.6666666666666
tt12226872,The Scary of Sixty-First,2021,4.5,2587,5.694712906079013,4.5,5.954908217206868,22345653.631159943,4.5,681.0
tt24074940,Jagamemaya,2022,5.5,627,5.606572668611012,5.595238095238095,6.858455818145319,28614196.00792752,5.5,8489.666666666666
tt14728942,Moral Nights,2021,8.2,54,6.222950643159742,8.199999809265137,8.409375361728818,22449168.97011252,8.199999809265137,638.3333333333334
tt16212178,The Eken,2022,6.5,602,5.892854784102487,6.45166666507721,7.836584134981996,25905129.62569393,7.0,162.33333333333334
tt25747224,Dog,2024,7.3,67,5.606572668611012,7.025000095367432,8.545736368330624,28614196.00792752,6.933333396911621,679.3333333333334
tt14257754,Leveling Lincoln,2022,8.1,10,7.213336372265705,8.100000381469727,6.914012843096882,4388240.25,8.100000381469727,612.0
tt14505850,Orah,2024,7.1,20,5.934379375043728,7.099999904632568,6.838096250110594,25411765.758938257,7.099999904632568,566.3333333333334
tt16426066,Scare Package II: Rad Chad's Revenge,2022,4.7,1387,5.980103249471049,4.566666603088379,5.536816116184591,33157941.83579757,4.855555481380886,1290.0
tt20781534,The Book of the Witch,2024,4.5,120,5.290933252022113,4.700000047683716,4.7658447408210005,22456305.679276817,4.400000015894572,2253.3333333333335
tt31995703,Alaap,2024,6.1,116,5.985107708534049,3.9999999403953552,7.640450599387891,24629269.511692487,5.200000017881393,5556.0
tt32639595,Hello My Beautiful Creatures,2024,6.8,171,6.147113815119622,6.797058918896843,7.658916930677202,38583818.66019204,6.86388897895813,701.3333333333334
tt11678974,Separate Sights,2020,8.4,7,6.222950643159742,8.399999618530273,8.361278131398853,22449168.97011252,8.399999618530273,1713.6666666666667
tt21206460,Doll Killer 3,2023,4.1,59,4.975293835433215,3.4628204586159472,4.359916168233091,16298415.350626118,3.262068972505372,11000.0
tt12969078,Atkan Chatkan,2020,7.6,4258,6.192271319675784,7.524999976158142,8.45308321015984,19283232.57716152,7.450000047683716,5247.333333333333
tt15133928,Apoorna Viram,2021,6.1,28,6.222950643159742,6.099999904632568,6.671860055859054,22449168.97011252,6.099999904632568,247.66666666666666
tt26749648,Another End,2024,6.4,765,5.876684510850076,6.46666677792867,7.252615646704669,33554618.48173358,6.400000095367432,667.3333333333334
tt10122486,I Need You Dead!,2020,7.0,98,5.430594037538649,7.0,7.235694341477759,22293895.961683657,7.0,2016.6666666666667
tt8634326,Sins of a Scorned Wife,2020,3.1,35,6.222950643159742,3.0999999046325684,4.99761263336111,22449168.97011252,3.0999999046325684,4035.6666666666665
tt6914122,Resistance,2020,6.5,9565,6.647373881526953,6.5,7.255324439544772,24261086.741433825,6.5,6320.0
tt11681170,Bicchugatthi Chapter 1,2020,6.2,73,6.039415428388382,6.199999809265137,7.117843314939686,35983228.41075178,5.5,186.66666666666666
tt10836760,Mayday,2020,5.3,592,5.985107708534049,5.633333524068196,5.987129235370515,24629269.511692487,5.300000190734863,555.3333333333334
tt35675588,Pawz for Thought,2025,8.2,48,7.213336372265705,7.674999952316284,5.0,4388240.25,7.766666571299235,5568.333333333333
tt2201261,The Sky Is Everywhere,2022,5.6,2050,6.355963586102727,5.599999904632568,6.485291004996313,19914928.1504147,5.849999904632568,16701.666666666668
tt14923260,Chupa,2023,5.5,7789,5.935973126026243,5.5,6.59623632788028,46166904.96258971,5.5,259.0
tt30216176,Lady Ballers,2023,5.7,12572,6.250083056069439,5.866666475931804,5.964467810884339,26174652.121116363,5.699999809265137,145.66666666666666
tt13919968,Isolation,2021,6.8,28,6.718143507712724,6.733333481682672,7.697331146636725,13418704.61005626,6.700000100665623,378.0
tt21338696,Vinaro Bhagyamu Vishnu Katha,2023,6.7,3025,6.064388686742614,6.699999809265137,7.037615064698122,23902569.33116583,6.699999809265137,533.3333333333334
tt30128431,THE END (artificial fragments of humankind),2023,5.8,16,5.975966727368925,5.800000190734863,6.612483469425361,24997541.8494732,5.800000190734863,609.6666666666666
tt30050540,Bank Alert,2023,7.0,11,5.885894239644082,7.0,7.186640711760459,28289376.5727412,6.540000057220459,680.0
tt22499548,Brazil 2002: The Real Story,2022,7.2,601,6.913804122380251,7.587499856948851,6.955212035719343,14224083.959745765,8.3,4068.6666666666665
tt10460876,Hacer la vida,2020,3.1,13,6.054422441401912,4.099999904632568,4.315204089925747,25369272.771426857,2.8499999046325684,354.6666666666667
tt27600524,Face Off 6: The Ticket of Destiny,2023,6.4,314,5.945921079488184,6.300000031789144,7.154034555787753,34528888.81544197,6.300000031789144,4865.0
tt15766394,Il Principe di Roma,2022,5.8,282,5.885894239644082,5.71287883050514,6.8504051232519965,28289376.5727412,6.0,12666.666666666666
tt8764942,Counter Column,2020,8.0,66,6.222950643159742,8.0,5.0,22449168.97011252,8.0,69.0
tt14596750,White Crow,2025,6.9,20,5.66774551213587,6.900000095367432,5.974599201467551,40731158.45569987,6.900000095367432,318.3333333333333
tt11804386,The Muleteer,2024,8.1,18,6.222950643159742,7.266666968663534,7.804752167558374,22449168.97011252,8.100000381469727,11666.666666666666
tt9765226,1 Night in San Diego,2020,3.5,593,5.885894239644082,3.5,4.192416088299981,28289376.5727412,3.5,16992.333333333332
tt12981854,The Big Dream,2020,6.4,14,7.213336372265705,5.0,7.985111162950688,4388240.25,6.400000095367432,18.333333333333332
tt16341624,Singing in My Sleep,2024,5.3,102,6.4917847904420825,5.300000190734863,5.552869260504687,19387811.00030016,5.300000190734863,6183.666666666667
tt21821424,A Gingerbread Christmas,2022,6.0,470,6.15363591029188,5.950000047683716,6.002110031804051,21709165.710378148,6.0,4097.333333333333
tt9290138,Why We Breathe,2020,5.2,166,6.222950643159742,5.199999809265137,5.827719988644288,22449168.97011252,5.199999809265137,1198.6666666666667
tt13371582,The One,2020,6.6,18,5.810542198256765,6.599999904632568,7.266854704295709,35994689.85576605,5.733333269755046,10624.666666666666
tt27745148,Ice Cream Fever,2023,6.1,108,6.222950643159742,5.0,6.905240619217008,22449168.97011252,6.099999904632568,3991.3333333333335
tt3885422,The Spine of Night,2021,6.4,3154,5.972488432491343,5.850000063578287,7.393576516565767,60354818.78512635,6.400000095367432,4664.666666666667
tt27126305,On Saniye,2024,5.5,99,5.914761655885377,6.183333277702332,6.723118600761361,25531682.48902002,6.033333460489909,376.3333333333333
tt13276300,A Zebra-Riding Boy,2020,7.4,8,6.222950643159742,7.400000095367432,7.516751354203468,22449168.97011252,7.400000095367432,865.0
tt14905554,She Came from the Woods,2022,4.6,1595,5.572412818111853,4.463333368301392,5.563275549114108,35930405.64585057,4.785714285714286,717.3333333333334
tt31388273,Semeynyy perepolokh,2024,4.9,60,6.034567232947673,4.900000095367432,5.936730274985301,38079569.80507808,4.900000095367432,637.0
tt9317274,Harka,2022,6.7,528,6.222950643159742,6.699999809265137,7.737922265185104,22449168.97011252,6.699999809265137,366.3333333333333
tt19812432,Billion Dollar Babies: The True Story of the Cabbage Patch Kids,2022,7.2,23,7.213336372265705,5.0,7.897647356450175,4388240.25,7.199999809265137,665.6666666666666
tt2896932,Repeat Attenders,2020,7.2,1247,7.213336372265705,5.0,5.0,4388240.25,7.199999809265137,557.6666666666666
tt16277242,Society of the Snow,2023,7.8,161483,6.338472254315238,7.033333460489909,7.8986526201945795,36499772.305876754,7.800000190734863,604.3333333333334
tt12675920,Stab,2020,4.9,60,5.290933252022113,6.275000095367432,6.084573856683448,22456305.679276817,6.275000095367432,207.0
tt13058146,Fucking Bornholm,2022,5.7,641,6.222950643159742,5.699999809265137,6.343046184557678,22449168.97011252,5.699999809265137,454.6666666666667
tt7932008,Seeking Oblivion,2020,6.6,18,6.222950643159742,6.599999904632568,7.474046665237835,22449168.97011252,6.599999904632568,9101.666666666666
tt28506336,Do I Shock U Like Lightning,2024,9.1,23,6.289821273509415,9.100000381469728,8.63396695010256,22354999.524447173,9.100000381469728,580.0
tt9381904,Tough Guy,2023,8.8,25,6.188713623771757,8.800000190734863,8.353274473441866,33119072.51435876,8.800000190734863,917.0
tt20224976,Liver or A History of One Start-up,2021,4.8,16,6.0274865653880845,4.800000190734863,5.888099800324731,25303492.61387616,4.800000190734863,388.3333333333333
tt28497218,Duel in trei,2024,7.3,67,5.885894239644082,6.000000149011612,7.717917787103429,28289376.5727412,5.183333436648051,1204.6666666666667
tt10193064,Khorfakkan,2020,6.3,179,6.782755260893406,6.300000190734863,7.48909610092844,26487368.320855614,5.537500083446503,241.66666666666666
tt17423500,Olivia & the Clouds,2024,7.2,52,6.277723602857392,7.199999809265137,7.869520875722659,43731039.70391747,7.199999809265137,718.0
tt34564355,Sandwich Kids,2024,6.4,11,5.885894239644082,6.400000095367432,6.214626388580578,28289376.5727412,6.400000095367432,6646.333333333333
tt11874886,The last people of Chernobyl 3,2020,7.9,117,7.213336372265705,7.950000047683716,9.777358889719842,4388240.25,7.950000047683716,4939.666666666667
tt5940106,Looking for Andrew,2021,5.2,14,6.054422441401912,5.199999809265137,5.750807997217376,25369272.771426857,5.199999809265137,486.6666666666667
tt16369220,Tezhongbing guilai zhi juedi yingjiu 5,2021,6.3,73,5.728918355660729,6.300000190734863,6.713448250324458,52848120.90347222,6.200000047683716,225.0
tt23032810,+-90,2022,7.0,9,7.213336372265705,7.0,5.0,4388240.25,7.0,66.66666666666667
tt15132916,Nothing is Impossible,2022,5.5,517,6.307181231026185,5.374999985098839,6.745506486383497,22492753.03008261,5.440000057220459,9459.666666666666
tt11318918,The Greatest Coach of All Time,2022,3.2,23,6.183240226251263,3.200000047683716,4.936423891150633,47869763.03741497,3.200000047683716,15666.666666666666
tt11690034,Doom Island,2022,7.1,11,6.330277083098925,7.099999904632568,5.0,31677057.28932829,7.099999904632568,602.3333333333334
tt13694706,The Survivalist,2021,3.5,2158,5.55275757874607,3.674999952316284,4.604567669920044,46235946.978614725,3.9400000095367433,14000.0
tt11322920,Ayyappanum Koshiyum,2020,8.0,11634,5.852813889143827,6.666666666666667,7.261868747604473,34637161.96050409,8.0,9318.666666666666
tt19783626,"Arthur, malédiction",2022,3.3,1167,5.290933252022113,3.941666622956594,4.980401960971985,22456305.679276817,3.299999952316284,141.33333333333334
tt23037488,One Ranger,2023,4.8,4103,5.66774551213587,4.825000047683716,5.521285972814593,40731158.45569987,4.800000031789144,1326.0
tt27997975,Niepewnosc,2024,3.6,55,6.579683191843726,3.5999999046325684,5.1765259682653735,23147945.951722927,3.5999999046325684,3698.0
tt6442686,WarHunt,2022,4.4,2020,5.436928286568318,4.533333354526096,5.819652553219914,32586910.75400862,4.699999968210856,289.3333333333333
tt8892454,Almost Christmas,2020,6.2,58,6.054422441401912,5.949999809265137,6.995542811763353,25369272.771426857,5.949999809265137,142.0
tt13399946,Goliath,2022,6.8,2416,5.914761655885377,6.550000137752956,7.195817411918307,25531682.48902002,6.650000095367432,7333.333333333333
tt11657662,The Witcher: Nightmare of the Wolf,2021,7.2,53385,5.972488432491343,6.924999833106995,8.31617871557511,60354818.78512635,7.199999809265137,176.33333333333334
tt31548492,Gump - Jsme dvojka,2024,6.2,76,6.222950643159742,6.299999952316284,6.862960550071387,22449168.97011252,6.299999952316284,586.6666666666666
tt13071986,Underground Kings,2020,7.2,13,6.986977654995064,5.0,5.0,10357346.640243905,7.199999809265137,646.0
tt23847184,Kannai Nambathey,2023,5.8,855,5.934379375043728,5.800000190734863,6.4916238716552295,25411765.758938257,5.800000190734863,4185.333333333333
tt24076346,Switch,2023,6.8,721,5.980103249471049,5.0,7.469409876063933,33157941.83579757,6.800000190734863,621.3333333333334
tt24076346,Switch,2023,6.8,721,5.980103249471049,5.0,7.469409876063933,33157941.83579757,6.800000190734863,621.0
tt24224066,Kalyanam Kamaneeyam,2023,6.0,361,5.985107708534049,6.0,7.140713104342948,24629269.511692487,6.0,2614.0
tt12683198,Beyto,2020,6.6,1696,6.222950643159742,6.599999904632568,7.164966804752481,22449168.97011252,6.599999904632568,882.0
tt31579306,The Hunter's Anthology: The Demon Hunter,2024,5.0,97,5.466973934449058,5.0,5.97919228172263,23055563.78803984,5.0,31.0
tt25971256,O Horizon,2025,7.5,26,5.810542198256765,7.5,7.790393906146499,35994689.85576605,7.5,623.3333333333334
tt29619842,Tiguere,2024,7.1,19,6.222950643159742,6.863888846503364,7.593118759942078,22449168.97011252,6.875,8377.333333333334
tt18294880,Boeien!,2022,4.3,36,6.0196453027547605,4.450000047683716,5.516198054170813,55536594.02579968,5.383333285649617,5163.333333333333
tt30319503,Dìdi,2024,7.3,12761,6.054422441401912,7.3500001430511475,7.564878315647917,25369272.771426857,7.3500001430511475,178.33333333333334
tt21230074,Safe Place,2022,7.2,1792,6.222950643159742,7.199999809265137,7.425957275421813,22449168.97011252,7.199999809265137,1207.6666666666667
tt13515760,Twenty-Nine,2024,6.8,7,6.084321177424017,6.400000095367432,6.8768511404440416,20969162.450643778,6.400000095367432,489.3333333333333
tt31151709,The Ecstasy of Gold: The Treasure of Jesse James,2024,6.0,14,5.865620411943409,6.0,5.956338050662281,14616899.104166666,5.0333333015441895,1822.0
tt13839382,Night of the Falling Stars,2021,3.0,65,5.322781711966471,4.079807735406435,4.377196779285916,57245524.024444446,4.219230835254376,4290.0
tt25150506,Ho Ja Mukt,2023,7.5,110,6.222950643159742,7.5,8.105827835541959,22449168.97011252,7.5,711.3333333333334
tt9408568,Battle of Defense,2020,6.1,79,6.11136356655345,6.024999976158142,6.039221085038028,41928600.37594466,5.950000047683716,268.6666666666667
tt27908623,Melody Drama,2023,7.4,20,6.222950643159742,5.0,8.436201470151886,22449168.97011252,7.400000095367432,635.0
tt14527724,NRI Diary,2020,8.3,9,4.975293835433215,8.300000190734863,8.7971359167803,16298415.350626118,7.0000001192092896,17.666666666666668
tt28254890,Mohankrishnas Gang Leader,2023,7.4,1172,5.956079290955996,5.0,8.778398211172942,50358941.97044359,7.400000095367432,14.333333333333334
tt8810830,Stakeout,2020,3.2,50,5.430594037538649,3.200000047683716,5.901662911849552,22293895.961683657,3.200000047683716,8333.333333333334
tt13607976,Tuneless Instruments,2020,5.3,43,6.15363591029188,5.300000190734863,5.659279990957162,21709165.710378148,5.200000047683716,796.6666666666666
tt31410930,You Are Not Alone: Fighting the Wolf Pack,2024,7.4,1394,7.213336372265705,7.400000095367432,7.337030652029277,4388240.25,7.400000095367432,164.66666666666666
tt9129362,The Last Conception,2020,5.4,143,6.097361703018362,5.400000095367432,5.977443876241935,32869436.19342289,7.100000143051148,67.33333333333333
tt12942958,Monster Hunters,2020,2.3,864,5.55275757874607,4.124999940395355,4.092678807240628,46235946.978614725,2.375,534.0
tt31250810,ChickenMan,2024,5.8,7,5.807406297652405,5.800000190734863,5.0,40568748.73810671,5.800000190734863,10333.333333333334
tt12552352,The White Fortress,2021,6.1,211,6.222950643159742,6.099999904632568,7.481976030545656,22449168.97011252,6.099999904632568,4435.666666666667
tt11348164,Iké Boys,2021,5.3,3353,5.805477866842771,5.300000190734863,6.3693048841932285,54928941.96073187,5.300000190734863,4714.666666666667
tt11915042,18 Pages,2022,7.1,3103,6.084321177424017,6.499999904632569,7.480109777359535,20969162.450643778,7.099999904632568,915.0
tt11915042,18 Pages,2022,7.1,3103,6.084321177424017,6.499999904632569,7.480109777359535,20969162.450643778,7.099999904632568,915.0
tt15456878,Till We Meet Again,2021,6.7,1877,5.980103249471049,6.3199999809265135,7.496319877684306,33157941.83579757,6.199999809265137,645.6666666666666
tt31079876,Just Pass,2024,6.7,211,5.985107708534049,6.699999809265137,8.34092373331649,24629269.511692487,6.699999809265137,7018.666666666667
tt6661616,Inspector Sun,2022,5.2,586,6.133877009483463,5.599999825159709,6.479386913620097,47057350.01595953,5.199999809265137,816.3333333333334
tt15561224,Sila Nerangalil Sila Manidhargal,2022,8.0,1150,6.222950643159742,7.899999976158142,7.921445594231557,22449168.97011252,8.0,5300.0
tt8166228,This Is Your Song,2023,8.4,62,6.15363591029188,8.399999618530273,9.103986811491716,21709165.710378148,8.399999618530273,3135.3333333333335
tt11286314,Don't Look Up,2021,7.2,639127,5.810542198256765,7.199999809265137,8.138816904735844,35994689.85576605,7.199999809265137,4201.333333333333
tt5112584,Lee,2023,6.9,25956,6.647373881526953,6.603333377838134,7.490913780031889,24261086.741433825,6.900000095367432,15656.666666666666
tt27453633,Tokyo MER,2023,6.9,141,5.914761655885377,6.7571428162711005,6.963585578989483,25531682.48902002,6.900000095367432,781.3333333333334
tt28269387,Today Again,2023,6.1,181,6.064388686742614,6.099999904632568,7.135045632241564,23902569.33116583,6.099999904632568,175.33333333333334
tt9779380,Broken Halos,2020,5.0,91,5.914761655885377,5.0,5.763340414519632,25531682.48902002,5.0,3952.3333333333335
tt28480262,"Merry Birthday, Happy Christmas",2024,4.8,114,6.183240226251263,5.233333349227905,6.382698650711528,47869763.03741497,6.066666603088379,10313.0
tt35947180,W/O Anirvesh,2025,7.8,1046,6.222950643159742,5.0,7.367821027128977,22449168.97011252,7.800000190734863,624.3333333333334
tt9378826,The Droving,2020,5.2,762,5.799747593758131,6.112499952316284,6.631596614713192,26013402.77075604,7.025000095367432,4299.333333333333
tt29294298,Tardes de Fútbol,2023,8.8,6,6.614271872494797,8.050000190734863,5.0,24059927.66949153,8.050000190734863,1291.6666666666667
tt14043896,Theo and the Metamorphosis,2021,5.7,83,6.222950643159742,5.699999809265137,5.0,22449168.97011252,5.699999809265137,760.3333333333334
tt22469456,Lexicon,2023,5.4,5,6.222950643159742,5.400000095367432,7.060475032757033,22449168.97011252,5.400000095367432,420.0
tt20455262,Labour,2021,8.6,47,6.222950643159742,8.600000381469727,5.0,22449168.97011252,8.600000381469727,965.6666666666666
tt21920688,Salve Maria,2024,6.4,487,5.601605715734657,6.377777841356065,7.214280283788611,22453926.77622205,6.400000095367432,396.6666666666667
tt33545591,Kale Lagan Chhe!?!,2024,7.2,172,5.885894239644082,7.399999856948851,8.495302637259869,28289376.5727412,7.199999809265137,1282.3333333333333
tt10497782,King of Ravens,2020,4.9,134,6.054422441401912,4.900000095367432,6.636046720978988,25369272.771426857,5.600000143051148,1568.6666666666667
tt15728924,It's Five O'Clock Somewhere,2021,7.7,7,6.054422441401912,7.0,5.0,25369272.771426857,7.0,7762.0
tt22182440,Resvrgis,2023,4.6,30,4.975293835433215,4.599999904632568,6.062481472659623,16298415.350626118,4.599999904632568,7846.0
tt11772670,Máquina para ver el alma,2021,8.7,42,6.064388686742614,8.699999809265137,9.548887683875549,23902569.33116583,8.699999809265137,299.3333333333333
tt13919878,"Jacob, Broken by God",2022,8.5,8,6.222950643159742,8.5,8.724440198703318,22449168.97011252,8.5,7684.0
tt13978306,Brazen,2022,4.2,14349,6.005206918607708,4.722222063276504,5.2560960848730245,23958393.75815104,4.9999998807907104,4520.0
tt34387736,Doctor Cerebro,2024,7.6,13,5.322781711966471,5.0,8.220697689753484,57245524.024444446,5.924999952316284,8045.0
tt1321510,In the Heights,2021,7.2,54218,6.156287938925195,7.349999904632568,7.636982949884774,19845209.201655608,7.349999904632568,9337.0
tt9674196,Extraction Point,2021,1.2,198,5.525850033813599,2.3000000715255737,3.2374652260625743,55046822.46395834,3.275000035762787,4142.333333333333
tt34747882,Guns Blazin,2024,7.1,9,5.797269383802069,7.099999904632568,6.285957671966755,33732510.00381944,5.449999928474426,3981.6666666666665
tt21835934,August 16 1947,2023,6.7,1228,5.975934499410236,6.699999809265137,7.352254051900846,37648644.93679237,6.699999809265137,3529.6666666666665
tt14390548,Balloon Animal,2022,6.2,82,6.222950643159742,6.199999809265137,6.512778296250453,22449168.97011252,6.199999809265137,1164.0
tt31851707,Langit Kala Senja,2021,6.4,9,6.222950643159742,6.400000095367432,7.51843264291401,22449168.97011252,6.207142932074411,812.6666666666666
tt14852136,Portrait of Kaye,2021,6.3,33,7.213336372265705,5.0,5.0,4388240.25,6.300000190734863,18666.666666666668
tt27146888,Munda Rockstar,2024,6.4,364,6.760618937724424,6.400000095367432,7.448412362354203,16326453.030487806,6.400000095367432,5259.333333333333
tt15609374,India's Space Odyssey,2021,8.4,1047,7.213336372265705,8.399999618530273,7.786525891386239,4388240.25,8.399999618530273,6883.333333333333
tt16964668,Dark Mixtape,2021,3.2,42,4.975293835433215,5.149999976158142,3.964222391112244,16298415.350626118,3.150000055631002,6411.0
tt30320850,Eerste Hulp Bij Kerst,2023,4.7,188,6.222950643159742,4.916666587193807,6.167352670857391,22449168.97011252,6.299999952316284,6957.666666666667
tt30320850,Eerste Hulp Bij Kerst,2023,4.7,188,6.222950643159742,4.916666587193807,6.167352670857391,22449168.97011252,6.299999952316284,6957.666666666667
tt11651796,AK vs AK,2020,6.9,15559,6.0274865653880845,6.361111137602065,7.349316356735339,25303492.61387616,7.099999904632568,7714.333333333333
tt27418492,The Line,2024,7.1,9,6.222950643159742,7.099999904632568,7.273535558440248,22449168.97011252,7.099999904632568,772.0
tt15192424,Spotify Billboard,2021,7.1,20,6.760618937724424,7.099999904632568,8.162203631309215,16326453.030487806,7.099999904632568,7068.0
tt19246390,Semur 3: Kiyamet-i Cin,2022,3.1,44,4.975293835433215,2.933333237965902,3.736477610189705,16298415.350626118,2.933333237965902,237.0
tt19246390,Semur 3: Kiyamet-i Cin,2022,3.1,44,4.975293835433215,2.933333237965902,3.736477610189705,16298415.350626118,2.933333237965902,237.0
tt9685282,Tiger Robbers,2021,4.4,122,6.222950643159742,5.400000095367432,5.920887232245565,22449168.97011252,4.950000047683716,285.6666666666667
tt26460121,Osel,2022,6.7,19,7.213336372265705,6.5,5.0,4388240.25,6.5,10315.666666666666
tt29692592,He Sees You When You're Sleeping,2024,4.2,150,4.975293835433215,4.199999809265137,5.5963510691577545,16298415.350626118,3.790909073569558,627.0
tt11953194,Hey Sinamika,2022,6.3,5129,6.15363591029188,6.065000081062317,6.805404967632488,21709165.710378148,6.350000143051148,20666.666666666668
tt29389846,Oxana,2024,6.6,58,6.579683191843726,6.466666592491998,7.4995387214735665,23147945.951722927,6.599999904632568,536.0
tt28143091,That They May Face the Rising Sun,2023,7.2,538,6.222950643159742,7.199999809265137,7.646923144537154,22449168.97011252,7.449999809265137,215.0
tt21116524,Waiting for the Light to Change,2022,6.4,94,6.222950643159742,6.400000095367432,7.26522171038536,22449168.97011252,6.400000095367432,994.0
tt25390462,California Dreaming,2021,3.6,8,5.868142229395286,3.5999999046325684,6.900961176127249,35592224.46732576,3.5999999046325684,6961.0
tt16354396,Corporator,2021,7.0,548,6.222950643159742,5.0,8.061063527343158,22449168.97011252,7.0,225.66666666666666
tt27110556,VIP Feature Film,2023,5.2,17,5.885894239644082,5.199999809265137,7.126880497029174,28289376.5727412,5.199999809265137,118.0
tt11329162,Ciao Italia,2020,6.0,72,5.885894239644082,6.0,6.9312075062013445,28289376.5727412,6.0,692.6666666666666
tt11197146,Science Boy's High School Reunion,2020,7.8,21,5.885894239644082,7.800000190734863,8.53822362515438,28289376.5727412,7.025000095367432,472.3333333333333
tt11323324,Kavalthurai Ungal Nanban,2020,7.3,442,6.222950643159742,7.300000190734863,7.544356205372604,22449168.97011252,7.300000190734863,272.6666666666667
tt11244166,Cottontail,2023,6.5,319,6.084321177424017,6.650000095367432,7.515701009472039,20969162.450643778,6.650000095367432,59.0
tt31798595,The Gulag Archipelago: The Book That Changed Russian History,2024,6.9,23,7.213336372265705,5.0,5.0,4388240.25,6.350000143051148,715.6666666666666
tt15122330,Moosa Jatt,2021,5.4,1628,5.728918355660729,6.200000047683716,7.009502728462738,52848120.90347222,6.200000047683716,408.3333333333333
tt28590661,Drone,2024,5.5,190,5.914761655885377,5.86931817820578,6.771255577850432,25531682.48902002,5.5,1009.0
tt15788366,Algo salvaje. La historia de Bambino,2021,6.4,26,7.074876056396708,6.5,5.0,14117481.591666669,6.5,842.0
tt35223475,Daitya,2024,8.2,8,5.819055299302949,8.199999809265137,9.629354236953516,24254080.005565863,8.199999809265137,757.0
tt15416740,România Salbatica,2021,9.1,401,7.213336372265705,5.0,7.633771291529201,4388240.25,9.100000381469728,1333.3333333333333
tt23647954,Far Haven,2023,5.8,424,5.865620411943409,5.800000190734863,5.975262858040795,14616899.104166666,6.050000190734863,4592.0
tt6267960,Heart Brakers,2024,8.4,7,5.980103249471049,8.399999618530273,9.562403956993474,33157941.83579757,8.399999618530273,9028.666666666666
tt29472286,Daveed,2025,5.9,575,5.856050379258259,5.900000095367432,6.962914187419367,63203425.0141844,5.900000095367432,286.3333333333333
tt13711200,Momo in Dubai,2023,6.6,535,6.097361703018362,6.384999942779541,6.844922784196475,32869436.19342289,6.599999904632568,407.6666666666667
tt22089982,Prologos,2022,6.8,8,7.213336372265705,6.800000190734863,5.0,4388240.25,6.850000143051148,397.3333333333333
tt15466052,Cinni Kabus,2021,1.6,13,4.975293835433215,5.0,4.345073038356311,16298415.350626118,1.600000023841858,421.0
tt31092150,Brother Verses Brother,2025,8.6,13,6.4917847904420825,7.825000286102295,10.530913903524894,19387811.00030016,7.050000190734863,795.0
tt26698806,Behind the Veil,2023,5.2,48,6.222950643159742,5.0333333015441895,6.212605499781708,22449168.97011252,5.0333333015441895,172.66666666666666
tt13370234,Jhansi I.P.S,2021,5.2,14,5.66774551213587,5.199999809265137,7.005000677670612,40731158.45569987,5.199999809265137,551.0
tt17490912,Wine Club,2023,8.2,74,5.885894239644082,8.199999809265137,8.764332042906382,28289376.5727412,8.199999809265137,558.3333333333334
tt26345269,Heroes,2023,7.4,16,6.222950643159742,7.400000095367432,8.201267166660664,22449168.97011252,7.400000095367432,4808.0
tt10863072,Witches of Amityville Academy,2020,2.6,912,4.975293835433215,2.9391304306361987,4.151338551044388,16298415.350626118,2.7769230695871205,4422.0
tt25425178,A Journey to Kasi,2023,6.9,2075,6.222950643159742,5.0,7.694678507984503,22449168.97011252,6.900000095367432,405.6666666666667
tt34457940,Samar,2024,9.8,21,5.975934499410236,9.800000190734863,5.0,37648644.93679237,9.800000190734863,270.3333333333333
tt8442220,Longing,2024,4.7,817,6.054422441401912,4.699999809265137,5.84845777790011,25369272.771426857,4.699999809265137,4095.6666666666665
tt8442220,Longing,2024,4.7,817,6.054422441401912,4.699999809265137,5.84845777790011,25369272.771426857,4.699999809265137,4095.6666666666665
tt8442220,Longing,2024,4.7,817,6.054422441401912,4.699999809265137,5.84845777790011,25369272.771426857,4.699999809265137,4095.6666666666665
tt28078109,Refinery,2023,5.5,50,6.222950643159742,5.474999904632568,6.344699657698605,22449168.97011252,5.799999952316284,118.0
tt4962720,Scarlett Cross: Agents of D.E.A.T.H.,2022,4.8,73,5.807406297652405,4.800000190734863,5.450705560407366,40568748.73810671,4.800000190734863,192.0
tt34925945,Kai Jones' Falling into Place,2024,8.3,14,7.213336372265705,8.300000190734863,8.841168428828057,4388240.25,8.100000143051147,687.0
tt26684398,Spy x Family Code: White,2023,7.3,6980,5.982436385953284,7.291666785875956,8.027486330835185,48716802.63797861,7.300000190734863,914.3333333333334
tt7270808,Freaks Out,2021,6.9,7820,5.970155296009108,6.116666674613953,7.356888588704102,44795957.9829453,7.0,3299.3333333333335
tt15338648,Of the Devil,2022,3.4,122,4.975293835433215,3.525000095367432,5.437039450934372,16298415.350626118,3.400000095367432,11333.333333333334
tt15338648,Of the Devil,2022,3.4,122,4.975293835433215,3.525000095367432,5.437039450934372,16298415.350626118,3.400000095367432,11333.333333333334
tt15145508,Gerçek Cinler,2021,3.2,61,4.975293835433215,2.800000011920929,3.3357295515472534,16298415.350626118,3.199999979564122,800.3333333333334
tt28811139,Death After Dusk,2024,5.6,89,5.420457123688312,5.71666661898295,6.320869018900943,15457657.227396391,5.833333333333333,12333.333333333334
tt27261231,The Doll,2023,5.7,24,6.222950643159742,5.699999809265137,6.738350442360617,22449168.97011252,5.699999809265137,1189.6666666666667
tt27941169,Necronomicon,2023,2.2,93,4.975293835433215,2.200000047683716,4.508177993810604,16298415.350626118,2.200000047683716,12599.333333333334
tt8936646,Extraction,2020,6.8,277793,5.76970194587739,6.855555640326606,8.041594946636202,35544749.73672483,6.900000095367432,453.6666666666667
tt7176054,Cosmoball,2020,4.7,2753,5.888657313373998,4.699999809265137,5.258845899171377,44717857.5324694,4.699999809265137,2465.3333333333335
tt30979628,Devil Hunters,2024,8.8,127,5.290933252022113,8.800000190734863,9.501096227438005,22456305.679276817,8.800000190734863,839.0
tt21330284,Promise Chronicles - Phase One,2020,7.6,11,5.935973126026243,7.166666507720947,8.82783883529035,46166904.96258971,7.166666507720947,1057.0
tt28654928,Rock 'n' Roll Ringo,2024,6.3,54,5.975934499410236,6.550000190734863,7.370425561676585,37648644.93679237,6.550000190734863,243.33333333333334
tt11362866,Historias lamentables,2020,6.6,2011,5.885894239644082,6.599999952316284,7.418132605624974,28289376.5727412,6.349999904632568,1587.6666666666667
tt27165509,Shamed,2023,5.7,12,5.985107708534049,5.694047547522046,6.893377906746921,24629269.511692487,5.699999809265137,376.0
tt19721360,Olvido,2023,5.9,192,5.934379375043728,5.900000095367432,6.826163839667885,25411765.758938257,5.900000095367432,13855.666666666666
tt15220036,Atlantis,2021,6.9,38,5.975161270726967,7.46666677792867,8.19551643559345,33489740.724119827,7.233333428700765,828.0
tt24803050,Karumegangal Kalaiginrana,2023,6.6,336,6.222950643159742,6.599999904632568,7.412918767363268,22449168.97011252,6.599999904632568,171.66666666666666
tt5892642,She Is...,2023,6.3,14,7.213336372265705,6.300000190734863,7.044360479214571,4388240.25,6.300000190734863,5056.666666666667
tt33684367,Gaarud,2024,9.5,25,5.606572668611012,9.5,7.430336982031381,28614196.00792752,9.5,701.3333333333334
tt32507996,Dengard,2025,7.9,11,5.728918355660729,7.900000095367432,5.0,52848120.90347222,7.900000095367432,4829.333333333333
tt23331612,Let It Ghost,2022,5.0,79,5.430594037538649,5.505555523766412,6.242278193289792,22293895.961683657,5.0,311.0
tt11580854,Sarpatta Parambarai,2021,8.5,26714,6.188713623771757,7.400000035762787,7.401170804437426,33119072.51435876,7.300000031789144,12275.666666666666
tt23180916,The Life of a Snowflake,2022,6.5,21,6.15363591029188,6.75,6.194638453234008,21709165.710378148,6.75,470.0
tt26437775,Dark Blue Night,2021,7.9,80,6.222950643159742,5.0,7.095062202441011,22449168.97011252,7.900000095367432,7980.0
tt16437154,The Siege 2,2021,7.3,23,5.852861182759806,7.300000190734863,5.0,47074492.73881045,7.300000190734863,805.6666666666666
tt12346532,MidLife,2022,8.1,7,6.222950643159742,8.000000238418579,9.886760201043671,22449168.97011252,8.000000238418579,863.3333333333334
tt22896154,Vasco Live - Circo Massimo Roma,2022,6.0,11,6.760618937724424,5.0,6.601050385026855,16326453.030487806,5.700000047683716,4327.666666666667
tt10563186,Return to the Lost Eden,2020,9.4,5,6.777664113014893,9.399999618530272,5.0,25368242.07358277,9.399999618530272,10.0
tt15742166,LOON!,2024,7.6,6,4.975293835433215,7.599999904632568,5.261141002732151,16298415.350626118,7.599999904632568,255.66666666666666
tt15416230,Dogtown 2,2022,4.8,51,6.183240226251263,4.5,5.027134917682356,47869763.03741497,4.5,5499.0
tt12894926,We'll Be Fine,2021,3.9,33,6.054422441401912,4.525000095367432,5.667730425216246,25369272.771426857,4.266666650772095,698.0
tt14356726,The Nanny,2023,7.2,8,5.606572668611012,7.199999809265137,5.929185713578412,28614196.00792752,7.199999809265137,317.0
tt12422308,Sarkaru Vaari Paata,2022,5.6,11470,5.975934499410236,5.5,6.698736632303548,37648644.93679237,5.5,6199.0
tt14240528,Choran,2022,5.1,130,6.222950643159742,5.099999904632568,6.053755418314272,22449168.97011252,5.099999904632568,23333.333333333332
tt15892144,The Griot,2021,7.4,46,6.222950643159742,7.899999976158142,7.873120227211714,22449168.97011252,7.51428576878139,1135.0
tt14810692,Escape from Mogadishu,2021,7.0,7932,5.852813889143827,6.766666730244955,7.4450604767035475,34637161.96050409,6.533333460489909,849.6666666666666
tt14672484,Hi How Are You?,2023,7.5,13,5.876684510850076,7.5,7.839923168838161,33554618.48173358,7.5,9149.0
tt6833470,The Swing of Things,2020,3.0,2006,5.885894239644082,3.0,4.444778295447505,28289376.5727412,5.440000057220459,1192.0
tt31727239,Na Mata dos Medos,2024,6.1,176,6.222950643159742,5.983333322736953,6.846242968380773,22449168.97011252,5.600000063578288,561.6666666666666
tt13573050,The Gift,2020,4.6,8,6.172416111221544,4.349999964237213,5.341141446009516,31993529.610812742,4.599999904632568,98.0
tt7091468,Twisted Blues,2022,5.9,17,6.222950643159742,5.900000095367432,6.028191086700898,22449168.97011252,5.900000095367432,590.3333333333334
tt25505582,TWIG,2024,5.4,16,6.222950643159742,5.400000095367432,7.095354742887102,22449168.97011252,5.400000095367432,929.0
tt21602764,Christmas Mouse,2022,7.7,9,5.688242110289604,7.699999809265137,8.873552738412323,49579441.87045667,7.699999809265137,5449.0
tt30804337,Woolina and the No Birds,2024,8.3,49,6.3324965625550425,8.300000190734863,7.277995541084261,65012910.43772242,8.300000190734863,14333.333333333334
tt6610032,Rain Beau's End,2020,7.5,108,6.222950643159742,7.274999976158142,7.336112161558709,22449168.97011252,7.5,425.0
tt10895828,The Marathon of Desires,2020,5.2,1017,6.064388686742614,5.299999819861518,6.337714444666645,23902569.33116583,5.199999809265137,11487.333333333334
tt31645722,Diamonds in the Sand,2024,6.6,15,6.222950643159742,6.599999904632568,7.627858179054814,22449168.97011252,6.599999904632568,908.3333333333334
tt10957044,Deadlock,2021,3.6,2371,5.66774551213587,3.892857091767447,4.535653167245225,40731158.45569987,4.275000065565109,872.0
tt31529147,Odela 2,2025,8.1,1109,6.0175386119261445,6.075000166893005,7.337670809456911,36941508.76102389,6.750000238418579,4090.3333333333335
tt18939376,Savunma Sanayiinin Yalniz Dehalari,2022,8.9,82,7.213336372265705,8.899999618530273,6.345882150433223,4388240.25,7.008333086967468,1666.6666666666667
tt12393472,Boys on Film 20: Heaven Can Wait,2020,6.5,91,6.222950643159742,5.0,7.01495583758945,22449168.97011252,6.4666666984558105,430.6666666666667
tt31194464,Racewalkers,2025,7.1,19,6.250083056069439,7.099999904632568,6.348036662105136,26174652.121116363,7.099999904632568,5935.666666666667
tt22897544,6 Hours Away,2024,3.9,247,5.728918355660729,4.766666730244954,5.27959429582725,52848120.90347222,3.900000095367432,814.0
tt23018808,A Night at the Theater,2022,7.3,32,6.222950643159742,7.300000190734863,7.718363852082362,22449168.97011252,7.300000190734863,582.3333333333334
tt27911000,Terrifier 3,2024,6.3,49130,4.975293835433215,6.200000047683716,7.118533273162474,16298415.350626118,6.200000047683716,4333.0
tt13098910,Fosterfamiljen,2022,7.2,15,7.213336372265705,5.0,8.846980865280155,4388240.25,7.199999809265137,745.3333333333334
tt3781118,Rhino,2021,6.6,2538,5.975161270726967,6.0,7.220275604012012,33489740.724119827,6.600000063578288,396.0
tt18233116,1921: Puzha Muthal Puzha Vare,2022,7.0,2445,6.782755260893406,7.0,7.795453850422453,26487368.320855614,7.0,421.3333333333333
tt7854882,Playing with Beethoven,2020,5.8,141,6.388936602378476,5.800000190734863,5.964205671791329,28881795.012671765,5.800000190734863,1079.3333333333333
tt11478150,Sohreyan Da Pind Aa Gaya,2022,5.3,669,6.222950643159742,5.350000083446503,7.415808261920412,22449168.97011252,6.212500095367432,2552.3333333333335
tt18184196,Gurujana,2022,4.3,15,7.213336372265705,5.000000143051148,5.0,4388240.25,5.000000143051148,677.0
tt13853146,Murmur,2022,4.0,36,4.975293835433215,4.0,5.562115284369591,16298415.350626118,4.0,694.6666666666666
tt13535920,Both Sides of the Blade,2022,6.1,3880,5.971281496398258,6.149999976158142,7.037846119431671,24010842.47622794,5.799999952316284,667.6666666666666
tt13535920,Both Sides of the Blade,2022,6.1,3880,5.971281496398258,6.149999976158142,7.037846119431671,24010842.47622794,5.799999952316284,667.3333333333334
tt35437325,Spring Night,2024,5.1,12,6.222950643159742,5.099999904632568,7.093685132069056,22449168.97011252,5.099999904632568,1139.3333333333333
tt12439508,"Nadia, Butterfly",2020,6.7,819,6.418611257827269,6.8999998569488525,7.280322614983746,23254548.319802023,6.8999998569488525,848.3333333333334
tt15464704,Baloch,2023,8.1,70,6.502852952026574,8.100000381469727,8.922443215838218,24468268.645484067,8.100000381469727,207.33333333333334
tt15464704,Baloch,2023,8.1,70,6.502852952026574,8.100000381469727,8.922443215838218,24468268.645484067,8.100000381469727,207.33333333333334
tt13677352,Game Changer,2021,4.3,151,6.0274865653880845,4.833333492279053,5.113034432885164,25303492.61387616,4.300000190734863,940.3333333333334
tt30008489,Crazy Wabbit 2023,2023,2.3,11,4.975293835433215,3.4999998807907104,3.9142088071743752,16298415.350626118,2.7999999125798545,3093.0
tt33310413,One-Way Ticket to the Other Side,2024,9.4,13,6.760618937724424,5.0,9.745401014840928,16326453.030487806,8.866666316986084,342.0
tt28600089,When This Is All Over,2023,6.4,21,6.222950643159742,6.400000095367432,6.692858725908575,22449168.97011252,6.400000095367432,473.3333333333333
tt8032804,Kilroy,2021,4.2,150,6.647373881526953,4.969999885559082,5.486992818610101,24261086.741433825,4.199999809265137,1053.3333333333333
tt30070222,The Kingdom by the Sea,2024,9.0,12,6.222950643159742,4.02222220102946,6.337055500142184,22449168.97011252,4.009090900421143,613.0
tt11287096,Splinters,2020,7.3,165,7.213336372265705,7.300000190734863,5.0,4388240.25,7.300000190734863,1209.3333333333333
tt21382392,The Eyes Below,2022,5.2,12,4.975293835433215,5.25,5.0,16298415.350626118,5.25,13875.0
tt14894932,Little English,2022,7.2,72,6.054422441401912,7.199999809265137,7.941747885404327,25369272.771426857,7.199999809265137,7139.333333333333
tt27329975,Nam Naani Madve Prasanga,2023,6.8,32,6.054422441401912,6.800000190734863,8.28733394541266,25369272.771426857,6.800000190734863,727.3333333333334
tt27561294,Abhisheka,2023,9.6,14,6.222950643159742,9.600000381469728,10.306402543039146,22449168.97011252,9.600000381469728,1532.6666666666667
tt15105352,Spaghetti Code Love,2021,6.4,25,6.222950643159742,6.400000095367432,6.850841141664162,22449168.97011252,6.400000095367432,703.6666666666666
tt10097470,Love Song 1980,2020,8.6,39,6.222950643159742,8.600000381469727,8.845274388685146,22449168.97011252,8.600000381469727,950.6666666666666
tt13240610,Night of the Tommyknockers,2022,4.1,1526,5.601605715734657,3.995833337306976,4.9306573070760455,22453926.77622205,3.387500017881393,1279.6666666666667
tt15739130,Not My Type,2022,5.7,281,6.2436114515975065,6.3124998807907104,6.762584412554537,21861664.017957594,6.299999872843425,422.3333333333333
tt13979914,Be My Voice,2021,6.6,1024,7.213336372265705,5.0,5.0,4388240.25,7.049999952316284,519.6666666666666
tt12369160,Leaving Virginia,2020,5.1,103,5.885894239644082,5.099999904632568,6.628909453124801,28289376.5727412,5.099999904632568,191.0
tt30423160,Scary Tales: Dark Walker,2024,3.3,53,4.975293835433215,3.588888989554511,4.061316324923304,16298415.350626118,3.916666785875956,29534.0
tt8112008,My Brother's Keeper,2020,4.5,168,6.203095434705503,5.700000047683716,6.378124405647335,35159466.00376374,5.166666666666667,640.0
tt13666278,Girlz Night,2020,6.2,6,5.430594037538649,6.199999809265137,5.0,22293895.961683657,6.199999809265137,426.6666666666667
tt14179942,Good Night Oppy,2022,7.7,5110,7.213336372265705,7.699999809265137,5.0,4388240.25,7.949999809265137,841.3333333333334
tt33267836,Girl Meets Boy,2024,4.8,58,5.885894239644082,5.2727272727272725,5.757981057102053,28289376.5727412,5.599999984105428,597.6666666666666
tt33267836,Girl Meets Boy,2024,4.8,58,5.885894239644082,5.2727272727272725,5.757981057102053,28289376.5727412,5.599999984105428,597.6666666666666
tt27510137,Brahmavaram PS Paridilo,2024,8.6,2709,5.606572668611012,5.0,8.894485932778757,28614196.00792752,8.600000381469727,330.0
tt22794788,Kodai,2023,6.7,284,6.090145626331883,6.699999809265137,7.304096554839869,22285280.57568808,6.699999809265137,754.3333333333334
tt10350204,Buckley's Chance,2021,5.6,516,6.183240226251263,5.474999904632568,6.584487483445915,47869763.03741497,5.349999904632568,1782.6666666666667
tt23648776,Head on a Plate,2023,1.7,173,5.149037773699843,2.199999988079071,3.050393481918501,36771969.687535286,2.199999988079071,336.6666666666667
tt22039496,The Lulus,2022,6.1,324,6.039500511209001,6.099999904632568,5.0,42826296.99214846,6.099999904632568,6468.333333333333
tt13468660,Bed of Nails,2024,5.0,27,4.975293835433215,5.0,5.0,16298415.350626118,5.0,17333.333333333332
tt27095727,A Stellar Adventure,2023,8.9,348,6.3324965625550425,8.049999713897705,9.771433523241582,65012910.43772242,8.47499966621399,642.0
tt21876438,The Queen of My Dreams,2023,6.6,400,6.054422441401912,7.899999856948851,7.568440032132299,25369272.771426857,6.599999904632568,423.3333333333333
tt16113056,A Place Called Dignity,2021,6.2,142,6.222950643159742,7.099999904632568,7.248533990908029,22449168.97011252,7.099999904632568,468.3333333333333
tt21423506,Lady Parts,2024,8.6,15,5.885894239644082,8.600000381469727,6.401298831760795,28289376.5727412,8.600000381469727,504.6666666666667
tt8991400,DieRy,2020,3.8,358,5.606572668611012,4.899999976158142,4.2898263247903,28614196.00792752,3.799999952316284,3723.3333333333335
tt13952880,Mortelles calanques,2020,5.9,40,6.098282728260086,5.900000095367432,6.803046516376751,23810550.63444363,5.900000095367432,1316.3333333333333
tt29458284,Everybody Loves Sohrab Handa,2023,7.4,30,5.882859537024568,7.150000095367432,8.032953910730072,25105814.9945353,7.150000095367432,11217.333333333334
tt11940818,Mercy,2020,7.6,32,6.222950643159742,7.599999904632568,7.635661857938327,22449168.97011252,7.599999904632568,596.3333333333334
tt24805970,Validation: isolados por 7 dias para criar um álbum,2022,9.0,148,6.986977654995064,9.0,10.983896753382895,10357346.640243905,9.43750011920929,346.0
tt6079772,The Protégé,2021,6.1,40635,5.76970194587739,6.100000023841858,6.806623247819703,35544749.73672483,5.274999976158142,3877.0
tt14892248,Death Knot,2021,5.3,123,4.975293835433215,4.950000166893005,6.556240911024058,16298415.350626118,5.300000190734863,10839.0
tt14984286,The 4 Points,2025,7.7,24,6.098282728260086,7.699999809265137,7.68659065359501,23810550.63444363,7.699999809265137,5724.333333333333
tt15268244,Joy Ride,2023,6.4,27070,5.885894239644082,6.550000111262004,7.041589995275059,28289376.5727412,6.400000095367432,4217.0
tt15332112,Gran Avenida,2021,6.8,26,6.054422441401912,6.683333476384481,7.504624933388762,25369272.771426857,6.800000190734863,88.0
tt21436108,Khamsa - The Well of Oblivion,2022,8.3,236,6.075775930928996,5.0,5.0,44633495.22164414,8.300000190734863,332.3333333333333
tt11241394,Hair-Trigger,2022,4.4,315,5.790093740985721,4.400000095367432,5.082523028319287,26893064.153351128,4.400000095367432,674.6666666666666
tt18395460,Looking for Luck,2021,6.3,6,5.885894239644082,6.300000190734863,6.748318536947165,28289376.5727412,6.300000190734863,4578.333333333333
tt10931784,Nanny,2022,5.3,8685,5.599122239296479,5.300000190734863,6.593314189840723,19373792.16036932,5.300000190734863,591.3333333333334
tt11738234,Windstill,2021,6.6,80,6.222950643159742,6.599999904632568,6.906725634499376,22449168.97011252,6.599999904632568,374.0
tt21138716,La deuda,2022,6.2,11,5.606572668611012,5.0,6.354865998060413,28614196.00792752,6.07272726839239,859.6666666666666
tt8997082,Go/Don't Go,2020,3.5,191,5.788262551476387,3.5,5.674495050716777,34649591.00004094,3.5,436.0
tt21437726,Twelve,2024,7.5,13,5.489253581229437,7.5,7.520306871294376,24400662.643764943,7.311111079321967,771.0
tt26786732,Friends Like Sisters,2023,6.1,22,6.222950643159742,6.450000047683716,6.266734040837432,22449168.97011252,6.450000047683716,9032.666666666666
tt30877290,Velký Pán,2024,7.0,9,6.016618555936149,6.899999976158142,7.445486561270734,47345855.6583342,6.799999952316284,6333.333333333333
tt21053772,Antes la Lluvia,2022,8.0,8,6.222950643159742,8.0,5.0,22449168.97011252,8.0,1152.0
tt32410136,Ishttaragam,2024,9.2,112,5.950828614075618,5.0,7.563067777628698,21900218.214260608,9.199999809265137,10333.333333333334
tt5528558,I Wish,2023,8.0,563,5.985107708534049,8.0,9.358728749493403,24629269.511692487,7.375,85.33333333333333
tt27791865,Amy Schumer: Emergency Contact,2023,5.3,1885,6.549615305954894,5.100000143051148,6.124012132755694,16338808.411370598,5.300000190734863,679.6666666666666
tt32752122,Hemanter Aparanha,2024,5.0,8,6.222950643159742,5.0,7.418152936361452,22449168.97011252,5.0,59.333333333333336
tt28711128,The Christmas Pledge,2023,4.3,124,6.084321177424017,4.300000190734863,5.635881959066496,20969162.450643778,4.450000047683716,1230.0
tt15141144,County Line: All In,2022,5.5,370,5.840529489441369,5.800000071525574,6.845618518648694,34091377.73593761,5.519999980926514,1375.0
tt9603894,Sideshow,2020,5.5,224,5.885894239644082,5.5,6.104437152660035,28289376.5727412,5.5,913.3333333333334
tt30841606,Rumours,2024,5.0,4661,5.694712906079013,5.0,6.736270125261141,22345653.631159943,5.0,14916.0
tt10513474,In a Future April (The Young Pasolini),2020,6.5,46,7.074876056396708,5.0,5.0,14117481.591666669,6.483333349227905,603.3333333333334
tt26933660,Opiekun,2023,4.6,24,6.222950643159742,4.599999904632568,4.9172590455023135,22449168.97011252,4.599999904632568,838.0
tt22767920,Field Post,2022,5.1,199,6.366676753848642,5.3999998569488525,5.504010063881905,20653775.73770492,5.299999872843425,4512.333333333333
tt14263098,TQM,2022,4.0,408,5.606572668611012,4.0,5.714105908195607,28614196.00792752,4.0,29346.666666666668
tt18251822,Home: A Soldier's Mind Is Always at War,2022,7.0,12,6.222950643159742,5.0,5.0,22449168.97011252,7.150000095367432,808.3333333333334
tt30331981,Star Sword: The High Table,2025,7.9,45,5.831464865609323,8.549999952316284,7.6159795669642945,48735279.96453901,8.549999952316284,487.0
tt14405338,A House on the Bayou,2021,5.6,7195,5.466973934449058,5.75,6.176311464241774,23055563.78803984,5.75,3472.6666666666665
tt1608237,The Right to Bear Arms,2022,4.0,39,5.790093740985721,5.966666539510091,5.772077611684757,26893064.153351128,5.966666539510091,1292.3333333333333
tt4028464,The Innocents,2021,7.0,27807,5.676569781400761,6.549999952316284,7.004166971438469,29160954.76175921,7.0,407.6666666666667
tt15470856,Saint Drogo,2023,6.7,42,5.397174567368082,5.3999998569488525,6.262075859875994,20276247.67809599,5.833333174387614,663.3333333333334
tt26452076,Seytanin Elçileri,2023,4.3,30,4.975293835433215,4.166666666666667,6.148127836707465,16298415.350626118,4.300000190734863,5643.666666666667
tt34052034,The Boy,2024,6.4,29,6.718143507712724,6.400000095367432,6.697901862913762,13418704.61005626,6.400000095367432,973.0
tt12631784,Rabbit Academy: Mission Eggpossible,2022,5.4,363,6.024813727152462,5.566666762034099,6.358513802456295,52168570.67488267,5.900000095367432,448.6666666666667
tt27821720,Canoe Dig It?,2025,9.2,12,5.885894239644082,9.199999809265137,7.739116590640593,28289376.5727412,9.199999809265137,725.0
tt7583600,Nemesis,2020,6.9,59,6.718143507712724,5.0,6.392770318068918,13418704.61005626,6.900000095367432,546.0
tt23778532,Weather for Two,2022,3.9,31,6.222950643159742,3.900000095367432,6.266345177607786,22449168.97011252,3.900000095367432,4968.333333333333
tt33073915,Le beau rôle,2024,6.6,69,5.985107708534049,6.458333253860474,7.199561532294089,24629269.511692487,6.599999904632568,6236.0
tt28434517,Adoiii Jiwaku,2023,5.7,40,6.054422441401912,5.699999809265137,6.831795249074243,25369272.771426857,5.699999809265137,826.6666666666666
tt15474896,Brother,2022,6.9,1516,6.4917847904420825,6.900000095367432,7.600627316896074,19387811.00030016,6.900000095367432,563.6666666666666
tt10763820,Night Teeth,2021,5.7,22972,5.975161270726967,5.699999809265137,6.674600729500708,33489740.724119827,5.699999809265137,6948.0
tt32245043,Inheritance,2024,5.1,3561,5.975966727368925,5.1499998569488525,6.130634966912848,24997541.8494732,4.266666650772095,281.0
tt14135792,The Good Woman of Sichuan,2021,6.1,25,6.222950643159742,6.099999904632568,5.0,22449168.97011252,6.099999904632568,7600.333333333333
tt23129678,Bayi Ajaib,2023,5.0,401,4.975293835433215,6.271428562345959,6.502446654798297,16298415.350626118,4.86363638531078,128.33333333333334
tt13334578,Ganapath,2023,2.7,10542,5.758216903595648,5.116666634877523,5.365016756953643,44180937.96600973,5.299999952316284,513.6666666666666
tt8689290,The Alpines,2021,4.4,5002,5.672433259298636,4.400000095367432,4.4420769698860525,21000554.77543484,4.400000095367432,1635.6666666666667
tt11701774,Lucky,2020,4.9,2958,5.676569781400761,4.766666730244954,5.991339779713949,29160954.76175921,5.25,216.66666666666666
tt22306188,When Wendy Grew Up,2023,7.9,22,5.831464865609323,6.862500071525574,8.286858144073431,48735279.96453901,7.900000095367432,2469.6666666666665
tt18939364,Close to Love,2022,7.2,42,6.15363591029188,7.199999809265137,7.2050269780611575,21709165.710378148,7.199999809265137,604.6666666666666
tt31843865,A Balloon's Landing,2024,6.6,535,6.222950643159742,5.0,7.258813362118357,22449168.97011252,6.599999904632568,13000.0
tt31843865,A Balloon's Landing,2024,6.6,535,6.222950643159742,5.0,7.258813362118357,22449168.97011252,6.599999904632568,13000.0
tt28262037,The Cheating Game,2023,5.5,103,6.15363591029188,5.4666666984558105,5.742387566056989,21709165.710378148,4.849999904632568,568.3333333333334
tt29668682,Cafe,2023,5.7,30,6.222950643159742,5.699999809265137,6.629671921348414,22449168.97011252,5.699999809265137,223.66666666666666
tt21031490,Tonia,2023,5.3,22,6.222950643159742,5.300000190734863,6.133919017124057,22449168.97011252,5.300000190734863,694.0
tt12443220,You Keep the Kids,2021,6.0,1464,5.885894239644082,6.169999957084656,6.025512153162844,28289376.5727412,6.349999984105428,450.0
tt32357858,Live a Little,2025,7.9,46,6.222950643159742,7.900000095367432,7.674704370698663,22449168.97011252,7.900000095367432,3065.3333333333335
tt12078108,Mehabooba,2024,7.0,247,6.084321177424017,5.0,7.148395126545977,20969162.450643778,7.0,607.3333333333334
tt12064810,Assault on VA-33,2021,4.3,1033,5.66774551213587,4.300000190734863,5.271789940133325,40731158.45569987,3.400000095367432,45874.0
tt10877890,Road to Success,2022,5.8,18,6.054422441401912,5.800000190734863,6.6577519872516175,25369272.771426857,5.800000190734863,4778.333333333333
tt15113532,Trans-Me Reloaded,2022,5.1,10,6.222950643159742,5.349999904632568,6.963843425998441,22449168.97011252,5.349999904632568,4229.0
tt21388556,That's Amor,2022,5.3,4176,5.985107708534049,5.304762045542399,6.348310384535536,24629269.511692487,5.537500023841858,438.3333333333333
tt21344672,Sam's World,2024,5.6,22,6.222950643159742,5.599999904632568,5.0,22449168.97011252,5.599999904632568,383.0
tt28337760,The Cycle,2023,5.3,21,6.222950643159742,5.300000190734863,7.603087876955113,22449168.97011252,6.900000095367432,9298.0
tt13944978,Mi adorado Monster,2021,7.4,27,6.0943151038494605,7.200000047683716,6.503762026937357,10343327.80031306,7.0,982.0
tt12070766,Life of Lowestoft,2020,8.2,10,7.213336372265705,8.199999809265137,5.0,4388240.25,8.199999809265137,291.6666666666667
tt11767498,Sebastian Jumping Fences,2020,5.8,35,6.222950643159742,5.800000190734863,6.840674847255617,22449168.97011252,5.800000190734863,1117.0
tt21622382,A Reel Heist,2024,5.2,58,5.862809136221746,5.199999809265137,5.752464103384572,35436476.59166272,5.199999809265137,4275.666666666667
tt13650704,Holiday Boyfriend,2023,4.6,108,5.985107708534049,4.0,5.12047953845845,24629269.511692487,4.0,780.6666666666666
tt1298840,En midsommarnattsmardröm,2022,7.6,24,6.222950643159742,7.244444370269775,8.111661899303282,22449168.97011252,7.599999904632568,139.33333333333334
tt4332600,Elmore Leonard - But Don't Try to Write,2021,9.0,25,7.213336372265705,9.0,6.139760237101835,4388240.25,9.0,703.3333333333334
tt35559925,With You in the Future,2025,6.2,483,5.985107708534049,6.199999809265137,6.504583163638955,24629269.511692487,6.199999809265137,6294.666666666667
tt13660896,Anna,2023,7.2,61,6.222950643159742,7.266666571299235,8.033767383414387,22449168.97011252,7.5,267.0
tt13434070,Wendo Musaly,2020,9.1,15,6.647373881526953,8.549999952316284,9.861316915874458,24261086.741433825,9.100000381469728,522.3333333333334
tt14296968,Strangers When We Meet,2024,5.8,167,6.222950643159742,6.25000015894572,6.604558433352128,22449168.97011252,5.800000190734863,1825.6666666666667
tt5654204,#Slaughterhouse,2020,6.8,44,5.352106095546972,6.800000190734863,7.460982108827659,34573268.12704917,6.800000190734863,8989.333333333334
tt21421252,The Last Grind,2023,8.6,33,6.0274865653880845,8.400000095367432,9.155325803519336,25303492.61387616,8.400000095367432,3899.0
tt6547944,Lust for Gold: A Race Against Time,2021,5.5,69,7.213336372265705,5.5,5.0,4388240.25,5.5,1225.6666666666667
tt15686638,Muru,2022,6.5,420,5.975934499410236,6.5,7.176727889996565,37648644.93679237,6.5,5193.333333333333
tt16044704,Santa Lucia,2021,7.7,37,6.222950643159742,7.699999809265137,8.080397767129426,22449168.97011252,7.699999809265137,8127.666666666667
tt26423054,Lars er LOL,2023,7.0,207,6.203095434705503,7.0,7.533648087171252,35159466.00376374,7.0,538.0
tt30979470,Genoa comunque e ovunque,2024,7.4,39,7.213336372265705,6.66333335240682,5.0,4388240.25,7.400000095367432,7701.666666666667
tt30979470,Genoa comunque e ovunque,2024,7.4,39,7.213336372265705,6.66333335240682,5.0,4388240.25,7.400000095367432,7701.666666666667
tt16969060,Suffocated,2023,4.9,213,6.064388686742614,5.116666714350383,6.874704555036438,23902569.33116583,4.900000095367432,774.3333333333334
tt32249940,Riefenstahl,2024,7.2,544,7.074876056396708,7.400000095367432,8.566626641202873,14117481.591666669,7.199999809265137,7716.0
tt30766504,On Falling,2024,7.3,658,6.222950643159742,7.300000190734863,8.905848123132213,22449168.97011252,7.300000190734863,403.6666666666667
tt13328290,Shark,2021,3.4,48,6.289821273509415,3.400000095367432,5.153702377171406,22354999.524447173,3.400000095367432,285.3333333333333
tt32395770,The Dark Mother Special+20mn,2024,7.5,20,4.975293835433215,5.640000057220459,7.120633449262026,16298415.350626118,6.309090917760676,563.0
tt32881480,A Brother and 7 Siblings,2024,8.6,1192,6.203095434705503,7.925000190734863,8.244696076492922,35159466.00376374,8.450000286102295,605.3333333333334
tt15261252,Marokkaanse bruiloft,2022,5.9,498,5.985107708534049,6.050000031789144,7.068022047401488,24629269.511692487,5.6333333651224775,570.6666666666666
tt26052382,Mikulay,2022,5.7,128,5.914761655885377,5.699999809265137,6.781843018077149,25531682.48902002,5.699999809265137,185.66666666666666
tt19367094,Seni Memahami Kekasih,2024,8.0,62,6.064388686742614,7.074603224557543,7.771133389813172,23902569.33116583,7.175000071525574,690.0
tt32612795,Mr. Sandman,2024,6.7,25,4.975293835433215,6.699999809265137,9.625904339346532,16298415.350626118,6.699999809265137,921.3333333333334
tt9165740,Milkwater,2020,6.2,250,6.222950643159742,6.199999809265137,8.592839216469331,22449168.97011252,6.199999809265137,605.3333333333334
tt7512876,Three Brothers,2022,7.1,61,6.222950643159742,7.274999976158142,7.028531964565186,22449168.97011252,7.099999904632568,778.0
tt33085883,Hahacar,2024,6.9,325,5.885894239644082,6.608333388964335,8.712469782250775,28289376.5727412,6.9100000858306885,949.3333333333334
tt23952060,Katha Venuka Katha,2023,6.9,1800,5.790093740985721,6.900000095367432,7.467488264878879,26893064.153351128,6.900000095367432,394.6666666666667
tt17077058,Homestay,2022,6.3,295,5.957823602690671,6.266666809717814,6.941719505272746,31812842.980072465,6.233333428700765,772.0
tt5508890,Princ Mamánek,2022,5.4,122,5.966866443834889,5.400000095367432,6.579996400416195,41631473.19156506,5.400000095367432,533.6666666666666
tt32176659,Abudeka Is Back,2024,5.3,35,5.852861182759806,5.300000190734863,6.083822298512918,47074492.73881045,5.850000143051148,991.6666666666666
tt14773946,La cura,2022,6.0,11,6.222950643159742,5.888888888888889,6.8302096028688135,22449168.97011252,5.475000023841858,7897.0
tt26599134,Hell Hath No Fury,2023,7.0,39,5.746233454127546,5.350000023841858,7.135207314694209,28451786.29033436,7.0,13135.666666666666
tt21194586,How to Ruin the Holidays,2023,6.5,96,6.054422441401912,6.5,6.891761768289761,25369272.771426857,6.5,6652.0
tt11952606,Easter Sunday,2022,5.3,2937,5.885894239644082,5.300000190734863,6.501903277636655,28289376.5727412,5.300000190734863,228.33333333333334
tt32178794,Nindha,2024,7.9,2036,5.606572668611012,7.900000095367432,7.873986458067965,28614196.00792752,7.900000095367432,365.0
tt30306038,Mauthausen,2023,8.4,12,6.719227876450312,8.399999618530273,5.0,15664301.585022047,8.399999618530273,646.6666666666666
tt14211236,One Lagos Night,2021,6.5,26,5.929754526502256,6.5,7.325280926218134,26730654.43575797,6.179999971389771,904.6666666666666
tt5230406,Famous,2023,6.9,59,6.4917847904420825,6.900000095367432,7.571956593627095,19387811.00030016,6.900000095367432,818.6666666666666
tt36121963,ReRun,2025,9.4,21,6.222950643159742,9.399999618530272,11.002735401094917,22449168.97011252,9.399999618530272,15.666666666666666
tt25969676,Taming Speed,2022,8.2,10,6.913804122380251,5.0,5.0,14224083.959745765,8.0,12076.0
tt14071778,Ganesapuram,2021,4.8,15,6.222950643159742,4.800000190734863,7.54664750512786,22449168.97011252,4.800000190734863,9539.666666666666
tt9294426,Blind Confession,2022,8.3,9,6.093628877981396,6.100000063578288,8.430642845352303,22863421.23984368,6.100000063578288,766.0
tt19423614,Sed De Venganza En La Sangre,2022,8.0,9,5.975161270726967,8.322222120232052,9.181863887684369,33489740.724119827,8.309999918937683,7877.0
tt14209088,Share or Die,2021,3.0,624,4.975293835433215,4.515000009536744,5.875842548912622,16298415.350626118,4.591666658719381,829.6666666666666
tt21074308,Chal Hat Kono Dekh Lihi,2022,8.7,45,6.222950643159742,8.387499868869781,9.987733764198698,22449168.97011252,8.53333314259847,511.0
tt28019941,The Coldest City,2023,6.2,90,5.923641432707806,5.8999998569488525,6.806896569000018,33183789.95971687,5.8999998569488525,378.6666666666667
tt21420596,Laung Laachi 2,2022,5.4,723,6.15363591029188,5.875000059604645,7.389669767800373,21709165.710378148,6.2500001192092896,646.3333333333334
tt12453124,The Wait,2021,5.5,1370,6.15363591029188,5.5,5.270899116430342,21709165.710378148,5.400000095367432,1056.3333333333333
tt15575356,Too Old for Fairy Tales,2022,6.2,1960,6.034567232947673,5.699999968210856,6.010834171731697,38079569.80507808,5.4666666984558105,682.3333333333334
tt27599713,The Red Virgin,2024,6.8,3186,6.222950643159742,6.217857135193689,7.191541417404188,22449168.97011252,6.5,8199.333333333334
tt15767726,Ram Asur,2021,3.9,2849,5.728918355660729,3.900000095367432,6.55500311371193,52848120.90347222,3.900000095367432,334.3333333333333
tt8150698,Dead by Dawn,2020,3.6,292,4.975293835433215,3.5999999046325684,4.785973948155587,16298415.350626118,3.5999999046325684,3659.0
tt14032444,Bullets Over Marseille,2021,7.6,58,6.502852952026574,7.774999976158142,8.130744864736318,24468268.645484067,7.599999904632568,580.6666666666666
tt15394074,Rangers72,2022,7.9,187,6.913804122380251,5.0,5.0,14224083.959745765,7.900000095367432,7396.0
tt9581786,Paatra,2020,8.6,14,6.936415740527709,8.266666730244955,9.10884807888862,23846722.933333334,8.46666669845581,308.3333333333333
tt25399430,Öldüm Bittim,2024,6.4,6,5.885894239644082,6.400000095367432,6.935297009763872,28289376.5727412,6.400000095367432,6376.666666666667
tt36370225,SpidStar,2025,8.2,5,6.418611257827269,8.199999809265137,8.746037951579117,23254548.319802023,8.199999809265137,12634.0
tt14134748,Wheels of Beauty,2021,4.2,127,5.606572668611012,4.983333269755045,5.124575455943665,28614196.00792752,5.114285741533552,518.6666666666666
tt35112386,Bioscope,2025,7.9,162,5.885894239644082,7.900000095367432,6.745689832138911,28289376.5727412,7.900000095367432,27.333333333333332
tt15000128,Good Boys for Life,2021,4.3,51,6.054422441401912,5.550000190734863,6.188439572310299,25369272.771426857,5.550000190734863,57.666666666666664
tt33430448,Serious People,2025,6.5,31,5.885894239644082,6.5,5.0,28289376.5727412,6.549999952316284,360.6666666666667
tt15155126,Poliski Teneta,2021,9.2,7,7.213336372265705,9.199999809265137,11.186321672879076,4388240.25,9.049999713897703,4982.666666666667
tt23845538,Ustedes Deciden,2023,5.0,142,5.885894239644082,4.911111142900254,6.045385065336214,28289376.5727412,5.0,110.0
tt10851100,Jeene Ki Umeed Tumse Hi,2021,8.9,434,6.222950643159742,8.899999618530273,10.339755189476689,22449168.97011252,8.899999618530273,1261.0
tt12810612,The Covid Killer,2021,1.6,289,5.518493772468219,2.2500000596046448,1.825813329657148,23361514.5524428,2.2500000596046448,3466.0
tt12444642,Red Soil,2020,6.6,579,6.222950643159742,6.354166626930237,7.2651319757508,22449168.97011252,6.599999904632568,225.33333333333334
tt21873980,Raada,2022,5.6,11,6.222950643159742,5.599999904632568,6.870195050787805,22449168.97011252,5.599999904632568,338.3333333333333
tt6993154,The Abode,2023,3.4,76,4.975293835433215,3.4250000715255737,4.953212009844072,16298415.350626118,3.400000095367432,6527.666666666667
tt14572544,Padre Pio,2022,8.5,39,7.213336372265705,8.5,7.551899620391875,4388240.25,8.5,4519.0
tt11992424,Saptha Sagaradaache Ello - Side A,2023,8.2,8510,6.15363591029188,7.816666603088379,8.372922734005929,21709165.710378148,8.099999904632568,50.666666666666664
tt20868632,Prisoner C33,2022,7.6,34,6.222950643159742,7.599999904632568,8.334962978643464,22449168.97011252,7.599999904632568,354.6666666666667
tt9764958,The Legend of Lake Hollow,2024,3.8,514,4.975293835433215,3.4499999284744263,5.7860760119612005,16298415.350626118,3.799999952316284,8299.0
tt30219443,Gana,2025,7.9,53,5.728918355660729,7.333333333333333,8.042986556802488,52848120.90347222,7.75,5296.333333333333
tt12677092,C U Soon,2020,7.6,7029,5.882859537024568,7.225000023841858,7.629968489054973,25105814.9945353,7.333333333333333,4629.333333333333
tt29467778,Family,2023,9.4,7,6.222950643159742,7.950000107288361,9.559696985172147,22449168.97011252,8.142857279096331,867.0
tt29230279,Conjuring Kannappan,2023,6.0,1274,4.975293835433215,6.0,6.587475681087834,16298415.350626118,6.0,370.6666666666667
tt31974346,Trillberry Murders,2024,6.0,12,4.975293835433215,7.949999928474426,7.98073677315442,16298415.350626118,7.949999928474426,668.0
tt13351938,Clowns of Halloween,2020,2.4,39,4.975293835433215,3.1025641285456143,4.298332038898211,16298415.350626118,3.262068972505372,1447.0
tt10692228,Anveshanam,2020,5.9,739,5.882859537024568,6.050000111262004,7.193976592138612,25105814.9945353,5.650000095367432,5050.0
tt11242532,Viva the Underdogs,2020,8.1,322,6.986977654995064,7.683333555857341,5.0,10357346.640243905,8.100000381469727,793.3333333333334
tt28866930,Mr.Madimaye,2024,9.4,36,5.885894239644082,5.0,9.459958501346284,28289376.5727412,9.399999618530272,396.6666666666667
tt32402578,Pogumidam Vegu Thooramillai,2024,7.3,3870,5.819055299302949,7.300000190734863,7.147569758404792,24254080.005565863,7.300000190734863,821.6666666666666
tt33059233,One Million Babes BC,2024,2.1,86,5.8709723094511705,2.8899999856948853,3.162424309642216,45746400.7934628,2.8864864626446285,643.3333333333334
tt10934216,Kozhipporu,2020,5.3,184,6.203095434705503,5.300000190734863,6.627358644949159,35159466.00376374,5.300000190734863,716.3333333333334
tt14557694,Rosemary & Sage Race Against Thyme,2022,8.2,20,5.728918355660729,8.224999864896139,9.340455456027284,52848120.90347222,8.274999976158142,752.6666666666666
tt9109072,Knuckledust,2020,4.8,822,5.66774551213587,6.333333333333333,6.164285849765991,40731158.45569987,4.800000190734863,377.3333333333333
tt15250656,Bar Fight!,2022,4.7,719,5.885894239644082,5.1333333651224775,5.871880244539582,28289376.5727412,4.699999809265137,561.3333333333334
tt27881035,Mr. Manhattan,2024,6.7,449,5.985107708534049,6.099999904632568,6.747520885054591,24629269.511692487,5.928571428571429,367.6666666666667
tt12945742,Childhood 2.0,2020,7.5,233,7.213336372265705,5.0,5.0,4388240.25,7.199999968210856,371.3333333333333
tt12492578,The Real Exorcist,2020,5.5,50,5.831464865609323,5.0125000238418576,6.070504840965215,48735279.96453901,5.5,11507.0
tt23903368,Mr. Saturday Night: A New Musical Comedy,2022,7.5,54,6.1615919961918255,7.366666634877522,8.728718257576583,16117296.184210526,7.5,260.6666666666667
tt24177892,Saramsha,2024,7.5,251,6.222950643159742,7.5,8.800674350706927,22449168.97011252,7.5,647.0
tt5652768,Across the River and Into the Trees,2022,6.7,697,6.2246495248108005,6.699999809265137,6.844743173443574,21357369.052820403,6.5,701.3333333333334
tt14005250,The Kangaroo Conspiracy,2022,5.8,946,5.885894239644082,5.650000095367432,6.447173089996306,28289376.5727412,5.800000190734863,11.333333333333334
tt11905352,Contactado,2020,6.1,24,6.222950643159742,6.766666730244954,7.368153722834961,22449168.97011252,6.099999904632568,201.33333333333334
tt13407890,Padri,2021,5.7,28,6.222950643159742,5.6499998569488525,6.674749673265818,22449168.97011252,5.699999809265137,9000.0
tt21392664,Raakh,2022,9.2,8,6.222950643159742,8.966666579246521,10.652854529689757,22449168.97011252,9.199999809265137,576.0
tt21038566,Star Blazers: Space Battleship Yamato 2205 - A New Voyage - Later Chapter: Stasha,2022,7.2,32,6.094788520458504,7.399999976158142,8.465789983692298,46770066.77043572,7.349999904632568,800.0
tt10515988,Paranormal Activity: Next of Kin,2021,5.3,18318,5.466973934449058,5.6250001192092896,5.846425545550009,23055563.78803984,5.933333396911621,1301.0
tt27262766,Horn and Ivory,2023,8.8,639,5.606572668611012,8.800000190734863,8.687093138731745,28614196.00792752,8.800000190734863,284.3333333333333
tt5761544,Kandahar,2023,6.1,40971,5.852813889143827,6.349999904632568,6.584134260167508,34637161.96050409,6.066666603088379,1520.6666666666667
tt12579120,The Hole in the Fence,2021,6.2,528,5.914761655885377,6.199999809265137,5.0,25531682.48902002,6.199999809265137,808.0
tt14112680,Love Hurts,2022,3.5,462,5.606572668611012,3.5,4.595496010470173,28614196.00792752,3.9666666984558105,0.6666666666666666
tt10740926,Rob Peace,2024,6.5,2090,6.579683191843726,6.5,6.765047527638996,23147945.951722927,6.5,4510.0
tt24218224,The Poet,2025,6.3,753,6.647373881526953,6.300000190734863,6.6409319344646365,24261086.741433825,6.300000190734863,2925.3333333333335
tt27195494,She Is Dancing,2024,8.8,10,6.15363591029188,8.800000190734863,8.134056274571353,21709165.710378148,8.800000190734863,40000.0
tt27510161,To Be Continued,2023,4.9,51,5.746233454127546,4.900000095367432,6.4884774063934,28451786.29033436,4.549999952316284,7945.333333333333
tt6118034,8th Round Pick(2020),2020,5.0,48,6.418611257827269,5.0,6.009258505811744,23254548.319802023,4.299999952316284,472.0
tt17346476,Barber Westchester,2022,7.5,101,6.277723602857392,7.5,5.0,43731039.70391747,7.5,49.333333333333336
tt14347138,The Day After Quarantine,2021,2.6,63,5.885894239644082,2.5999999046325684,5.0,28289376.5727412,2.5999999046325684,13748.0
tt13289964,Secret Seduction,2020,3.9,11,6.222950643159742,5.0,5.6538041869246936,22449168.97011252,5.450000047683716,1995.0
tt12367916,Fate/Kaleid Liner Prisma Illya: Licht Nameless Girl,2021,6.3,119,6.12897069044137,6.473333485921224,7.906503094988514,45399119.79079131,6.300000190734863,682.3333333333334
tt15740890,My Way,2024,7.4,29,7.213336372265705,5.0,6.614936384858898,4388240.25,6.816666762034098,524.3333333333334
tt29261304,Ammar 4: Cin Kavmi,2023,2.9,16,4.975293835433215,4.450000047683716,5.0,16298415.350626118,4.159999990463257,8899.0
tt13326736,Blood Moon Party,2020,7.5,611,5.905139183804946,5.989930078199694,7.159187403525883,26450913.85026041,6.733333269755046,167.66666666666666
tt15033982,A Sister's Grudge,2021,4.7,204,5.606572668611012,4.699999809265137,5.518569122581864,28614196.00792752,4.699999809265137,1124.0
tt11422364,The Imperfects,2020,6.6,11,5.728918355660729,6.599999904632568,5.0,52848120.90347222,6.599999904632568,4435.666666666667
tt23134380,Any Day Now,2025,8.7,11,5.746233454127546,8.699999809265137,8.14403871225108,28451786.29033436,8.699999809265137,665.3333333333334
tt29815682,Wind of Change,2023,5.6,20,6.222950643159742,5.424999952316284,6.2994230331726015,22449168.97011252,5.899999936421712,659.3333333333334
tt29885060,Ngoda,2023,7.4,9,5.728918355660729,7.400000095367432,8.392442037306614,52848120.90347222,7.400000095367432,482.3333333333333
tt11513696,Framing Agnes,2022,6.7,238,7.213336372265705,6.699999809265137,5.0,4388240.25,6.799999952316284,641.6666666666666
tt28144780,How to Pay for a Hillbilly Funeral,2024,7.2,6,6.222950643159742,6.0,6.583896164176252,22449168.97011252,6.0,730.0
tt25967812,Iblis dalam Darah,2023,3.8,126,5.397174567368082,4.699999988079071,5.701121820461135,20276247.67809599,3.799999952316284,2994.6666666666665
tt29429433,"Noite e Dia - Lima Barreto, Obra & Vida",2023,8.9,13,7.213336372265705,8.899999618530273,5.0,4388240.25,7.599999904632568,380.0
tt27758276,1943,2023,2.5,32,5.606572668611012,2.5,2.465077279002826,28614196.00792752,3.0,700.3333333333334
tt28115118,Gardemariny 1787. Mir,2023,2.4,126,6.087413749556421,2.650000095367432,4.070724831710939,44507452.34057063,2.650000095367432,931.3333333333334
tt21653744,Romance in Style,2022,6.5,2443,5.985107708534049,6.5,7.238107914102694,24629269.511692487,6.5,627.6666666666666
tt11861188,Awakn,2020,3.9,11,5.819055299302949,3.900000095367432,5.50710685733891,24254080.005565863,3.900000095367432,1049.3333333333333
tt13667464,"Goodbye, Johnny",2020,7.7,9,6.222950643159742,7.766666730244954,9.162525946272645,22449168.97011252,7.699999809265137,1208.3333333333333
tt21259890,Morgan Freeman: Breaking Barriers,2022,6.0,16,7.074876056396708,4.846031745274862,6.052329075043705,14117481.591666669,5.114285707473755,348.6666666666667
tt7383926,Doctor I Love You,2021,6.8,200,5.606572668611012,5.0,5.0,28614196.00792752,6.800000190734863,704.6666666666666
tt15048614,Blurr,2022,5.8,5938,5.601605715734657,4.5444445212682085,6.702216029651921,22453926.77622205,3.850000083446503,755.0
tt14967628,"20,000 Meters Under the Earth, in search of the giant cave's mystery",2021,7.4,57,7.213336372265705,7.400000095367432,8.67418823594099,4388240.25,7.400000095367432,4568.0
tt16103788,Grandes Horizontales,2022,2.7,10,6.222950643159742,2.700000047683716,2.579933699283983,22449168.97011252,2.700000047683716,7176.333333333333
tt21914900,Fire and Fury,2022,3.4,29,7.213336372265705,5.0,5.0,4388240.25,3.400000095367432,360.0
tt11265320,Escape the Field,2022,4.4,5137,5.290933252022113,4.433333396911621,5.45850450838269,22456305.679276817,4.400000095367432,76.33333333333333
tt30430343,Emo Valley,2024,6.2,15,6.222950643159742,5.366666475931804,6.95874566355079,22449168.97011252,5.779999923706055,1194.0
tt13315654,The Calling,2021,4.5,19,5.606572668611012,4.5,4.837628025483109,28614196.00792752,4.5,10333.333333333334
tt13315654,The Calling,2021,4.5,19,5.606572668611012,4.5,4.837628025483109,28614196.00792752,4.5,10333.333333333334
tt30223155,"Canadian, Sniper",2024,3.4,359,5.970803036324952,4.799999952316284,6.548704442438175,33449489.577420626,4.799999952316284,547.0
tt3734008,The Anglistanis,2022,7.6,20,5.885894239644082,7.599999904632568,9.130726004342367,28289376.5727412,7.599999904632568,1172.6666666666667
tt29039514,Jalandhara,2024,9.2,546,5.97361481336043,9.199999809265137,9.384854882397509,25171932.29877474,9.199999809265137,464.3333333333333
tt15554840,The Zeme,2021,2.3,180,5.290933252022113,2.299999952316284,3.9744822028269913,22456305.679276817,5.450000166893005,235.66666666666666
tt10063580,Cyberlante,2020,5.9,192,5.606572668611012,5.2800000548362735,5.947974839691504,28614196.00792752,5.2600000381469725,524.3333333333334
tt21072134,Shattered,2021,9.6,10,6.222950643159742,9.600000381469728,9.270573410093162,22449168.97011252,9.350000381469728,7583.333333333333
tt15929026,Boomerang,2021,4.7,15,5.606572668611012,4.699999809265137,7.113805198388446,28614196.00792752,4.699999809265137,1269.0
tt30796343,Amor en toda la cara,2024,6.2,84,5.885894239644082,5.349999904632568,6.968356134067886,28289376.5727412,6.199999809265137,141.0
tt11680986,Pulse,2021,7.0,442,6.418611257827269,6.650000015894571,7.662355575984331,23254548.319802023,7.0,721.6666666666666
tt27458939,Better Call Joe,2023,7.0,36,7.213336372265705,7.0,8.128204514935526,4388240.25,7.0,3955.0
tt12956438,El Hatk,2020,8.0,10,5.914761655885377,8.0,5.0,25531682.48902002,8.0,7658.333333333333
tt17495832,Laura Pausini: Pleasure to Meet You,2022,6.7,690,7.213336372265705,6.499999841054281,5.0,4388240.25,6.699999809265137,362.6666666666667
tt35048889,The Treasure of Pancho Villa,2025,9.8,11,5.792484367459494,9.800000190734863,8.540536751690983,58025772.95882832,9.800000190734863,3550.3333333333335
tt7390064,Amaltash,2024,8.1,150,6.388936602378476,8.100000381469727,10.014369310761069,28881795.012671765,8.100000381469727,5998.0
tt16359262,The Marvelous Mrs. Shenkman,2022,4.4,16,5.885894239644082,4.400000095367432,4.485900857668412,28289376.5727412,4.400000095367432,7000.0
tt19800160,Liquor Store Dreams,2022,7.6,105,7.213336372265705,7.599999904632568,5.0,4388240.25,7.599999904632568,9272.0
tt14324896,Vishnu Priya,2025,6.9,1149,6.15363591029188,6.900000095367432,7.702904431905084,21709165.710378148,5.566666762034099,758.3333333333334
tt29301256,The Victoria System,2024,6.6,59,6.222950643159742,6.458730107262021,7.0784937271287705,22449168.97011252,6.5333333015441895,4544.333333333333
tt15012154,Tales from the Occult,2022,4.7,205,5.290933252022113,5.083333174387614,6.762262533626228,22456305.679276817,4.766666491826375,245.33333333333334
tt34777283,Isla Negra,2024,6.7,16,6.222950643159742,6.699999809265137,7.628736340354534,22449168.97011252,6.699999809265137,4666.666666666667
tt16161958,Agent Big Bones: Who Killed Jason Bones?,2021,9.7,11,5.728918355660729,5.0,11.08431864510634,52848120.90347222,9.699999809265137,331.3333333333333
tt14211340,The Road to Kuthriyar,2021,6.9,35,6.222950643159742,6.900000095367432,5.0,22449168.97011252,6.900000095367432,194.0
tt11760690,Venice at Dawn,2022,6.5,15,5.885894239644082,4.824999988079071,6.724341468154127,28289376.5727412,4.824999988079071,401.6666666666667
tt14598598,Aloners,2021,6.9,3221,6.222950643159742,6.900000095367432,7.256885764664191,22449168.97011252,6.900000095367432,416.6666666666667
tt21985584,Dhaage,2022,6.3,34,6.15363591029188,6.300000190734863,6.375336168660888,21709165.710378148,6.300000190734863,505.3333333333333
tt11444644,Project Z,2021,4.5,311,5.430594037538649,5.549999952316284,6.135409338629002,22293895.961683657,5.733333269755046,270.3333333333333
tt27028066,Rise: The Siya Kolisi Story,2023,7.3,23,7.213336372265705,7.300000190734863,5.0,4388240.25,7.300000190734863,226.33333333333334
tt17592606,Daman,2022,8.6,13984,6.039500511209001,8.600000381469727,8.948368269845613,42826296.99214846,8.600000381469727,403.0
tt15371196,Let Me Hear It Barefoot,2021,7.0,76,6.222950643159742,6.450000047683716,7.863541094203091,22449168.97011252,6.450000047683716,408.0
tt27177006,A Couple's Betrayal,2023,8.5,22,6.222950643159742,6.766666677263048,8.521219105024931,22449168.97011252,6.550000031789144,17980.0
tt27040794,Replicator,2024,3.8,138,5.149037773699843,3.6249999403953552,5.395984723603162,36771969.687535286,3.4499999284744263,12801.666666666666
tt9480692,O Auto da Boa Mentira,2021,6.2,147,5.885894239644082,6.133333206176758,7.297030729224544,28289376.5727412,6.339999866485596,216.0
tt27909732,Kaazh,2024,7.0,20,6.222950643159742,7.0,8.112271434233996,22449168.97011252,7.0,15333.333333333334
tt19811466,How to Save the Immortal,2022,5.2,299,6.024813727152462,5.199999809265137,6.296738249540431,52168570.67488267,5.199999809265137,328.3333333333333
tt11056910,The Stylist,2020,5.6,2911,5.599122239296479,5.599999904632568,5.765162535531995,19373792.16036932,4.5,495.0
tt6074074,The First Time,2021,8.2,25,6.064388686742614,8.199999809265137,8.74599052049228,23902569.33116583,8.199999809265137,1673.6666666666667
tt26656750,Mariana's Room,2025,7.1,70,6.502852952026574,7.099999904632568,7.607776968182184,24468268.645484067,7.099999904632568,4288.666666666667
tt13010918,The Door Lock,2021,4.7,153,5.934379375043728,4.699999809265137,6.121166703352778,25411765.758938257,4.699999809265137,13070.666666666666
tt22853698,Forever Loved,2024,8.2,13,6.084321177424017,8.387499868869781,9.437576030589767,20969162.450643778,8.387499868869781,495.0
tt31704401,Hunt the Wicked,2024,5.3,116,5.975161270726967,5.300000190734863,6.44857325904529,33489740.724119827,6.122222264607747,40.666666666666664
tt15220066,Marshmallow,2025,7.6,397,5.149037773699843,6.1499998569488525,7.429042190520101,36771969.687535286,7.599999904632568,371.0
tt14793028,City of Tigers,2023,6.0,44,6.222950643159742,6.349999904632568,7.001094514846024,22449168.97011252,6.349999904632568,703.3333333333334
tt11709788,Kehta Hai Yeh Dil,2020,3.7,14,6.054422441401912,3.700000047683716,5.927366769139866,25369272.771426857,3.700000047683716,786.3333333333334
tt21160106,Raiders of the Lost Library,2022,5.8,462,5.856050379258259,5.833333412806193,6.798745964150798,63203425.0141844,5.800000190734863,256.0
tt10667070,The Passenger,2020,4.0,125,5.914761655885377,4.0,4.155245778587656,25531682.48902002,4.0,536.0
tt7188590,Manhunt: Kill or Be Killed,2021,6.4,39,5.436928286568318,6.400000095367432,6.894744467522602,32586910.75400862,6.400000095367432,319.0
tt13020386,Four Letters of Love,2024,6.9,37,6.222950643159742,6.900000095367432,7.131574794220328,22449168.97011252,6.75,50.333333333333336
tt10234470,Transference,2020,4.6,111,5.290933252022113,4.599999904632568,5.332440592963326,22456305.679276817,5.799999952316284,595.0
tt19845370,Offbeat Cops,2022,6.0,163,5.819055299302949,6.020000076293945,7.155226878096362,24254080.005565863,5.950000047683716,876.3333333333334
tt12478558,Fabrizio De Andrè & PFM - Il concerto ritrovato,2020,7.0,61,6.986977654995064,5.0,7.785381009401757,10357346.640243905,6.4333334763844805,393.3333333333333
tt28055174,Birth of a Murderer,2023,6.9,14,6.222950643159742,6.900000095367432,5.0,22449168.97011252,6.900000095367432,1240.0
tt28055174,Birth of a Murderer,2023,6.9,14,6.222950643159742,6.900000095367432,5.0,22449168.97011252,6.900000095367432,1240.0
tt28349617,Faster: Only one lap,2024,6.9,24,6.188713623771757,6.7,7.827500669294127,33119072.51435876,6.7,313.0
tt4996328,Ordinary Angels,2024,7.4,15883,6.579683191843726,7.383333444595337,7.209737751044483,23147945.951722927,6.549999952316284,8306.666666666666
tt32086034,Holy Cow,2024,7.1,1819,6.054422441401912,6.833333253860474,5.0,25369272.771426857,7.099999904632568,5537.0
tt26671820,Minor Leaguer,2024,5.1,89,6.241038918432873,5.099999904632568,5.0,24932824.40411508,5.099999904632568,695.0
tt29030906,The Dark Mother,2023,4.6,368,5.599122239296479,5.640000057220459,7.120633449262026,19373792.16036932,6.309090917760676,4110.333333333333
tt7521308,My Dear Lisa,2022,4.9,46,5.606572668611012,4.900000095367432,6.756728356948497,28614196.00792752,4.900000095367432,146.33333333333334
tt28779607,Once Again (For the Very First Time),2023,8.3,42,6.355963586102727,6.699999968210856,9.62482546351142,19914928.1504147,6.75,4277.666666666667
tt13618240,Mr & Miss,2021,5.3,296,6.084321177424017,5.46666685740153,5.0,20969162.450643778,5.800000190734863,1234.0
tt11813708,Alive,2023,4.0,129,4.975293835433215,4.0,4.119886025649407,16298415.350626118,4.0,646.6666666666666
tt9580138,Mortal Kombat Legends: Scorpion's Revenge,2020,7.4,20307,5.972488432491343,6.7111110952165385,7.662136560284425,60354818.78512635,6.950000047683716,329.3333333333333
tt3090180,The Unfathomable Mr. Jones,2021,7.1,13,5.885894239644082,7.099999904632568,7.185490171202906,28289376.5727412,7.099999904632568,5000.0
tt12191458,We Will Never Belong,2022,6.1,13,6.222950643159742,6.099999904632568,6.597780690228252,22449168.97011252,6.099999904632568,75.33333333333333
tt21386494,Love You Loktantra,2022,6.5,1106,6.222950643159742,5.900000095367432,7.33455807438438,22449168.97011252,6.916666666666667,256.0
tt14716932,Pipeline,2021,6.0,1059,5.851266584510579,6.200000047683716,6.736775995866017,39010026.60112348,6.0,1076.6666666666667
tt15010292,Flux Gourmet,2022,5.8,3455,5.694712906079013,5.800000190734863,6.836058334753204,22345653.631159943,5.800000190734863,323.0
tt26588141,The Jadon264 Movie,2023,8.2,14,5.728918355660729,8.199999809265137,9.29350694324131,52848120.90347222,8.199999809265137,16560.333333333332
tt10073452,As Far as I Know,2020,7.0,524,6.222950643159742,7.0,7.776197192361347,22449168.97011252,7.0,736.0
tt12806982,Selfiemania,2021,4.9,58,6.034567232947673,4.900000095367432,6.233161583016794,38079569.80507808,4.866666714350383,500.6666666666667
tt30779704,Honeymoon Express,2024,6.8,2126,5.985107708534049,6.800000190734863,7.768587220565903,24629269.511692487,6.800000190734863,11293.666666666666
tt20453900,All Things Fair,2022,5.1,9,6.222950643159742,6.999999761581421,7.01637174665387,22449168.97011252,5.2799999713897705,2073.0
tt20453900,All Things Fair,2022,5.1,9,6.222950643159742,6.999999761581421,7.01637174665387,22449168.97011252,5.2799999713897705,2073.0
tt7710382,Glamour,2020,5.2,54,5.819055299302949,4.849999904632568,5.691601739561299,24254080.005565863,4.849999904632568,652.3333333333334
tt28510594,Desire Lines,2024,6.8,113,6.718143507712724,6.800000190734863,6.853758511326621,13418704.61005626,6.800000190734863,911.6666666666666
tt21978634,How to Love Mr. Heartless,2022,5.4,167,6.084321177424017,5.65,6.517076599915731,20969162.450643778,5.255555576748318,5985.333333333333
tt20255028,Uproar,2023,6.6,1505,6.222950643159742,6.599999904632568,6.732459780777859,22449168.97011252,6.599999904632568,455.6666666666667
tt30521172,Elbow,2024,6.2,290,6.222950643159742,6.199999809265137,6.923584102927537,22449168.97011252,6.199999809265137,688.6666666666666
tt33998659,Walden ou la vie dans les bois,2024,7.1,15,7.213336372265705,7.099999904632568,7.460643227618945,4388240.25,7.099999904632568,7666.666666666667
tt33998659,Walden ou la vie dans les bois,2024,7.1,15,7.213336372265705,7.099999904632568,7.460643227618945,4388240.25,7.099999904632568,7666.666666666667
tt9373688,Settlers,2021,4.8,6548,5.717435007912408,4.800000190734863,6.338182953908008,36102963.00082816,4.800000190734863,2879.3333333333335
tt14242938,Rogue Angel,2025,2.6,20,5.975934499410236,2.5999999046325684,4.141885998885535,37648644.93679237,2.5999999046325684,5519.666666666667
tt11244802,Rock-a-Bye,2020,7.9,18,6.222950643159742,7.900000095367432,7.754039590936357,22449168.97011252,7.900000095367432,860.0
tt35440106,Little Boy,2025,6.9,13,7.213336372265705,5.0,8.060562966256493,4388240.25,6.900000015894572,512.6666666666666
tt21871754,All I Want for Christmas,2022,5.8,64,6.183240226251263,5.0,6.709239267282803,47869763.03741497,5.800000190734863,250.0
tt25582396,Rohan at the Louvre,2023,5.9,301,5.970155296009108,6.524999976158142,7.202211065835842,44795957.9829453,6.200000047683716,885.3333333333334
tt27547524,Bad el-Sharr,2023,4.2,251,5.885894239644082,3.7499998807907104,5.039349189981811,28289376.5727412,4.599999904632568,429.0
tt7018574,Stuntwomen: The Untold Hollywood Story,2020,7.0,525,7.213336372265705,7.0,6.489695382836406,4388240.25,7.0,3832.3333333333335
tt9850344,Night Shift,2020,5.4,2206,5.934379375043728,5.6777777671813965,6.898207012969473,25411765.758938257,5.899999936421712,810.6666666666666
tt12318534,Secrets in the Basement,2020,4.4,205,5.606572668611012,4.400000095367432,5.230057092477715,28614196.00792752,4.400000095367432,707.0
tt34977130,Don't Die: The Man Who Wants to Live Forever,2025,6.1,3823,7.213336372265705,5.0,5.0,4388240.25,6.849999984105428,985.0
tt7520568,The Hyperions,2022,5.2,2120,5.807406297652405,5.199999809265137,5.864454142073593,40568748.73810671,5.199999809265137,471.0
tt27031926,Chyortov kamen,2024,4.7,17,5.843757622433792,4.699999809265137,6.552222953128478,55969352.4893617,5.6499998569488525,526.0
tt12108272,Close Encounters of the Fifth Kind,2020,6.1,2308,7.213336372265705,6.933333396911621,5.0,4388240.25,6.933333396911621,1528.3333333333333
tt25964764,Mr. Nice Guy Turns Up,2023,7.3,14,5.97361481336043,7.300000190734863,5.0,25171932.29877474,7.300000190734863,430.3333333333333
tt13318486,The Grotto,2020,3.1,356,5.397174567368082,3.0999999046325684,2.9894229045639378,20276247.67809599,3.0999999046325684,200.66666666666666
tt11709818,Jiilka,2020,7.4,28,6.084321177424017,5.0,8.713782694471629,20969162.450643778,7.400000095367432,489.6666666666667
tt11096382,Rendir los machos,2021,5.7,52,6.054422441401912,5.699999809265137,6.713570634395339,25369272.771426857,6.199999809265137,1613.6666666666667
tt34549029,The Loop,2024,5.8,14,5.914761655885377,5.800000190734863,6.724020203663395,25531682.48902002,5.600000143051148,693.6666666666666
tt8510484,Death and Bowling,2021,6.2,345,6.222950643159742,6.199999809265137,6.97651955310853,22449168.97011252,6.199999809265137,172.0
tt13385886,Lyubov bez razmera,2020,4.9,82,5.985107708534049,5.41666673289405,6.597858386434402,24629269.511692487,4.900000095367432,8271.0
tt14113678,The EOD Squad,2021,4.8,33,5.975161270726967,5.400000095367432,5.678637149220474,33489740.724119827,5.199999968210856,429.0
tt19799714,Angelheaded Hipster: The Songs of Marc Bolan & T. Rex,2022,6.8,105,6.687464184228766,6.800000190734863,7.831148482739705,10252768.217105262,6.800000190734863,251.33333333333334
tt5244196,The Ghost Writer,2022,4.9,116,5.606572668611012,4.900000095367432,5.504355311768959,28614196.00792752,4.900000095367432,410.3333333333333
tt21040324,Five Nights at Freddy's 3: This Happened Because of You,2022,4.9,11,5.430594037538649,5.475000003973642,6.102103145846325,22293895.961683657,6.3666666348775225,127.0
tt16383300,181,2022,5.6,655,4.975293835433215,5.599999904632568,5.0,16298415.350626118,5.599999904632568,4780.666666666667
tt30788876,Hitman 2,2025,5.4,151,5.807406297652405,5.0,6.545026375331192,40568748.73810671,5.900000095367432,697.0
tt9861200,The Swedish Torpedo,2024,6.4,145,6.307181231026185,6.400000095367432,7.059384925482234,22492753.03008261,6.049999952316284,369.0
tt14229058,Chuzhal,2021,5.7,277,5.606572668611012,5.699999809265137,7.451484910813873,28614196.00792752,5.699999809265137,522.0
tt31850001,Real Estate Sisters,2024,4.2,29,5.892854784102487,4.199999809265137,5.0,25905129.62569393,4.199999809265137,226.33333333333334
tt23951484,Thugs,2023,6.4,486,5.66774551213587,6.400000095367432,7.18465079117222,40731158.45569987,6.350000143051148,1721.6666666666667
tt34150380,Maryang Palad,2024,6.6,186,6.222950643159742,5.0,6.6268022441553445,22449168.97011252,5.791666626930237,8086.666666666667
tt19513160,Girlfriends and Girlfriends,2022,5.4,426,6.289821273509415,5.550000071525574,5.49846120713812,22354999.524447173,5.400000095367432,1358.3333333333333
tt19513160,Girlfriends and Girlfriends,2022,5.4,426,6.289821273509415,5.550000071525574,5.49846120713812,22354999.524447173,5.400000095367432,1358.3333333333333
tt11169050,Supernova,2020,6.9,15433,6.15363591029188,6.900000095367432,7.399552013036087,21709165.710378148,6.900000095367432,500.6666666666667
tt10098448,Jesus Revolution,2023,7.1,15635,6.647373881526953,7.011111047532823,7.117194952197578,24261086.741433825,7.049999952316284,13333.333333333334
tt15478268,Love You Rachchu,2021,6.3,104,6.084321177424017,5.0,7.65008626490529,20969162.450643778,6.300000190734863,4039.6666666666665
tt29633446,The Undertaker,2023,6.7,465,5.694712906079013,6.699999809265137,6.996733269159813,22345653.631159943,6.599999904632568,616.0
tt15384690,Vicini di casa,2022,5.8,582,5.885894239644082,6.137878806663282,6.920989835698164,28289376.5727412,5.6333333651224775,549.0
tt21625056,Goon Squad,2024,6.2,20,5.97361481336043,6.199999809265137,7.181442785591476,25171932.29877474,6.199999809265137,17000.0
tt15094432,Giant Sea Serpent: Meet the Myth,2021,7.9,16,7.213336372265705,7.900000095367432,5.0,4388240.25,7.900000095367432,738.0
tt7632008,Americanish,2021,6.2,351,5.885894239644082,6.199999809265137,7.0240126240943175,28289376.5727412,6.199999809265137,120.66666666666667
tt32320723,Playtime,2024,5.0,49,5.606572668611012,5.193333339691162,5.307553439884537,28614196.00792752,5.950000047683716,606.6666666666666
tt20371480,Travesti Odyssey,2021,7.9,10,7.213336372265705,7.900000095367432,5.0,4388240.25,7.900000095367432,658.6666666666666
tt13793134,Nico,2021,6.2,138,6.222950643159742,6.199999809265137,7.32792127056233,22449168.97011252,6.199999809265137,7763.333333333333
tt11018038,Dune Dreams,2021,5.3,50,5.882859537024568,6.162500023841858,6.465824435110695,25105814.9945353,5.300000190734863,840.3333333333334
tt14804080,Jungle Run,2021,2.8,786,5.7305138011766665,2.925000031789144,4.775914652988528,48221913.97519472,3.4857142993382046,8853.0
tt23741324,Divertimento,2022,6.9,556,6.639995107137292,6.419999980926514,6.775512520159293,20874114.977977887,6.5,8199.0
tt14247286,Four to Dinner,2022,6.3,3996,5.985107708534049,6.300000190734863,6.720024132726333,24629269.511692487,6.0,155.33333333333334
tt21920892,The Milkman,2023,5.7,37,5.728918355660729,5.699999809265137,6.639963793523557,52848120.90347222,5.699999809265137,643.6666666666666
tt19855532,Naufragio de un sentimiento,2022,8.2,22,6.042109039962235,8.199999809265137,5.0,22557470.47544072,8.199999809265137,384.3333333333333
tt34446945,Esaaf,2025,6.3,113,5.945921079488184,6.6250001192092896,7.355509599624531,34528888.81544197,6.300000190734863,894.3333333333334
tt14311868,Raktha Gulabi,2021,7.3,138,5.97361481336043,7.300000190734863,5.0,25171932.29877474,7.300000190734863,878.3333333333334
tt33022374,Mezhdu nami,2024,5.1,35,6.097361703018362,4.899999936421712,6.2468991362242505,32869436.19342289,4.660000038146973,780.6666666666666
tt14219486,A Christmas Karen,2022,5.1,1179,5.885894239644082,5.75,5.727072740036084,28289376.5727412,5.424999952316284,1546.0
tt9724080,Everest Dark,2025,8.4,10,6.534693375761982,8.399999618530273,9.546597373225833,33795832.6320922,8.399999618530273,637.6666666666666
tt17370648,Alien Nights,2022,6.8,330,6.222950643159742,6.822222338782416,7.547881065211395,22449168.97011252,6.800000190734863,250.33333333333334
tt15094066,WE ARE NOT CONTENT!,2021,9.1,11,6.222950643159742,9.100000381469728,10.546512549281196,22449168.97011252,9.100000381469728,132.66666666666666
tt21387514,A Man of Reason,2022,5.8,1169,5.852813889143827,5.800000190734863,6.8803155252068064,34637161.96050409,5.800000190734863,727.0
tt14999458,The Story of Film: A New Generation,2021,7.3,894,7.213336372265705,7.066666682561238,8.766712942013461,4388240.25,6.774999976158142,6611.0
tt10458950,Chocolate Kiss,2020,6.4,41,6.084321177424017,6.607777871025934,7.472377516993484,20969162.450643778,7.030000162124634,630.0
tt14389844,Kallan D'Souza,2022,4.6,223,5.885894239644082,4.599999904632568,6.802238853727445,28289376.5727412,4.599999904632568,5617.0
tt14389844,Kallan D'Souza,2022,4.6,223,5.885894239644082,4.599999904632568,6.802238853727445,28289376.5727412,4.599999904632568,5617.0
tt11633632,Templars: The Da Vinci Code Secrets,2020,8.2,19,7.213336372265705,8.199999809265137,5.0,4388240.25,8.199999809265137,1111.6666666666667
tt27251045,Mudnocchio: The Shockumentary (Page 1),2023,8.5,7,6.549615305954894,8.5,5.0,16338808.411370598,8.5,690.6666666666666
tt30984708,Angels and the Bad Man,2023,3.1,13,5.807406297652405,4.1499998569488525,4.951623375198905,40568748.73810671,4.1499998569488525,8222.333333333334
tt29603959,Novocaine,2025,6.5,35560,5.740461754638607,6.5,7.203663420737951,36583897.828046985,6.099999904632568,3441.3333333333335
tt21403850,Vesvese: Cin Fisiltisi,2022,3.1,51,5.601605715734657,3.6333332856496177,4.122056122943568,22453926.77622205,3.125,499.0
tt12683660,The Silversmith (În umbra lui Shakespeare),2020,7.8,41,6.363342360492388,7.800000190734863,5.0,23301899.91387064,7.800000190734863,4578.0
tt12683660,The Silversmith (În umbra lui Shakespeare),2020,7.8,41,6.363342360492388,7.800000190734863,5.0,23301899.91387064,7.800000190734863,4578.0
tt23651534,Volshebniki,2022,5.2,60,5.956918490372949,4.966666499773662,5.750513903062722,53269489.33871279,5.53333314259847,7259.666666666667
tt28379450,"Obscure Night - Goodbye Here, Anywhere",2023,6.5,17,7.213336372265705,7.25,5.0,4388240.25,7.25,465.3333333333333
tt15280196,Scam City,2022,6.6,10,5.97361481336043,7.275000005960464,8.050803612493564,25171932.29877474,5.612500011920929,4794.666666666667
tt27417688,Sihina Sameekarana,2023,8.3,23,6.222950643159742,8.300000190734863,8.862240424950508,22449168.97011252,8.300000190734863,11124.0
tt9035328,Where Is Nancy?,2020,8.3,10,7.213336372265705,8.849999904632568,5.0,4388240.25,8.849999904632568,447.3333333333333
tt29377914,First We Bombed New Mexico,2023,8.8,26,7.213336372265705,8.800000190734863,5.0,4388240.25,8.800000190734863,720.6666666666666
tt27573123,In Flight,2024,3.7,162,5.606572668611012,3.725000023841858,5.664096151564631,28614196.00792752,3.700000047683716,557.3333333333334
tt17677112,Getting It Back: The Story of Cymande,2022,7.6,130,6.770448036328413,5.0,9.79999297666219,14784086.455847954,7.599999904632568,391.0
tt28291501,Arjun S/O Vyjayanthi,2025,6.2,285,5.728918355660729,6.1333331823349,6.908618426414495,52848120.90347222,6.199999809265137,4097.333333333333
tt21831274,Fighters,2022,6.9,43,7.213336372265705,6.900000095367432,5.0,4388240.25,6.900000095367432,724.6666666666666
tt27134139,Pyar Mei Qurban,2025,9.3,579,6.222950643159742,9.300000190734863,9.024459651917653,22449168.97011252,9.300000190734863,498.3333333333333
tt13269616,As in Heaven,2021,6.2,778,6.222950643159742,6.199999809265137,6.884656388300719,22449168.97011252,6.199999809265137,571.0
tt32843325,Creation of the Gods II: Demon Force,2025,6.4,981,5.9277779548099305,6.5333333015441895,7.312325427779448,41344189.94604125,6.099999904632568,485.6666666666667
tt9150828,Everybody Dies by the End,2022,5.7,88,5.560081124793416,5.699999809265137,5.786011149612399,22947290.64297773,5.699999809265137,3542.0
tt33362082,The Hit-List,2025,6.9,18,5.746233454127546,7.025000095367432,7.849459937961511,28451786.29033436,7.150000095367432,621.3333333333334
tt0979902,Phir Bhi Jaane Do Mitro,2020,7.7,201,5.746233454127546,7.699999809265137,8.425759459320316,28451786.29033436,7.699999809265137,812.6666666666666
tt15353964,Significant Other,2022,5.7,17058,5.672433259298636,5.699999809265137,6.882245987505622,21000554.77543484,6.099999904632568,84.66666666666667
tt23870264,Glisten and the Merry Mission,2023,5.3,133,6.123929056021521,5.175000190734863,5.169707928369089,58695366.16310725,5.300000190734863,3510.3333333333335
tt7599146,Sound of Freedom,2023,7.6,130546,6.377660399015961,7.450000047683716,7.680630937901586,23822608.067406863,7.450000047683716,297.6666666666667
tt21097936,Smoking Tigers,2023,6.2,272,6.222950643159742,6.199999809265137,6.408848627950443,22449168.97011252,6.199999809265137,852.6666666666666
tt14725096,Northeastern Bro,2021,4.7,12,6.064388686742614,4.799999872843425,5.919677140064911,23902569.33116583,5.1499998569488525,896.3333333333334
tt11343320,Body of Night,2020,2.7,1664,5.914761655885377,3.1944444908036127,4.610015315742438,25531682.48902002,4.164008617914956,1738.0
tt10015244,Ash and Bone,2022,4.0,6892,5.466973934449058,3.850000023841858,5.276785652418899,23055563.78803984,5.200000095367432,682.0
tt13110816,SR Kalyanamandapam,2021,5.7,1241,5.906619766542373,5.449999809265137,7.007567452600802,36908641.677058,5.449999809265137,680.6666666666666
tt35438186,Schwesterherz,2025,8.0,59,6.222950643159742,8.0,7.832979405147759,22449168.97011252,8.0,164.66666666666666
tt15850402,Woman with a Movie Camera,2021,8.4,13,6.222950643159742,8.399999618530273,8.148311001141709,22449168.97011252,8.399999618530273,169.0
tt14376312,Play with Me,2020,5.8,22,6.064388686742614,5.800000190734863,6.72496429096442,23902569.33116583,5.800000190734863,662.6666666666666
tt32339951,Phullwanti,2024,7.9,616,6.222950643159742,7.524999976158142,8.267156098324369,22449168.97011252,7.900000095367432,974.0
tt31171253,Seduction,2023,3.8,9,5.606572668611012,4.050000071525574,6.856182656176122,28614196.00792752,4.050000071525574,99.33333333333333
tt19711858,A Male,2022,5.7,340,6.222950643159742,5.699999809265137,5.0,22449168.97011252,5.699999809265137,299.6666666666667
tt31495401,Lorii,2024,9.7,8,5.914761655885377,9.699999809265137,8.97906204325009,25531682.48902002,9.699999809265137,629.6666666666666
tt27811096,Jim's Story,2024,6.8,965,6.054422441401912,6.46666685740153,7.187095828019515,25369272.771426857,6.300000190734863,1641.6666666666667
tt28515286,Bonk.io,2025,8.7,13,5.972488432491343,8.699999809265137,5.0,60354818.78512635,8.699999809265137,6892.0
tt10863950,"Kamen Rider Zi-O Next Time: Geiz, Majesty",2020,7.1,53,5.815425820304711,6.8,7.304262027789851,43290925.81358414,7.099999904632568,4667.333333333333
tt32134256,Magic Hour,2025,7.8,12,6.222950643159742,7.337500095367432,8.241161157255037,22449168.97011252,6.300000190734863,3851.6666666666665
tt9711868,The Newspaper,2020,8.5,373,6.222950643159742,8.5,9.266804799777994,22449168.97011252,8.5,43.0
tt10270204,The Volunteer,2022,6.2,238,6.222950643159742,6.194444384839799,6.824227989455647,22449168.97011252,6.199999809265137,6328.666666666667
tt34965959,Zodiac Killer Project,2025,6.6,67,6.335335494976362,5.0,7.709623231832056,17938084.1847802,6.950000047683716,5173.333333333333
tt16377760,Of Living Without Illusion,2023,5.5,13,6.222950643159742,5.5,6.699798381650081,22449168.97011252,5.5,457.6666666666667
tt28551587,Tomorrow I Die,2024,4.6,99,5.601605715734657,4.599999904632568,6.391564453088938,22453926.77622205,4.599999904632568,337.3333333333333
tt12471970,Employee of the Month,2022,5.8,250,5.929754526502256,5.800000190734863,6.682822897671041,26730654.43575797,5.800000190734863,10294.0
tt14712274,Guy Friends,2024,5.4,23,5.885894239644082,5.400000095367432,6.880441234114914,28289376.5727412,5.400000095367432,568.0
tt28564023,Vaan Moondru,2023,6.3,157,6.15363591029188,6.300000190734863,7.423375457814339,21709165.710378148,6.300000190734863,62.333333333333336
tt29472939,Inpaintings,2023,6.4,171,6.222950643159742,6.400000095367432,6.915043303370392,22449168.97011252,6.400000095367432,6566.0
tt11622272,Run Uje Run,2020,6.9,2060,6.289821273509415,6.900000095367432,8.214026176159312,22354999.524447173,6.900000095367432,672.0
tt13509528,Boyette: Not a Girl Yet,2020,7.1,54,5.985107708534049,5.974999904632568,7.154789682374283,24629269.511692487,7.099999904632568,754.0
tt29431130,El Yuppie Y El Guiso,2023,5.5,17,5.885894239644082,4.450000047683716,6.806620464080616,28289376.5727412,4.733333349227905,6181.333333333333
tt18073340,Monogamish,2023,6.1,28,6.222950643159742,5.729999923706055,6.528772905736544,22449168.97011252,5.483333269755046,530.0
tt15920812,53 Mu Panu,2022,7.8,82,5.606572668611012,7.573333438237508,8.923178671128891,28614196.00792752,8.00000015894572,711.6666666666666
tt26345645,Endless Borders,2023,6.9,269,5.914761655885377,6.899999936421712,7.15600416873376,25531682.48902002,6.899999936421712,330.0
tt8353406,The Mascot,2020,3.4,11,5.601605715734657,3.400000095367432,5.0,22453926.77622205,3.400000095367432,137.66666666666666
tt33291830,Lux Vera 6023: La Massoneria,2024,9.1,32,7.213336372265705,5.0,5.0,4388240.25,9.100000381469728,611.3333333333334
tt13982708,On the Water,2020,7.0,303,6.054422441401912,7.0,7.387285015125545,25369272.771426857,7.0,1109.3333333333333
tt28514971,My Uncle Jens,2025,7.9,43,6.054422441401912,7.900000095367432,8.79852813182221,25369272.771426857,7.900000095367432,9300.666666666666
tt22326258,A Party to Die For,2022,4.8,271,5.290933252022113,4.900000095367432,5.556195855176843,22456305.679276817,4.900000095367432,3861.6666666666665
tt21967006,Les secrets de la princesse de Cadignan,2023,3.7,56,6.433538219158711,5.800000079472859,5.866617293213421,23728265.385749698,3.700000047683716,604.6666666666666
tt23777476,Soul of a Sister,2025,8.8,20,6.222950643159742,7.066666762034099,7.024107587356031,22449168.97011252,6.200000047683716,11217.333333333334
tt28285091,Death of the Little Match Girl,2023,6.6,235,5.934379375043728,6.599999904632568,7.704914239804375,25411765.758938257,6.599999904632568,8985.666666666666
tt16162574,A Christmas Invitation,2022,4.3,25,6.222950643159742,3.588888989554511,4.343002181970887,22449168.97011252,3.916666785875956,743.0
tt34693641,14 February,2025,6.2,6,5.599122239296479,6.474999931123521,7.397746971871477,19373792.16036932,6.199999809265137,1406.6666666666667
tt13323118,The Wasteland,2021,4.6,5007,5.672433259298636,4.999999920527141,5.84860761674457,21000554.77543484,4.599999904632568,3000.0
tt13194326,Dollface: The Terror on Route Nine,2020,6.1,21,4.975293835433215,6.099999904632568,5.0,16298415.350626118,6.099999904632568,38.0
tt18330030,Bham,2023,9.8,26,6.222950643159742,8.019999980926514,10.63885720657632,22449168.97011252,8.800000190734863,12000.0
tt14367552,Tomorrow Before After,2023,4.7,136,5.772866177563106,6.25,7.083927835086557,39847346.49727848,6.25,4318.0
tt30625404,E-Sarn Zombie,2023,5.3,94,5.430594037538649,5.50000015894572,7.181368592291603,22293895.961683657,5.300000190734863,8651.0
tt5932368,Vanquish,2021,3.0,5582,5.852861182759806,4.75,5.024981508582594,47074492.73881045,4.333333333333333,14000.0
tt5932368,Vanquish,2021,3.0,5582,5.852861182759806,4.75,5.024981508582594,47074492.73881045,4.333333333333333,14000.0
tt27500712,Terminal Young,2023,7.1,44,5.885894239644082,6.887499988079071,7.86950103471562,28289376.5727412,7.100000023841858,8294.333333333334
tt30742798,Couples to Hell,2024,5.3,7,5.656116899078121,5.300000190734863,5.0,27050330.499791887,5.300000190734863,4675.0
tt19784660,Maric,2022,2.6,31,4.975293835433215,5.0,5.0,16298415.350626118,2.5999999046325684,775.0
tt14805128,Feathers,2021,6.2,1572,6.054422441401912,5.883333206176758,5.0,25369272.771426857,6.199999809265137,7314.666666666667
tt12787122,Pesticide,2021,6.4,13,5.815269297971618,6.700000047683716,7.6038745326661825,22801009.136956308,6.700000047683716,298.6666666666667
tt12799960,Green Bank Pastoral,2020,6.8,20,7.213336372265705,5.0,5.0,4388240.25,6.800000190734863,1144.0
tt28296662,Negu Hurbilak,2023,6.7,46,6.222950643159742,6.699999809265137,7.41393978004342,22449168.97011252,6.699999809265137,702.6666666666666
tt21383826,Collapsed Walls,2022,8.7,17,6.222950643159742,8.699999809265137,9.116446271989616,22449168.97011252,8.699999809265137,1198.3333333333333
tt4511054,Attraction to Paris,2021,3.6,251,5.76970194587739,4.133333285649617,5.083222509314034,35544749.73672483,5.380000019073487,5283.333333333333
tt4511054,Attraction to Paris,2021,3.6,251,5.76970194587739,4.133333285649617,5.083222509314034,35544749.73672483,5.380000019073487,5283.333333333333
tt27348947,Babasinin Kizi,2023,3.2,57,5.985107708534049,4.820000028610229,4.577399991123095,24629269.511692487,4.149999976158142,6410.0
tt22180542,Stéphane,2023,6.4,161,5.885894239644082,6.400000095367432,5.0,28289376.5727412,6.400000095367432,6899.0
tt15215426,Serial,2022,3.8,8,5.606572668611012,5.319999933242798,5.22537878734896,28614196.00792752,5.319999933242798,11324.333333333334
tt19119490,La Calma,2022,7.9,8,6.222950643159742,7.900000095367432,7.907647016635897,22449168.97011252,7.900000095367432,559.3333333333334
tt28308317,Soft Leaves,2025,7.1,56,6.222950643159742,7.099999904632568,7.897614063800293,22449168.97011252,7.099999904632568,478.3333333333333
tt29644530,Murderess,2023,7.3,2319,6.222950643159742,6.833333492279053,7.905540907530371,22449168.97011252,7.300000190734863,3768.6666666666665
tt11564056,The Royal Bride,2020,5.0,148,5.885894239644082,5.0,5.936384722645057,28289376.5727412,5.1333333651224775,108.66666666666667
tt32676674,Wolfgang (extraordinari),2025,6.8,190,6.222950643159742,6.783333460489909,7.389571470630128,22449168.97011252,6.333333492279053,787.6666666666666
tt22012140,A Última Festa,2023,5.3,35,5.985107708534049,6.525000095367432,6.518495270751394,24629269.511692487,5.366666793823242,917.0
tt15196704,Glimpse,2022,4.9,34,5.606572668611012,5.25,6.082270120676114,28614196.00792752,4.900000095367432,618.6666666666666
tt11116656,The Memory Eraser,2020,5.2,83,6.027207754384532,5.299999833106995,6.360267814605048,35592224.46732576,5.399999936421712,5203.333333333333
tt12032938,Muddy,2021,6.1,4023,5.66774551213587,6.099999904632568,7.412632427681633,40731158.45569987,6.099999904632568,179.66666666666666
tt23840698,A Tale of Two Sisters,2023,6.8,12,6.294813698504193,6.800000190734863,7.535980919666729,21551472.35390872,6.800000190734863,477.3333333333333
tt32127524,Takintilar,2024,4.7,1645,5.885894239644082,4.9999998807907104,5.97991093268225,28289376.5727412,4.699999809265137,6655.666666666667
tt34422601,For King + Country: A Drummer Boy Christmas - Live,2024,8.1,173,6.760618937724424,5.0,7.982632157937076,16326453.030487806,7.875000238418579,317.6666666666667
tt12004038,Watcher,2022,6.3,56591,5.601605715734657,6.100000143051148,7.118297564298348,22453926.77622205,5.900000095367432,4189.333333333333
tt13686040,Quarantine,2021,7.1,22,6.222950643159742,5.799999952316284,7.210641675107006,22449168.97011252,5.799999952316284,1176.6666666666667
tt13273728,Colors of Love,2021,5.6,3128,6.15363591029188,5.599999904632568,6.431361967678618,21709165.710378148,5.599999904632568,612.3333333333334
tt28468766,Ishq Ka Pyaada,2023,8.7,31,6.222950643159742,8.699999809265137,5.0,22449168.97011252,8.699999809265137,749.0
tt23640170,Meet the Barbarians,2024,6.5,476,5.885894239644082,6.100000063578288,7.055934029215522,28289376.5727412,6.5,625.0
tt6780790,The Fox Hunter,2020,4.1,149,6.054422441401912,4.099999904632568,6.007416091187786,25369272.771426857,4.099999904632568,759.0
tt21159080,Khwaabon Ka Jhamela,2024,5.4,108,6.15363591029188,5.616666714350383,6.851633978649947,21709165.710378148,5.400000095367432,789.6666666666666
tt12410466,The Obscured,2022,4.3,68,5.606572668611012,4.300000190734863,5.267971219664103,28614196.00792752,4.300000190734863,280.0
tt11609174,The Baby Pact,2022,6.1,122,5.885894239644082,6.099999904632568,6.890745319797839,28289376.5727412,6.099999904632568,621.0
tt9628392,Mayabazar 2016,2020,7.3,954,6.0274865653880845,6.950000127156576,7.445562348554146,25303492.61387616,7.300000190734863,1369.0
tt13392052,Landscape Zero,2020,8.1,19,7.213336372265705,8.100000381469727,9.542530600362944,4388240.25,8.100000381469727,963.0
tt18482800,Black Mold,2023,4.4,515,5.601605715734657,4.400000095367432,5.576132449680222,22453926.77622205,4.400000095367432,11455.666666666666
tt31830638,Cheaters,2024,4.3,177,6.222950643159742,4.6444444126553,6.444114181060963,22449168.97011252,5.425000071525574,642.0
tt11448138,Ivanna,2022,5.7,1475,5.466973934449058,5.673809460231237,6.588759895005771,23055563.78803984,5.7749998569488525,312.6666666666667
tt26331750,Vash,2023,7.9,1710,5.466973934449058,7.325000047683716,8.924807673961272,23055563.78803984,6.8,3661.6666666666665
tt3287980,Questions,2023,7.0,27,5.885894239644082,7.0,8.888923716820686,28289376.5727412,7.0,637.3333333333334
tt19269198,The Whore Next Door,2022,3.2,87,6.222950643159742,3.6999999284744254,5.0,22449168.97011252,3.200000047683716,4189.333333333333
tt12717328,Coronavirus: Patient Zero,2020,5.9,19,6.222950643159742,4.669999992847442,6.0146864924036585,22449168.97011252,4.7586207143191634,7429.0
tt30990872,Ohsama Sentai King-Ohger vs. Donbrothers,2024,6.8,37,5.728918355660729,6.300000190734863,5.0,52848120.90347222,6.800000190734863,604.3333333333334
tt32228803,Her Drunken Diary,2024,6.2,300,6.222950643159742,6.199999809265137,6.751880635106148,22449168.97011252,5.433333237965901,183.33333333333334
tt13224254,Abhijaan,2022,8.9,172,6.222950643159742,7.409999879201254,8.343331040933977,22449168.97011252,6.839999961853027,193.0
tt11783360,Inès,2021,4.9,47,6.222950643159742,5.400000095367432,5.937365750827564,22449168.97011252,5.400000095367432,721.0
tt7435316,The Glorias,2020,6.0,4048,6.647373881526953,6.0,7.089047247707057,24261086.741433825,6.0,672.6666666666666
tt9845564,Below Zero,2021,6.2,22212,5.852861182759806,6.078571319580078,6.710286248013525,47074492.73881045,6.199999809265137,5452.666666666667
tt13986070,Free Way (Camí Lliure),2020,7.9,10,7.213336372265705,7.900000095367432,5.0,4388240.25,7.900000095367432,770.0
tt12776394,I'ma Reck,2020,7.4,14,5.885894239644082,7.650000214576721,8.607191024024079,28289376.5727412,7.650000214576721,4936.0
tt22507760,High School Serenade,2023,6.9,170,6.15363591029188,6.835714328856695,7.604986157316383,21709165.710378148,6.5,356.0
tt21379366,Mountain Onion,2022,6.9,73,6.054422441401912,6.900000095367432,7.87716356856316,25369272.771426857,6.900000095367432,4522.0
tt25134664,Dear Death,2022,7.6,18,6.222950643159742,7.599999904632568,8.228133375277666,22449168.97011252,7.599999904632568,186.0
tt19775744,Loving A Younger Man,2022,4.0,8,6.222950643159742,4.0,5.0,22449168.97011252,4.0,4141.0
tt33095240,Tikdam,2024,7.7,441,6.222950643159742,7.699999809265137,8.946474320771172,22449168.97011252,7.699999809265137,353.0
tt12960052,Lord of Shanghai II,2020,4.6,22,6.222950643159742,4.883333285649617,6.018359758478151,22449168.97011252,4.599999904632568,553.3333333333334
tt32523329,Kaliachak: Chapter1,2024,7.3,124,5.606572668611012,7.300000190734863,8.704257473050593,28614196.00792752,7.800000190734863,738.0
tt24764602,The Secret Weapon,2021,6.4,39,5.975934499410236,5.0,6.704256392192985,37648644.93679237,6.400000095367432,833.3333333333334
tt32298593,Hokwerda's Child,2024,6.0,46,6.222950643159742,6.0,6.920529459225164,22449168.97011252,6.0,9333.333333333334
tt8681370,The Alliance,2020,5.3,52,5.851266584510579,5.300000190734863,6.794270847873181,39010026.60112348,5.300000190734863,884.6666666666666
tt7980536,Adrift,2022,5.9,12,5.606572668611012,5.857142857142858,6.533788181401948,28614196.00792752,6.5,316.0
tt9530586,Cult of Nightmares,2020,5.8,47,5.149037773699843,5.800000190734863,6.755806911649266,36771969.687535286,5.800000190734863,15333.333333333334
tt31116111,What a Feeling,2024,6.5,232,5.885894239644082,6.5,7.409196145065238,28289376.5727412,6.5,1442.3333333333333
tt15046568,Back Then,2021,6.5,895,6.054422441401912,6.349999904632568,6.781498182419719,25369272.771426857,6.349999904632568,431.0
tt15158530,Dark Room,2021,6.8,68,6.222950643159742,6.800000190734863,7.864553588628045,22449168.97011252,6.800000190734863,4045.6666666666665
tt23867462,Stuck with You,2022,5.5,554,5.985107708534049,5.5,6.199789568576695,24629269.511692487,5.450000047683716,4169.666666666667
tt31557623,Honeko Akabane's Bodyguards,2024,5.9,41,5.899711257576276,5.900000095367432,6.993828464085463,34035553.3089524,5.700000047683716,734.3333333333334
tt6463622,My Hero the Hitman,2022,8.0,7,7.213336372265705,8.0,5.0,4388240.25,8.0,5230.666666666667
tt25177738,Abandoned Creatures,2022,8.0,10,5.665962463509227,8.0,5.0,48234343.01473156,8.0,3073.6666666666665
tt33362833,Monkey on a Stick,2024,6.9,49,7.213336372265705,5.0,5.0,4388240.25,5.950000047683716,51.0
tt26918664,The Glorious My Revenge,2023,4.5,45,6.222950643159742,5.0,5.279993993335665,22449168.97011252,4.5,632.0
tt28444644,Don't Break Me,2023,4.9,644,5.885894239644082,5.666666666666667,6.4925648575811135,28289376.5727412,4.650000095367432,10000.0
tt15108954,Spiritwalker,2020,6.2,2267,5.793146173524334,6.199999809265137,7.218013131137529,41945826.95785903,6.199999809265137,8443.666666666666
tt10442096,The Barn Part II,2022,5.3,506,4.975293835433215,5.300000190734863,5.6444841451912975,16298415.350626118,5.300000190734863,4729.666666666667
tt18092672,Gold Run,2022,6.6,3386,6.065400021873131,6.311111026340061,6.937542317847251,23905713.571914986,5.699999968210856,634.6666666666666
tt10728214,Songs for a Sloth,2021,5.8,104,6.289821273509415,5.800000190734863,7.033860506857006,22354999.524447173,5.800000190734863,383.0
tt21210720,Muoi: The Curse Returns,2022,4.6,183,5.672433259298636,4.599999904632568,6.228950832037132,21000554.77543484,4.599999904632568,395.0
tt16250658,Hvidstengruppen II - De efterladte,2022,6.6,574,6.294813698504193,5.549999952316284,7.228804736467183,21551472.35390872,7.25,16897.666666666668
tt8985390,Sweet Taste of Souls,2020,3.3,147,5.471110456551183,3.299999952316284,4.998566311218737,31215963.77436421,3.299999952316284,7537.0
tt20565932,Last Shadow at First Light,2023,6.0,124,6.222950643159742,6.0,6.682522775412923,22449168.97011252,6.0,732.0
tt12077086,Tsoi,2020,4.8,337,6.222950643159742,4.883333484331767,6.028417084552698,22449168.97011252,4.800000190734863,2519.3333333333335
tt33320245,Vile & Miserable,2024,6.9,79,5.885894239644082,6.900000095367432,7.757739550241872,28289376.5727412,6.900000095367432,485.6666666666667
tt20834762,Manyunya v kino,2022,7.1,124,5.9750616150512,6.327500029404958,7.379834402315831,46454188.20811352,6.599999904632568,6185.666666666667
tt9010626,Ricochet,2020,6.0,147,6.222950643159742,6.0,6.82645070063241,22449168.97011252,4.950000047683716,3908.6666666666665
tt17519490,Stranger Next Door,2022,5.2,177,5.606572668611012,6.521428619112287,6.730179752256214,28614196.00792752,5.533333381017049,646.3333333333334
tt26675777,Sammy Slick: Vampire Slayer,2023,2.9,149,4.975293835433215,3.8400000095367433,5.205648553877784,16298415.350626118,4.320000028610229,407.0
tt15444618,Nebe,2021,8.0,32,7.213336372265705,8.0,5.0,4388240.25,8.0,430.0
tt4034028,Grace of the Father,2023,6.2,47,6.203095434705503,6.199999809265137,6.935719415638867,35159466.00376374,6.199999809265137,688.0
tt29579044,FAQ,2023,7.1,40,6.034567232947673,7.099999904632568,7.216035577183034,38079569.80507808,7.099999904632568,2193.6666666666665
tt22648432,Pyotr I. Posledniy tsar i pervyy imperator,2022,5.7,97,6.8595855007105575,6.213888777626885,6.40368531527834,25167045.62709448,5.899999936421712,124.0
tt11058214,Fires in the Dark,2020,7.0,49,6.502852952026574,6.524999976158142,7.305257949556726,24468268.645484067,7.0,1758.0
tt18079112,Naked Fist,2021,4.4,12,5.728918355660729,4.350000143051148,4.777339876835943,52848120.90347222,4.400000095367432,59.0
tt11768018,Day Zero,2020,6.1,1381,5.852813889143827,6.099999904632568,5.777872765707601,34637161.96050409,6.099999904632568,288.3333333333333
tt16341216,Arekalar,2022,3.1,27,4.975293835433215,3.0999999046325684,5.0,16298415.350626118,3.0999999046325684,4537.333333333333
tt27158093,Arthur's Whisky,2024,4.6,890,5.885894239644082,4.599999904632568,5.958553211838636,28289376.5727412,6.049999952316284,386.3333333333333
tt10384472,Amityville Vibrator,2020,3.8,228,5.430594037538649,3.799999952316284,5.079332876550578,22293895.961683657,3.799999952316284,830.6666666666666
tt28662969,Dottern bakom järnridån,2022,9.1,17,7.213336372265705,9.100000381469728,5.0,4388240.25,9.100000381469728,14.0
tt8115794,Occultus,2020,5.3,9,6.231488278951443,5.0,7.023072606415358,22210835.53493836,5.300000190734863,38.666666666666664
tt12444430,Rascal,2020,5.8,246,5.914761655885377,6.300000190734863,6.896743737384488,25531682.48902002,5.800000190734863,4788.0
tt27626564,Chaar Lugaai,2023,7.3,1646,5.819055299302949,7.6000001430511475,7.507340542013355,24254080.005565863,7.900000095367432,447.0
tt21819994,Christopher,2023,5.9,3540,5.975161270726967,4.600000083446503,7.282216459102756,33489740.724119827,4.800000071525574,5333.333333333333
tt13017740,De Caperucita a loba,2023,4.7,316,5.885894239644082,5.171428544180734,5.711350612644355,28289376.5727412,4.999999940395355,266.3333333333333
tt31215118,"Rylan: Homophobia, Football & Me",2024,5.5,24,6.913804122380251,5.0,5.0,14224083.959745765,6.333333333333333,10547.333333333334
tt14733130,Christmas at the Frat House,2023,5.7,11,6.222950643159742,5.699999809265137,7.140252014273691,22449168.97011252,7.0,498.6666666666667
tt13781794,Bye2,2020,8.1,99,6.15363591029188,8.100000381469727,5.0,21709165.710378148,5.433333396911621,410.3333333333333
tt8649490,The Imaginary State,2020,9.3,13,5.914761655885377,9.300000190734863,10.888776217054916,25531682.48902002,9.300000190734863,646.0
tt10275546,Aelay,2021,7.0,794,6.054422441401912,6.625,7.595545582059028,25369272.771426857,7.150000095367432,8970.666666666666
tt21105702,Kadin Kafasi,2024,3.5,27,5.985107708534049,3.933333317438761,5.416105437168106,24629269.511692487,2.633333365122477,808.6666666666666
tt26738153,Ibbani Tabbida Ileyali,2024,7.4,842,6.15363591029188,7.400000095367432,8.36756538762884,21709165.710378148,7.400000095367432,95.0
tt27671644,Aichaku,2024,9.1,25,6.222950643159742,9.100000381469728,9.29479445348852,22449168.97011252,9.100000381469728,56.0
tt16149652,UmroAyyar - A New Beginning,2024,6.9,675,5.627721644412174,6.900000095367432,8.444707663179827,52942974.9641519,6.900000095367432,309.3333333333333
tt24169886,The Instigators,2024,6.2,37881,5.862809136221746,6.199999809265137,7.489921063979211,35436476.59166272,5.979999923706055,462.0
tt21979910,The Passenger,2023,6.4,10518,5.914761655885377,6.399999936421712,6.73407271530583,25531682.48902002,5.850000143051148,4694.333333333333
tt32600135,Operation War Thunder,2024,5.3,117,5.604337975805276,5.300000190734863,5.0,42767450.29859282,5.300000190734863,12547.333333333334
tt14839424,Made on the Rooftop,2020,5.7,108,6.064388686742614,5.0,6.905625506507255,23902569.33116583,6.5,10318.0
tt28248060,Sneaking Around,2024,8.7,22,6.064388686742614,8.699999809265137,6.95014313582922,23902569.33116583,8.699999809265137,629.3333333333334
tt1194153,Pennhurst,2023,6.3,15,7.213336372265705,5.0,5.0,4388240.25,6.300000190734863,270.3333333333333
tt33502349,Caught in the Crossfire,2024,6.1,12,6.222950643159742,5.8999998569488525,7.203910921746579,22449168.97011252,6.099999904632568,9212.666666666666
tt26258634,7:11 PM,2023,5.5,7513,5.55275757874607,5.5,6.847191282890589,46235946.978614725,5.5,1335.0
tt35674714,Jay Bhim Panther - Ek Sangharsh,2025,5.3,143,6.222950643159742,5.475000023841858,8.011186839700741,22449168.97011252,4.150000095367432,254.66666666666666
tt7947604,In from the Side,2022,6.7,8169,6.307181231026185,6.699999809265137,6.629325468732825,22492753.03008261,6.699999809265137,470.3333333333333
tt8179470,Looks That Kill,2020,6.3,5880,6.064388686742614,6.300000190734863,6.968206662455834,23902569.33116583,6.300000190734863,3231.6666666666665
tt9893158,Clowning,2022,5.3,98,6.028967995392224,5.300000190734863,5.84522362845608,23070547.37470926,5.300000190734863,375.0
tt18264266,Eyes on Fire,2022,4.9,582,6.222950643159742,5.059999974568685,5.49000493077454,22449168.97011252,4.924999952316284,220.33333333333334
tt12539228,Do Not Open,2024,2.6,263,5.601605715734657,2.5999999046325684,4.83124250270883,22453926.77622205,2.5999999046325684,508.0
tt13074322,The Gulf of Silence,2020,4.5,1512,6.268059042116088,4.5,6.356853410291161,30816882.137222223,4.5,3804.6666666666665
tt14577884,Chivalrous,2020,6.6,83,5.843757622433792,6.599999904632568,7.087258086121508,55969352.4893617,6.599999904632568,726.3333333333334
tt27803018,Bhaichara,2023,6.7,9,6.0450364083572445,6.699999809265137,7.908827688097367,41055684.30366657,6.699999809265137,3895.0
tt21959076,"Tina Anselmi, Una vita per la democrazia",2023,6.4,40,6.936415740527709,5.850000143051148,7.187681707627492,23846722.933333334,6.400000095367432,569.6666666666666
tt21959076,"Tina Anselmi, Una vita per la democrazia",2023,6.4,40,6.936415740527709,5.850000143051148,7.187681707627492,23846722.933333334,6.400000095367432,569.6666666666666
tt27722620,Rehragout-Rendezvous,2023,6.4,1123,5.929754526502256,6.477777851952447,7.365461519430176,26730654.43575797,6.566666762034099,4829.666666666667
tt27722620,Rehragout-Rendezvous,2023,6.4,1123,5.929754526502256,6.477777851952447,7.365461519430176,26730654.43575797,6.566666762034099,4829.666666666667
tt26448330,Madaari (The Monkey Dance),2023,8.0,35,5.97361481336043,8.0,7.991896991682431,25171932.29877474,8.0,857.0
tt15380686,Valley of the Shadow: The Spiritual Value of Horror,2021,8.0,7,7.213336372265705,7.174999952316284,5.173478620697264,4388240.25,7.799999952316284,312.6666666666667
tt15670208,Mexican Gangster 2: Venganza,2023,3.5,7,5.728918355660729,2.899999976158142,4.939840683945581,52848120.90347222,3.1599999904632567,123.0
tt4058618,The Thicket,2024,5.8,3164,6.020728622821193,5.800000190734863,6.802041733772147,20746000.124351308,5.800000190734863,845.0
tt16141834,Jasper,2022,9.1,135,6.222950643159742,9.100000381469728,7.496174468437663,22449168.97011252,9.100000381469728,11806.0
tt16141834,Jasper,2022,9.1,135,6.222950643159742,9.100000381469728,7.496174468437663,22449168.97011252,9.100000381469728,11806.0
tt23854314,Terror Train 2,2022,4.6,582,5.397174567368082,4.666666666666667,5.248811653612091,20276247.67809599,4.599999904632568,645.3333333333334
tt29083919,Sangrand,2024,9.0,14,6.222950643159742,6.849999952316284,8.359811243898443,22449168.97011252,7.633333325386047,174.66666666666666
tt27571371,Malli Pelli,2023,5.8,2666,6.15363591029188,5.950000047683716,7.0656964369587305,21709165.710378148,5.800000031789144,3102.0
tt11765480,Secrets of A Side Chick,2022,8.0,12,6.222950643159742,8.0,8.345930289121078,22449168.97011252,7.549999952316284,4194.333333333333
tt24066788,Carrie and Superkola,2023,5.9,9,6.3324965625550425,5.0,6.537612599682136,65012910.43772242,5.900000095367432,14.333333333333334
tt13895146,Gotakhor,2022,4.7,58,5.934379375043728,7.0,7.649565589523848,25411765.758938257,7.0,475.6666666666667
tt21059058,Argu,2021,6.7,8,6.222950643159742,6.699999809265137,7.657004006098395,22449168.97011252,6.699999809265137,361.0
tt28755186,Stranger Minds,2023,4.8,10,5.322781711966471,4.800000190734863,5.0,57245524.024444446,4.800000190734863,503.0
tt11268742,The Ultimate Playlist of Noise,2021,6.6,1130,6.289821273509415,6.599999904632568,7.442833271688765,22354999.524447173,6.599999904632568,708.0
tt27612422,Fanfic,2023,5.8,1385,6.222950643159742,5.666666746139526,6.748782882765343,22449168.97011252,5.450000047683716,512.3333333333334
tt29719240,Popaat,2023,7.9,8,6.183240226251263,7.6000001430511475,8.934242367446775,47869763.03741497,8.46666669845581,761.3333333333334
tt35322137,Hacia un Lugar Que No Es Aquí,2024,8.0,5,6.222950643159742,8.0,8.440097702753723,22449168.97011252,8.0,13563.333333333334
tt8356450,The United States of Insanity,2021,7.0,327,6.970123683505946,7.0,7.681519269890487,14853805.404607048,6.883333365122477,809.0
tt36363838,Mana Iddari Prema Katha,2025,9.3,1509,6.222950643159742,9.300000190734863,5.0,22449168.97011252,9.300000190734863,1884.6666666666667
tt26543806,Tavuri,2023,7.3,32,7.213336372265705,6.350000143051148,5.0,4388240.25,6.350000143051148,367.6666666666667
tt15485210,Cinephilia,2021,6.4,129,5.885894239644082,6.549999952316284,7.413852442844218,28289376.5727412,6.549999952316284,789.6666666666666
tt34745912,Mavr,2024,7.1,7,5.728918355660729,6.577777756585015,7.486664410762557,52848120.90347222,6.577777756585015,7651.0
tt26670500,Peppa Pig: The Movie,2023,6.9,24,6.097361703018362,7.175000071525574,7.96405686719142,32869436.19342289,7.283333381017049,794.0
tt32640048,Ricomincio da TAAAC,2024,5.6,281,5.885894239644082,6.338888830608792,6.525277907619157,28289376.5727412,6.233333269755046,4316.0
tt21990264,El Tirabeque,2022,4.6,19,5.885894239644082,4.599999904632568,5.574596415558838,28289376.5727412,4.599999904632568,808.0
tt12638544,A Sigmund Weinberg Docu-commentary,2020,6.8,11,7.074876056396708,6.800000190734863,5.0,14117481.591666669,6.800000190734863,886.6666666666666
tt12638544,A Sigmund Weinberg Docu-commentary,2020,6.8,11,7.074876056396708,6.800000190734863,5.0,14117481.591666669,6.800000190734863,886.6666666666666
tt21619566,Misfit: The Switch,2022,5.3,66,6.222950643159742,5.566666788525051,6.17575308554362,22449168.97011252,4.74999996026357,4325.333333333333
tt15170424,I Write My Life,2021,4.6,13,6.222950643159742,5.0,5.532747855205041,22449168.97011252,4.999999931880406,627.0
tt13386672,Nosotras tambien estuvimos,2020,5.4,10,6.790006563057174,5.0,5.0,12521007.99385246,5.400000095367432,840.6666666666666
tt25385756,Macha Do Bawandar Macha Do,2022,7.4,10,6.614271872494797,5.0,5.0,24059927.66949153,7.400000095367432,334.0
tt11272898,Let It Snow,2020,4.4,1933,5.290933252022113,4.675000071525574,5.679432276650367,22456305.679276817,6.00000015894572,4965.666666666667
tt14495194,Luccas Neto em: Duas Babás Muito Esquisitas,2021,3.2,53,5.885894239644082,3.899999993188041,4.177550997629577,28289376.5727412,3.563636367971247,4135.333333333333
tt6842770,Wild Mountain Thyme,2020,5.8,13074,6.064388686742614,5.800000190734863,7.567733577703971,23902569.33116583,5.800000190734863,3448.6666666666665
tt31158596,Kuyang,2024,5.2,477,5.601605715734657,5.735714185805548,6.787620293602509,22453926.77622205,5.049999952316284,223.66666666666666
tt14598638,The Warriorr,2022,4.8,2036,5.975161270726967,5.346154005099566,6.532524900703963,33489740.724119827,4.800000190734863,121.0
tt15313050,Sandboy,2022,9.1,13,7.213336372265705,9.100000381469728,5.0,4388240.25,8.700000127156576,147.66666666666666
tt14001846,Malice: Nu Gui,2023,7.7,43,4.975293835433215,7.699999809265137,5.0,16298415.350626118,7.699999809265137,5182.666666666667
tt12740648,Suicide Forest Village,2021,5.2,952,5.672433259298636,5.112500011920929,6.914166064475695,21000554.77543484,5.166666666666667,5597.666666666667
tt15482234,"Zai jian, le yuan",2021,5.0,10,6.222950643159742,5.0,5.0,22449168.97011252,5.0,78.66666666666667
tt18934038,Karungaapiyam,2023,4.9,1379,5.290933252022113,4.800000031789144,6.47903993922364,22456305.679276817,4.800000031789144,181.66666666666666
tt20765818,Jaladhara Pumpset Since 1962,2023,4.6,251,5.885894239644082,4.599999904632568,7.150158125186694,28289376.5727412,4.599999904632568,330.0
tt13582180,Posibilidades AKA Street Savages,2020,2.2,26,5.975934499410236,3.199999988079071,3.5811938195904465,37648644.93679237,2.5333333611488342,67.33333333333333
tt13602526,Her Deadly Boyfriend,2021,5.2,191,5.934379375043728,5.094444327884251,5.610411375110621,25411765.758938257,4.75,449.3333333333333
tt28658276,The 4:30 Movie,2024,6.0,3778,5.885894239644082,5.233333269755046,6.594700378669017,28289376.5727412,5.233333269755046,4779.333333333333
tt16991146,Posso entrare? An ode to Naples,2023,7.5,41,7.213336372265705,7.5,7.074981758866712,4388240.25,7.5,575.0
tt12097234,4 Amigas Numa Fria,2022,5.7,36,5.885894239644082,5.633333179685805,6.578535405981738,28289376.5727412,5.699999968210856,879.6666666666666
tt13863374,Death Park: The End,2021,6.0,34,4.975293835433215,5.4799998760223385,5.853502756992413,16298415.350626118,5.4799998760223385,13000.0
tt11347394,Huey,2021,5.8,109,5.601605715734657,7.150000095367432,6.726088117580396,22453926.77622205,7.150000095367432,690.3333333333334
tt11347394,Huey,2021,5.8,109,5.601605715734657,7.150000095367432,6.726088117580396,22453926.77622205,7.150000095367432,690.3333333333334
tt30972984,Shrek Crack,2024,5.3,14,5.885894239644082,5.166666825612387,6.136907919013856,28289376.5727412,5.475000143051148,469.6666666666667
tt31810023,Incision,2024,8.6,35,5.606572668611012,8.600000381469727,7.582532804646118,28614196.00792752,7.100000143051148,797.6666666666666
tt12087978,"Pandemic: The People, the Conspiracy, the Journey",2020,5.4,126,6.718143507712724,5.400000095367432,5.0,13418704.61005626,5.400000095367432,1409.0
tt16435398,40 Days to Learn Film,2020,7.9,15,7.213336372265705,7.066666682561238,8.766712942013461,4388240.25,6.774999976158142,4800.0
tt31227740,Odyssey,2025,7.1,21,5.914761655885377,7.099999904632568,7.269278900483101,25531682.48902002,7.099999904632568,1240.6666666666667
tt19351904,LehmberGinni,2023,5.9,2284,5.885894239644082,5.900000095367432,6.884354900108981,28289376.5727412,7.200000047683716,482.3333333333333
tt15483596,Jo and Jo,2022,7.1,2489,6.054422441401912,6.049999952316284,6.922640558408564,25369272.771426857,6.3666666348775225,24.666666666666668
tt16160544,A Nice Jewish Boy,2024,6.2,313,5.885894239644082,5.991666555404663,6.8466868949762345,28289376.5727412,6.199999809265137,680.6666666666666
tt23842216,Heidi's Nightmare,2022,7.7,12,7.213336372265705,7.699999809265137,8.196395637203585,4388240.25,7.699999809265137,160.0
tt15241758,Hounded,2022,5.1,1820,5.436928286568318,3.799999952316284,5.517565632639546,32586910.75400862,5.099999904632568,6357.0
tt15258860,Kutte Fail,2021,6.1,54,5.430594037538649,5.879166603088379,7.749269651925964,22293895.961683657,6.099999904632568,16496.666666666668
tt14562284,My Goal football,2021,5.6,15,6.222950643159742,7.283333460489909,8.419487983025176,22449168.97011252,6.870000123977661,558.0
tt33397897,Un funeral de locos,2025,5.8,113,5.885894239644082,5.200000047683716,6.332012412051023,28289376.5727412,5.800000190734863,226.33333333333334
tt13793230,Jaadugar,2022,6.8,11935,5.980103249471049,7.0,7.283848887556659,33157941.83579757,6.800000190734863,12000.0
tt25809694,The Very Last Christmas,2024,8.5,12,5.935973126026243,8.5,10.332869042271112,46166904.96258971,8.5,4333.333333333333
tt25809694,The Very Last Christmas,2024,8.5,12,5.935973126026243,8.5,10.332869042271112,46166904.96258971,8.5,4333.333333333333
tt28680165,Mora,2023,5.8,5,6.222950643159742,5.800000190734863,6.207339015631511,22449168.97011252,5.800000190734863,13000.0
tt14972090,Weredeer,2022,4.9,97,5.430594037538649,5.964444541931152,7.300607390266503,22293895.961683657,4.900000095367432,418.6666666666667
tt13946626,Sher Gujjar,2022,7.9,35,5.728918355660729,8.175000071525574,9.567989976014168,52848120.90347222,7.900000095367432,103.0
tt16296224,Kapan Pindah Rumah,2021,7.1,66,6.203095434705503,7.099999904632568,7.791479909712404,35159466.00376374,7.346153882833628,2193.0
tt32063050,Bridget Jones: Mad About the Boy,2025,6.6,22404,6.064388686742614,6.599999904632568,7.78418648930686,23902569.33116583,6.849999904632568,1515.3333333333333
tt15535428,The Cursed Sanctuary X,2021,5.1,53,4.975293835433215,5.979999923706055,6.671247861292772,16298415.350626118,5.979999923706055,434.6666666666667
tt11612202,Culprit,2021,7.8,16,5.975161270726967,7.800000190734863,9.40629090885578,33489740.724119827,7.800000190734863,6453.333333333333
tt34383579,Dogs of War,2024,7.1,44,7.213336372265705,5.0,5.0,4388240.25,6.6499998569488525,700.0
tt32324638,Akkada Varu Ikkada Unnaru,2024,9.1,1033,4.975293835433215,5.0,5.0,16298415.350626118,9.100000381469728,12278.333333333334
tt26422301,Ms. Apocalypse,2023,7.1,19,5.882859537024568,5.0,7.696193138471589,25105814.9945353,7.099999904632568,3930.0
tt16549134,Legacy,2022,4.8,158,5.852813889143827,6.233333269755046,5.445332193612339,34637161.96050409,6.0,4011.3333333333335
tt16427266,Justice for Lizzie,2022,4.6,31,5.882859537024568,4.599999904632568,5.29199239078556,25105814.9945353,4.799999952316284,323.6666666666667
tt10358198,The Dinner Party,2020,4.2,7926,5.290933252022113,4.74999992052714,5.742719585816454,22456305.679276817,5.3666666348775225,3243.6666666666665
tt17071282,Murders in the Snowy Minisote,2022,8.9,11,5.97361481336043,8.674999952316284,9.982545977524232,25171932.29877474,8.966666539510092,447.3333333333333
tt33063024,Outsiderz: No Way Out,2024,9.6,24,6.222950643159742,9.600000381469728,5.0,22449168.97011252,9.600000381469728,969.6666666666666
tt33096873,"Sofa, So Good",2024,6.3,15,5.885894239644082,6.300000190734863,5.0,28289376.5727412,6.300000190734863,841.0
tt18765442,Drunken Master Su Qier,2021,5.0,46,5.9239454740972,5.0,6.604464720272723,44302622.476455726,5.0,611.3333333333334
tt32288784,Satya,2024,6.6,1097,6.222950643159742,6.100000063578288,7.616068197147058,22449168.97011252,6.100000063578288,546.6666666666666
tt32589808,Dark World,2024,4.9,15,5.76970194587739,5.660000038146973,6.457276328170393,35544749.73672483,5.400000095367432,574.0
tt11854240,Appunti di un venditore di donne,2021,6.3,443,5.914761655885377,6.300000190734863,6.914844345664185,25531682.48902002,6.300000190734863,559.6666666666666
tt16499456,Beej,2021,7.5,13,6.222950643159742,7.5,9.20676359630766,22449168.97011252,7.5,1198.3333333333333
tt30825732,Maia - Portret cu mâini,2024,7.9,16,7.213336372265705,7.900000095367432,9.488658922388582,4388240.25,7.900000095367432,139.0
tt19287686,A Whole Life,2023,7.0,1095,6.222950643159742,6.674999952316284,7.228340737084784,22449168.97011252,6.299999952316284,313.6666666666667
tt34538577,Higher than Acidic Clouds,2024,6.2,18,6.222950643159742,6.666666507720947,5.0,22449168.97011252,6.666666507720947,744.6666666666666
tt21281394,100 Dresses,2022,7.4,22,4.975293835433215,7.400000095367432,5.0,16298415.350626118,7.400000095367432,510.0
tt30990943,The Sun of That Moon,2021,5.9,24,6.222950643159742,5.100000143051148,6.349126090266492,22449168.97011252,5.900000095367432,1841.6666666666667
tt14809344,Greet Your Demons,2025,8.9,21,5.676569781400761,5.277777724795872,7.354841491559751,29160954.76175921,5.671428510120937,180.33333333333334
tt28497863,The Martin Decker Show,2023,8.6,11,5.885894239644082,7.6500002543131504,9.069894348537344,28289376.5727412,8.600000381469727,8585.333333333334
tt14978720,Are We Monsters,2021,5.2,556,6.027207754384532,5.199999809265137,6.102839984795544,35592224.46732576,5.199999809265137,865.0
tt10407924,Dissonantes,2022,6.1,48,5.885894239644082,6.099999904632568,7.180173958231636,28289376.5727412,6.6499998569488525,659.0
tt9614452,The Big Bull,2021,5.6,16908,6.377660399015961,6.073809430712745,7.158974705612586,23822608.067406863,5.3999998569488525,458.0
tt19113886,Shadows in the Mirror,2022,8.1,9,6.15363591029188,8.100000381469727,8.51467952262928,21709165.710378148,8.100000381469727,799.3333333333334
tt19397086,Kaya Palat,2024,9.1,552,5.606572668611012,7.353703746089228,8.157064556650464,28614196.00792752,6.870000123977661,9333.333333333334
tt10904808,Krime Story,2022,3.6,305,6.0274865653880845,3.722222155994839,5.618931544198461,25303492.61387616,3.599999964237213,286.3333333333333
tt15128090,Freddie Mercury: A Life in Ten Pictures,2021,7.5,19,7.213336372265705,5.0,5.0,4388240.25,7.5,1576.6666666666667
tt2702920,The Secret Garden,2020,5.6,10596,6.079218578340108,6.299999952316284,7.126770979258515,39684737.32402217,5.599999904632568,1923.0
tt18362536,A Heart for Christmas,2024,7.5,103,6.15363591029188,7.5,7.321326588986446,21709165.710378148,7.5,5502.0
tt17080850,The Hedgehog,2024,6.6,676,6.097361703018362,6.516666571299235,6.970456966331378,32869436.19342289,6.599999904632568,383.6666666666667
tt14368644,Wirecard,2021,5.8,106,6.222950643159742,5.800000190734863,6.754931041189751,22449168.97011252,5.800000190734863,526.3333333333334
tt10546394,Elehiya,2022,4.4,8,6.222950643159742,4.600000023841858,5.333347551663125,22449168.97011252,4.400000095367432,4270.0
tt11703244,The Blackening,2022,6.0,22336,5.560081124793416,6.0,6.473170909880291,22947290.64297773,5.6333333651224775,623.0
tt22042742,Christmas Bloody Christmas,2022,5.1,6386,5.430594037538649,5.6499998569488525,5.941681908387319,22293895.961683657,5.6499998569488525,836.3333333333334
tt34388875,The Mirage,2024,8.9,10,5.975934499410236,8.899999618530273,10.323576627842463,37648644.93679237,8.899999618530273,792.6666666666666
tt33860190,Romina Smile,2024,5.7,13,6.222950643159742,5.699999809265137,6.454557036567955,22449168.97011252,5.699999809265137,4742.0
tt13973500,The Redneg,2021,1.8,169,5.935973126026243,1.7999999523162842,1.829637819125212,46166904.96258971,3.6999999284744254,504.6666666666667
tt15360286,Bhagwan Bharose,2023,6.8,656,6.054422441401912,6.800000190734863,7.531922117251881,25369272.771426857,6.800000190734863,12666.666666666666
tt15360286,Bhagwan Bharose,2023,6.8,656,6.054422441401912,6.800000190734863,7.531922117251881,25369272.771426857,6.800000190734863,12000.0
tt14296268,2gether: The Movie,2021,6.6,2371,6.043935804419975,6.599999904632568,7.225443721955696,21791945.0691985,6.516666571299235,12322.666666666666
tt18954030,Jannat House,2020,8.0,15,5.728918355660729,5.0,5.0,52848120.90347222,8.0,3950.0
tt12996842,Lo que tenemos,2020,5.7,9,6.222950643159742,5.56666652361552,7.083502407768648,22449168.97011252,5.699999809265137,328.3333333333333
tt21872072,The Darkening Hour,2024,3.3,20,5.606572668611012,3.299999952316284,4.8723831963965845,28614196.00792752,3.299999952316284,1084.6666666666667
tt11399362,Innamorarsi a Mountain View,2020,6.3,851,6.084321177424017,6.075000087420145,6.743276608474111,20969162.450643778,5.95714282989502,1598.0
tt21236048,Five Blind Dates,2024,5.1,1982,5.985107708534049,5.200000047683716,6.229134762979669,24629269.511692487,5.099999904632568,536.3333333333334
tt11594696,Survival Guide,2020,3.5,66,4.975293835433215,3.5,5.0,16298415.350626118,3.5,195.33333333333334
tt22300636,Le marchand de sable,2022,6.2,139,6.222950643159742,6.474999904632568,6.987686268213876,22449168.97011252,6.199999809265137,572.3333333333334
tt23803446,Winnie-the-Pooh,2023,3.2,32,6.257868394403152,3.200000047683716,5.0,56441336.73756869,3.200000047683716,4703.333333333333
tt21328354,Mihai Viteazul: Printul Intrat In Legenda Europei,2022,7.2,54,6.222950643159742,7.199999809265137,7.997303250886954,22449168.97011252,7.199999809265137,316.3333333333333
tt7748218,The Mental State,2023,5.3,385,5.882859537024568,5.300000190734863,5.827823812969695,25105814.9945353,5.300000190734863,146.66666666666666
tt31187510,My Child Has My Doctor's Face,2024,4.9,156,6.222950643159742,5.3750001192092896,5.495614283639664,22449168.97011252,4.900000095367432,291.0
tt23549252,Henry VIII: The Tyrant King,2023,5.6,26,6.977502457895607,5.824999928474426,7.441192857756626,18240777.16806298,5.824999928474426,6393.666666666667
tt15399588,The Rust,2021,6.5,105,6.222950643159742,6.5,5.0,22449168.97011252,6.5,4716.666666666667
tt13890834,RattleSnake: The Ahanna Story,2020,5.0,156,6.222950643159742,5.0,7.058244883899385,22449168.97011252,4.450000047683716,7325.0
tt9601220,Black Bear,2020,6.5,16933,6.054422441401912,6.5,7.061602291866434,25369272.771426857,6.5,3000.0
tt23747326,Huyen Su Vua Dinh,2022,2.4,10,6.782755260893406,5.0,5.0,26487368.320855614,2.400000095367432,10699.666666666666
tt9471786,Tales of the Creeping Death,2022,6.8,40,4.975293835433215,6.100000023841858,7.746322963071154,16298415.350626118,6.100000023841858,496.3333333333333
tt27219011,Footage,2024,5.1,2417,5.606572668611012,5.399999976158142,6.187742380826009,28614196.00792752,5.099999904632568,713.3333333333334
tt20764134,The Legend of the Cane,2022,9.4,12,6.222950643159742,9.399999618530272,10.022760743508195,22449168.97011252,9.399999618530272,270.0
tt28372295,Sandeh,2024,9.5,130,6.222950643159742,9.5,9.685516561979696,22449168.97011252,9.5,11427.333333333334
tt28534557,Cantt Road: The Beginning,2023,6.6,39,5.97361481336043,6.599999904632568,8.596695173192943,25171932.29877474,6.599999904632568,42.333333333333336
tt13043184,The Stalker: Part II,2023,4.5,166,5.518493772468219,4.25,6.170506077948441,23361514.5524428,4.5,626.6666666666666
tt21415386,Ánima,2023,4.6,21,5.149037773699843,5.8999998569488525,5.441778625776168,36771969.687535286,5.933333237965901,631.3333333333334
tt11693726,Stestí je krásná vec,2020,3.8,88,5.885894239644082,3.799999952316284,5.067689986151109,28289376.5727412,3.799999952316284,732.6666666666666
tt13678246,Cordially Yours,2022,4.9,27,5.723953097317796,4.900000095367432,5.784930238631433,21306505.5398378,4.900000095367432,717.6666666666666
tt14627194,Coming to You,2021,7.7,35,7.213336372265705,7.699999809265137,5.0,4388240.25,7.699999809265137,7942.0
tt17425216,Taan,2022,6.6,494,5.914761655885377,6.622222211625841,7.248479377081269,25531682.48902002,6.75,6163.333333333333
tt28015371,Calamity Jane,2024,4.4,799,5.865620411943409,5.475000023841858,6.220298617813372,14616899.104166666,4.400000095367432,474.3333333333333
tt33318721,Nawi,2024,8.8,88,6.222950643159742,8.266666730244955,9.447377684037882,22449168.97011252,8.533333460489908,574.3333333333334
tt11997258,Tonkatsu DJ Agetaro,2020,6.0,93,6.323256588684252,5.900000095367432,6.833106813204182,22307914.8016145,5.700000047683716,822.3333333333334
tt16760194,Ladybitch,2022,6.2,36,6.054422441401912,6.199999809265137,6.958030276084969,25369272.771426857,6.199999809265137,730.0
tt13468602,The Lair,2022,4.6,6272,5.342331301020138,4.908333321412405,5.034848933957119,42130686.759514265,5.149999976158142,579.3333333333334
tt9314984,The Power,2021,5.5,6120,5.466973934449058,5.5,6.415686504060662,23055563.78803984,5.5,1666.6666666666667
tt19352636,Stewart,2022,7.4,273,6.921341328429404,7.400000095367432,9.158169357012552,17431630.284274954,7.400000095367432,2274.3333333333335
tt32858073,Neither Day nor Night,2024,6.8,13,6.222950643159742,7.125000238418579,7.857163183148409,22449168.97011252,6.800000190734863,267.6666666666667
tt30295131,Retaliation,2023,9.6,11,6.222950643159742,9.600000381469728,11.131799923534224,22449168.97011252,9.600000381469728,923.3333333333334
tt20117176,The Monster Mash,2022,4.1,128,4.975293835433215,4.099999904632568,4.351017294946982,16298415.350626118,4.099999904632568,540.0
tt6644920,The Contract,2021,6.1,12,6.021002971231345,6.099999904632568,6.755200329451876,23351624.487839192,6.099999904632568,4548.0
tt29551250,Arap Kadri,2024,3.8,332,5.885894239644082,4.244444396760728,4.508562885160811,28289376.5727412,4.540000057220459,640.3333333333334
tt16899902,Jamalinte Punjiri,2024,9.1,163,5.934379375043728,9.100000381469728,7.567237106069875,25411765.758938257,9.100000381469728,1225.3333333333333
tt12976450,Polyamory for Dummies,2021,4.1,513,5.985107708534049,3.9499999284744254,5.645268860230402,24629269.511692487,3.649999976158142,7244.333333333333
tt20770648,The Undead,2023,5.3,28,5.672433259298636,5.300000190734863,6.1317976371655805,21000554.77543484,5.300000190734863,40.333333333333336
tt2222042,Love and Monsters,2020,6.9,152696,5.823620991521023,6.650000095367432,6.870921399871471,48113640.8301326,6.900000095367432,6640.0
tt5272032,"Your Friend, Memphis",2022,7.1,13,6.790900918651052,7.099999904632568,5.0,16894710.717815284,7.099999904632568,5205.333333333333
tt13049416,"Lee Duffy: Too Far, Too Soon",2020,5.5,16,7.213336372265705,5.0,6.247727278343162,4388240.25,6.150000095367432,7963.0
tt14780150,Devara Kanassu,2023,9.3,300,6.222950643159742,9.300000190734863,10.202170408880349,22449168.97011252,9.300000190734863,923.3333333333334
tt33269198,Mongrels,2024,7.2,18,6.222950643159742,7.199999809265137,5.0,22449168.97011252,7.199999809265137,599.6666666666666
tt16968762,Healed,2023,3.6,662,5.606572668611012,3.5999999046325684,4.236669611562276,28614196.00792752,3.5999999046325684,240.33333333333334
tt26347709,Different Strokes,2023,3.2,15,6.222950643159742,5.0,4.946139458199661,22449168.97011252,6.824999988079071,564.6666666666666
tt28501415,A Bag of Trouble,2023,8.6,22,5.885894239644082,8.600000381469727,8.506627909723681,28289376.5727412,8.600000381469727,527.0
tt19516696,Classico,2022,4.5,381,5.885894239644082,4.852222220102946,5.981503512844331,28289376.5727412,4.450000047683716,382.6666666666667
tt34439381,Maldives,2024,6.8,16,6.222950643159742,6.800000190734863,7.644231135312553,22449168.97011252,6.800000190734863,16974.0
tt11136594,Heaven,2020,4.9,134,6.222950643159742,4.900000095367432,5.911480355171251,22449168.97011252,5.019999980926514,46333.333333333336
tt11398152,Geographies of Solitude,2022,7.4,415,7.213336372265705,5.0,5.0,4388240.25,7.400000095367432,5992.666666666667
tt29597712,Warboy,2023,6.4,138,6.222950643159742,6.400000095367432,7.374431696717862,22449168.97011252,6.400000095367432,942.0
tt26897637,Aliens Uncovered: Origins,2023,6.9,30,7.213336372265705,8.273684175390946,9.659844144232062,4388240.25,8.273684175390946,815.3333333333334
tt5957694,Love Story in London,2021,5.6,40,6.15363591029188,5.599999904632568,6.650652972644953,21709165.710378148,5.1499998569488525,135.0
tt11861034,Mickey on the Road,2020,5.9,58,6.222950643159742,5.900000095367432,7.341647378884603,22449168.97011252,5.900000095367432,2611.3333333333335
tt11861034,Mickey on the Road,2020,5.9,58,6.222950643159742,5.900000095367432,7.341647378884603,22449168.97011252,5.900000095367432,2611.3333333333335
tt12699978,Krampus 5: The Snow Beast,2023,6.9,22,4.975293835433215,5.149999976158142,6.633665282539294,16298415.350626118,5.549999952316284,1966.0
tt18828524,Leeuwin,2023,7.2,83,6.39875604937303,6.449999809265137,7.187812214561178,35964845.35345325,7.199999809265137,15.0
tt14663150,Symbolicus Vol 1,2021,5.3,51,4.975293835433215,5.300000190734863,6.2712798538090055,16298415.350626118,5.856666723887126,3244.3333333333335
tt5971892,Unwavering Faith,2020,5.7,29,6.222950643159742,5.0,8.221782491731648,22449168.97011252,6.179999923706054,4846.333333333333
tt15467394,Paper Heart,2021,7.7,108,6.222950643159742,7.537499904632568,8.074107465430538,22449168.97011252,6.560000038146972,1507.0
tt13673110,Turvo,2021,9.1,10,6.222950643159742,9.100000381469728,11.217917805755526,22449168.97011252,9.100000381469728,217.66666666666666
tt35051084,Paul,2025,6.7,44,7.213336372265705,5.924999952316284,5.0,4388240.25,5.924999952316284,310.0
tt10375272,Men at Work: Miami,2020,5.0,854,5.885894239644082,5.712499976158142,5.834755586514479,28289376.5727412,5.6333333651224775,945.6666666666666
tt28005380,Abo Nasab,2023,5.3,805,5.885894239644082,5.650000095367432,5.917115414656726,28289376.5727412,5.200000047683716,601.3333333333334
tt35255688,I Want to Be Boss,2025,4.0,32,5.810542198256765,5.0,5.570985274640875,35994689.85576605,5.412499964237213,903.6666666666666
tt11457262,Choricha Mamla,2020,6.6,310,5.885894239644082,6.1499998569488525,8.130130392466905,28289376.5727412,6.599999904632568,879.3333333333334
tt15337896,Shadow Creek,2023,7.8,10,5.914761655885377,7.800000190734863,6.032415573409343,25531682.48902002,7.7250001430511475,793.0
tt11640412,#FriendButMarried 2,2020,6.8,404,6.348420207777178,6.6833334763844805,7.013467954626106,24861756.158729017,5.831818288022822,555.6666666666666
tt14344488,Pappur Biye,2021,6.7,143,5.885894239644082,6.699999809265137,8.263217175322742,28289376.5727412,6.75,715.0
tt15700522,The Mysterious Fox,2021,6.5,60,5.728918355660729,6.2166666984558105,6.75285170125571,52848120.90347222,6.5,822.0
tt13728764,June and Kopi,2021,6.4,687,6.034567232947673,6.557894794564499,7.402404936152399,38079569.80507808,6.400000095367432,810.3333333333334
tt1555402,Crutch,2020,5.8,31,7.213336372265705,5.0,5.0,4388240.25,5.800000190734863,690.0
tt12422064,The Haunting of the Morgan Estate,2020,6.2,91,4.975293835433215,4.133333312140571,7.197862882254463,16298415.350626118,4.133333312140571,3392.0
tt29685012,Japino,2023,5.3,381,6.222950643159742,5.597727407108653,5.85011601565656,22449168.97011252,4.700000047683716,9075.333333333334
tt15029062,The Burial,2023,6.1,67,4.975293835433215,6.099999904632568,6.31365491936262,16298415.350626118,6.099999904632568,628.0
tt5525650,The Goat Life,2024,7.1,47462,6.039500511209001,6.524999976158142,7.353622598006034,42826296.99214846,7.099999904632568,817.6666666666666
tt17522042,Aghora,2022,7.8,421,5.403379350521269,5.0,8.429149036143258,32516847.65758256,7.800000190734863,836.6666666666666
tt21210530,Memory Maze,2022,4.2,20,4.975293835433215,4.199999809265137,6.194672861812387,16298415.350626118,5.449999809265137,4002.3333333333335
tt26549040,Elon Musk: To the Limit,2023,3.5,17,7.074876056396708,3.5,5.640930825568551,14117481.591666669,3.5,438.3333333333333
tt10474784,Third World,2022,6.4,10,5.970155296009108,4.4666666984558105,5.0,44795957.9829453,4.2600000381469725,11333.333333333334
tt7798990,Jason Rising: A Friday the 13th Fan Film,2021,6.2,437,5.599122239296479,6.199999809265137,6.792934711236098,19373792.16036932,6.199999809265137,133.66666666666666
tt26423773,Madanolsavam,2023,6.5,585,6.034567232947673,6.537500023841858,7.469037470243195,38079569.80507808,6.25,1283.3333333333333
tt26423773,Madanolsavam,2023,6.5,585,6.034567232947673,6.537500023841858,7.469037470243195,38079569.80507808,6.25,1283.3333333333333
tt28610232,Changed,2022,10.0,13,7.213336372265705,10.0,11.456675020593378,4388240.25,10.0,519.3333333333334
tt28803231,Solids by the Seashore,2023,7.4,62,6.222950643159742,7.400000095367432,6.154894317166039,22449168.97011252,7.400000095367432,430.3333333333333
tt30327788,Year of the Widow,2024,6.4,87,6.222950643159742,6.266666730244954,6.86967421847084,22449168.97011252,6.700000047683716,414.0
tt12516292,Hey There!,2021,6.0,1589,5.885894239644082,6.25,6.933136161528617,28289376.5727412,6.25,538.3333333333334
tt28357778,Coming to Africa: Welcome to Ghana,2023,6.6,30,6.064388686742614,7.450000047683716,8.038743792360043,23902569.33116583,7.450000047683716,348.3333333333333
tt24133876,Scroll,2023,4.8,22,6.222950643159742,4.800000190734863,7.070010557589454,22449168.97011252,4.650000095367432,283.6666666666667
tt11290104,The Motorcycle Man,2020,8.3,11,5.819055299302949,8.322222391764322,7.920017981305589,24254080.005565863,8.300000190734863,776.3333333333334
tt33572282,Mariara,2024,5.9,11,4.975293835433215,5.900000095367432,5.0,16298415.350626118,5.900000095367432,989.3333333333334
tt28640623,Les tribunaux d'Hitler,2023,7.7,31,6.998045816579555,7.699999809265137,9.333982751214789,15437804.285427809,7.699999809265137,888.3333333333334
tt11003218,Pig,2021,6.9,98390,6.021002971231345,6.7500001192092896,7.788390801985333,23351624.487839192,6.600000143051148,297.0
tt27843459,Fortune Cookie,2023,6.5,21,6.222950643159742,5.0,7.906545563208206,22449168.97011252,6.5,382.3333333333333
tt14241340,Into Schrodinger's Box,2021,6.4,867,5.914761655885377,6.850000023841858,6.268586691191117,25531682.48902002,6.850000023841858,352.3333333333333
tt21799750,Yellow Dragon's Village,2021,5.7,148,5.642387611417895,6.449999968210856,6.989858100959593,30531901.74140362,6.550000011920929,717.3333333333334
tt15380124,Lonesome,2021,8.4,48,6.084321177424017,8.399999618530273,9.571872981909536,20969162.450643778,8.399999618530273,371.0
tt11405568,The Poltergeist Diaries,2021,3.3,747,5.672433259298636,4.016666611035665,5.085815648254408,21000554.77543484,4.016666611035665,498.3333333333333
tt20236042,Dormitory,2023,6.8,892,6.222950643159742,6.800000190734863,7.05851604051225,22449168.97011252,6.800000190734863,2264.6666666666665
tt15430628,Ride On,2023,6.3,6756,5.945921079488184,6.300000190734863,6.788118931711446,34528888.81544197,6.300000190734863,367.0
tt28710370,Infernal,2025,7.4,47,5.430594037538649,7.400000095367432,6.853810240794475,22293895.961683657,6.100000143051148,1284.6666666666667
tt6105456,The Switch,2022,6.2,32,6.222950643159742,5.733333190282186,6.8378546511469205,22449168.97011252,4.799999952316284,690.6666666666666
tt30142288,Minden Rendben,2025,7.4,90,6.222950643159742,7.5000001192092896,7.722224804459,22449168.97011252,7.400000095367432,7337.0
tt18311162,Surrogate,2022,5.5,269,4.975293835433215,5.5,6.647280841722279,16298415.350626118,5.5,126.33333333333333
tt14836894,A Journey to the Stars,2021,6.7,374,6.775343806511253,6.699999809265137,8.050170149353153,23953325.30141243,6.699999809265137,414.0
tt12286880,Shame,2024,6.9,24,5.934379375043728,6.833333428700765,7.227920549636472,25411765.758938257,6.900000095367432,1506.6666666666667
tt16235040,Praize A Thon,2021,9.2,19,5.885894239644082,7.799999952316284,8.44177358159267,28289376.5727412,7.799999952316284,699.0
tt21519398,Ganymede,2023,4.9,734,5.914761655885377,4.900000095367432,6.7473163586043,25531682.48902002,4.900000095367432,41.333333333333336
tt28370567,Deep Sky,2023,7.7,251,7.213336372265705,5.0,8.031240386577931,4388240.25,7.1499998569488525,513.6666666666666
tt15036558,Silencio,2021,8.4,10,6.222950643159742,8.399999618530273,5.0,22449168.97011252,8.399999618530273,487.0
tt16257768,Shattered Paradise,2022,4.8,6,6.222950643159742,4.800000190734863,3.958250494798775,22449168.97011252,4.800000190734863,651.0
tt15151502,Kaanagasattam,2021,8.2,20,5.606572668611012,8.199999809265137,5.0,28614196.00792752,8.199999809265137,457.6666666666667
tt33460024,Io e te dobbiamo parlare,2024,4.2,272,5.929754526502256,5.011111121707493,5.577987956342305,26730654.43575797,4.149999976158142,813.3333333333334
tt6873514,The Journeyman,2020,7.1,12,5.606572668611012,7.099999904632568,8.020007998127888,28614196.00792752,7.099999904632568,540.3333333333334
tt28490642,Uncle Roommate,2023,7.7,9,5.885894239644082,6.699999809265137,7.75651346328825,28289376.5727412,6.699999809265137,872.3333333333334
tt5518158,Mount Adams,2021,2.6,280,5.635916815628487,2.5999999046325684,4.541583002777178,57765689.98070035,2.5999999046325684,432.0
tt28834398,Redención en la Oscuridad,2024,8.9,8,5.606572668611012,7.233333110809326,5.0,28614196.00792752,8.899999618530273,3.6666666666666665
tt21347844,The Stranger I know,2022,2.6,8,6.222950643159742,2.5999999046325684,5.241182090597013,22449168.97011252,5.350000143051148,4916.0
tt31940224,The Midsummer's Voice,2024,6.1,21,6.222950643159742,6.099999904632568,6.450022539530468,22449168.97011252,6.099999904632568,431.0
tt11478014,Kishiryu Sentai Ryusoulger vs. Lupinranger vs. Patranger,2020,6.8,40,5.805477866842771,6.850000083446503,7.926045308097405,54928941.96073187,6.950000047683716,29.0
tt18298608,Bunshinsaba: Hoichi the Earless,2021,5.0,22,4.975293835433215,5.233333269755046,5.4037785097407856,16298415.350626118,5.0,592.0
tt33298777,The Senator,2024,5.7,80,5.606572668611012,5.699999809265137,5.0,28614196.00792752,5.699999809265137,44.333333333333336
tt15415140,Love Will Come Later,2021,6.9,19,7.213336372265705,6.900000095367432,5.0,4388240.25,6.900000095367432,232.0
tt35021460,Oh My Ghost: The Finale,2024,7.4,34,5.430594037538649,5.0,7.852854631915722,22293895.961683657,6.075000047683716,130.33333333333334
tt16244198,Zovi menya Drozd,2020,7.6,18,6.15363591029188,6.8749998807907104,7.0503338217610185,21709165.710378148,6.349999904632568,564.0
tt14775586,Let It Be Morning,2021,6.8,436,6.222950643159742,6.800000190734863,7.49433428688342,22449168.97011252,6.800000190734863,198.0
tt32133106,Home Court,2024,7.8,29,7.213336372265705,7.800000190734863,5.0,4388240.25,7.800000190734863,240.0
tt20674118,Munch,2023,5.7,1111,6.579683191843726,6.099999904632568,6.4157794037513325,23147945.951722927,5.733333269755046,760.3333333333334
tt15078998,Crystal Diaries,2021,7.6,17,7.213336372265705,5.0,5.0,4388240.25,7.599999904632568,8.333333333333334
tt21994906,Your Christmas or Mine?,2022,6.4,11019,5.985107708534049,6.100000143051148,6.636902023682597,24629269.511692487,6.100000143051148,537.3333333333334
tt23909406,De Zonen van Van As - De Cross,2022,7.2,78,5.885894239644082,7.199999809265137,7.704157798098261,28289376.5727412,7.199999809265137,81.33333333333333
tt28437619,Tahoe Joe 2: The Sierra Nevada Bigfoot Conspiracy,2024,4.3,248,4.975293835433215,4.685714278902326,5.553373924089937,16298415.350626118,4.756250008940697,427.0
tt10384944,Lassie Come Home,2020,5.6,713,6.087413749556421,5.8749998807907104,6.757062783865869,44507452.34057063,5.549999952316284,4168.0
tt22695882,A Pumpkin Spice Holiday,2023,5.1,10,6.13378070183764,5.099999904632568,5.0,34419462.74402937,5.099999904632568,7754.0
tt13582950,Daryn's Gym,2022,5.7,30,5.885894239644082,5.699999809265137,6.597231070314477,28289376.5727412,5.699999809265137,458.3333333333333
tt29465179,9/11: As it Happened,2023,6.8,14,7.213336372265705,5.533333420753479,6.99762121123669,4388240.25,5.533333420753479,222.33333333333334
tt11908982,Jakob's Wife,2021,5.5,4468,4.975293835433215,4.950000021192763,6.182090692581666,16298415.350626118,5.5,707.0
tt26410092,Falling for the Manny,2023,5.4,142,6.084321177424017,5.400000095367432,6.523427545573137,20969162.450643778,5.316666603088379,7793.0
tt13688748,Is Mindfulness Right for You?,2021,6.6,70,7.213336372265705,6.894031856041056,5.0,4388240.25,7.12580648545296,396.0
tt30294839,Couple in the Woods,2024,5.6,31,5.858679552626702,5.599999904632568,5.502827555910212,38512328.2686401,5.599999904632568,724.6666666666666
tt13189304,Sathiya Sodhanai,2023,5.5,186,5.885894239644082,5.5,6.147901605215456,28289376.5727412,5.5,6200.666666666667
tt13998408,Bolo Hau,2021,6.0,14,5.985107708534049,6.0,7.242655939969803,24629269.511692487,6.0,51.0
tt15430130,My Everest,2023,6.4,64,7.213336372265705,6.400000095367432,5.0,4388240.25,6.400000095367432,887.3333333333334
tt26542744,Main Raj Kapoor Ho Gaya,2023,8.9,588,6.222950643159742,8.899999618530273,9.6176494364465,22449168.97011252,8.899999618530273,699.3333333333334
tt15778438,Lübbey'in Laneti,2022,3.5,14,4.975293835433215,3.5,6.042279885026346,16298415.350626118,3.5,594.6666666666666
tt12767960,The New Normal,2020,7.0,10,5.885894239644082,6.185714244842529,7.385793690728026,28289376.5727412,7.0,573.0
tt15386456,Shikun,2024,4.9,48,6.222950643159742,5.033333381017049,6.646257230350508,22449168.97011252,5.166666666666667,241.66666666666666
tt12981586,Avenger Dogs Christmas,2020,4.1,12,6.3324965625550425,4.065957449852152,5.256428501820546,65012910.43772242,4.450000047683716,1764.3333333333333
tt30292390,The Calendar Killer,2024,5.5,4218,5.790093740985721,5.5,6.956868647188357,26893064.153351128,5.5,673.6666666666666
tt19358770,Sashenka,2022,6.5,21,5.914761655885377,5.0,4.927945889879652,25531682.48902002,6.5,588.0
tt27526510,YA - medved,2024,5.0,61,5.9750616150512,5.2600000381469725,6.453634412401061,46454188.20811352,5.950000047683716,565.3333333333334
tt12749860,Blood Bite,2020,2.9,174,4.975293835433215,5.0,4.904076812001731,16298415.350626118,2.900000095367432,421.3333333333333
tt15478308,Sem Dhul - Die Wiederkehr,2021,4.0,6,5.856050379258259,5.0,4.609350954766348,63203425.0141844,4.0,4624.666666666667
tt16354924,"Your World, Without Me",2021,4.1,8,6.15363591029188,5.0,5.630149635159583,21709165.710378148,5.266666730244954,348.0
tt33035860,The Courageous,2024,6.9,39,6.222950643159742,6.50000007947286,7.14855656967471,22449168.97011252,6.900000095367432,315.6666666666667
tt14044418,Siudy Between Worlds,2020,7.0,15,7.213336372265705,5.0,5.0,4388240.25,7.0,263.0
tt26228274,The Dream Syndicate: How Did We Find Ourselves Here?,2022,8.0,28,7.213336372265705,5.0,9.447057003013082,4388240.25,8.0,720.3333333333334
tt27991355,Cellphone,2024,3.0,727,5.672433259298636,3.0,4.16138102586124,21000554.77543484,3.0,3092.0
tt12680508,Minor Premise,2020,5.1,4900,5.717435007912408,5.549999952316284,6.46681317157254,36102963.00082816,5.099999904632568,212.33333333333334
tt28862644,The End,2023,7.0,6,6.222950643159742,7.0,5.0,22449168.97011252,7.0,701.0
tt30490854,Pulse of the Dance,2024,5.4,24,6.222950643159742,5.400000095367432,6.5317785022795904,22449168.97011252,6.100000063578288,3925.0
tt13921356,Billy Smith,2022,6.6,7,5.97361481336043,6.700000047683716,6.979305149511717,25171932.29877474,6.599999904632568,5730.333333333333
tt34949575,Love Lockdown,2025,9.5,11,6.084321177424017,8.166666706403097,9.953542590050873,20969162.450643778,6.233333349227905,5270.666666666667
tt27328934,Rapture,2023,4.9,49,6.222950643159742,5.555555635028416,6.202199228636848,22449168.97011252,4.900000095367432,861.3333333333334
tt12264824,All Jacked Up and Full of Worms,2022,4.5,380,5.430594037538649,4.5,6.578889124947759,22293895.961683657,4.5,610.6666666666666
tt12473774,Juntos e Enrolados,2022,5.4,145,5.885894239644082,4.95666667620341,6.32542827179268,28289376.5727412,5.925000160932541,23157.333333333332
tt23865964,The Dream (Bengali),2022,8.0,10,6.614271872494797,5.0,5.0,24059927.66949153,8.0,374.0
tt29632952,Broken City,2023,7.4,27,6.098282728260086,7.400000095367432,6.57582653383929,23810550.63444363,5.149999936421712,717.3333333333334
tt9472532,The Intergalactic Adventures of Max Cloud,2020,4.7,5523,5.645864769090427,4.583333174387613,5.976431863327304,46127673.83355262,4.633333206176758,434.6666666666667
tt26141000,Exodus 91,2023,7.6,14,6.222950643159742,7.349999904632568,8.667736021700131,22449168.97011252,7.599999904632568,922.0
tt27502351,Hopeless,2023,6.0,790,6.098282728260086,6.0,7.014711063756052,23810550.63444363,6.0,1182.3333333333333
tt13652286,Fight or Flight,2024,6.4,7882,5.807406297652405,6.400000095367432,6.542499867585218,40568748.73810671,6.400000095367432,4734.333333333333
tt31595145,The Uncertainty Principle,2024,8.0,11,5.810542198256765,8.0,5.0,35994689.85576605,8.0,239.0
tt17275932,Drawn Into the Night,2022,3.5,130,5.606572668611012,3.5,4.748846613507075,28614196.00792752,4.166666706403096,8925.333333333334
tt30490589,The Presidents: Clinton,2023,7.4,6,7.213336372265705,7.366666634877522,7.300651207386913,4388240.25,7.366666634877522,39.0
tt10847964,Jack and the Treehouse,2021,6.8,7,6.203095434705503,6.800000190734863,7.7495432247645955,35159466.00376374,6.800000190734863,793.3333333333334
tt10847964,Jack and the Treehouse,2021,6.8,7,6.203095434705503,6.800000190734863,7.7495432247645955,35159466.00376374,6.800000190734863,793.3333333333334
tt19623240,Winnie-the-Pooh: Blood and Honey,2023,2.9,33933,4.975293835433215,3.649999976158142,3.4292387470687182,16298415.350626118,3.283333301544189,630.3333333333334
tt8295468,Endangered,2020,5.5,250,5.606572668611012,5.5,5.879975448889967,28614196.00792752,5.5,1360.0
tt10650376,The Second Age of Aquarius,2021,6.1,337,5.604337975805276,6.424999952316284,7.6351676269720254,42767450.29859282,6.75,553.6666666666666
tt21211624,Male Fox Tale 3,2022,8.7,62,5.728918355660729,8.699999809265137,5.0,52848120.90347222,8.699999809265137,80.0
tt12928700,The Opps,2021,4.9,35,5.975934499410236,4.900000095367432,5.392844159274822,37648644.93679237,4.900000095367432,97.0
tt5969070,Samland,2021,6.5,67,6.222950643159742,6.5,7.310458253131982,22449168.97011252,6.5,3286.6666666666665
tt21154882,Foreign Sarakku,2022,9.1,38,5.66774551213587,9.100000381469728,5.0,40731158.45569987,9.100000381469728,637.3333333333334
tt10456740,Lost Bullet,2020,6.3,14859,5.76970194587739,6.150000135103862,6.517508513116113,35544749.73672483,6.300000190734863,692.6666666666666
tt11531710,Thamilarasan,2023,4.3,257,5.975161270726967,4.300000190734863,6.464581364171047,33489740.724119827,4.300000190734863,374.6666666666667
tt12441440,Der Soldat Monika,2024,6.8,27,6.936415740527709,6.800000190734863,7.856549704799117,23846722.933333334,6.800000190734863,154.33333333333334
tt26545708,Aftermath,2024,5.1,4090,5.66774551213587,5.099999904632568,6.38276850883986,40731158.45569987,5.1499998569488525,711.3333333333334
tt17492142,Last Party,2024,7.6,16,6.021002971231345,7.599999904632568,5.0,23351624.487839192,7.599999904632568,6166.333333333333
tt19178662,Uýra: The Rising Forest,2022,7.5,68,7.213336372265705,7.5,5.0,4388240.25,7.5,508.6666666666667
tt6832210,The First Day of My Life,2023,6.7,2691,5.980103249471049,6.520201947953965,7.035850469987417,33157941.83579757,6.866666475931804,479.3333333333333
tt31830128,Masquerade Mix-Up,2025,6.6,10,5.985107708534049,5.950000047683716,6.655797050769312,24629269.511692487,5.900000095367432,175.66666666666666
tt31968583,Till Death Do Us Part,2024,6.1,180,5.606572668611012,5.599999904632568,6.838714108672183,28614196.00792752,4.28333322207133,279.0
tt34965967,Deaf President Now!,2025,8.4,47,7.213336372265705,5.0,8.035982145990774,4388240.25,8.324999809265137,367.3333333333333
tt19899152,Toys Storage. The Animation Madness,2021,6.5,14,6.3324965625550425,6.5,8.039228340034363,65012910.43772242,6.5,432.0
tt33175002,Requiem: Three Tales of Horror,2024,3.6,36,4.975293835433215,3.5999999046325684,3.9395676076206128,16298415.350626118,3.5999999046325684,40.333333333333336
tt18750866,Kuntilanak 3,2022,4.2,296,5.554269693433599,6.271428562345959,6.078944652042624,42745706.77644984,5.799999986376081,20964.333333333332
tt16023794,The Perfect Number,2022,5.0,111,6.222950643159742,5.0,6.209001455102775,22449168.97011252,5.0,8857.0
tt33085329,Ghost Boy,2025,8.9,9,7.213336372265705,5.0,7.468467743695996,4388240.25,7.049999713897705,618.6666666666666
tt13825986,Abandoned at Birth,2021,2.9,8,6.222950643159742,2.900000095367432,3.163205287365279,22449168.97011252,2.900000095367432,8300.333333333334
tt14186698,Roving Woman,2022,6.0,164,6.222950643159742,6.049999952316284,6.106032868661519,22449168.97011252,6.0,1564.3333333333333
tt21844554,Crocodile Swarm,2023,2.6,239,4.975293835433215,3.080769227101253,3.920212910778642,16298415.350626118,2.6299999713897706,552.0
tt13858936,Mon vieux,2020,6.8,13,7.213336372265705,6.100000143051148,5.159538484425614,4388240.25,5.750000089406967,8333.333333333334
tt10710018,Sexagenarian,2024,7.9,11,6.054422441401912,7.900000095367432,8.724623094494135,25369272.771426857,7.900000095367432,860.6666666666666
tt10710018,Sexagenarian,2024,7.9,11,6.054422441401912,7.900000095367432,8.724623094494135,25369272.771426857,7.900000095367432,860.3333333333334
tt17423458,Tumba y quema,2023,7.4,7,7.213336372265705,6.875,5.0,4388240.25,6.875,607.3333333333334
tt2963262,Limonov: The Ballad of Eddie,2024,6.0,842,6.497287648747498,6.233333349227905,6.632523770366462,37102934.11372277,6.333333333333333,418.0
tt28103593,More Than Strangers,2023,6.4,27,6.222950643159742,6.3750001192092896,7.014944198681351,22449168.97011252,6.400000095367432,864.0
tt25286308,Ainarak,2022,7.4,5,6.534693375761982,5.0,5.0,33795832.6320922,7.400000095367432,3869.3333333333335
tt9596692,The Bay,2025,4.9,9,6.2246495248108005,4.900000095367432,6.750542791814813,21357369.052820403,4.900000095367432,390.3333333333333
tt20600404,Mahi,2022,6.0,12,6.222950643159742,6.0,6.813292996481773,22449168.97011252,6.0,607.6666666666666
tt23546666,Otoban Katilleri,2023,5.8,18,5.76970194587739,5.800000190734863,6.180433255283467,35544749.73672483,5.800000190734863,1878.0
tt15891622,Rani Beti Raaj Karegi,2021,8.8,10,6.222950643159742,8.675000190734863,10.015096772343632,22449168.97011252,8.800000190734863,3998.0
tt7400998,LX 2048,2020,4.9,2122,5.717435007912408,4.900000095367432,5.810320233073469,36102963.00082816,4.900000095367432,530.6666666666666
tt10013512,The Problem with People,2024,5.8,442,5.885894239644082,5.800000190734863,7.204702945068248,28289376.5727412,5.700000047683716,6499.666666666667
tt13432484,Zeros and Ones,2021,3.3,3281,5.801341344740646,4.200000047683716,5.93495869154681,46768541.97440749,4.500000047683716,369.6666666666667
tt27757690,Zebra,2024,7.2,3217,5.76970194587739,6.3749998807907104,6.996321100068168,35544749.73672483,5.849999904632568,528.6666666666666
tt7382606,Cádiz - Madriz,2023,7.2,6,6.289821273509415,7.199999809265137,5.0,22354999.524447173,7.199999809265137,555.6666666666666
tt6013674,Second Half,2023,7.5,17,6.222950643159742,7.099999904632568,8.01572570523495,22449168.97011252,7.333333333333333,461.6666666666667
tt18952404,In Dreams,2023,4.3,174,5.606572668611012,4.300000190734863,6.741895236660746,28614196.00792752,4.300000190734863,775.3333333333334
tt15799508,The Incel Tapes,2022,3.4,38,4.975293835433215,3.4750000834465027,5.0,16298415.350626118,3.5500000715255737,1488.0
tt28282203,Blackia 2,2024,6.0,126,6.098282728260086,6.259999990463257,7.538557036210671,23810550.63444363,6.566666682561239,1240.0
tt15257818,Woman on the Roof,2022,6.4,342,6.222950643159742,5.150000095367432,6.481961736310455,22449168.97011252,4.950000047683716,681.3333333333334
tt28283972,La Leyenda de los Chaneques,2023,6.3,192,6.024813727152462,6.300000190734863,7.481571840964624,52168570.67488267,6.300000190734863,625.3333333333334
tt4401330,The Life Apart,2024,6.3,204,6.4917847904420825,6.672222375869751,6.953337942608374,19387811.00030016,6.300000190734863,771.3333333333334
tt11967116,The Night Doctor,2020,6.6,1896,5.934379375043728,6.461111042234633,7.322524309854459,25411765.758938257,6.599999904632568,12666.666666666666
tt11967116,The Night Doctor,2020,6.6,1896,5.934379375043728,6.461111042234633,7.322524309854459,25411765.758938257,6.599999904632568,12666.666666666666
tt29457888,Acid,2023,5.0,30,5.606572668611012,5.0,5.0,28614196.00792752,5.0,288.6666666666667
tt34772319,Becoming Katharine Graham,2025,8.5,54,7.213336372265705,5.0,8.173503327494569,4388240.25,8.5,745.3333333333334
tt13077536,The Legend of Zelda: A Link to the Past,2020,4.4,106,5.805477866842771,4.400000095367432,3.7180750228383177,54928941.96073187,4.400000095367432,4923.0
tt10805970,Raangi,2022,4.7,1389,5.728918355660729,5.4999998807907104,7.250299960243347,52848120.90347222,5.699999809265137,600.3333333333334
tt28632486,Okarina,2023,7.8,9,6.222950643159742,7.800000190734863,8.366040781473686,22449168.97011252,7.800000190734863,577.3333333333334
tt9159426,The Noise of Engines,2021,5.6,178,6.222950643159742,5.599999904632568,7.108312573165375,22449168.97011252,5.599999904632568,520.3333333333334
tt22297698,Nayanthara: Beyond the Fairy Tale,2024,3.9,740,7.213336372265705,5.0,6.248400264480973,4388240.25,3.900000095367432,642.6666666666666
tt16345484,I Am What I Am,2021,7.5,1717,6.147113815119622,5.5,8.059317952853739,38583818.66019204,7.5,856.0
tt20200506,Crescendo,2022,5.4,11,6.4917847904420825,5.0,6.60730415610908,19387811.00030016,5.616666714350383,781.0
tt11859058,Walking Against the Rain,2022,4.1,238,5.676569781400761,4.099999904632568,5.34352164111121,29160954.76175921,4.099999904632568,868.3333333333334
tt13010750,A Trip Elsewhere,2024,5.5,105,5.988298420687361,5.050000011920929,5.666300391597995,37980656.85234604,4.600000023841858,3872.6666666666665
tt11508096,J'irai mourir dans les Carpates,2020,6.0,415,5.770507402519347,6.075000047683716,6.437298193560402,27052550.8620782,6.0,1204.6666666666667
tt11704144,Ukrainian Style Robbery,2023,5.8,27,5.885894239644082,5.0,6.847877762476386,28289376.5727412,5.800000190734863,517.6666666666666
tt15097330,Deja Vu,2022,6.6,1584,5.7128139839569805,6.399999936421712,7.246685469027962,26434138.00674669,6.399999936421712,544.0
tt11280912,Maarjaara Oru Kalluvacha Nuna,2020,7.9,545,6.222950643159742,7.900000095367432,8.132187654405108,22449168.97011252,7.900000095367432,860.6666666666666
tt15944498,The Ride,2022,7.8,11,5.914761655885377,7.105555693308513,6.348807653811269,25531682.48902002,7.800000190734863,557.0
tt28252165,Ninnu Chere Tarunam,2023,5.8,22,6.15363591029188,5.800000190734863,8.046419422111395,21709165.710378148,5.800000190734863,4926.333333333333
tt34546355,Paati,2024,9.4,10,6.222950643159742,9.399999618530272,5.0,22449168.97011252,9.399999618530272,4210.0
tt29507177,Flowers of Ukraine,2024,8.5,46,7.213336372265705,8.5,5.0,4388240.25,8.5,456.3333333333333
tt9748136,To Nowhere,2020,8.2,25,6.222950643159742,8.199999809265137,8.438386605698007,22449168.97011252,8.199999809265137,249.33333333333334
tt25048868,A Nineteenth-century Photographer's Legacy,2022,9.8,18,7.213336372265705,9.800000190734863,12.018979171393989,4388240.25,9.800000190734863,1248.0
tt27991762,Diminishing Value of Love,2024,9.0,9,5.985107708534049,9.0,10.56722519642008,24629269.511692487,9.0,4899.666666666667
tt10891822,Time for Love,2020,6.5,65,6.064388686742614,6.5,7.130686158861835,23902569.33116583,6.5,905.6666666666666
tt10373934,Deep Woods,2022,4.1,193,5.606572668611012,4.099999904632568,6.0462873631995535,28614196.00792752,4.099999904632568,172.33333333333334
tt14589514,American Gangster: Sonny Speaks,2021,7.6,6,7.213336372265705,5.0,5.0,4388240.25,7.599999904632568,700.0
tt34927582,Badnaam,2025,5.7,1670,5.975161270726967,6.199999809265137,7.718221819327153,33489740.724119827,6.466666539510091,922.0
tt22016986,#DoYouThinkIAmSexy?,2022,4.3,432,6.005206918607708,4.583333412806192,5.129143026323762,23958393.75815104,4.300000190734863,6157.333333333333
tt23875550,UI,2024,6.8,5690,5.525850033813599,6.800000190734863,7.976959547000295,55046822.46395834,6.800000190734863,94.0
tt12481806,Xico's Journey,2020,5.2,670,6.123929056021521,5.199999809265137,5.9814224599854855,58695366.16310725,5.324999809265137,599.0
tt14251730,Pou sai more Nikitara,2021,7.9,21,6.647373881526953,7.975000023841858,9.234614245454182,24261086.741433825,8.049999952316284,1110.3333333333333
tt15944428,Ghoomer,2023,7.5,12628,6.418611257827269,6.996825422559465,7.338161732934978,23254548.319802023,6.933333396911621,1207.0
tt12223594,Follia,2023,5.7,47,6.222950643159742,5.699999809265137,6.515299314170694,22449168.97011252,5.699999809265137,173.66666666666666
tt32368147,The 1957 Transcripts,2024,5.4,12,7.213336372265705,5.400000095367432,6.602662321864409,4388240.25,5.200000047683716,4273.333333333333
tt28354262,Jesus,2024,7.6,163,6.222950643159742,5.0,8.757006057969361,22449168.97011252,7.599999904632568,537.6666666666666
tt26340918,When You Look Beneath the Skin,2023,9.4,44,6.222950643159742,9.399999618530272,10.517200768326674,22449168.97011252,9.399999618530272,684.6666666666666
tt13322796,Ça tourne à Saint-Pierre et Miquelon,2022,5.3,43,6.054422441401912,5.300000190734863,6.139690463331778,25369272.771426857,5.300000190734863,680.6666666666666
tt6518876,Zerø,2020,5.3,133,5.886996059126692,7.25,6.0743777186945,33266214.98085968,5.300000190734863,815.6666666666666
tt28070019,Bad Influencer,2023,5.1,17,5.606572668611012,5.099999904632568,5.956274256794409,28614196.00792752,4.950000047683716,5306.0
tt22751034,AJAX: Parels van Amsterdam,2022,7.1,59,7.213336372265705,5.0,5.0,4388240.25,7.099999904632568,1313.0
tt20445598,Christmas on Repeat,2022,5.3,279,6.064388686742614,5.300000190734863,5.771485553146618,23902569.33116583,5.889999961853027,790.0
tt32245141,"Enescu, Skinned Alive",2024,7.8,98,6.936415740527709,7.800000190734863,8.647188690121661,23846722.933333334,7.800000190734863,344.6666666666667
tt15565724,Grumpy Christmas,2021,4.5,471,5.885894239644082,5.038888878292507,6.02340029080983,28289376.5727412,5.599999984105428,6623.0
tt11816260,Office 39: Kim's Cash Machine,2020,7.4,124,7.213336372265705,7.400000095367432,8.009941909138899,4388240.25,7.4777778784434,895.6666666666666
tt14392056,A Little More Flesh II,2021,4.9,23,4.975293835433215,4.500000066227384,5.579098478783913,16298415.350626118,4.75,1843.6666666666667
tt13986720,Yuvam,2021,6.2,350,5.914761655885377,7.1249998807907104,7.10822263642634,25531682.48902002,6.799999952316284,3913.0
tt27328647,Alien Contact: The Biological Connection,2023,6.7,7,7.213336372265705,5.516666690508525,6.744811669554291,4388240.25,5.516666690508525,1835.6666666666667
tt35066269,Risto Räppääjä ja kaksoisolento,2025,4.5,54,6.183240226251263,4.762222199969822,5.378664241301977,47869763.03741497,4.5,3666.6666666666665
tt27863144,Another Year Together,2023,9.1,34,5.885894239644082,9.100000381469728,11.151848210298494,28289376.5727412,9.100000381469728,403.6666666666667
tt7596994,Chicheka Lullaby,2020,6.6,27,6.970123683505946,5.0,7.224864428036639,14853805.404607048,6.599999904632568,698.0
tt23033282,Zloy gorod,2025,5.4,230,6.244874753237959,5.400000095367432,6.562856200985146,33928219.398146786,5.899999936421712,360.6666666666667
tt8737152,Toma,2021,8.7,12969,6.639995107137292,8.599999904632568,8.788466010410147,20874114.977977887,8.549999952316284,12333.333333333334
tt27492004,Daddy I Love Him,2023,8.8,14,6.222950643159742,7.916666825612387,9.050705166490166,22449168.97011252,8.030000162124633,18000.0
tt27492004,Daddy I Love Him,2023,8.8,14,6.222950643159742,7.916666825612387,9.050705166490166,22449168.97011252,8.030000162124633,18000.0
tt35046911,Billie Eilish: Unfiltered,2024,2.7,49,7.213336372265705,4.033333381017049,6.677173774883004,4388240.25,3.5000001192092896,765.3333333333334
tt27655979,O.Baby,2023,6.7,5123,5.852813889143827,6.699999809265137,7.594680198676718,34637161.96050409,6.699999809265137,2508.3333333333335
tt13942538,Delirium,2023,5.8,95,4.975293835433215,5.800000190734863,6.951451939727917,16298415.350626118,5.800000190734863,888.6666666666666
tt2327521,Soulmates,2023,7.4,74,6.072002501653631,7.400000095367432,6.15107815897372,29100581.70628735,7.400000095367432,732.6666666666666
tt30328019,"Silex and the City, le film",2024,4.9,51,5.972488432491343,4.900000095367432,6.143349839320355,60354818.78512635,4.900000095367432,806.0
tt12172640,Faraway Land,2020,5.3,220,6.502852952026574,5.300000190734863,6.012529104081052,24468268.645484067,5.300000190734863,675.0
tt10332328,Smoke Signals,2020,5.3,6,7.213336372265705,5.300000190734863,5.0,4388240.25,5.300000190734863,804.3333333333334
tt21287752,Alluri,2022,5.6,581,5.975161270726967,5.785714285714286,7.617143561757103,33489740.724119827,5.599999904632568,9.666666666666666
tt12637626,Konga TNT,2020,1.8,238,5.645864769090427,3.633333365122477,4.659028356120207,46127673.83355262,4.000000023841858,445.6666666666667
tt30209484,The Dark Web,2023,8.5,149,5.790093740985721,8.5,5.0,26893064.153351128,8.5,7978.0
tt7099702,Chuck Leavell: The Tree Man,2020,7.9,140,6.970123683505946,8.500000238418579,10.045860559798554,14853805.404607048,8.500000238418579,482.3333333333333
tt17074540,Until Tomorrow,2022,6.6,593,6.222950643159742,6.816666523615519,6.978164297884149,22449168.97011252,6.666666507720947,309.0
tt31417299,The Ritual Black Nun,2023,3.0,79,4.975293835433215,3.0,3.0546590216462186,16298415.350626118,3.0,608.6666666666666
tt15021154,Exodus,2023,6.8,3800,6.222950643159742,6.800000190734863,8.526835008929192,22449168.97011252,6.800000190734863,833.6666666666666
tt29626046,Gliitch,2023,5.5,69,4.975293835433215,5.0,5.0,16298415.350626118,5.5,508.3333333333333
tt13866866,Puan,2023,6.6,1712,6.054422441401912,6.7499998807907104,7.772514980765426,25369272.771426857,6.599999904632568,7878.666666666667
tt10639214,Dead & Beautiful,2021,4.4,496,5.601605715734657,4.400000095367432,6.145703938163396,22453926.77622205,4.400000095367432,5990.0
tt34380277,Vampire Zombie,2024,7.2,10,6.222950643159742,5.849999904632568,8.275919887993872,22449168.97011252,6.0,1065.6666666666667
tt12585254,The Ties,2020,6.3,1570,6.222950643159742,6.511111153496636,7.063784125111232,22449168.97011252,6.450000047683716,108.66666666666667
tt18307622,The Quest for Sleep,2022,7.0,12,7.213336372265705,7.0,7.078372887234304,4388240.25,7.0,760.3333333333334
tt16025362,O corpo aberto,2022,5.0,172,5.672433259298636,5.0,6.721411737835701,21000554.77543484,5.0,3754.0
tt12740666,28 Degree Celsius,2025,7.3,34,6.084321177424017,7.449999928474426,7.419024074384322,20969162.450643778,7.449999928474426,276.6666666666667
tt13346298,2000 Songs of Farida,2020,8.4,58,6.222950643159742,8.399999618530273,10.068444348333356,22449168.97011252,8.399999618530273,677.0
tt34960278,Almarhum,2025,5.7,94,5.290933252022113,6.789473659113834,6.5303111882985245,22456305.679276817,5.899999976158142,463.0
tt28091451,Manji,2023,6.0,78,6.222950643159742,6.540000057220459,7.304276172861167,22449168.97011252,6.0,490.0
tt28651062,St. Vierja Academy,2024,9.2,23,6.222950643159742,9.199999809265137,5.0,22449168.97011252,9.199999809265137,584.6666666666666
tt13084586,Distress Signals,2022,4.4,79,5.606572668611012,4.433333396911621,4.843262833839734,28614196.00792752,4.416666746139526,942.0
tt11147976,The Horn,2020,8.4,105,5.149037773699843,8.399999618530273,8.100773054588098,36771969.687535286,8.399999618530273,190.66666666666666
tt34750678,10 giorni con i suoi,2025,5.9,78,5.885894239644082,5.705000007152558,6.596261594632035,28289376.5727412,5.649999976158142,546.3333333333334
tt33292146,Katabasis,2024,8.0,28,6.021002971231345,8.349999904632568,8.036317283738475,23351624.487839192,8.349999904632568,2067.6666666666665
tt15004832,The Successful Loosers,2021,7.4,49,6.222950643159742,7.400000095367432,8.792418609298513,22449168.97011252,7.400000095367432,407.3333333333333
tt15768840,Ghastly Brothers,2021,5.6,91,5.9750616150512,5.599999904632568,6.668240070210292,46454188.20811352,5.599999904632568,391.6666666666667
tt21190172,Kristina,2022,6.8,69,6.222950643159742,6.800000190734863,8.111298319641538,22449168.97011252,6.800000190734863,5275.333333333333
tt10832002,The Alleys,2021,7.1,961,6.098282728260086,7.099999904632568,7.543958337746912,23810550.63444363,7.099999904632568,9333.333333333334
tt14379088,Shin Kamen Rider,2023,6.1,3452,5.935973126026243,7.080952377546401,7.323819406521177,46166904.96258971,6.099999904632568,7561.0
tt15085276,A Curious Tale,2021,8.2,16,5.466973934449058,5.0,5.0,23055563.78803984,8.349999904632568,8.333333333333334
tt15085276,A Curious Tale,2021,8.2,16,5.466973934449058,5.0,5.0,23055563.78803984,8.349999904632568,8.333333333333334
tt19756188,Monagadu,2022,8.1,12,5.906619766542373,5.0,7.50725795312967,36908641.677058,8.100000381469727,184.0
tt16453244,How I Fell in Love with a Gangster,2022,6.0,3065,6.098282728260086,5.42000002861023,6.188053223485903,23810550.63444363,4.9666666984558105,671.6666666666666
tt12159334,Birds (or How to Be One),2020,5.9,234,7.213336372265705,5.900000095367432,7.422230414894324,4388240.25,6.5,3888.3333333333335
tt18381124,Corazonada,2022,6.3,125,6.054422441401912,5.0,6.530749308800898,25369272.771426857,5.100000023841858,1225.6666666666667
tt31913143,Green Card,2024,6.1,17,5.914761655885377,6.099999904632568,5.927479827334285,25531682.48902002,5.583333253860474,7708.333333333333
tt14678156,Confessions,2022,6.3,774,5.975161270726967,6.283333460489909,6.832152784702852,33489740.724119827,6.300000190734863,795.6666666666666
tt16959964,MOV,2022,7.9,17,5.606572668611012,5.0,7.567606687585828,28614196.00792752,7.900000095367432,6783.0
tt21632892,Limit,2022,5.2,208,5.790093740985721,5.0,6.946054495223003,26893064.153351128,5.5,497.6666666666667
tt14223946,Bullets,2023,6.5,279,5.934379375043728,6.5,7.905018449968582,25411765.758938257,6.5,606.6666666666666
tt21385728,Illegal Lives,2023,6.2,7095,5.885894239644082,6.349999904632568,6.456878772084863,28289376.5727412,6.5,289.6666666666667
tt27588823,Decade of the Dead,2023,5.4,51,5.436928286568318,5.400000095367432,6.121959340923352,32586910.75400862,5.825000047683716,204.0
tt23023722,Aller Tage Abend,2022,5.8,12,6.222950643159742,5.800000190734863,6.677236422226733,22449168.97011252,5.800000190734863,294.3333333333333
tt30764843,Breakfast with Giraffes,2024,6.4,530,5.885894239644082,6.400000095367432,6.298115555909166,28289376.5727412,6.400000095367432,415.6666666666667
tt20448944,The Mystic Nine,2021,6.6,70,5.728918355660729,6.599999904632568,7.655130820988276,52848120.90347222,6.119999885559082,325.6666666666667
tt11508266,Charlene,2021,7.7,19,6.222950643159742,8.366666475931803,9.772885360281816,22449168.97011252,8.366666475931803,333.6666666666667
tt18260368,A Christmas Gift,2022,6.4,73,6.183240226251263,6.425000011920929,7.347598627824357,47869763.03741497,6.150000035762787,6194.0
tt14207646,$avvy,2021,8.7,18,7.213336372265705,8.699999809265137,5.0,4388240.25,8.699999809265137,212.66666666666666
tt27267852,Yesterday Once More,2023,7.1,282,6.04624556206436,5.0,7.406914940052217,30717870.4617651,6.5333333015441895,706.3333333333334
tt15693006,Hustle,2021,6.1,13,6.222950643159742,5.633333245913188,7.8753457786855074,22449168.97011252,6.099999904632568,16658.0
tt11529726,Laz Kit,2020,1.0,900,5.885894239644082,1.0,2.753831004905203,28289376.5727412,1.0,637.3333333333334
tt10370308,Ama'ara: The Song of the Whales,2021,8.2,11,7.213336372265705,8.199999809265137,9.907085787299565,4388240.25,8.199999809265137,935.6666666666666
tt32059878,The Crucifix: Blood of the Exorcist,2025,4.1,46,4.975293835433215,3.799999952316284,4.979600067007162,16298415.350626118,6.200000047683716,5979.666666666667
tt12343594,"By the Way, Woody Allen Is Innocent",2020,7.9,316,7.213336372265705,7.900000095367432,5.0,4388240.25,7.900000095367432,5654.333333333333
tt15444046,Divinity,2023,5.3,1346,5.464677190288741,5.300000190734863,6.288290311962395,42929860.016185984,5.300000190734863,627.3333333333334
tt33307951,Virundhu,2024,4.5,677,5.606572668611012,4.133333285649617,6.246055130819412,28614196.00792752,4.179999923706054,58.333333333333336
tt6213964,Sofa,2025,5.7,135,6.222950643159742,4.349999904632568,6.004629837558982,22449168.97011252,4.349999904632568,668.6666666666666
tt22795396,LA Undercover,2023,6.0,40,6.098282728260086,6.0,7.412291468785106,23810550.63444363,6.0,551.3333333333334
tt7391060,Enduring Democracy: The Monterey Petition,2022,8.9,8,7.068505753986288,8.899999618530273,5.0,10408536.190285204,8.049999713897705,5291.666666666667
tt15212880,Fuck Them All! The Story of Heaven and Hell. The Making of a Ballet,2023,3.0,47,6.936415740527709,4.266666730244954,4.417789568069561,23846722.933333334,4.266666730244954,704.3333333333334
tt11638714,Reaptown,2020,3.5,429,5.397174567368082,4.875,4.213945485915763,20276247.67809599,4.875,796.0
tt12373534,As Órfãs da Rainha,2023,6.5,15,6.222950643159742,6.416666666666667,7.762311024801611,22449168.97011252,6.5,629.6666666666666
tt27577888,Rathnam,2024,5.4,3681,5.728918355660729,5.75,6.987520290282019,52848120.90347222,5.75,83.33333333333333
tt13845736,Tom Medina,2021,6.2,167,6.222950643159742,6.199999809265137,7.201263621245282,22449168.97011252,6.199999809265137,450.3333333333333
tt34729082,Macbeth: David Tennant & Cush Jumbo,2025,7.8,350,6.222950643159742,6.73600004196167,8.052459586613253,22449168.97011252,8.0,788.3333333333334
tt15145970,A Temporary Story,2022,7.0,29,6.222950643159742,6.700000047683716,8.086211108203575,22449168.97011252,7.0,234.0
tt14404626,White Snake,2021,6.5,62,5.95789302151667,5.950000047683716,6.778519066714913,34852221.20759139,5.950000047683716,101.0
tt9408018,Anshan Diaries,2021,8.3,7,7.213336372265705,8.300000190734863,5.0,4388240.25,8.300000190734863,4189.333333333333
tt27847866,Predators of the Deep: The Hunt for the Lost Four,2023,3.6,26,5.856050379258259,5.0,5.903436912999723,63203425.0141844,5.433333237965901,227.33333333333334
tt14831564,Rupture,2022,6.1,24,5.66774551213587,4.916666626930237,5.779050751686168,40731158.45569987,4.224999964237213,249.33333333333334
tt18298588,Monolith,2022,5.8,5611,5.788262551476387,5.800000190734863,6.854537166757278,34649591.00004094,5.800000190734863,2471.6666666666665
tt27989255,The Last Spark of Hope,2023,5.7,498,5.772866177563106,5.699999809265137,6.154770437291603,39847346.49727848,5.699999809265137,604.6666666666666
tt27423042,House of Rooms,2023,4.3,79,4.975293835433215,5.775000214576721,6.486598180905314,16298415.350626118,4.650000174840291,10421.333333333334
tt14293646,Concierto para la batalla de El Tala,2021,5.5,40,7.213336372265705,5.0,5.0,4388240.25,6.700000047683716,26.0
tt27723933,Contes de printemps,2023,6.5,10,6.257868394403152,6.5,5.0,56441336.73756869,6.5,662.0
tt15385142,Cadejo Blanco,2021,6.7,223,5.914761655885377,6.699999809265137,7.798404435460814,25531682.48902002,6.699999809265137,869.6666666666666
tt9033102,Fallen Angel: Call Sign - Extortion 17,2021,7.1,88,6.998045816579555,7.099999904632568,6.471995185874196,15437804.285427809,7.099999904632568,121.66666666666667
tt16220566,Ensemble Stars!! Road to Show!!,2022,8.0,18,6.3324965625550425,8.0,8.244204976559097,65012910.43772242,8.0,586.6666666666666
tt26345453,Birdland,2023,5.1,31,6.222950643159742,5.099999904632568,5.0,22449168.97011252,5.099999904632568,184.66666666666666
tt33085322,DSLR,2025,5.4,39,5.882859537024568,5.400000095367432,5.0,25105814.9945353,5.400000095367432,949.0
tt23463332,Hustle 3,2023,4.2,36,5.97361481336043,5.319999933242798,5.82240835958595,25171932.29877474,5.319999933242798,659.6666666666666
tt21448640,Ukraine 2022: Attack on Freedom,2022,7.1,19,6.366676753848642,5.47714284828731,6.536363232166207,20653775.73770492,5.29687499627471,6145.666666666667
tt27179695,Sorgavaasal,2024,6.6,1370,5.975161270726967,6.783333261807759,7.595011113231124,33489740.724119827,6.599999904632568,403.0
tt14760682,Journey with Tarsilinha,2021,5.9,140,6.024813727152462,6.233333349227905,7.085574356290492,52168570.67488267,5.900000095367432,651.3333333333334
tt14539318,The Beast Within,2024,4.3,4735,4.975293835433215,5.258333365122477,5.661469820481668,16298415.350626118,4.300000190734863,2754.0
tt23812694,The Bell Rings,2022,6.1,17,5.676569781400761,5.8999998569488525,6.508909711961683,29160954.76175921,5.75,482.6666666666667
tt7705476,10 Nahi 40,2022,8.7,636,6.222950643159742,8.699999809265137,9.572912067063385,22449168.97011252,8.699999809265137,11000.0
tt7326168,The Eagle and the Albatross,2020,5.0,214,6.241038918432873,5.0,6.177983378159175,24932824.40411508,5.0,476.3333333333333
tt13985604,Changayi,2021,6.7,12,6.222950643159742,6.699999809265137,7.304065076390223,22449168.97011252,6.699999809265137,885.6666666666666
tt15131600,You Resemble Me,2021,6.9,411,6.222950643159742,6.900000095367432,6.857983901828564,22449168.97011252,6.900000095367432,349.0
tt11568566,Ray Jr's What If the Damon Stringer Story,2020,5.0,9,6.183240226251263,5.0,5.0,47869763.03741497,5.399999936421712,860.6666666666666
tt19822332,Bhoy - The Beginning,2022,4.7,8,5.831464865609323,4.699999809265137,6.450966249008118,48735279.96453901,4.699999809265137,114.66666666666667
tt10657684,Dedo,2021,4.2,542,5.604337975805276,4.411110957463582,5.339747794862478,42767450.29859282,4.459999942779541,162.0
tt27873958,El Ruby House,2023,6.6,1899,6.054422441401912,6.849999904632568,6.917003910186775,25369272.771426857,6.300000071525574,11424.666666666666
tt13199096,There Are No False Undertakings,2020,6.0,27,6.054422441401912,6.650000095367432,6.652762586322157,25369272.771426857,6.650000095367432,7666.666666666667
tt14915872,WingMan (The Universal Irony of Love),2021,7.8,6,6.054422441401912,7.800000190734863,8.664436050049138,25369272.771426857,7.800000190734863,477.0
tt11897082,7 Minutes,2020,5.0,261,5.914761655885377,5.0,5.582457428631652,25531682.48902002,5.0,436.3333333333333
tt28761983,Imam Without Makmum,2023,9.1,76,6.064388686742614,8.550000270207722,8.556413819670091,23902569.33116583,9.100000381469728,4948.0
tt14418234,State of Siege: Temple Attack,2021,7.6,9878,5.66774551213587,7.599999904632568,7.826463668717742,40731158.45569987,7.599999904632568,355.0
tt33098637,La huella del mal,2025,6.4,79,5.290933252022113,6.400000095367432,6.818007632189567,22456305.679276817,6.400000095367432,4000.0
tt15738550,Am Ende der Worte,2021,6.2,171,5.934379375043728,7.099999904632568,6.5989671221481725,25411765.758938257,6.199999809265137,698.0
tt11105376,The Nest,2021,3.3,1102,5.672433259298636,3.299999952316284,5.539748305670786,21000554.77543484,3.299999952316284,6216.333333333333
tt12700092,Article 21,2023,8.8,443,6.222950643159742,8.800000190734863,6.819949528424419,22449168.97011252,8.800000190734863,265.3333333333333
tt27368415,Red Earth,2023,5.3,36,5.322781711966471,5.300000190734863,7.397198079940615,57245524.024444446,5.300000190734863,203.33333333333334
tt18317338,Hideout,2022,6.2,40,6.005206918607708,6.199999809265137,6.734713125902118,23958393.75815104,6.199999809265137,4835.333333333333
tt13622884,Good Madam,2021,5.2,507,4.975293835433215,5.583333174387614,6.729896246261975,16298415.350626118,5.199999809265137,207.33333333333334
tt35508624,Internal Affairs,2025,8.5,156,6.222950643159742,5.0,6.3691467833128685,22449168.97011252,6.458333253860474,808.6666666666666
tt13019994,Runaway,2021,8.2,23,6.222950643159742,8.199999809265137,8.992544365682024,22449168.97011252,8.199999809265137,916.0
tt13264842,Druids Druids Everywhere,2020,6.4,14,5.885894239644082,7.349999984105428,8.192537319017289,28289376.5727412,7.349999984105428,206.0
tt10407144,Mama Bears,2022,7.8,75,7.213336372265705,5.0,5.0,4388240.25,7.800000190734863,432.0
tt28418746,Kak ya vstretil eyo mamu,2024,4.3,42,5.885894239644082,4.300000190734863,5.541735024471812,28289376.5727412,5.200000047683716,1293.0
tt20224910,Ravage,2022,8.4,6,6.041700324845447,8.399999618530273,10.125492735826654,36785988.527466126,8.399999618530273,1363.3333333333333
tt27120897,Do Unto Others,2023,6.5,326,6.222950643159742,6.5,7.238489886949834,22449168.97011252,6.514285700661795,766.0
tt19731306,O,2022,6.1,1065,4.975293835433215,5.0,8.17195768942208,16298415.350626118,7.049999952316284,7627.666666666667
tt28377858,Thalakona,2024,5.7,1044,5.606572668611012,6.549999952316284,7.161941555767623,28614196.00792752,6.549999952316284,5175.666666666667
tt15163886,J Baby,2024,7.2,768,6.222950643159742,7.199999809265137,7.552120396975729,22449168.97011252,7.199999809265137,280.0
tt33095211,Cinta Dari Timor,2024,5.3,24,6.363342360492388,6.483333349227905,7.105404281114899,23301899.91387064,5.300000190734863,368.0
tt31702328,Bengal 1947,2024,6.9,586,6.222950643159742,6.350000143051148,7.511000901379838,22449168.97011252,6.350000143051148,396.0
tt9387532,Gates of Flesh,2025,4.3,18,5.436928286568318,4.300000190734863,6.150573321581698,32586910.75400862,4.300000190734863,413.6666666666667
tt31107734,Abduction: The Harvesting,2024,5.4,12,5.149037773699843,4.300000071525574,7.622564612197571,36771969.687535286,4.300000071525574,7755.666666666667
tt14592044,Down Low,2023,5.6,2663,5.885894239644082,5.599999904632568,7.414624463294136,28289376.5727412,5.599999904632568,580.3333333333334
tt10199914,The Boys in the Band,2020,6.8,18889,6.222950643159742,6.800000190734863,7.707914072944453,22449168.97011252,6.800000190734863,116.33333333333333
tt2140571,The Broken Hearts Gallery,2020,6.3,10705,5.985107708534049,6.300000190734863,7.41652775686073,24629269.511692487,6.300000190734863,727.0
tt15484242,Meeting Point,2021,4.3,1176,6.222950643159742,4.333333492279053,5.725893566868639,22449168.97011252,4.333333492279053,1489.0
tt9506480,Saturn,2024,7.5,30,5.772866177563106,7.5,7.517555129233476,39847346.49727848,7.5,836.3333333333334
tt24950180,Sivudu,2022,6.3,13,5.975934499410236,5.0,6.761120723594383,37648644.93679237,5.816666682561238,162.33333333333334
tt8066940,Indian 2,2024,3.8,16396,6.0378203316707655,4.772222187783982,6.797376542637385,30471528.68593176,4.550000071525574,532.3333333333334
tt31261780,Dukkhito,2024,7.4,69,6.15363591029188,7.024999976158142,7.721200168251092,21709165.710378148,6.420000076293945,526.3333333333334
tt21997554,Ghe Double,2022,5.2,15,5.885894239644082,5.0,8.122501111004196,28289376.5727412,5.3999998569488525,550.6666666666666
tt10953232,Bristol Fashion,2022,5.0,179,6.222950643159742,5.0,5.666764758921818,22449168.97011252,7.300000190734863,870.3333333333334
tt13778898,Among Us: The Movie,2020,8.2,60,5.322781711966471,8.199999809265137,10.085802718567988,57245524.024444446,8.199999809265137,8017.666666666667
tt28325940,Yatra 2,2024,6.3,9691,6.647373881526953,6.300000190734863,7.170253783410154,24261086.741433825,6.300000190734863,16.666666666666668
tt28234508,Steeds Ridge,2023,4.1,20,5.885894239644082,5.0,5.0,28289376.5727412,4.099999904632568,1213.3333333333333
tt32394389,We Were Recruits,2024,7.0,233,6.790006563057174,5.0,5.0,12521007.99385246,5.75,6.333333333333333
tt11412892,Autumn Girl,2021,5.5,860,6.44031945995976,5.5,5.898165291009772,20804396.0292188,5.5,672.3333333333334
tt15257928,Goldbeak,2021,4.8,133,6.123929056021521,4.800000190734863,6.0993986120722505,58695366.16310725,4.800000190734863,77.33333333333333
tt14509676,Opération Luchador,2021,6.9,29,6.411154990085896,6.900000095367432,8.0966095831069,26068049.753037263,6.900000095367432,72.66666666666667
tt20864606,Camp Pleasant Lake,2024,3.3,2373,4.975293835433215,3.225000023841858,4.982053465964607,16298415.350626118,3.225000023841858,473.3333333333333
tt28212936,Palan,2023,7.2,28,6.222950643159742,7.189999866485596,7.879161642821985,22449168.97011252,6.833333253860474,88.33333333333333
tt28817433,A Man with a Red Bag,2024,6.0,25,7.213336372265705,6.199999968210856,7.209255093681183,4388240.25,6.199999968210856,7852.666666666667
tt28817433,A Man with a Red Bag,2024,6.0,25,7.213336372265705,6.199999968210856,7.209255093681183,4388240.25,6.199999968210856,7852.666666666667
tt19339792,Torn Apart,2022,5.1,7,5.728918355660729,5.099999904632568,8.916907485059612,52848120.90347222,5.099999904632568,291.3333333333333
tt16288970,Yowis Ben Finale,2021,6.4,166,6.289821273509415,6.575000087420145,7.384544701531405,22354999.524447173,6.487500041723251,508.6666666666667
tt27712304,Roger Waters: This Is Not a Drill - Live from Prague,2023,8.0,80,6.760618937724424,5.0,5.0,16326453.030487806,8.0,3438.6666666666665
tt11270054,The Daughter,2021,6.2,1311,5.790093740985721,6.233333216773139,6.726617131064415,26893064.153351128,6.199999809265137,409.6666666666667
tt13955190,Vse bude OK!,2021,4.9,30,5.885894239644082,4.866666714350383,6.868986833088116,28289376.5727412,4.799999952316284,1865.0
tt14611368,Trippin' with the Kandasamys,2021,5.3,460,5.985107708534049,5.175000190734863,5.635521324133747,24629269.511692487,5.066666762034099,232.33333333333334
tt14540892,The Invisible Thread,2022,6.8,2674,6.097361703018362,6.322222259309556,7.156972592979263,32869436.19342289,6.700000047683716,361.6666666666667
tt22853096,Dead Whisper,2024,3.9,553,5.290933252022113,5.0000001192092896,5.9160960775155775,22456305.679276817,3.900000095367432,742.3333333333334
tt22015478,Soygun,2022,5.1,39,5.807406297652405,4.820000028610229,5.231831159943845,40568748.73810671,5.200000047683716,114.0
tt11869546,Miracle on Christmas,2020,5.9,289,6.203095434705503,5.900000095367432,6.731430239957526,35159466.00376374,5.900000095367432,294.6666666666667
tt13327144,The Forgotten Carols,2020,8.4,84,6.1615919961918255,8.399999618530273,9.532349982553072,16117296.184210526,8.399999618530273,1939.3333333333333
tt22174572,At First Glance,2022,7.4,14,6.15363591029188,7.233333428700765,8.272776467353392,21709165.710378148,7.400000095367432,409.6666666666667
tt10398802,Las Furias,2020,5.1,33,5.914761655885377,5.233333230018616,6.562320415784263,25531682.48902002,4.339999961853027,891.0
tt30326556,Paagal vs Kadhal,2024,9.0,2061,6.183240226251263,5.0,7.475267441945511,47869763.03741497,9.0,829.0
tt11747286,One in a Thousand,2020,6.3,547,6.15363591029188,6.300000190734863,7.474748671048275,21709165.710378148,6.300000190734863,4267.666666666667
tt33834350,St. Patrick's Day Massacre,2025,4.2,28,4.975293835433215,3.721428581646512,5.674809310678947,16298415.350626118,3.721428581646512,307.0
tt28465727,Good Vibes Only,2023,7.9,10,5.885894239644082,7.900000095367432,5.0,28289376.5727412,7.900000095367432,1666.6666666666667
tt8134980,Battlefield 2025,2020,2.2,395,5.520087523450734,2.600000063578288,3.123475546779494,44116653.75609425,2.200000047683716,432.3333333333333
tt28183428,Suryasthamayam 2018,2023,7.1,184,5.728918355660729,7.5,7.9281012912480495,52848120.90347222,7.5,14.666666666666666
tt22053644,Más de 40 ¿y qué?,2023,2.2,25,5.885894239644082,2.149999976158142,3.338520532042764,28289376.5727412,2.149999976158142,991.3333333333334
tt32339908,Kôkaku Kidôtai SAC_2045 Saigo no Ningen,2023,5.3,27,5.794732210060747,5.605555693308513,6.550344499551518,58368851.78854636,5.675000190734863,441.6666666666667
tt12655436,Honk for Jesus. Save Your Soul.,2022,5.3,4411,5.885894239644082,5.300000190734863,6.226953795012815,28289376.5727412,5.300000190734863,12131.666666666666
tt29034158,999: The Forgotten Girls,2025,8.0,23,7.213336372265705,5.0,5.0,4388240.25,8.0,385.3333333333333
tt8919364,Kakababur Protyaborton,2022,4.2,684,5.852861182759806,5.099999904632568,7.151193345521259,47074492.73881045,6.090909047560259,822.0
tt36694936,Famous Patrick (A Super SpongeBob Fan Movie),2024,9.7,10,5.856050379258259,9.699999809265137,5.0,63203425.0141844,9.699999809265137,18.666666666666668
tt13299678,Uncle Vanya,2020,7.4,799,6.222950643159742,7.166666865348816,7.863650500494486,22449168.97011252,7.200000047683716,910.3333333333334
tt9742588,Helene,2020,6.2,900,6.414562520370489,6.049999872843425,7.14199645760677,22421684.784696545,6.199999809265137,2802.6666666666665
tt20781110,Thori Setting Thora Pyar,2022,5.5,11,6.084321177424017,5.5,6.26874640538191,20969162.450643778,5.5,575.3333333333334
tt20781110,Thori Setting Thora Pyar,2022,5.5,11,6.084321177424017,5.5,6.26874640538191,20969162.450643778,5.5,575.3333333333334
tt21932194,The House From...,2024,5.9,39,7.213336372265705,5.900000095367432,6.852136659623085,4388240.25,5.900000095367432,261.3333333333333
tt10341196,Gigi & Nate,2022,6.7,2329,6.203095434705503,6.699999809265137,7.159529527853688,35159466.00376374,6.199999809265137,1268.6666666666667
tt30889046,Attack of the Killer Potatoes,2023,5.5,10,5.430594037538649,5.0,6.800349692246698,22293895.961683657,5.5,37.0
tt15467046,Black is Beltza II: Ainhoa,2022,5.4,64,6.3324965625550425,6.122222317589654,6.685555813086579,65012910.43772242,6.600000143051148,644.0
tt28510734,Késárí: The King,2023,4.3,119,5.7801916106350255,5.0,7.019668779828112,50791700.43400562,4.366666793823242,511.3333333333333
tt28510734,Késárí: The King,2023,4.3,119,5.7801916106350255,5.0,7.019668779828112,50791700.43400562,4.366666793823242,511.3333333333333
tt21075414,Welcome to the Occult Forest: The Movie,2022,6.2,31,5.430594037538649,6.059999942779541,6.892843574717072,22293895.961683657,6.0333333015441895,404.0
tt33042366,The 1916 Project,2024,7.6,67,7.213336372265705,7.599999904632568,5.0,4388240.25,7.599999904632568,1117.3333333333333
tt11306352,Team of Two,2024,5.0,110,5.862809136221746,5.0,5.751000564053329,35436476.59166272,5.0,191.66666666666666
tt28091020,Natho Nenu,2023,6.9,1587,6.084321177424017,5.0,7.784252225509515,20969162.450643778,6.900000095367432,4919.666666666667
tt27032708,Survive,2024,4.5,2653,5.635916815628487,5.020000034570694,6.818657554844523,57765689.98070035,4.5,942.3333333333334
tt23861504,Notre Dame de Moncton,2022,7.4,29,6.222950643159742,7.400000095367432,8.85321209791692,22449168.97011252,7.400000095367432,5108.666666666667
tt10709742,The Wedding,2020,3.8,1046,5.885894239644082,4.224999964237213,5.82260692436899,28289376.5727412,4.299999952316284,594.0
tt29253299,Omaha,2025,7.6,161,6.222950643159742,6.666666666666667,7.4178488022254045,22449168.97011252,7.599999904632568,252.66666666666666
tt15816190,Ravanasura,2023,5.7,2641,5.975161270726967,5.999999928474426,6.986462264647925,33489740.724119827,5.466666539510091,5070.666666666667
tt26217318,Love Unleashed,2025,6.0,40,6.084321177424017,5.8666666348775225,6.055807505517966,20969162.450643778,5.725000023841858,2392.3333333333335
tt29048536,Long Good Thursday,2024,6.5,205,6.054422441401912,6.224999904632568,7.050640115019129,25369272.771426857,6.639999961853027,143.66666666666666
tt26459511,Kral Sakir: Mikrop Avcilari Cumburlop!,2023,5.0,40,6.3324965625550425,5.166666666666667,6.337099870837632,65012910.43772242,5.183333357175192,64.0
tt8434394,Butterfly Tale,2023,5.1,344,6.123929056021521,5.099999904632568,6.015625307309217,58695366.16310725,5.099999904632568,370.6666666666667
tt14799552,Maranam,2024,7.5,930,5.606572668611012,7.5,8.430667145070224,28614196.00792752,5.700000047683716,5641.666666666667
tt21477618,Mortal Kombat Legends: Snow Blind,2022,6.7,4251,5.972488432491343,6.7111110952165385,7.364808300582818,60354818.78512635,6.699999809265137,781.3333333333334
tt35050874,The Angel of Vengeance,2024,4.3,27,4.975293835433215,3.950000047683716,5.594363160046565,16298415.350626118,3.950000047683716,469.0
tt17634196,Kernagis,2022,7.7,197,7.213336372265705,7.699999809265137,8.730645458624785,4388240.25,7.699999809265137,12000.0
tt34688170,The Naughty List of Mr. Scrooge,2024,4.5,203,4.975293835433215,4.349999904632568,6.079867656371967,16298415.350626118,4.974999904632568,359.3333333333333
tt33499541,Butchers Book Three: Bonesaw,2024,5.3,85,4.975293835433215,4.875000009934107,5.25759942881657,16298415.350626118,4.3599999904632565,767.6666666666666
tt33499541,Butchers Book Three: Bonesaw,2024,5.3,85,4.975293835433215,4.875000009934107,5.25759942881657,16298415.350626118,4.3599999904632565,767.6666666666666
tt14873108,Rajnigandha,2021,7.6,36,6.098282728260086,6.8999998569488525,8.14444313547485,23810550.63444363,7.599999904632568,274.0
tt31596492,Daal Baati Churma,2023,5.9,10,6.084321177424017,6.805000042915344,7.6359580169508225,20969162.450643778,6.400000095367432,347.3333333333333
tt10543530,The Fall of Camp Blood,2022,5.4,151,4.975293835433215,5.46666677792867,5.867432641385665,16298415.350626118,5.400000095367432,375.3333333333333
tt32196550,The Fishing Place,2024,5.2,14,6.222950643159742,5.0,6.1395797388902125,22449168.97011252,5.199999809265137,12197.0
tt18231922,Niku Naku Pellanta Tom Tom Tom,2022,2.5,1051,6.064388686742614,5.0,6.583483424507441,23902569.33116583,2.5,453.6666666666667
tt21839254,Soul Mates,2023,4.9,824,5.290933252022113,4.474999904632568,6.016936091847247,22456305.679276817,5.25,568.3333333333334
tt33364777,Keep Rolling,2024,6.0,49,6.054422441401912,6.166666666666666,6.294597956874998,25369272.771426857,6.0,510.0
tt7889894,Ma Yesto Geet Gauchhu 2,2022,6.9,50,6.156287938925195,5.0,7.089070457331232,19845209.201655608,7.533333460489909,395.3333333333333
tt28142642,Sheela,2023,8.9,108,5.606572668611012,8.899999618530273,8.373702372651278,28614196.00792752,8.899999618530273,648.3333333333334
tt28545861,Slasher Killer Tapes,2023,2.6,9,4.975293835433215,5.475000023841858,4.195372521284942,16298415.350626118,5.099999904632568,574.0
tt15173952,825 Forest Road,2025,5.0,1395,4.975293835433215,5.599999904632568,5.915389212456361,16298415.350626118,5.599999904632568,8486.0
tt13847298,Wes Is Dying,2022,6.7,40,5.885894239644082,6.224999904632568,7.100947968254186,28289376.5727412,6.699999809265137,4772.333333333333
tt13847298,Wes Is Dying,2022,6.7,40,5.885894239644082,6.224999904632568,7.100947968254186,28289376.5727412,6.699999809265137,4772.333333333333
tt9054692,Hall,2020,3.7,541,5.466973934449058,4.53333334128062,5.548377932003658,23055563.78803984,3.700000047683716,8172.333333333333
tt24888662,Seid einfach wie ihr seid,2023,7.1,11,5.885894239644082,7.099999904632568,7.41204687546111,28289376.5727412,7.099999904632568,8865.333333333334
tt28000455,Setan Botak di Jembatan Ancol,2025,6.0,7,5.489253581229437,6.108441579909552,7.135535619886319,24400662.643764943,5.521052661694978,293.0
tt29259074,Blink,2024,7.2,678,7.213336372265705,5.0,5.0,4388240.25,7.324999809265137,5322.666666666667
tt7661518,The Heroics,2021,6.1,227,6.054422441401912,6.099999904632568,7.397178707910033,25369272.771426857,6.099999904632568,278.0
tt27032419,Mrs,2023,6.7,5057,6.054422441401912,6.616666555404663,7.487104144975828,25369272.771426857,7.199999809265137,305.0
tt33257454,Humans and Other Animals,2024,9.6,52,7.213336372265705,9.600000381469728,9.080667541913998,4388240.25,9.600000381469728,5474.666666666667
tt27635887,Have You Seen My Man?,2024,3.2,11,6.054422441401912,4.114285741533552,4.058804738922376,25369272.771426857,4.114285741533552,737.6666666666666
tt8709312,Northspur,2022,4.6,372,5.852813889143827,4.599999904632568,5.873809054132528,34637161.96050409,4.599999904632568,559.0
tt30088296,Sapins,2023,6.8,117,5.885894239644082,6.800000190734863,7.836422323711005,28289376.5727412,6.800000190734863,901.0
tt20868642,The Ex Obsession,2022,4.3,201,5.606572668611012,5.125,5.714012395376585,28614196.00792752,4.300000190734863,870.3333333333334
tt34375838,Common Sense,2024,2.5,20,5.97361481336043,2.5,3.712859966012693,25171932.29877474,2.5,789.6666666666666
tt12268362,Saving Mbango,2020,6.1,54,6.222950643159742,6.099999904632568,7.111154232457293,22449168.97011252,6.099999904632568,774.0
tt13457948,Clear Shadows,2023,6.0,66,6.330277083098925,6.0,6.834416626374043,31677057.28932829,6.0,4344.666666666667
tt13915968,Hayseed,2023,6.2,330,5.852474769473515,6.199999809265137,6.710588013403098,26271728.28915353,6.199999809265137,1478.6666666666667
tt30644187,Mutluyuz,2023,4.3,1328,5.885894239644082,4.575000047683716,5.494087550644738,28289376.5727412,4.350000143051148,480.6666666666667
tt14948930,Ami Rabindranath,2021,3.9,61,6.222950643159742,5.0,7.76970137694882,22449168.97011252,3.900000095367432,655.0
tt21153268,Unrivaled: Red Wings v. Avalanche,2022,8.6,185,6.913804122380251,5.0,5.0,14224083.959745765,8.600000381469727,736.6666666666666
tt22504704,Sunday Sunday Sunday,2022,9.5,85,6.222950643159742,5.0,5.0,22449168.97011252,9.5,704.0
tt8004664,Come Play,2020,5.8,19306,5.672433259298636,5.800000190734863,6.496820855488166,21000554.77543484,5.800000190734863,476.3333333333333
tt14917354,The House,2021,5.3,859,5.717435007912408,5.300000190734863,6.2195850450660215,36102963.00082816,5.550000190734863,728.0
tt19365894,TWINS IN CRIME,2023,7.8,18,5.7128139839569805,7.800000190734863,8.688160023028887,26434138.00674669,7.800000190734863,2074.3333333333335
tt32080328,The Last Wish,2024,6.0,6,6.222950643159742,5.400000095367432,6.825838090712891,22449168.97011252,5.400000095367432,5097.0
tt35308665,Penance,2025,7.8,44,6.222950643159742,7.800000190734863,8.043368561301055,22449168.97011252,7.800000190734863,491.0
tt15140278,Coup de Chance,2023,6.4,10136,6.0274865653880845,6.25,6.900117836156347,25303492.61387616,6.25,625.0
tt22006348,OMG! Oh My Girl,2022,6.8,1018,6.064388686742614,6.800000190734863,6.949655415142446,23902569.33116583,6.800000190734863,23.333333333333332
tt11232036,Henry VIII,2020,7.5,13,6.222950643159742,6.73600004196167,7.716660241724532,22449168.97011252,7.384999990463257,166.33333333333334
tt35494706,If You Are Afraid You Put Your Heart Into Your Mouth and Smile,2025,7.1,19,6.222950643159742,7.099999904632568,8.533150352920316,22449168.97011252,7.099999904632568,1184.6666666666667
tt15346602,Plastic French,2021,5.6,14,6.222950643159742,5.599999904632568,5.0,22449168.97011252,5.599999904632568,315.3333333333333
tt32292009,Laggam,2024,8.4,5092,6.183240226251263,7.849999904632568,8.641470733743594,47869763.03741497,7.849999904632568,1948.0
tt14182974,A Circle of Men,2021,7.7,10,7.213336372265705,7.699999809265137,5.0,4388240.25,7.699999809265137,13333.333333333334
tt14529246,Strange Friends,2021,5.8,74,6.021002971231345,5.587499976158142,5.929173935432824,23351624.487839192,5.7600000381469725,422.6666666666667
tt15502334,Master Anshuman,2023,9.2,24,5.819055299302949,8.386666584014892,8.560001063376673,24254080.005565863,9.199999809265137,254.33333333333334
tt13740912,Fantasme,2020,8.0,53,6.222950643159742,8.0,7.95878258692882,22449168.97011252,8.0,2962.6666666666665
tt13114588,The Nights Belong to Monsters,2021,5.5,63,6.027207754384532,5.5,6.410166109784522,35592224.46732576,6.200000047683716,3699.0
tt8480678,Pinocchio: A True Story,2021,3.3,1927,6.115733884805209,5.164444414774577,4.950945173546111,53872651.1465588,4.785714183534894,622.0
tt13239076,Ein Callgirl für Geister,2020,4.3,23,5.929754526502256,4.350000143051148,4.562421623154778,26730654.43575797,4.350000143051148,9375.0
tt8881034,Night to Be Gone,2023,6.0,37,6.222950643159742,6.0,7.074789611171316,22449168.97011252,6.0,656.0
tt35012084,Dad Croaked on Saturday,2025,7.5,23,6.222950643159742,7.5,7.344110456527736,22449168.97011252,7.5,653.6666666666666
tt8503618,Hamilton,2020,8.3,127211,6.647373881526953,8.025000095367432,8.223240547866563,24261086.741433825,8.300000190734863,84.66666666666667
tt14533820,Idiot,2022,3.4,358,5.694712906079013,3.400000095367432,5.816547557142134,22345653.631159943,3.400000095367432,5.0
tt30484085,Majnoo,2024,9.6,61,6.084321177424017,7.650000095367432,9.045601554879513,20969162.450643778,7.333333492279053,11333.333333333334
tt30810407,Udanadi Mangalyam,2024,2.9,24,6.183240226251263,2.900000095367432,5.0,47869763.03741497,2.900000095367432,233.66666666666666
tt12337854,The Death of Us,2023,6.6,21,5.914761655885377,6.599999904632568,7.092666424177903,25531682.48902002,6.599999904632568,10840.0
tt24177444,Camino,2023,6.1,790,6.054422441401912,6.199999928474426,7.248781299997661,25369272.771426857,6.3999998569488525,64.66666666666667
tt16416570,Cosmic Wonders,2021,8.2,8,6.308193455296263,8.199999809265137,9.140709082850002,43358214.47758308,8.199999809265137,139.0
tt12443946,Sweat,2020,6.6,4319,6.222950643159742,7.049999952316284,7.361789838464019,22449168.97011252,7.049999952316284,299.0
tt33112074,Cupido confuso,2025,4.8,12,6.054422441401912,4.166666825612386,6.39224224868652,25369272.771426857,4.166666825612386,460.0
tt9168164,Gunfight at Dry River,2021,3.8,321,6.0120633920814965,3.799999952316284,4.774771750830154,32088817.44140951,3.799999952316284,633.3333333333334
tt14111328,The Huns,2021,2.5,219,6.122574665270798,2.5,5.0,47512971.412837416,2.5,505.6666666666667
tt28445752,The Boy Who Never Tangoed,2023,8.1,16,6.054422441401912,8.100000381469727,5.0,25369272.771426857,8.100000381469727,625.6666666666666
tt11243168,The Animated World of Halas and Batchelor,2020,7.2,9,7.213336372265705,5.0,5.0,4388240.25,7.5,3944.6666666666665
tt34823082,Meen Yasadaq,2024,7.6,18,5.985107708534049,5.0,7.863426211401982,24629269.511692487,7.599999904632568,963.3333333333334
tt3683014,The Claw,2021,8.8,16,7.213336372265705,8.800000190734863,5.0,4388240.25,8.800000190734863,123.0
tt32508589,Vypusti menya,2024,6.6,32,5.7128139839569805,6.149999896685283,7.450389226921953,26434138.00674669,6.599999904632568,3398.0
tt34765869,During the Rains,2024,6.6,13,6.222950643159742,6.9666666984558105,7.288315608018703,22449168.97011252,7.0,8305.666666666666
tt20918100,"Silent Night, Bloody Night 3: Descent",2024,3.3,195,5.560081124793416,3.344646466019178,4.439165236270403,22947290.64297773,3.8576922783484826,780.3333333333334
tt22090298,Ajker Shortcut,2022,6.0,28,6.222950643159742,6.0,7.426590758132593,22449168.97011252,6.0,1329.0
tt32434447,Hillock Haunting,2024,3.1,92,4.975293835433215,5.27692305124723,5.183137905209,16298415.350626118,4.984210503728766,511.0
tt23283892,Till the End of the Night,2023,5.4,331,6.093628877981396,5.700000047683716,6.969878504113328,22863421.23984368,5.700000047683716,551.3333333333334
tt28788767,The Town Without Halloween,2024,5.5,87,4.975293835433215,5.5,5.441252156293948,16298415.350626118,5.5,428.6666666666667
tt28756343,Andrea Bocelli: Because I Believe,2024,7.6,17,7.213336372265705,7.599999904632568,8.690038198214841,4388240.25,7.599999904632568,406.6666666666667
tt31913893,Haywire: Gunslingers,2024,2.1,29,6.366676753848642,2.7999999608312334,5.0,20653775.73770492,2.4499999284744263,775.0
tt29942429,Arenas,2024,6.8,25,5.914761655885377,6.800000190734863,6.891311995854993,25531682.48902002,6.800000190734863,296.0
tt31852558,The Cellar,2024,5.8,167,4.975293835433215,5.800000190734863,6.581593017949703,16298415.350626118,5.800000190734863,13322.666666666666
tt15654318,AGP Schizophrenia,2022,3.7,77,5.606572668611012,5.0,5.531189895657105,28614196.00792752,3.700000047683716,4562.666666666667
tt21875148,Epilogues,2024,8.4,5,6.222950643159742,8.399999618530273,8.72818517907051,22449168.97011252,8.399999618530273,63.0
tt27744786,Shaitaan,2024,6.5,54467,5.601605715734657,6.815000009536743,7.982816018210996,22453926.77622205,5.299999952316284,317.3333333333333
tt21877154,Story Ave,2023,6.1,485,6.222950643159742,6.099999904632568,6.5757670186678165,22449168.97011252,6.099999904632568,2035.3333333333333
tt29245451,"Bisbal, el documental",2023,7.0,48,7.213336372265705,6.549999952316284,5.0,4388240.25,6.549999952316284,1607.6666666666667
tt29245451,"Bisbal, el documental",2023,7.0,48,7.213336372265705,6.549999952316284,5.0,4388240.25,6.549999952316284,1607.6666666666667
tt28513331,Analog,2023,6.6,190,6.15363591029188,6.614999985694885,7.412015014858649,21709165.710378148,6.099999904632568,1262.6666666666667
tt6986698,The Crickets Dance,2020,5.8,362,6.32644023913786,5.800000190734863,5.686400586170464,24702823.19658096,5.800000190734863,121.0
tt31250833,Lafran,2024,8.2,16,6.647373881526953,6.7645832896232605,8.42386620081968,24261086.741433825,7.0,280.3333333333333
tt23331598,Marginalci,2022,4.9,208,5.988298420687361,4.900000095367432,6.4934102377537934,37980656.85234604,4.900000095367432,538.0
tt21986198,Dear David,2023,5.7,1034,5.980103249471049,5.916666507720947,6.855739813488886,33157941.83579757,6.349999904632568,738.6666666666666
tt4908254,The Illegal,2021,6.8,1546,6.222950643159742,6.800000190734863,7.68098931727592,22449168.97011252,6.800000190734863,176.66666666666666
tt20879660,"Telma, el cine y el soldado",2022,8.7,10,7.213336372265705,8.699999809265137,5.0,4388240.25,8.699999809265137,6453.333333333333
tt9051162,Spiked,2021,5.0,149,6.222950643159742,5.0,6.178896690490382,22449168.97011252,5.0,709.0
tt17318444,The Exterminator: Retribution,2022,7.4,272,5.66774551213587,7.388235288507798,8.329973588595838,40731158.45569987,7.388235288507798,13000.0
tt17318444,The Exterminator: Retribution,2022,7.4,272,5.66774551213587,7.388235288507798,8.329973588595838,40731158.45569987,7.388235288507798,13000.0
tt14972978,Under a Black Cloud,2021,5.1,52,6.005206918607708,5.377777761883205,5.681225492132602,23958393.75815104,5.299999989961323,472.0
tt28542230,The Umbrella Men: Escape from Robben Island,2023,8.6,21,5.885894239644082,8.150000095367432,9.197090160261403,28289376.5727412,8.400000095367432,224.66666666666666
tt22060390,The Disinvited,2024,8.6,33,5.746233454127546,8.600000381469727,7.952862582974303,28451786.29033436,8.600000381469727,198.66666666666666
tt26743864,Agent Recon,2024,2.4,682,5.525850033813599,2.950000047683716,3.8281196083183535,55046822.46395834,2.950000047683716,9000.0
tt8192134,Not Alone,2021,3.8,297,5.290933252022113,3.799999952316284,5.388758137550551,22456305.679276817,3.799999952316284,163.66666666666666
tt29544857,Al Capone: The Facts About Al Capone,2023,8.6,17,7.213336372265705,8.600000381469727,5.0,4388240.25,8.600000381469727,17000.0
tt23952498,Napoli magica,2022,6.1,31,7.213336372265705,5.8999998569488525,7.027727250620502,4388240.25,5.8999998569488525,343.0
tt20779570,Mistura,2024,9.3,524,6.222950643159742,9.300000190734863,8.537387824230896,22449168.97011252,9.300000190734863,14333.333333333334
tt31113662,A Price to Pay,2025,8.6,18,6.005206918607708,8.600000381469727,8.766518783592632,23958393.75815104,8.766666889190674,684.0
tt10308998,Fragile,2020,6.1,30,6.222950643159742,6.099999904632568,6.717713918179177,22449168.97011252,6.099999904632568,439.0
tt22478232,Jaggu Ki Lalten,2022,5.1,151,6.222950643159742,5.099999904632568,6.372969096936001,22449168.97011252,5.099999904632568,788.0
tt13029450,Hypnosis,2020,5.5,193,6.222950643159742,6.080000019073486,6.201186383265472,22449168.97011252,5.5,5390.0
tt13101068,Bhanu,2020,8.2,19,5.606572668611012,7.099999904632568,8.270311317165934,28614196.00792752,7.099999904632568,912.6666666666666
tt9887580,Bulletproof 2,2020,3.7,736,5.807406297652405,4.500000059604645,5.726449551136844,40568748.73810671,3.700000047683716,9862.0
tt9887580,Bulletproof 2,2020,3.7,736,5.807406297652405,4.500000059604645,5.726449551136844,40568748.73810671,3.700000047683716,9861.666666666666
tt14680834,Who Do I Belong To,2024,6.7,1105,6.222950643159742,6.699999809265137,7.554183874696243,22449168.97011252,6.699999809265137,7405.333333333333
tt13712126,Spider in the Attic,2021,2.8,315,5.149037773699843,3.080769227101253,3.609842224129844,36771969.687535286,2.969444413979848,7365.0
tt12975804,Sonny Capone,2020,2.2,136,5.97361481336043,5.0000001192092896,5.762161217096297,25171932.29877474,2.200000047683716,10666.666666666666
tt15684426,Treat,2021,7.0,93,4.975293835433215,7.0,7.592760270189534,16298415.350626118,7.0,5262.333333333333
tt15684426,Treat,2021,7.0,93,4.975293835433215,7.0,7.592760270189534,16298415.350626118,7.0,5262.333333333333
tt34997988,Le mélange des genres,2025,6.1,69,5.885894239644082,6.3124998807907104,7.05054848790746,28289376.5727412,6.299999872843425,2000.0
tt32141536,McVeigh,2024,4.4,542,5.914761655885377,4.400000095367432,6.3562843350294855,25531682.48902002,4.400000095367432,699.6666666666666
tt4160608,All for Nikki,2020,5.1,271,5.929754526502256,5.099999904632568,5.844481957169366,26730654.43575797,5.099999904632568,5543.666666666667
tt29063701,The Edge of the Broken Moon,2023,6.6,40,6.222950643159742,7.233333269755046,7.160708385346163,22449168.97011252,6.599999904632568,878.3333333333334
tt33475752,"Pwede G, pwede B",2024,5.5,18,6.222950643159742,6.100000010596381,6.375991662393052,22449168.97011252,6.100000010596381,303.6666666666667
tt20383014,Fratè,2022,3.9,121,5.885894239644082,3.900000095367432,6.2466056007717015,28289376.5727412,4.600000023841858,4478.333333333333
tt13318488,"Seyran Ates: Sex, Revolution and Islam",2021,7.3,76,7.074876056396708,7.300000190734863,5.0,14117481.591666669,7.300000190734863,573.3333333333334
tt28449486,Big Bug Disaster,2022,6.6,5,5.722318629960355,5.0,6.5971427032819125,43399198.95864625,5.766666730244954,540.6666666666666
tt32491690,Dark Nuns,2025,5.3,1374,5.466973934449058,5.300000190734863,6.544255052903092,23055563.78803984,5.800000190734863,748.6666666666666
tt11488028,The 3rd Guest,2023,2.0,186,5.606572668611012,2.0,4.925772994715318,28614196.00792752,2.0,2656.6666666666665
tt33334393,Babah,2024,6.7,172,6.203095434705503,6.699999809265137,7.582272021834528,35159466.00376374,6.699999809265137,361.0
tt28490044,Evil Does Not Exist,2023,7.0,11246,6.222950643159742,7.050000071525574,5.0,22449168.97011252,7.200000047683716,897.0
tt30462882,Jatta Dolie Naa,2024,8.1,17,6.222950643159742,7.711111439598931,8.494164730445569,22449168.97011252,7.441666682561239,613.0
tt30462882,Jatta Dolie Naa,2024,8.1,17,6.222950643159742,7.711111439598931,8.494164730445569,22449168.97011252,7.441666682561239,613.0
tt27129231,Fast Shark III: Fastest Shark,2023,7.9,65,5.604337975805276,5.0,8.3898392170803,42767450.29859282,7.900000095367432,547.6666666666666
tt2906216,Dungeons & Dragons: Honor Among Thieves,2023,7.2,259402,5.823620991521023,6.716666539510091,7.331970171498327,48113640.8301326,7.199999809265137,99.33333333333333
tt28419523,Perhoset,2024,6.4,205,5.885894239644082,6.400000095367432,6.885106300098575,28289376.5727412,6.650000095367432,339.6666666666667
tt30225700,The Taming of the Shrewd 2,2023,4.2,289,5.985107708534049,4.642857040677752,5.499818371142354,24629269.511692487,4.683333237965901,5656.666666666667
tt11128440,Clerks III,2022,6.2,20617,6.054422441401912,5.233333269755046,7.110166616874669,25369272.771426857,5.233333269755046,515.0
tt9890308,Nasir,2020,7.1,341,6.222950643159742,7.099999904632568,8.268677132326028,22449168.97011252,7.099999904632568,738.3333333333334
tt27987936,Aar Paar,2023,7.6,19,5.945921079488184,7.799999952316284,9.354440760736672,34528888.81544197,7.599999904632568,4878.333333333333
tt15469452,Cross Hollow,2022,4.4,9,4.975293835433215,3.5400001049041747,5.672834743305018,16298415.350626118,3.5400001049041747,553.3333333333334
tt11323316,Penguin,2020,4.5,2620,5.882859537024568,5.849999904632568,6.982505477380903,25105814.9945353,5.849999904632568,526.6666666666666
tt25401564,Birds at Night,2023,9.1,16,5.606572668611012,9.100000381469728,5.0,28614196.00792752,9.100000381469728,568.3333333333334
tt27983775,Bill 79,2023,8.3,9,6.222950643159742,8.300000190734863,8.356987768208766,22449168.97011252,8.300000190734863,85.0
tt4483530,Lake Effect,2023,3.7,54,4.975293835433215,3.700000047683716,5.060409938022997,16298415.350626118,3.700000047683716,573.0
tt14075406,Anatomy of Wings,2020,8.1,18,7.213336372265705,5.0,5.0,4388240.25,8.100000381469727,145.33333333333334
tt7046966,The Waiting,2020,5.0,133,5.648503084167104,5.0,6.457564585374905,21852318.124670364,5.0,539.3333333333334
tt13212064,Guns and Grams,2020,8.9,41,5.728918355660729,5.0,7.769799399058726,52848120.90347222,8.899999618530273,3692.6666666666665
tt14746344,ReSet,2022,4.4,101,4.975293835433215,4.400000095367432,5.656332905538585,16298415.350626118,4.400000095367432,3815.3333333333335
tt20449626,Love You for Now,2022,6.2,1302,6.064388686742614,6.199999809265137,6.843338725947696,23902569.33116583,6.199999809265137,3085.6666666666665
tt16154708,Appatha,2023,7.3,249,6.222950643159742,7.033333460489909,7.905380981753642,22449168.97011252,5.6750001311302185,673.0
tt18938922,Seize Them!,2024,5.1,1192,6.334324750268744,5.099999904632568,6.720526915180974,27388372.446798407,5.549999952316284,324.3333333333333
tt25429332,Peacemaker,2023,5.0,54,5.865620411943409,5.0,5.0,14616899.104166666,5.0,496.6666666666667
tt5505992,Cagefighter,2020,4.5,617,6.171595114077762,4.5,5.545342843205613,38454024.28648187,4.5,686.0
tt13155940,My Village People,2021,6.2,61,5.858679552626702,6.199999809265137,7.724968960954014,38512328.2686401,5.612499982118607,1805.0
tt34999457,Naari: The Women,2025,8.7,1013,6.203095434705503,8.699999809265137,8.245891651469362,35159466.00376374,8.699999809265137,1123.6666666666667
tt13059804,Impionçable,2020,9.3,102,6.222950643159742,9.300000190734863,8.873808672774555,22449168.97011252,9.300000190734863,925.3333333333334
tt15354848,Unarvugal Thodarkadhai,2024,6.4,53,6.084321177424017,6.575000047683716,7.156708657606136,20969162.450643778,6.75,715.0
tt15731122,Kadala Theerada Bhargava,2023,6.9,1076,5.606572668611012,6.900000095367432,8.16557482887831,28614196.00792752,6.900000095367432,3531.3333333333335
tt13151732,Black Lizard Tales,2020,2.7,11,4.975293835433215,3.8000000715255737,4.367551683400641,16298415.350626118,3.8000000715255737,2579.6666666666665
tt27291785,The Falcon Lake Incident,2023,3.8,7,7.213336372265705,4.149999916553497,6.378794912683205,4388240.25,4.4999998807907104,696.0
tt5785132,Aankhen 2,2025,7.6,31,5.606572668611012,7.30714277994065,7.966518583536837,28614196.00792752,6.849999904632568,66.33333333333333
tt9112182,The Unheard,2023,4.6,778,5.672433259298636,4.599999904632568,5.13385727587238,21000554.77543484,4.599999904632568,183.66666666666666
tt12739994,The 100 Candles Game,2020,4.3,1531,5.290933252022113,4.722222328186035,5.015588691655207,22456305.679276817,4.277777896987067,385.3333333333333
tt5078940,What Happened in Danville,2022,7.0,9,5.606572668611012,7.0,7.584696863184309,28614196.00792752,7.0,799.6666666666666
tt28698074,Don't Say It,2024,8.9,58,6.064388686742614,8.899999618530273,9.288470250271448,23902569.33116583,8.899999618530273,14657.666666666666
tt9691290,Sharmajee Ki Beti,2024,5.9,5138,6.054422441401912,5.900000095367432,7.374284028654939,25369272.771426857,5.900000095367432,363.6666666666667
tt29116139,Kid,2025,9.2,28,6.222950643159742,7.1333333651224775,8.434170824597512,22449168.97011252,7.1333333651224775,6500.0
tt26087954,Nalapani,2022,9.3,22,6.502852952026574,9.300000190734863,11.035396503873784,24468268.645484067,9.300000190734863,392.0
tt28544219,Kangdaniel: My Parade,2023,8.2,26,6.986977654995064,5.0,5.0,10357346.640243905,8.400000095367432,2978.3333333333335
tt12131734,Balance of the Five Elements,2020,8.0,9,7.213336372265705,8.0,8.860011762971597,4388240.25,8.0,386.0
tt13137290,Demir Kadin: Neslican,2023,6.5,175,6.579683191843726,5.9666666984558105,6.377996770601416,23147945.951722927,4.050000011920929,2.6666666666666665
tt29868945,Dressing Like Meghan Markle,2023,1.0,137,7.213336372265705,4.664285710879734,3.255359696404509,4388240.25,4.8878787792090215,9088.0
tt27837981,Zivot pro samouky,2023,5.4,65,5.885894239644082,5.400000095367432,6.857902581081054,28289376.5727412,5.400000095367432,748.0
tt25503544,Phantom,2023,6.2,915,6.161762809971521,5.849999825159708,7.036841674166141,34835807.174367525,6.199999809265137,4172.333333333333
tt16124786,The Great Gatsby Live Read!,2021,8.1,99,6.222950643159742,7.400000333786011,7.582938178595148,22449168.97011252,6.700000286102295,59.0
tt20775212,The Presidents: Obama,2022,4.2,14,6.936415740527709,5.640990972365499,6.536363232166207,23846722.933333334,4.996666685740153,783.6666666666666
tt11225228,Titina,2022,7.0,607,6.123929056021521,7.0,7.327073016775496,58695366.16310725,7.0,62.333333333333336
tt10554232,Dara of Jasenovac,2020,8.1,82127,6.294813698504193,8.100000381469727,9.213985397309788,21551472.35390872,8.100000381469727,62.0
tt32462790,Yolki 11,2024,4.7,172,5.988298420687361,4.699999809265137,6.114795921674808,37980656.85234604,4.877777682410346,5565.0
tt32368818,Soldiers of Song,2024,9.3,61,7.213336372265705,5.0,5.0,4388240.25,9.300000190734863,804.0
tt14376344,Cha Cha Real Smooth,2022,7.3,29099,6.054422441401912,7.100000143051148,7.630413537588851,25369272.771426857,7.100000143051148,5262.333333333333
tt30478127,Table for Six 2,2024,5.4,324,6.064388686742614,5.733333428700765,6.579982103716539,23902569.33116583,6.150000095367432,655.0
tt22037802,All I Want for Christmas: The Magic Time Machine,2022,5.0,119,5.9750616150512,5.149999976158142,6.200446473903272,46454188.20811352,5.299999952316284,119.66666666666667
tt33044794,Meurtre chez les Yachtis,2024,8.9,8,5.885894239644082,8.899999618530273,5.0,28289376.5727412,8.899999618530273,5406.0
tt30624775,Louis Katz - Present/Tense,2023,8.3,15,5.885894239644082,8.300000190734863,5.0,28289376.5727412,8.300000190734863,93.0
tt23311308,Almost Home: Life After Incarceration,2023,9.3,7,7.213336372265705,5.0,5.0,4388240.25,9.300000190734863,614.3333333333334
tt32475217,Handsome Guys,2024,6.5,865,5.530035476912675,6.450000047683716,7.190810527633746,32478637.60894652,6.5,135.33333333333334
tt17511490,The Send-Off,2022,6.9,44,6.222950643159742,6.900000095367432,7.550156010855853,22449168.97011252,6.900000095367432,11728.333333333334
tt12325106,Frozen Stupid 2: Open Water,2020,7.4,17,5.885894239644082,5.0,8.371129023683894,28289376.5727412,7.400000095367432,85.0
tt18357588,Fast & Feel Love,2022,6.8,1515,5.945921079488184,6.800000190734863,6.905508613879794,34528888.81544197,6.800000190734863,33.333333333333336
tt8595016,My Old School,2022,7.1,1851,6.440727085023177,7.099999904632568,7.546833483863615,18375595.26428457,7.099999904632568,611.0
tt13820662,Koshtoneer,2021,7.6,261,6.222950643159742,5.0,7.939957729978272,22449168.97011252,7.599999904632568,213.0
tt18777552,Grutte Pier,2022,4.8,145,6.782755260893406,5.700000047683716,6.110212366609996,26487368.320855614,5.700000047683716,573.6666666666666
tt32516053,Soda,2024,7.4,58,6.222950643159742,7.212500035762787,8.205778796426772,22449168.97011252,7.024999976158142,43.333333333333336
tt31601577,Angithee 3,2024,8.1,61,6.084321177424017,5.0,8.75744992709883,20969162.450643778,8.050000190734863,22.666666666666668
tt10966832,Dagaalty,2020,4.1,352,5.945921079488184,4.099999904632568,6.526366352231859,34528888.81544197,4.099999904632568,271.0
tt27695172,The Dog Who Travelled by Train,2023,5.9,191,6.0196453027547605,5.133333424727122,6.946654624378242,55536594.02579968,5.600000143051148,372.3333333333333
tt18926478,Irani Chai,2024,8.6,11,5.914761655885377,8.600000381469727,8.704318249733378,25531682.48902002,8.600000381469727,612.6666666666666
tt21842984,19.20.21,2023,8.8,111,6.222950643159742,8.616666793823242,8.587827485821913,22449168.97011252,8.25,797.3333333333334
tt36594277,Cherasaala,2025,8.7,1032,6.222950643159742,5.0,5.0,22449168.97011252,8.699999809265137,613.0
tt15373594,Ashoka Vanamlo Arjuna Kalyanam,2022,7.4,1899,6.15363591029188,7.400000095367432,7.434096668417661,21709165.710378148,7.400000095367432,281.6666666666667
tt28911853,Galaxy Quest: The Definitive History,2023,8.4,24,7.213336372265705,7.966666539510091,8.477833416592977,4388240.25,7.966666539510091,91.0
tt7143882,The Land of Women,2023,5.4,76,6.222950643159742,5.400000095367432,6.57112885120871,22449168.97011252,5.400000095367432,427.3333333333333
tt35660545,Killbill Society,2025,5.4,179,5.606572668611012,5.889047657591956,7.586189980931972,28614196.00792752,6.090909047560259,33.333333333333336
tt11319188,Final Exam,2021,6.0,21,6.222950643159742,6.0,7.025426299973885,22449168.97011252,6.0,4874.666666666667
tt27703758,Stupid Games,2024,4.2,390,5.397174567368082,4.199999809265137,5.059079529021915,20276247.67809599,4.199999809265137,9353.333333333334
tt12776978,John Wynn's Playhouse,2021,6.5,22,5.606572668611012,6.099999984105428,7.830873469048917,28614196.00792752,6.325000047683716,546.3333333333334
tt27044964,Achanoru Vazha Vechu,2023,2.9,196,6.222950643159742,4.850000143051148,6.615315997970391,22449168.97011252,2.900000095367432,3900.0
tt15482370,Missing,2021,6.8,1114,6.005206918607708,6.376984198888143,7.492782497375093,23958393.75815104,6.100000063578288,6620.0
tt13490106,The Meaning of Hitler,2020,6.3,511,7.213336372265705,6.300000190734863,5.0,4388240.25,6.300000190734863,282.0
tt9806166,The Sanctity of Space,2021,6.9,170,6.913804122380251,7.475000023841858,5.0,14224083.959745765,6.650000035762787,4472.666666666667
tt11286640,Nowhere Special,2020,7.4,8312,6.222950643159742,6.699999968210856,8.014601275019656,22449168.97011252,6.799999952316284,600.3333333333334
tt15272328,Nora,2025,8.4,12,6.289821273509415,8.399999618530273,9.240887718752312,22354999.524447173,8.399999618530273,649.0
tt13846540,Red Island,2023,5.9,702,6.222950643159742,6.0566666920979815,7.034079597648184,22449168.97011252,5.900000095367432,972.6666666666666
tt21398920,Amore mio,2022,6.1,89,6.222950643159742,6.073484789241444,7.14820803901244,22449168.97011252,6.099999904632568,53.0
tt10546058,A Dark Path,2020,2.7,911,5.672433259298636,3.500000095367432,3.448314173293479,21000554.77543484,3.500000095367432,360.3333333333333
tt10423214,Doppel,2020,4.0,158,4.975293835433215,3.983333349227905,4.28867169248756,16298415.350626118,3.9666666984558105,10.666666666666666
tt15205370,White Berry,2022,6.0,69,6.222950643159742,6.0,6.825224656470152,22449168.97011252,6.0,893.0
tt23576400,Seetharamapuramlo Okapremajanta,2022,5.5,2133,6.13378070183764,5.5,7.432497196539006,34419462.74402937,5.5,947.3333333333334
tt26687375,Martin Reads the Quran,2024,7.9,171,5.914761655885377,7.900000095367432,8.2158234882059,25531682.48902002,7.900000095367432,13810.0
tt26656556,Niki,2024,6.0,368,6.579683191843726,6.081250011920929,6.43283505554342,23147945.951722927,6.0,371.0
tt32317640,Alyad Palyad,2024,6.8,1207,4.975293835433215,6.65833338101705,7.506153176582531,16298415.350626118,6.600000143051148,535.0
tt29622420,A Cold Grave,2024,3.5,274,5.466973934449058,3.922222208093714,4.7833573377115615,23055563.78803984,4.133333312140571,309.0
tt10327130,Soul Eclipse,2021,7.8,38,6.222950643159742,7.800000190734863,5.8691617313238575,22449168.97011252,7.800000190734863,1029.3333333333333
tt15345692,Low Rollers,2022,8.1,12,5.929754526502256,8.100000381469727,9.014889924183825,26730654.43575797,8.100000381469727,815.6666666666666
tt15345692,Low Rollers,2022,8.1,12,5.929754526502256,8.100000381469727,9.014889924183825,26730654.43575797,8.100000381469727,815.6666666666666
tt27164503,Bang Bang Betty: Valerie's Revenge,2023,6.3,68,5.76970194587739,4.866666706403096,6.7470345589551135,35544749.73672483,4.16250005364418,441.3333333333333
tt29928572,A Knife in the Dark,2024,3.2,89,5.7128139839569805,4.099999964237213,4.441463241031073,26434138.00674669,4.100000047683716,4685.666666666667
tt14956066,The Manifestation,2024,3.6,192,5.7128139839569805,3.5999999046325684,4.546596900081763,26434138.00674669,3.5999999046325684,1421.0
tt28260452,Jagrattha Bidda,2023,6.8,1521,6.222950643159742,6.800000190734863,7.364199222291415,22449168.97011252,6.800000190734863,532.6666666666666
tt33111282,Documentary of Baby Assassins,2024,8.7,14,7.213336372265705,5.0,7.780408404034443,4388240.25,8.699999809265137,6517.666666666667
tt23036126,We'll Be Millions,2022,4.6,6,7.213336372265705,4.599999904632568,4.928402916711373,4388240.25,4.599999904632568,171.33333333333334
tt9463434,Silence of the Rain,2020,6.2,237,5.799747593758131,5.716666539510091,6.727821341410328,26013402.77075604,6.199999809265137,5819.666666666667
tt28979221,Women Pirates - Rebels of the Seas,2025,6.1,12,6.039500511209001,6.099999904632568,7.37283823097898,42826296.99214846,6.099999904632568,455.0
tt14001894,Secret Headquarters,2022,5.2,8420,5.823620991521023,5.28333314259847,6.825065583410059,48113640.8301326,5.599999904632568,412.3333333333333
tt10223876,Paranormal Attraction,2020,2.8,401,4.975293835433215,3.7,3.9259379372934617,16298415.350626118,4.16250005364418,846.6666666666666
tt15727724,Premonition,2023,6.6,23,5.914761655885377,6.599999904632568,7.951362495290925,25531682.48902002,6.599999904632568,575.0
tt10793984,Caged Birds,2021,7.7,74,5.914761655885377,7.699999809265137,7.54724209151353,25531682.48902002,7.699999809265137,292.3333333333333
tt18559720,The OctoGames,2022,3.3,1142,5.342331301020138,3.644444386164347,5.117993084383495,42130686.759514265,4.124999970197678,481.3333333333333
tt36727311,Cutter's Club,2025,5.0,8,5.149037773699843,4.333333333333333,6.439058444174854,36771969.687535286,4.957142898014614,230.33333333333334
tt15766676,At Close Distance,2021,5.2,64,6.222950643159742,5.499999841054281,6.059056021078761,22449168.97011252,5.199999809265137,460.3333333333333
tt30834369,Zhowtime Presents: Siren Stories,2023,4.4,11,4.975293835433215,5.0,5.803465906665233,16298415.350626118,4.400000095367432,3206.0
tt13421132,Sunny,2021,6.6,6440,5.914761655885377,5.899999936421712,7.191113293926657,25531682.48902002,5.899999936421712,796.6666666666666
tt28497692,Shadow of Fire,2023,6.8,455,6.274920401118699,6.800000190734863,7.62328272338537,24396872.432178,6.800000190734863,433.0
tt15373558,Dear Friend,2022,5.9,1208,5.975966727368925,5.7583333651224775,7.561685862516478,24997541.8494732,5.5,611.6666666666666
tt21433722,Dad & Step-Dad,2023,6.8,101,5.885894239644082,6.850000143051148,7.492123283816414,28289376.5727412,6.800000190734863,391.3333333333333
tt8618890,Boy Makes Girl,2023,7.3,23,5.322781711966471,7.300000190734863,8.062261065470702,57245524.024444446,7.083333492279053,372.6666666666667
tt10455028,The Living Man,2020,6.3,204,5.885894239644082,6.5,6.836593911727295,28289376.5727412,6.300000190734863,3730.0
tt29058814,Funmilayo Ransome-Kuti,2024,8.5,94,6.414562520370489,6.185714244842529,7.351712351438815,22421684.784696545,5.850000023841858,422.0
tt20835552,Eradication,2022,4.2,949,5.290933252022113,4.049999833106995,5.663503665648249,22456305.679276817,4.199999809265137,437.3333333333333
tt11166308,Tow,2022,3.2,298,5.397174567368082,3.325000047683716,4.388787712873767,20276247.67809599,3.200000047683716,785.3333333333334
tt23049984,The American Good Samaritans,2022,9.5,13,7.213336372265705,9.5,7.935419180924506,4388240.25,9.5,16000.0
tt31631852,Oru Kattil Oru Muri,2024,4.6,61,6.064388686742614,4.599999904632568,6.424320198361582,23902569.33116583,4.599999904632568,3117.3333333333335
tt27155038,Ruby Gillman: Teenage Kraken,2023,5.7,12901,6.100903993207713,5.53333314259847,7.014710761543216,38090483.15370247,5.949999809265137,1240.3333333333333
tt34237408,Christmas Is Cancelled,2024,4.2,366,5.885894239644082,4.956186864713225,4.881612925794857,28289376.5727412,5.300000031789144,1170.0
tt32044730,The Codes of War,2023,5.3,113,6.047797554754686,5.300000190734863,5.2822994324758525,36750948.320588574,5.300000190734863,888.0
tt19882708,Kísértés az erdö mélyén,2024,2.7,75,4.975293835433215,2.700000047683716,4.781565627200138,16298415.350626118,2.700000047683716,1908.3333333333333
tt7852926,Titanic: Kadhalum Kavunthu Pogum,2022,7.0,9,5.985107708534049,5.0,7.102528541484718,24629269.511692487,7.0,594.3333333333334
tt15471904,Povjerenje,2021,9.3,16,5.606572668611012,9.300000190734863,11.45187854929241,28614196.00792752,9.300000190734863,314.6666666666667
tt26762096,Streaming,2025,7.4,42,5.7128139839569805,7.400000095367432,7.752864853203816,26434138.00674669,7.400000095367432,6126.333333333333
tt27041348,Oltre Le Nostre Vite,2021,5.6,6,5.819055299302949,5.599999904632568,5.0,24254080.005565863,5.599999904632568,1721.6666666666667
tt15289740,Greta Thunberg: Rebel with a Cause,2020,3.4,64,7.074876056396708,5.048648640916154,4.31499623732307,14117481.591666669,4.996666685740153,829.6666666666666
tt26541605,Better Than Fine,2023,7.0,32,5.885894239644082,7.0,7.821069855092354,28289376.5727412,7.0,234.33333333333334
tt28300599,Papasha v begakh,2023,4.9,63,5.988298420687361,5.1333333651224775,6.110531546236551,37980656.85234604,4.900000095367432,90.0
tt11702278,A Wrestling Christmas Miracle,2020,2.0,218,6.097361703018362,2.650000015894572,3.749277461619216,32869436.19342289,2.0,169.33333333333334
tt10392914,Sataracha Salman,2023,8.5,22,6.183240226251263,7.933333317438762,8.358651758251062,47869763.03741497,7.980000019073486,2497.0
tt27834317,Haseena,2023,7.8,1061,5.914761655885377,5.0,8.254330068959213,25531682.48902002,7.800000190734863,163.0
tt13787584,Kevin,2021,6.8,17,7.213336372265705,6.416666825612386,5.0,4388240.25,6.800000190734863,451.0
tt24787160,Khapakhap,2022,6.0,26,5.885894239644082,6.0,7.833790003222468,28289376.5727412,6.0,404.0
tt32306904,Hell is a Timeshare in Florida,2022,5.5,9,6.054422441401912,5.666666666666667,6.916699244951484,25369272.771426857,5.5,651.6666666666666
tt28452681,Blood Star,2024,6.2,4285,5.290933252022113,6.199999809265137,6.758635882324266,22456305.679276817,6.199999809265137,80.33333333333333
tt11367378,Above Snakes,2022,5.0,158,5.842337855623179,5.075000047683716,5.292332538257718,19435489.554866266,5.150000095367432,262.6666666666667
tt14192164,"You Sing, I Sing",2020,6.1,31,6.1615919961918255,6.099999904632568,6.847600186729656,16117296.184210526,6.099999904632568,506.3333333333333
tt27599680,Nonte Fonte,2023,1.6,39,6.054422441401912,3.0,6.114780421613112,25369272.771426857,3.175000041723252,537.3333333333334
tt14994254,Rascals,2022,6.4,303,5.852813889143827,6.400000095367432,7.119265942953426,34637161.96050409,6.400000095367432,89.0
tt15193040,Kim Bu Aile?,2022,5.5,1970,5.807406297652405,5.5,6.812871172087021,40568748.73810671,3.974999964237213,671.3333333333334
tt8000646,Witness Infection,2020,3.7,758,5.430594037538649,3.700000047683716,5.461164683751453,22293895.961683657,4.649999976158142,673.3333333333334
tt27714278,Medellin,2023,4.9,2150,5.807406297652405,5.3750001192092896,5.844422296575004,40568748.73810671,4.900000095367432,297.3333333333333
tt8126172,Bad Roads,2020,6.7,916,6.222950643159742,6.699999809265137,7.103157932919535,22449168.97011252,6.699999809265137,652.6666666666666
tt14110518,Next of Kin,2021,6.2,10,5.606572668611012,6.199999809265137,7.716930966444266,28614196.00792752,6.199999809265137,4282.333333333333
tt33093444,Whispers in the Wind,2024,5.5,57,6.222950643159742,5.3,6.071680407860548,22449168.97011252,5.145454450087114,4108.333333333333
tt25434818,"Ma, I Love You",2023,7.4,48,6.097361703018362,7.400000095367432,7.834348840692026,32869436.19342289,7.049999952316284,35.0
tt29733195,The Lord Musang King,2023,5.3,22,5.975161270726967,5.300000190734863,6.715688146453667,33489740.724119827,5.300000190734863,628.6666666666666
tt14811236,It Knows You're Alone,2021,3.4,100,4.975293835433215,4.100000063578288,3.598482980216291,16298415.350626118,3.975000023841858,455.6666666666667
tt9839686,Schlussklappe,2022,6.6,38,6.054422441401912,6.599999904632568,7.219737989512881,25369272.771426857,6.599999904632568,404.0
tt11799764,Merindu Cahaya de Amstel,2022,6.7,131,6.15363591029188,6.06999994913737,7.814749696043418,21709165.710378148,6.199999939311635,8958.0
tt32809435,Po lyubvi,2025,4.4,69,6.15363591029188,4.710000030199687,5.997635307196666,21709165.710378148,4.400000095367432,610.0
tt7116882,Clean Slate,2021,7.7,31,7.213336372265705,5.0,5.0,4388240.25,7.699999809265137,817.0
tt30761209,Thousand Claws Dragon,2023,7.0,50,5.728918355660729,5.0,7.131447681974842,52848120.90347222,7.0,523.6666666666666
tt13528580,The Siamese Bond,2020,7.2,361,6.222950643159742,6.4249999046325685,7.412843194903029,22449168.97011252,6.949999809265137,142.0
tt15732324,OMG 2,2023,7.5,44786,6.054422441401912,7.549999952316284,7.666490959242054,25369272.771426857,7.5,508.3333333333333
tt9916190,Safeguard,2020,3.6,263,5.7305138011766665,3.5999999046325684,4.848589060372424,48221913.97519472,3.5999999046325684,3976.3333333333335
tt11736856,Holland Road Massacre: The Legend of Pigman,2020,6.8,29,4.975293835433215,6.273333485921224,6.747054381452158,16298415.350626118,5.450000047683716,11285.333333333334
tt11736856,Holland Road Massacre: The Legend of Pigman,2020,6.8,29,4.975293835433215,6.273333485921224,6.747054381452158,16298415.350626118,5.450000047683716,11285.0
tt21448604,Shimmy: The First Monkey King,2023,5.9,71,6.257868394403152,5.914814896053738,5.0,56441336.73756869,5.900000095367432,67.33333333333333
tt14954534,Cassandro,2023,6.5,4319,6.591212752060749,6.549999952316284,6.966373642830559,23451939.857645795,6.599999904632568,1666.6666666666667
tt13991074,Abaddon's Pit,2024,5.6,43,5.717435007912408,4.799999952316284,5.759465183559838,36102963.00082816,4.799999952316284,155.0
tt21093464,Uncomfortable Relationship,2022,7.6,8,6.222950643159742,7.599999904632568,8.522299369471664,22449168.97011252,7.599999904632568,452.6666666666667
tt27574270,Nundead,2023,3.9,27,4.975293835433215,4.3111111587948265,4.315387247282678,16298415.350626118,3.9647619277711903,597.6666666666666
tt14960612,See You on Venus,2023,6.1,4946,6.15363591029188,6.099999904632568,6.221569622198884,21709165.710378148,6.099999904632568,398.6666666666667
tt14203808,Prezidentka,2022,5.2,140,5.985107708534049,5.0,6.6396555829553705,24629269.511692487,5.21428564616612,224.0
tt21100454,Bukan Cinderella,2022,1.4,379,6.064388686742614,2.4749999344348907,4.7861426758178816,23902569.33116583,4.874999970197678,602.6666666666666
tt21624640,Babauziukai. Septynios Fantastiskos Istorijos,2022,5.9,34,6.3324965625550425,5.962500095367432,5.0,65012910.43772242,5.766666730244954,616.0
tt6861076,Sin Sister,2020,5.1,66,5.606572668611012,5.833333253860474,7.342112098999906,28614196.00792752,5.099999904632568,408.3333333333333
tt10805280,Brothers from Malta,2022,5.8,125,5.885894239644082,5.800000190734863,5.7774155520137285,28289376.5727412,5.800000190734863,326.3333333333333
tt22746704,Communist Girlfriend Capitalist Boyfriend,2022,6.6,16,5.985107708534049,5.149999976158142,5.0,24629269.511692487,5.149999976158142,17.333333333333332
tt8263018,An Extinction,2022,7.9,533,6.222950643159742,7.900000095367432,8.071364887226261,22449168.97011252,7.900000095367432,15.333333333333334
tt17009328,"Italia. Il fuoco, la cenere",2021,7.1,31,7.213336372265705,7.099999904632568,7.3240887020845555,4388240.25,7.099999904632568,658.6666666666666
tt15513462,Becoming the G.O.A.T.: The Tom Brady Story,2021,4.1,170,7.213336372265705,5.0,5.0,4388240.25,5.25,306.6666666666667
tt14537540,Little Big Mouth,2021,4.2,220,6.2436114515975065,4.56666652361552,5.1246953212475495,21861664.017957594,4.299999833106995,673.3333333333334
tt15180032,Basic Psych,2025,8.5,12,6.222950643159742,8.5,9.45033149694381,22449168.97011252,8.5,279.3333333333333
tt31629821,Lord of Wolves,2024,2.8,142,4.975293835433215,4.119444434289579,4.780714599756333,16298415.350626118,3.790909073569558,14231.333333333334
tt27911705,Formosa Beach,2024,6.3,26,6.222950643159742,6.388889047834609,7.007480718818426,22449168.97011252,6.300000190734863,5666.666666666667
tt27477888,Test,2025,5.1,1538,6.418611257827269,5.599999904632568,6.819000787966657,23254548.319802023,5.099999904632568,10574.0
tt14797408,Amityville Shark House,2023,4.1,66,4.975293835433215,3.8807575890512176,5.533957446972663,16298415.350626118,3.947692323648013,5182.666666666667
tt12362248,Christmas vs. The Walters,2021,4.5,409,6.097361703018362,4.5,5.909904636492962,32869436.19342289,4.5,94.33333333333333
tt23334616,Last Call for Istanbul,2023,5.3,10027,6.15363591029188,6.200000047683716,6.346353990948522,21709165.710378148,5.300000190734863,220.0
tt15391164,Darking Way,2021,8.2,6,6.222950643159742,5.0,5.0,22449168.97011252,8.199999809265137,305.6666666666667
tt18411490,Tiger 3,2023,5.7,55114,5.7305138011766665,5.591666579246521,7.260870721694388,48221913.97519472,5.699999809265137,414.6666666666667
tt20952110,Blossom,2023,3.5,104,5.882859537024568,3.987500011920929,5.018073043254102,25105814.9945353,3.5,607.3333333333334
tt4418730,As It's Remembered,2022,4.7,55,5.717435007912408,4.699999809265137,6.031694011354992,36102963.00082816,4.699999809265137,1894.3333333333333
tt11656220,Midnight in the Switchgrass,2021,4.6,12041,5.799747593758131,3.6333332856496177,5.042911487127591,26013402.77075604,4.500000059604645,111.66666666666667
tt15260940,A Faraway Land,2021,5.0,186,6.222950643159742,5.255555608537462,6.345892054018873,22449168.97011252,5.025000095367432,37.0
tt10400028,I Am Zlatan,2021,6.2,4361,6.591212752060749,6.199999809265137,7.16878157601311,23451939.857645795,6.199999809265137,21.333333333333332
tt23554698,Gharat Ganpati,2024,7.8,504,6.183240226251263,7.800000190734863,8.183499178093834,47869763.03741497,7.800000190734863,274.3333333333333
tt20195918,Blow Up My Life,2022,6.1,62,5.746233454127546,6.099999904632568,6.662309327216709,28451786.29033436,6.099999904632568,640.3333333333334
tt13878640,Kiss Me for Christmas,2020,5.8,50,6.064388686742614,5.0,6.956211547144166,23902569.33116583,5.520000076293945,183.0
tt24218658,Pesni leta,2022,6.1,18,6.222950643159742,6.67142847606114,5.0,22449168.97011252,6.67142847606114,1560.6666666666667
tt21343494,Encontrando el Fin del Mundo,2022,6.9,33,6.222950643159742,6.900000095367432,7.061311558995218,22449168.97011252,6.900000095367432,1967.3333333333333
tt14598876,Udd Ja Re,2022,6.4,26,5.914761655885377,7.900000095367432,8.286688768597793,25531682.48902002,7.325000047683716,121.66666666666667
tt27479184,Balu Gaani Talkies,2024,8.0,84,5.606572668611012,8.0,8.39279646764543,28614196.00792752,8.0,492.3333333333333
tt27547171,All Up in the Biz,2023,7.5,362,6.986977654995064,7.5,7.977861395347513,10357346.640243905,7.400000095367432,267.0
tt18162296,Sparta,2022,6.8,985,6.222950643159742,6.830000098546346,7.95552934367562,22449168.97011252,7.00000015894572,210.33333333333334
tt16982622,Norwegian Dream,2023,6.4,1120,6.15363591029188,6.416666746139526,6.980857195651357,21709165.710378148,6.400000095367432,143.66666666666666
tt16463932,Teardrop,2022,4.1,356,4.975293835433215,3.399999976158142,5.270440932276517,16298415.350626118,4.7833333015441895,234.33333333333334
tt18767068,Crossword,2024,4.8,7,5.914761655885377,4.800000190734863,5.708778645796497,25531682.48902002,4.800000190734863,650.6666666666666
tt7982606,Dr. Spiderwack's Mind-Boggling Compendium of Fantastic Urban Beasts,2024,8.8,11,5.885894239644082,8.800000190734863,9.56267674712369,28289376.5727412,8.800000190734863,768.3333333333334
tt10003994,Seeds,2020,6.9,315,4.975293835433215,6.900000095367432,7.873270779844186,16298415.350626118,6.900000095367432,4806.666666666667
tt32135891,Peplebis idzulebiti migratsia,2023,6.9,22,6.064388686742614,6.900000095367432,6.491917031215883,23902569.33116583,6.900000095367432,396.0
tt7737786,Greenland,2020,6.4,145996,5.66774551213587,5.533333460489909,7.394548261536078,40731158.45569987,6.066666603088379,936.3333333333334
tt15167640,Country Roads Christmas,2022,6.0,136,6.064388686742614,6.0,6.543169688693765,23902569.33116583,6.100000063578288,484.3333333333333
tt10061464,Gunpoint,2021,3.3,91,5.606572668611012,3.299999952316284,4.654969762756873,28614196.00792752,3.299999952316284,754.3333333333334
tt33029349,Night Silence,2024,5.6,271,4.975293835433215,5.248333323001861,6.072796894518533,16298415.350626118,5.025000035762787,368.3333333333333
tt24240546,Prathyardhi,2023,8.8,15,5.97361481336043,5.0,8.19962242369578,25171932.29877474,8.800000190734863,673.3333333333334
tt24240546,Prathyardhi,2023,8.8,15,5.97361481336043,5.0,8.19962242369578,25171932.29877474,8.800000190734863,673.3333333333334
tt28620337,Money Talks,2023,3.3,25,5.728918355660729,3.2666666507720947,6.013113555451573,52848120.90347222,4.78333334128062,190.33333333333334
tt33052445,A Brothers Bond,2024,5.2,44,5.97361481336043,5.199999809265137,5.109023192004047,25171932.29877474,5.199999809265137,155.66666666666666
tt12764628,The Jack in the Box: Awakening,2022,4.4,1845,4.975293835433215,4.1333333651224775,4.852849607622411,16298415.350626118,4.425000071525574,474.3333333333333
tt17320304,Paranormal Prairie: Tales from Illinois' Scariest Locations,2022,8.3,9,7.213336372265705,8.300000190734863,7.141148996059739,4388240.25,6.1333333651224775,273.3333333333333
tt7510346,The Turning,2020,3.9,16890,5.672433259298636,4.711111201180352,5.729502247520785,21000554.77543484,3.900000095367432,13733.0
tt30490625,Steppenwolf,2024,6.5,267,5.606572668611012,6.577777756585015,7.486664410762557,28614196.00792752,6.577777756585015,3478.6666666666665
tt21364060,Follower,2023,7.1,460,6.222950643159742,7.099999904632568,7.577360264164533,22449168.97011252,7.099999904632568,400.0
tt35315504,Pentecost Prince,2025,6.7,100,6.222950643159742,6.75,6.887012468218334,22449168.97011252,7.0,4402.0
tt22176350,Cocaine Stepdad,2024,6.2,34,5.885894239644082,5.949999809265137,5.0,28289376.5727412,6.199999809265137,4965.333333333333
tt18601992,Adarna Gang,2022,4.4,158,5.728918355660729,5.362500011920929,5.807454654421965,52848120.90347222,4.833333333333333,3877.0
tt27866861,I Want to Talk,2024,7.1,2139,6.222950643159742,6.721428530556815,6.667572973882642,22449168.97011252,7.233333428700765,582.0
tt9634036,Aalto: Architect of Emotions,2020,7.1,756,6.977502457895607,7.174999952316284,5.0,18240777.16806298,7.1499998569488525,527.0
tt12621872,Timing,2020,6.8,28,5.885894239644082,6.800000190734863,7.381094543984222,28289376.5727412,6.800000190734863,851.6666666666666
tt11299422,When the Screaming Starts,2021,5.4,719,5.430594037538649,5.400000095367432,7.308491459897685,22293895.961683657,5.400000095367432,358.3333333333333
tt15107752,Coco Chanel,2021,7.4,80,6.1615919961918255,6.766666743490432,8.39288469549723,16117296.184210526,6.50000015894572,2630.6666666666665
tt11871074,Girls to Buy,2021,5.3,3942,5.975161270726967,5.716666830910577,5.5761255491947,33489740.724119827,4.433333396911621,533.6666666666666
tt11028768,The People Upstairs,2020,6.6,3511,5.885894239644082,6.2,7.366401651581512,28289376.5727412,6.3999998569488525,240.66666666666666
tt29033594,Tarokar Mrityu,2023,6.5,70,5.914761655885377,6.805000042915344,7.76944618009837,25531682.48902002,6.400000095367432,959.0
tt10951580,Girl in the Palms,2023,6.1,12,6.039500511209001,6.599999904632568,6.40732375797062,42826296.99214846,6.599999904632568,137.33333333333334
tt9340916,She Will,2021,5.4,3527,5.672433259298636,5.400000095367432,6.565071390819847,21000554.77543484,5.400000095367432,539.6666666666666
tt12685376,Giovanni's,2020,8.1,56,6.414562520370489,8.100000381469727,5.0,22421684.784696545,8.100000381469727,5000.0
tt14464222,"I Love You, You're Perfect, Now Change",2021,5.9,8,6.1615919961918255,5.0,6.9408154474227794,16117296.184210526,5.900000095367432,705.0
tt33295134,100 Yillik Armagan,2024,7.0,19,7.213336372265705,7.0,6.799980595224707,4388240.25,7.0,698.3333333333334
tt16317872,I Want My Country Back,2021,8.3,7,6.998045816579555,7.950000127156575,5.0,15437804.285427809,7.925000150998433,844.0
tt16317872,I Want My Country Back,2021,8.3,7,6.998045816579555,7.950000127156575,5.0,15437804.285427809,7.925000150998433,844.0
tt18272762,The Founder Effect,2023,8.6,39,5.788262551476387,8.600000381469727,8.161107085958362,34649591.00004094,8.600000381469727,453.6666666666667
tt19711982,Beautiful Noise,2022,9.6,8,6.222950643159742,9.600000381469728,5.0,22449168.97011252,9.600000381469728,720.3333333333334
tt11449054,True Life of Angels,2022,6.4,38,6.222950643159742,6.400000095367432,6.7512871711030735,22449168.97011252,6.400000095367432,953.3333333333334
tt34616699,Love song,2023,7.5,6,6.084321177424017,5.0,8.75729300300711,20969162.450643778,7.5,6474.333333333333
tt9790536,Light in the Tropics,2020,7.2,60,6.222950643159742,6.699999968210856,8.080097414886856,22449168.97011252,6.699999968210856,465.6666666666667
tt32524692,Bangsal Isolasi,2024,4.7,164,5.290933252022113,4.699999809265137,6.939188447832816,22456305.679276817,5.899999976158142,4704.0
tt10466348,Code of Thieves,2020,3.6,98,5.728918355660729,5.769999965031942,7.035876802425167,52848120.90347222,6.168421017496209,373.3333333333333
tt13065642,Nasrin,2020,8.2,132,7.213336372265705,8.199999809265137,8.274540434352721,4388240.25,8.199999809265137,376.0
tt28582082,Dark Shades of a Secret,2023,3.7,21,6.222950643159742,3.700000047683716,3.909042768128783,22449168.97011252,3.700000047683716,4028.0
tt27738637,El Gringo,2023,8.9,64,5.934379375043728,8.899999618530273,9.236461971569865,25411765.758938257,8.899999618530273,345.0
tt11083384,The Name of the People,2020,7.3,469,6.782755260893406,6.97777795791626,8.028987540809231,26487368.320855614,7.300000190734863,110.33333333333333
tt22180014,The Altman Method,2022,7.9,15,5.914761655885377,7.900000095367432,5.0,25531682.48902002,7.900000095367432,463.3333333333333
tt18749778,11.11,2022,5.5,261,5.914761655885377,5.5,6.051345542848341,25531682.48902002,5.549999952316284,882.6666666666666
tt10656212,Buya Hamka Vol. 1,2023,6.6,886,6.647373881526953,6.419047622453599,7.469437060520778,24261086.741433825,6.799999992052714,3766.6666666666665
tt25275770,Di Renjie Flying Head Rakshasa,2020,6.5,28,5.9277779548099305,5.233333269755046,7.068098155459261,41344189.94604125,6.0,321.0
tt13907802,Blacks Can't Swim: The Sequel,2021,5.2,7,6.718143507712724,5.449999809265137,5.0,13418704.61005626,5.699999809265137,321.6666666666667
tt13021136,The Get Lost Losers,2022,7.3,30,6.023743117917954,7.300000190734863,7.155767397835627,22203336.37847586,7.300000190734863,716.0
tt27191961,Cheeni 2,2023,6.3,254,6.054422441401912,6.328571455819266,7.6828268234811325,25369272.771426857,6.733333428700765,531.3333333333334
tt28803051,Splendid Hotel,2023,4.9,73,6.579683191843726,4.900000095367432,6.917644489997819,23147945.951722927,4.900000095367432,331.6666666666667
tt20769484,Summer with Hope,2022,5.9,52,6.418611257827269,5.900000095367432,6.8310151481334245,23254548.319802023,5.900000095367432,720.6666666666666
tt9695524,Dom,2023,8.4,9,5.352106095546972,6.499999761581421,5.0,34573268.12704917,6.499999761581421,82.0
tt16970948,Ada Mertua di Rumahku,2022,7.8,20,6.222950643159742,6.816666762034099,8.627250813685727,22449168.97011252,7.800000190734863,7602.666666666667
tt19818672,Rabbit Hole,2022,7.1,8,5.856050379258259,7.099999904632568,6.422960892010732,63203425.0141844,7.099999904632568,383.0
tt14402742,The Shoonyah: Chapter 1 - Blow of the War Horns,2021,9.5,45,5.728918355660729,9.5,8.158336599905743,52848120.90347222,9.5,596.6666666666666
tt13407984,The Secret Art of Human Flight,2023,6.0,266,5.980103249471049,6.0,6.619290871288079,33157941.83579757,7.099999904632568,612.0
tt14755038,Lullaby,2022,7.1,4043,6.222950643159742,7.099999904632568,7.643769775681342,22449168.97011252,6.3999998569488525,420.3333333333333
tt21305876,The Sales Girl,2021,7.1,172,6.222950643159742,5.0,5.0,22449168.97011252,7.1499998569488525,646.3333333333334
tt30387025,Nûfer,2024,3.9,10,4.975293835433215,3.900000095367432,4.86592667647021,16298415.350626118,3.900000095367432,60.666666666666664
tt9178004,Clownery,2020,2.7,293,5.430594037538649,3.200000047683716,4.6074769199707255,22293895.961683657,3.700000047683716,1544.0
tt15360384,Girl at the Window,2022,4.1,1246,5.466973934449058,4.099999904632568,5.639009850602965,23055563.78803984,4.099999904632568,66.33333333333333
tt26735762,Gulabi,2023,8.1,9,5.606572668611012,5.0,8.363945056000071,28614196.00792752,8.100000381469727,314.6666666666667
tt9716562,Midnight Song,2021,9.1,24,5.914761655885377,8.266666968663534,9.809542852199582,25531682.48902002,9.100000381469728,666.0
tt21738294,I Don't Expect Anyone to Believe Me,2023,5.8,688,5.746233454127546,5.946666733423869,6.854801949940788,28451786.29033436,5.800000190734863,4123.333333333333
tt26923729,Yello Jogappa Ninnaramane,2025,9.6,512,6.15363591029188,9.600000381469728,9.809088923819278,21709165.710378148,9.600000381469728,585.0
tt19244244,El-Hass,2022,5.1,11,4.975293835433215,5.099999904632568,6.682251928907481,16298415.350626118,5.099999904632568,1164.0
tt21230558,Bhuvanam Gaganam,2025,9.4,202,6.163504015611674,8.624999761581421,9.106672324380751,30429364.81939042,9.399999618530272,783.3333333333334
tt28857853,Vina: Before 7 Days,2024,5.4,597,5.723953097317796,5.675000058280097,6.7467008316111405,21306505.5398378,5.521052661694978,596.0
tt31163359,Pee Nak 4,2024,4.8,404,5.430594037538649,5.0,5.77564621344676,22293895.961683657,5.340000057220459,1639.6666666666667
tt30486118,Song of All Ends,2024,5.8,11,6.222950643159742,7.5,5.0,22449168.97011252,7.5,6314.666666666667
tt27501845,G-Men,2023,5.6,120,5.885894239644082,5.699999888737996,6.831856866330574,28289376.5727412,5.400000095367432,1182.6666666666667
tt34771488,When Will You Marry?,2025,4.6,109,5.899711257576276,5.3749998807907104,5.88336356648318,34035553.3089524,4.599999904632568,18.333333333333332
tt14886322,Nun Nancy,2021,7.1,19,6.222950643159742,5.884999948740005,7.098997514805788,22449168.97011252,4.7586207143191634,761.6666666666666
tt11565160,The Y,2023,5.3,2658,5.466973934449058,5.300000190734863,5.0,23055563.78803984,5.300000190734863,117.66666666666667
tt13812916,Eskawata Kayawai,2023,9.0,6,7.213336372265705,9.0,5.0,4388240.25,9.0,8539.333333333334
tt7063376,Lapwing,2021,5.0,270,6.502852952026574,5.0,5.501389294138136,24468268.645484067,5.0,389.0
tt20123174,Elizabeth: The Unseen Queen,2022,7.5,307,6.977502457895607,5.0,5.0,18240777.16806298,7.5,4840.333333333333
tt10880084,The Warrant,2020,4.9,943,5.852861182759806,5.233333269755046,5.732934462813174,47074492.73881045,5.519999980926514,1774.0
tt33295840,Quo Vadis,2024,6.5,510,6.446067488869397,6.5,6.148523558998772,37983149.242896855,6.5,3306.6666666666665
tt21880688,La deuda,2025,6.0,11,5.914761655885377,5.599999904632568,6.5770485409965085,25531682.48902002,5.599999904632568,370.3333333333333
tt15208338,Chaitanyam,2021,6.6,172,6.222950643159742,6.8999998569488525,8.079915461142049,22449168.97011252,6.599999904632568,8120.0
tt27542160,Omanush,2022,7.5,14,6.222950643159742,7.5,7.685047596527519,22449168.97011252,7.274999976158142,382.3333333333333
tt14379852,Moscow Does Not Happen,2020,6.1,161,5.605082873407188,6.099999904632568,7.05131081339715,38049698.868371055,6.099999904632568,3883.6666666666665
tt15747352,Berlin Izza Bitch!,2021,4.4,19,5.885894239644082,4.350000143051148,4.758267095236796,28289376.5727412,4.350000143051148,482.6666666666667
tt15452064,Pecakúra,2021,5.0,67,5.885894239644082,4.599999904632568,5.0,28289376.5727412,4.599999904632568,1523.6666666666667
tt5571814,Sisters Apart,2020,5.8,373,6.294813698504193,5.800000190734863,6.684914829320571,21551472.35390872,5.800000190734863,467.3333333333333
tt35519505,Assembly,2025,8.0,6,7.213336372265705,8.0,5.0,4388240.25,8.0,547.0
tt13464338,Blackmail Note,2020,6.3,35,6.005206918607708,6.300000190734863,6.921998543338724,23958393.75815104,6.300000190734863,458.0
tt14032150,How to Kill Your Roommates and Get Away with It,2022,6.3,53,5.746233454127546,4.733333428700766,5.098695965450368,28451786.29033436,6.300000190734863,182.66666666666666
tt16265566,Marabahaya Underground,2021,3.9,60,5.862809136221746,5.25,5.991517653191727,35436476.59166272,3.900000095367432,3992.3333333333335
tt12661008,Out of Exile,2022,5.0,788,5.934379375043728,5.0,5.683846515794572,25411765.758938257,5.0,44.666666666666664
tt15471560,Smoking Causes Coughing,2022,6.5,5826,5.394656595681256,6.599999984105428,7.021203820612667,33944438.64927059,6.599999984105428,2.0
tt12231752,Three Comrades,2020,4.8,25,6.222950643159742,4.900000095367432,5.303305617422218,22449168.97011252,4.900000095367432,140.33333333333334
tt32009405,The SML YTP Movie 2: Dimension Trouble,2024,8.3,13,5.728918355660729,5.0,7.58156459602404,52848120.90347222,6.5,722.3333333333334
tt35047753,In Youth We Trust,2024,6.7,450,5.97361481336043,6.599999904632568,7.255478171323939,25171932.29877474,6.5333333015441895,1646.6666666666667
tt10852686,S.O.S. Survive or Sacrifice,2020,3.1,429,5.684764952617073,3.0999999046325684,5.012208862376441,33983669.77830768,3.0999999046325684,137.66666666666666
tt16288298,Just Like You: Anxiety and Depression,2022,5.7,30,7.213336372265705,5.699999809265137,5.0,4388240.25,5.699999809265137,798.0
tt14838636,Jharokh,2021,8.4,14,6.222950643159742,8.599999904632568,9.727530141292249,22449168.97011252,8.119999885559082,650.6666666666666
tt28153480,Vedaa,2024,6.0,4349,5.852813889143827,6.159999990463257,6.844900187976584,34637161.96050409,6.5,280.0
tt27009791,Last Weekend,2023,6.8,16,6.222950643159742,6.800000190734863,6.992107840918732,22449168.97011252,6.800000190734863,129.0
tt10268550,Minyan,2020,6.5,1202,6.222950643159742,6.483333349227905,6.426888811928002,22449168.97011252,6.5,520.0
tt6639482,The Match,2020,5.8,910,6.5399925921826485,5.96666685740153,6.583124324917657,24332154.98681989,5.4666668176651,27.0
tt2463208,The Adam Project,2022,6.7,246154,5.823620991521023,6.699999809265137,7.552746473064997,48113640.8301326,7.133333206176758,167.33333333333334
tt20854854,Dancing Green,2023,5.2,161,6.005206918607708,5.199999809265137,6.5271999530185685,23958393.75815104,5.199999809265137,349.3333333333333
tt23553640,Operation Blood Hunt,2024,3.4,492,5.520087523450734,3.7857142857142856,5.129472453300344,44116653.75609425,4.950000047683716,763.3333333333334
tt22188452,Haddi,2023,5.5,5042,6.098282728260086,6.150000095367432,6.73063389781908,23810550.63444363,5.5,1951.3333333333333
tt29011016,The Home,2025,6.2,37,4.975293835433215,6.074999809265137,6.934378957204005,16298415.350626118,6.199999809265137,598.3333333333334
tt15386666,Raana,2022,6.6,777,5.728918355660729,5.0,7.764037225857684,52848120.90347222,5.099999904632568,912.6666666666666
tt9235564,Hello Darlin',2020,6.4,66,5.97361481336043,6.400000095367432,7.226640263410199,25171932.29877474,6.400000095367432,549.0
tt30971189,Carmen and Magic,2025,3.7,15,5.606572668611012,4.381818207827481,5.641327631340553,28614196.00792752,4.110000014305115,699.6666666666666
tt15196250,Regarding Us,2024,7.7,25,6.222950643159742,7.699999809265137,7.372425292606664,22449168.97011252,7.699999809265137,833.3333333333334
tt13103278,Bad Risk,2023,9.1,23,5.560081124793416,9.100000381469728,5.0,22947290.64297773,9.100000381469728,669.3333333333334
tt14443260,Alimañas,2023,4.9,563,5.885894239644082,4.900000095367432,5.479250549801127,28289376.5727412,4.900000095367432,4165.0
tt32155919,Rebellious,2024,6.0,198,6.123929056021521,6.0,6.409153173844949,58695366.16310725,5.5,464.0
tt13408944,A Song for Imogene,2023,9.3,21,6.222950643159742,9.300000190734863,8.783036722671246,22449168.97011252,9.300000190734863,891.6666666666666
tt11150680,The Pit,2020,6.9,640,6.222950643159742,6.900000095367432,7.091319705289865,22449168.97011252,6.549999952316284,866.0
tt26626085,City Rush 4,2025,6.4,465,5.67510496032921,5.908333321412405,6.555012108623018,45088525.74223048,5.266666690508525,738.3333333333334
tt10171848,Pigeon's Milk,2021,5.2,73,6.222950643159742,5.199999809265137,6.8472090932232605,22449168.97011252,5.199999809265137,14666.666666666666
tt26009546,Before Nikkah,2025,6.0,10,6.084321177424017,4.424999952316284,6.845992468312836,20969162.450643778,6.0,631.3333333333334
tt35318636,Take That: This Life - Live in Concert,2024,5.0,13,6.760618937724424,5.0,5.0,16326453.030487806,5.0,25.666666666666668
tt10941528,Under the Riccione Sun,2020,5.6,3370,6.064388686742614,5.255555550257365,6.799490701790586,23902569.33116583,4.999999952316284,450.0
tt21379234,Goliath,2022,6.6,97,6.222950643159742,6.577777756585015,7.253878616263963,22449168.97011252,6.577777756585015,1195.6666666666667
tt32262609,Chlorine Reminiscing,2022,5.9,10,6.222950643159742,6.27272722937844,6.89207238778065,22449168.97011252,6.163636294278232,663.3333333333334
tt27798104,Jhimma 2,2023,7.4,244,6.054422441401912,7.76666667064031,8.373138372964542,25369272.771426857,7.980000019073486,860.3333333333334
tt14234720,Abroad,2023,5.8,157,5.7128139839569805,5.800000190734863,6.928253164251816,26434138.00674669,5.800000190734863,771.3333333333334
tt15238886,3 Days,2023,8.4,158,5.97361481336043,8.399999618530273,8.774605654480645,25171932.29877474,8.399999618530273,495.3333333333333
tt29467083,Blokka,2023,7.5,19,7.213336372265705,5.0,5.0,4388240.25,7.075000047683716,680.0
tt14779400,Another Coin for the Merry-Go-Round,2021,7.3,41,6.222950643159742,7.300000190734863,8.171703539417711,22449168.97011252,8.150000095367432,3819.6666666666665
tt4558376,Downhill,2020,4.9,14349,6.054422441401912,4.900000095367432,6.694629977927698,25369272.771426857,4.900000095367432,692.0
tt22814522,The Force of Nature,2022,5.0,11,6.222950643159742,4.442857137748173,7.744474480597366,22449168.97011252,4.6999999926640434,93.0
tt19773318,Ebenezer: The Traveler,2024,3.5,145,5.831464865609323,3.5,4.2269159360159225,48735279.96453901,5.700000047683716,540.3333333333334
tt16867038,C144,2022,4.2,27,5.606572668611012,5.0,4.420330973079173,28614196.00792752,4.199999809265137,11476.0
tt14748152,Meendum,2021,6.3,1219,6.098282728260086,5.0,7.461321983439492,23810550.63444363,6.300000190734863,95.33333333333333
tt27180099,Grand Tour,2024,6.5,1789,6.363342360492388,6.388888782925076,7.461555594988266,23301899.91387064,6.349999904632568,415.0
tt21818162,When I'm Ready,2025,5.3,174,6.084321177424017,5.300000190734863,5.843876589475774,20969162.450643778,5.300000190734863,1.6666666666666667
tt27579921,Once Upon a Time in Kochi,2024,7.2,63,5.885894239644082,5.766666571299235,7.618180197543869,28289376.5727412,5.899999936421712,6027.333333333333
tt8844062,Tomorrow's Today,2021,5.5,4017,6.064388686742614,5.5,5.423647003700123,23902569.33116583,5.5,525.6666666666666
tt21995186,Saturdays Disorders,2022,6.5,24,5.885894239644082,6.887499988079071,7.69315427209332,28289376.5727412,7.100000023841858,45.0
tt33466351,Bhalle Padharya,2024,7.9,142,5.885894239644082,7.900000095367432,9.206450938931123,28289376.5727412,7.900000095367432,521.0
tt21111360,Sanju Ke Dulhania,2022,7.0,14,6.064388686742614,7.0,5.0,23902569.33116583,7.0,4859.0
tt27125025,Don't Close Your Eyes,2023,7.1,21,4.975293835433215,6.083333333333333,7.536617856985636,16298415.350626118,6.309090917760676,40.666666666666664
tt30497421,Navayuga Kannagi,2023,8.8,20,5.606572668611012,8.800000190734863,5.0,28614196.00792752,8.800000190734863,701.0
tt18564292,No Woman No Try,2022,7.0,129,7.213336372265705,5.0,5.0,4388240.25,7.0,531.3333333333334
tt15893750,Rye Lane,2023,7.2,14679,6.064388686742614,7.199999809265137,7.944957745283673,23902569.33116583,7.199999809265137,545.6666666666666
tt13439738,Non amarmi,2020,4.4,9,5.914761655885377,4.400000095367432,6.067712896140183,25531682.48902002,4.400000095367432,904.0
tt20859464,The Artifice Girl,2022,6.6,11822,5.582803226626811,6.599999904632568,7.156998348597877,36704600.012645945,6.599999904632568,156.33333333333334
tt21600628,A New Breed of Criminal,2023,3.1,784,5.97361481336043,3.0999999046325684,4.393949801873752,25171932.29877474,4.009090900421143,8448.666666666666
tt21624718,Trust in Love,2024,4.7,124,6.222950643159742,4.699999809265137,5.051095227125931,22449168.97011252,5.199999928474426,473.3333333333333
tt12994288,Amaram Akhilam Prema,2020,7.2,254,6.15363591029188,5.999999928474426,7.385461151922985,21709165.710378148,7.049999952316284,1189.0
tt11390126,Barkers: Mind the Cats!,2020,5.5,108,6.123929056021521,5.396666648652818,5.680929872334281,58695366.16310725,5.5,722.3333333333334
tt7724288,"Raleigh, I Kinda Like You",2021,6.6,17,5.885894239644082,6.599999904632568,7.585041305665437,28289376.5727412,6.599999904632568,120.0
tt5853588,Don't Bet on the Brits,2021,4.8,110,5.885894239644082,4.800000190734863,5.9108875320269165,28289376.5727412,4.800000190734863,123.66666666666667
tt1929297,Last Moment of Clarity,2020,5.2,3598,5.882859537024568,5.199999809265137,6.265579436235512,25105814.9945353,5.199999809265137,665.6666666666666
tt24969464,Un mal día lo tiene cualquiera,2024,5.1,238,5.885894239644082,5.200000047683716,6.008584337323447,28289376.5727412,5.099999904632568,469.0
tt32390459,Fotogenico,2024,6.7,97,6.054422441401912,6.4999998807907104,7.2339683746683665,25369272.771426857,6.699999809265137,5544.666666666667
tt31415250,Ahalya,2024,6.7,9,5.606572668611012,6.776923069587121,7.723076343468699,28614196.00792752,7.1499998569488525,183.33333333333334
tt10795930,The Storylines,2020,6.1,144,6.579683191843726,6.2499998807907104,7.596958503279317,23147945.951722927,7.333333333333333,16.0
tt14151608,Spooky College,2023,7.7,47,5.489253581229437,7.699999809265137,8.915025178129945,24400662.643764943,7.699999809265137,609.0
tt34978174,Embassy of the Free Mind,2024,9.6,11,7.213336372265705,5.0,5.0,4388240.25,8.875,910.3333333333334
tt30527412,Rokjesnacht,2024,4.8,232,6.084321177424017,4.800000190734863,5.919282482083095,20969162.450643778,5.6333333651224775,293.6666666666667
tt13393776,Matar a Pinochet,2020,5.7,183,6.222950643159742,6.011110994550918,6.80898297866041,22449168.97011252,5.699999809265137,15.0
tt15397918,Game of Love,2022,3.3,2098,6.15363591029188,4.399999909930759,5.812790356735706,21709165.710378148,4.3999998569488525,9266.0
tt11460512,The Last Execution,2021,6.7,1448,6.647373881526953,6.699999809265137,7.307155685839744,24261086.741433825,6.699999809265137,109.0
tt26450905,Mayagadu,2023,4.7,35,6.15363591029188,4.699999809265137,7.114411564149473,21709165.710378148,5.049999952316284,501.0
tt28090270,Feather Christmas,2024,5.3,121,6.183240226251263,5.300000190734863,4.829976435027924,47869763.03741497,5.300000190734863,43.666666666666664
tt24060106,The Hounds of Darkness,2024,5.7,8,5.430594037538649,5.699999809265137,5.0,22293895.961683657,5.699999809265137,5109.666666666667
tt26152886,Eiffel Tower: Building the Impossible,2023,7.0,18,6.998045816579555,7.0,7.960789956933533,15437804.285427809,7.0,157.0
tt14654750,Koshai,2021,5.6,22,5.97361481336043,6.239999961853028,6.794653188733057,25171932.29877474,6.524999976158142,678.0
tt32889937,Fario,2024,5.6,81,6.222950643159742,5.644444359673394,6.9205835743283295,22449168.97011252,5.599999904632568,6594.0
tt5108870,Morbius,2022,5.1,164055,5.520087523450734,4.549999952316284,6.8391711568292175,44116653.75609425,5.849999904632568,831.0
tt34693640,Spirit Whisker: The Revenant,2024,5.5,44,4.975293835433215,5.0,6.951678818097413,16298415.350626118,5.349999904632568,41.0
tt21209210,Purgatory Jack,2023,6.1,330,5.606572668611012,6.666666507720947,6.465520538856002,28614196.00792752,6.3999998569488525,561.3333333333334
tt16449354,The Bride,2022,6.3,74,6.222950643159742,6.300000190734863,7.073265186210648,22449168.97011252,6.850000143051148,853.0
tt20257184,Metamorphosis,2023,8.4,19,5.882859537024568,6.699999809265137,7.274687767880749,25105814.9945353,6.699999809265137,1140.6666666666667
tt12064258,Spaghetti Junction,2023,7.3,53,5.831464865609323,7.300000190734863,7.889626061058083,48735279.96453901,7.300000190734863,415.3333333333333
tt5776252,Taeter Burger,2023,5.0,397,5.342331301020138,5.150000095367432,5.769531413245671,42130686.759514265,5.150000095367432,218.66666666666666
tt9143112,Falling,2020,6.5,7494,6.222950643159742,6.450000047683716,7.246697375194347,22449168.97011252,6.450000047683716,158.0
tt29195082,The Moon Thieves,2024,6.1,258,5.975161270726967,5.166666646798452,6.263927934535041,33489740.724119827,4.649999976158142,314.6666666666667
tt28225567,Zombie Chronicles: Infection Zone,2023,3.2,87,4.975293835433215,3.447727289163705,4.68707150751083,16298415.350626118,4.100000047683716,15.0
tt13734530,Háttérzene szorongáshoz,2021,7.7,8,5.885894239644082,7.699999809265137,8.87335210392674,28289376.5727412,7.699999809265137,6980.666666666667
tt13734530,Háttérzene szorongáshoz,2021,7.7,8,5.885894239644082,7.699999809265137,8.87335210392674,28289376.5727412,7.699999809265137,6980.666666666667
tt13734530,Háttérzene szorongáshoz,2021,7.7,8,5.885894239644082,7.699999809265137,8.87335210392674,28289376.5727412,7.699999809265137,6984.333333333333
tt20672490,American Carnage,2022,4.9,5227,5.530035476912675,4.900000095367432,6.391037356947957,32478637.60894652,4.900000095367432,655.0
tt30834999,Family,2024,6.9,34,5.599122239296479,6.900000095367432,7.722439796580911,19373792.16036932,6.900000095367432,702.6666666666666
tt10066262,Depois de Ser Cinza,2020,7.4,19,6.222950643159742,7.400000095367432,8.139437814845504,22449168.97011252,7.400000095367432,277.6666666666667
tt16195034,Listening Ears,2021,2.6,23,6.054422441401912,3.739999985694885,6.264992222092139,25369272.771426857,2.974999964237213,52.666666666666664
tt9571756,Cowgirls vs. Pterodactyls,2021,2.6,276,5.639106826523535,3.566666603088379,3.4346439453912345,41570181.34402778,3.566666603088379,619.0
tt21377766,Frogman,2023,5.0,1797,4.975293835433215,5.0,5.871249953284144,16298415.350626118,5.3666666348775225,100.0
tt31433159,The Road to Patagonia,2022,7.7,121,7.213336372265705,7.699999809265137,5.0,4388240.25,7.699999809265137,469.3333333333333
tt22016156,The Abyss,2023,5.3,10606,5.852813889143827,5.300000190734863,6.450930762269505,34637161.96050409,5.300000190734863,10670.333333333334
tt14875116,Bro Daddy,2022,7.0,7331,6.064388686742614,7.0,7.02070047041066,23902569.33116583,6.650000095367432,4088.3333333333335
tt16677406,Captain Pineapple - Der Film,2021,8.8,21,5.982436385953284,8.800000190734863,5.0,48716802.63797861,8.800000190734863,180.66666666666666
tt15276480,Balada Sepasang Kekasih Gila,2021,6.0,20,6.098282728260086,5.972727298736572,6.996713544424616,23810550.63444363,5.521052661694978,8213.666666666666
tt15276480,Balada Sepasang Kekasih Gila,2021,6.0,20,6.098282728260086,5.972727298736572,6.996713544424616,23810550.63444363,5.521052661694978,8213.333333333334
tt35675007,All the Best Pandya,2025,8.0,438,6.222950643159742,7.508333285649617,8.596135004538171,22449168.97011252,7.274999976158142,4558.333333333333
tt33483700,Shoutai,2024,6.9,586,5.790093740985721,6.540476219994681,7.394070682481183,26893064.153351128,6.566666709052192,480.6666666666667
tt18568902,Kaun Pravin Tambe?,2022,8.3,11470,6.591212752060749,8.166666825612387,7.8104055327355475,23451939.857645795,7.050000190734863,4528.333333333333
tt21027780,Fallen Leaves,2023,7.3,32957,6.064388686742614,7.300000190734863,7.43030730801195,23902569.33116583,7.300000190734863,627.0
tt17507324,Manasagide,2022,7.8,9,5.951688238363483,7.800000190734863,6.847279934412619,22611621.228104822,7.800000190734863,405.0
tt17507324,Manasagide,2022,7.8,9,5.951688238363483,7.800000190734863,6.847279934412619,22611621.228104822,7.800000190734863,405.0
tt9466498,Real Talk,2021,6.4,70,6.222950643159742,4.724999964237213,5.938724557076156,22449168.97011252,5.0333333015441895,311.6666666666667
tt9350934,The Outside Story,2020,6.5,723,6.222950643159742,6.5,7.427917613809037,22449168.97011252,6.5,1263.6666666666667
tt22932536,Aazam,2023,6.1,801,6.005206918607708,6.099999904632568,7.651439236620176,23958393.75815104,6.099999904632568,311.3333333333333
tt27503994,Nimmo Lucknow Wali,2023,8.2,13,6.054422441401912,8.199999809265137,8.373008985485635,25369272.771426857,8.199999809265137,968.0
tt27503994,Nimmo Lucknow Wali,2023,8.2,13,6.054422441401912,8.199999809265137,8.373008985485635,25369272.771426857,8.199999809265137,968.0
tt15428880,Killing the eunuch KHAN,2021,6.1,77,5.648198262663451,6.099999904632568,7.061622702924543,41208728.16160959,6.099999904632568,5904.0
tt28959468,Rinjin X,2023,4.8,48,5.772866177563106,5.1250001192092896,6.386088567156662,39847346.49727848,5.450000047683716,213.0
tt15163652,Thunivu,2023,6.1,30316,5.76970194587739,6.049999952316284,7.150547773593432,35544749.73672483,6.049999952316284,553.3333333333334
tt16444750,The Last 10 Years,2022,7.0,1964,6.15363591029188,6.758333325386047,7.008756952405591,21709165.710378148,6.566666709052192,648.3333333333334
tt19357208,I Am DB Cooper,2022,4.3,211,5.97361481336043,4.300000190734863,4.735522111335716,25171932.29877474,6.5,15313.666666666666
tt27506500,The Dragon,2023,7.3,9,7.213336372265705,7.300000190734863,8.706931109311594,4388240.25,7.300000190734863,183.33333333333334
tt32411153,Honey Money Phony,2024,6.2,195,6.064388686742614,6.199999809265137,7.111354563740091,23902569.33116583,6.199999809265137,6610.666666666667
tt20414046,Funny Birds,2024,5.6,239,6.054422441401912,5.333333253860474,6.689537576626912,25369272.771426857,5.599999904632568,741.6666666666666
tt20414046,Funny Birds,2024,5.6,239,6.054422441401912,5.333333253860474,6.689537576626912,25369272.771426857,5.599999904632568,741.6666666666666
tt28448680,The Genius of the Place,2023,8.4,10,7.213336372265705,8.399999618530273,5.0,4388240.25,8.399999618530273,274.0
tt8175150,American Highway,2024,6.5,51,7.213336372265705,6.5,5.0,4388240.25,6.5,743.3333333333334
tt14039324,Black Power: A British Story of Resistance,2021,5.9,155,6.998045816579555,5.0,8.51650033760448,15437804.285427809,5.549999952316284,567.0
tt31939660,Sayuri,2024,6.4,300,4.975293835433215,6.286666711171468,7.463276178641067,16298415.350626118,6.0333333015441895,511.0
tt8147518,A Pinch of Luck,2022,5.7,53,5.885894239644082,6.097222076521979,6.403297768536082,28289376.5727412,6.024999976158142,16830.0
tt6663436,Gypsy Moon,2024,4.9,20,5.719018767110168,4.900000095367432,5.382442376746244,38674737.986233264,4.900000095367432,285.6666666666667
tt6000558,Laundromat the Thriller,2023,5.4,12,4.975293835433215,5.400000095367432,5.989261819966749,16298415.350626118,5.400000095367432,475.6666666666667
tt6000558,Laundromat the Thriller,2023,5.4,12,4.975293835433215,5.400000095367432,5.989261819966749,16298415.350626118,5.400000095367432,475.6666666666667
tt8956324,Warning,2021,4.6,6376,5.717435007912408,4.599999904632568,6.192657989871624,36102963.00082816,4.599999904632568,266.0
tt10083640,Bhoot Police,2021,6.7,27668,5.430594037538649,6.60333326127794,6.985585725169472,22293895.961683657,6.25,736.6666666666666
tt10436798,The Arsonist,2020,5.8,51,5.892854784102487,6.5,7.533226229237655,25905129.62569393,6.5,5981.666666666667
tt8571844,Dedemin Gözyaslari,2024,7.5,15,6.222950643159742,5.950000047683716,5.960188903597751,22449168.97011252,5.950000047683716,179.66666666666666
tt27999923,Sharkcano: Hawaii,2023,5.5,44,7.213336372265705,5.0,5.0,4388240.25,5.733333269755046,506.6666666666667
tt28718020,Divas: Julie Andrews,2023,3.4,9,7.213336372265705,4.760000085830688,6.054537489838509,4388240.25,4.760000085830688,1978.3333333333333
tt11847758,Help! My In-Laws Are Vampires!,2021,5.3,484,5.858679552626702,5.7653847352052345,5.999336822065236,38512328.2686401,5.200000127156575,492.6666666666667
tt21158494,It's Not a Wolf,2022,6.2,84,5.684764952617073,6.199999809265137,7.470967065203033,33983669.77830768,6.199999809265137,324.0
tt18829818,Cautatorul de Vant,2022,6.5,149,6.222950643159742,6.5,7.343992064040724,22449168.97011252,6.5,401.3333333333333
tt13109952,The Trip,2021,6.9,29050,5.530035476912675,6.700000047683716,7.176839362807534,32478637.60894652,6.433333237965901,755.0
tt12920206,Interference: Democracy at Risk,2020,5.2,48,7.213336372265705,5.199999809265137,5.0,4388240.25,5.199999809265137,668.0
tt12455578,Letters on the Sea,2020,8.5,7,6.222950643159742,8.5,5.0,22449168.97011252,8.5,233.33333333333334
tt23785128,Founders Day,2023,4.4,2396,5.560081124793416,4.463333368301392,5.818934045413436,22947290.64297773,4.785714285714286,398.3333333333333
tt27996583,Hejjaru,2024,8.8,286,5.606572668611012,8.800000190734863,9.11417188010093,28614196.00792752,8.800000190734863,962.0
tt18570468,Celeb Five: Behind the Curtain,2022,4.8,39,6.549615305954894,5.0,5.0,16338808.411370598,4.800000190734863,290.6666666666667
tt13352376,Lyvia's House,2023,7.0,47,5.752364277841095,7.0,7.997695619039383,33867851.992677465,7.0,16.0
tt13222420,Used and Borrowed Time,2020,7.8,26,6.027207754384532,7.800000190734863,8.587006453436382,35592224.46732576,7.800000190734863,540.3333333333334
tt4166648,Talking to God,2020,4.1,139,5.885894239644082,4.099999904632568,4.265370612216856,28289376.5727412,4.099999904632568,651.3333333333334
tt7825076,The Stalking Fields,2022,2.9,135,5.728918355660729,2.900000095367432,4.603096680579957,52848120.90347222,2.900000095367432,947.3333333333334
tt6636962,Edén,2022,5.4,54,6.222950643159742,6.650000095367432,6.512608395957078,22449168.97011252,5.400000095367432,696.0
tt2584702,"Si atunci, ce e libertatea?",2020,6.8,211,6.222950643159742,6.800000190734863,7.393044043174051,22449168.97011252,6.800000190734863,1166.0
tt13885628,Marvel's Behind the Mask,2021,6.5,553,7.213336372265705,5.0,5.0,4388240.25,6.5,381.0
tt20871736,Evicted: A Modern Romance,2022,6.4,409,5.885894239644082,6.566666762034099,6.9520094011930045,28289376.5727412,6.400000095367432,4407.0
tt8114980,Willy's Wonderland,2021,5.5,41687,5.530035476912675,5.5,6.354626393009608,32478637.60894652,4.849999904632568,277.3333333333333
tt10080086,August Never Ends,2021,4.5,74,6.15363591029188,4.5,5.663733797507983,21709165.710378148,4.5,3609.3333333333335
tt11856638,The Late Night Ride,2020,5.4,9,5.975934499410236,5.400000095367432,5.937868866882817,37648644.93679237,5.400000095367432,642.6666666666666
tt9893160,No Way Out,2022,3.8,571,5.76970194587739,3.799999952316284,5.835545298662076,35544749.73672483,3.799999952316284,608.3333333333334
tt14039792,Devineni,2021,8.0,1198,6.222950643159742,5.0,8.451114734695235,22449168.97011252,8.0,259.0
tt7903506,There May Be Ghosts,2021,8.8,30,5.885894239644082,8.800000190734863,8.519505935149418,28289376.5727412,8.800000190734863,282.3333333333333
tt12994636,Twas the Night,2021,3.7,136,5.746233454127546,5.600000023841858,6.009755417043397,28451786.29033436,5.600000023841858,418.6666666666667
tt31899561,Malanova,2024,6.2,38,6.222950643159742,6.199999809265137,6.856535271051138,22449168.97011252,6.199999809265137,207.33333333333334
tt7059626,EKS,2020,7.8,65,6.122574665270798,7.800000190734863,5.0,47512971.412837416,7.800000190734863,8249.333333333334
tt12385296,Acid Test,2021,6.5,100,6.222950643159742,6.5,6.869895638211049,22449168.97011252,6.5,1683.6666666666667
tt28633007,Velo Gang,2023,6.7,21,5.97361481336043,5.0,6.6075228837189615,25171932.29877474,6.699999809265137,122.33333333333333
tt16436894,"We, Students!",2022,6.4,59,7.213336372265705,6.400000095367432,5.0,4388240.25,6.400000095367432,277.6666666666667
tt28544245,Brutal Heat,2023,4.4,177,6.222950643159742,4.400000095367432,6.339194933202163,22449168.97011252,4.400000095367432,240.0
tt12015076,Aviyal,2022,4.7,696,6.163504015611674,5.0,6.603970925250958,30429364.81939042,4.699999809265137,6452.666666666667
tt29541630,The Flood- Death on the Dike,2023,4.9,76,6.222950643159742,5.483333349227905,6.320222476613331,22449168.97011252,5.549999952316284,207.66666666666666
tt13563382,Shadowplay,2022,5.8,118,5.606572668611012,5.800000190734863,6.705637563060276,28614196.00792752,5.9666666984558105,2666.6666666666665
tt34583540,Blood Magick,2024,9.2,12,4.975293835433215,9.199999809265137,10.488969102361912,16298415.350626118,9.199999809265137,703.0
tt17022058,The History of Easter,2021,8.2,11,7.213336372265705,8.199999809265137,5.0,4388240.25,8.199999809265137,360.6666666666667
tt26930968,Mast Naukri Sarkari,2023,9.0,12,6.222950643159742,8.540000057220459,9.780323324419276,22449168.97011252,9.0,60.333333333333336
tt15559694,The Wait,2021,5.4,48,6.222950643159742,5.400000095367432,6.851776328559405,22449168.97011252,6.383333325386047,477.0
tt29518877,Leme do Destino,2023,5.7,27,6.222950643159742,5.0,6.704326158610451,22449168.97011252,6.399999936421712,79.66666666666667
tt14327066,Owls,2021,7.9,17,6.222950643159742,7.900000095367432,7.492588518610412,22449168.97011252,7.900000095367432,149.0
tt12257702,La quinta de la quinta,2020,4.4,24,6.913804122380251,4.400000095367432,5.0,14224083.959745765,4.400000095367432,456.3333333333333
tt14005338,Family Affairs,2022,6.1,2025,5.885894239644082,6.233333309491475,6.618831748895029,28289376.5727412,6.200000047683716,586.3333333333334
tt15114950,Pay the Lady,2023,5.5,114,5.606572668611012,6.75,7.238112897649505,28614196.00792752,5.5,187.66666666666666
tt13225394,The Magnificence of You,2020,7.2,6,7.213336372265705,7.199999809265137,8.276411956330668,4388240.25,7.199999809265137,134.66666666666666
tt12909482,Kanneri,2022,9.1,299,5.914761655885377,9.100000381469728,9.610741878211664,25531682.48902002,9.100000381469728,418.0
tt13947858,Holy Shit!,2022,5.8,816,5.740461754638607,5.800000190734863,6.8417932832342405,36583897.828046985,5.800000190734863,377.0
tt14201710,My Yang Gang Diary,2021,8.9,24,7.213336372265705,8.899999618530273,5.0,4388240.25,8.899999618530273,4126.666666666667
tt14201710,My Yang Gang Diary,2021,8.9,24,7.213336372265705,8.899999618530273,5.0,4388240.25,8.899999618530273,4126.333333333333
tt14201710,My Yang Gang Diary,2021,8.9,24,7.213336372265705,8.899999618530273,5.0,4388240.25,8.899999618530273,4126.333333333333
tt31963838,Die Mutigen 56 - Deutschlands längster Streik,2024,6.5,11,6.739680758772951,6.5,7.057000577552221,17774925.84698938,6.5,307.3333333333333
tt27911220,Queer Church,2023,5.1,17,7.213336372265705,5.099999904632568,5.0,4388240.25,5.099999904632568,1553.0
tt13880832,Remember Me: The Mahalia Jackson Story,2022,5.9,195,6.639995107137292,5.900000095367432,6.845798048226904,20874114.977977887,5.900000095367432,378.3333333333333
tt29716595,Scurry,2024,7.6,27,5.290933252022113,6.3999998569488525,7.41353665447684,22456305.679276817,5.349999904632568,313.0
tt27190932,My Beautiful Man: Eternal,2023,7.6,717,6.15363591029188,5.0,7.786325901946775,21709165.710378148,6.349999904632568,545.3333333333334
tt30477968,Numéro 10,2024,5.4,51,6.250083056069439,5.800000111262003,6.43821045710988,26174652.121116363,5.400000095367432,769.3333333333334
tt10839454,Tô Ryca! 2,2022,5.4,189,5.885894239644082,5.850000047683716,6.373022045408301,28289376.5727412,6.024999976158142,201.33333333333334
tt14664026,N4,2023,5.0,116,5.790093740985721,5.0,6.219783117732213,26893064.153351128,5.0,295.0
tt12749460,Honor Among Thieves,2021,4.2,461,5.865620411943409,4.199999809265137,4.5201684161531785,14616899.104166666,3.599999998745165,70.66666666666667
tt23035562,Syostry,2022,5.3,137,5.290933252022113,5.300000190734863,6.352754783231087,22456305.679276817,5.300000190734863,668.3333333333334
tt16737190,Bal Naren,2024,6.5,22,6.222950643159742,6.774999976158142,7.678664537604368,22449168.97011252,6.5,71.66666666666667
tt9000184,Goodnight Mommy,2022,5.7,17627,5.723953097317796,6.169999901453654,6.388119444634147,21306505.5398378,5.699999809265137,81.66666666666667
tt13156466,The Other Side of Darkness,2022,3.8,340,5.935973126026243,3.799999952316284,3.562244355821128,46166904.96258971,3.799999952316284,1425.3333333333333
tt17202326,Matriarch,2022,4.6,3469,4.975293835433215,4.599999904632568,5.339768353036448,16298415.350626118,4.599999904632568,5223.333333333333
tt17202326,Matriarch,2022,4.6,3469,4.975293835433215,4.599999904632568,5.339768353036448,16298415.350626118,4.599999904632568,5223.0
tt22174706,One Hundred Years and Hope,2022,5.6,7,7.213336372265705,5.0,5.0,4388240.25,5.599999904632568,419.6666666666667
tt10049262,James & Pat & Dave,2020,4.8,190,5.985107708534049,5.4375,6.041494507610126,24629269.511692487,5.9666666984558105,116.33333333333333
tt29921786,The Day Everything Changed,2024,8.0,80,5.66774551213587,6.549999952316284,7.509764322496617,40731158.45569987,5.300000031789144,507.0
tt14239308,Butterfly Knives,2021,6.2,5,6.021002971231345,6.666666587193807,5.0,23351624.487839192,6.539999866485596,959.3333333333334
tt14742088,Kasa Kasaa,2021,5.2,7,6.222950643159742,5.0,6.220440508799201,22449168.97011252,5.199999809265137,724.3333333333334
tt29371830,The Chat Page,2023,3.2,33,6.064388686742614,3.200000047683716,5.0,23902569.33116583,3.200000047683716,663.0
tt34380424,Clock - Socialist Burgers Inc.,2025,6.1,219,7.213336372265705,6.099999904632568,7.328435141939503,4388240.25,6.099999904632568,771.3333333333334
tt29138358,My Freedom,2023,6.4,95,6.502852952026574,6.400000095367432,6.929115525667208,24468268.645484067,6.400000095367432,1150.3333333333333
tt12565346,Go Brother!,2021,5.2,26,6.054422441401912,5.199999809265137,6.303961732317128,25369272.771426857,5.949999809265137,396.3333333333333
tt16167164,Família Craft e o Código da 20,2021,7.8,17,5.856050379258259,5.0000001192092896,8.991757034928286,63203425.0141844,7.800000190734863,221.0
tt21048424,Y,2022,9.1,47,7.209425628799753,8.883333683013916,9.196413444959186,350000.0,9.100000381469728,123.66666666666667
tt14474588,You Me Lenin,2021,6.5,2229,6.222950643159742,6.5,6.470652748683812,22449168.97011252,6.5,484.6666666666667
tt10414756,Party Hard,2020,5.8,47,6.054422441401912,5.800000190734863,6.835512763845808,25369272.771426857,5.800000190734863,153.0
tt14914990,Boatman,2020,2.3,18,6.222950643159742,5.0,3.3789613225598725,22449168.97011252,2.299999952316284,332.6666666666667
tt19413624,La vie rêvée de Nougaro,2022,7.8,6,7.213336372265705,5.0,8.619078821241635,4388240.25,7.800000190734863,273.6666666666667
tt11603828,Super Machi,2022,4.3,1796,5.998826586445336,4.300000190734863,6.294069934260794,40562348.79717699,4.300000190734863,284.0
tt14502754,The Wrong Sarah,2021,3.2,38,4.975293835433215,3.899999976158142,3.947840906323616,16298415.350626118,3.899999976158142,1168.6666666666667
tt21430424,JONGOM,2023,7.4,17,6.222950643159742,7.400000095367432,8.312356773593775,22449168.97011252,7.400000095367432,321.6666666666667
tt18556496,Star Syndrome,2023,8.5,101,6.289821273509415,6.75,8.183414303318463,22354999.524447173,6.25,420.0
tt18556496,Star Syndrome,2023,8.5,101,6.289821273509415,6.75,8.183414303318463,22354999.524447173,6.25,420.0
tt27510174,Stree 2: Sarkate Ka Aatank,2024,6.9,42158,5.430594037538649,6.825000087420146,7.000447105104299,22293895.961683657,6.799999952316284,249.0
tt8571740,Taliya,2021,6.6,11,6.027207754384532,6.599999904632568,6.868146188270173,35592224.46732576,6.599999904632568,387.0
tt8064374,The Long Way Back,2020,5.2,361,6.098282728260086,5.199999809265137,6.53958900416862,23810550.63444363,5.199999809265137,552.3333333333334
tt14742070,Keelakadu,2022,8.6,6,6.222950643159742,8.600000381469727,8.815984446979304,22449168.97011252,8.600000381469727,790.0
tt22755734,Thabo and the Rhino Case,2023,6.1,158,5.952781968270823,6.099999904632568,6.097727551399103,45109089.35238841,6.099999904632568,66.66666666666667
tt15867394,Coup de tampon,2023,7.0,9,5.885894239644082,6.700000047683716,7.375854543293904,28289376.5727412,7.0,12.333333333333334
tt28769032,The Pass,2023,5.0,681,5.914761655885377,5.0,6.789439009720982,25531682.48902002,5.0,745.6666666666666
tt16303194,Anime Supremacy!,2022,6.7,553,6.054422441401912,6.783333222071329,7.160612579997985,25369272.771426857,6.4666666984558105,583.3333333333334
tt16303194,Anime Supremacy!,2022,6.7,553,6.054422441401912,6.783333222071329,7.160612579997985,25369272.771426857,6.4666666984558105,583.0
tt14792726,Chunni Chadawa,2021,7.4,9,5.885894239644082,7.400000095367432,7.870182600968838,28289376.5727412,7.316666762034099,6468.333333333333
tt15739322,House Tour,2021,4.3,182,6.222950643159742,4.962500035762787,5.546638428188645,22449168.97011252,4.991304314654807,1805.3333333333333
tt31897917,The Mehta Boys,2024,7.1,2605,6.222950643159742,6.7499998807907104,7.76109412716284,22449168.97011252,7.099999904632568,283.6666666666667
tt19878394,True Scary Story - Accident Property Entertainer 2,2021,2.5,7,5.430594037538649,4.0,4.701248859670818,22293895.961683657,4.0,189.0
tt13660794,Vore Gore,2021,6.5,42,4.975293835433215,6.333333333333333,7.258806709249541,16298415.350626118,6.025000031789144,760.6666666666666
tt30309913,The Black Sea,2024,7.9,83,6.054422441401912,5.0,6.7692271389945065,25369272.771426857,8.024999976158142,341.6666666666667
tt13080832,For Better or Worse,2023,6.2,76,5.985107708534049,5.293749898672104,6.615513386872181,24629269.511692487,5.300000031789144,580.6666666666666
tt21064584,The Iron Claw,2023,7.6,104424,6.591212752060749,6.950000047683716,7.3618708673796975,23451939.857645795,6.950000047683716,1171.0
tt26255358,Ama Gloria,2023,7.0,852,6.222950643159742,7.0,7.9047733178643265,22449168.97011252,7.0,8.0
tt15546604,Wherever You Go,2023,3.4,117,5.945921079488184,3.400000095367432,5.569920590581214,34528888.81544197,3.433333396911621,266.0
tt11067686,Dillo al mare,2020,4.7,11,6.15363591029188,4.699999809265137,5.713342112614758,21709165.710378148,4.699999809265137,1085.6666666666667
tt11569608,Three Old Boys,2024,4.8,97,6.098282728260086,4.800000190734863,5.986466686313776,23810550.63444363,4.700000047683716,550.6666666666666
tt26751365,Layangan Putus: The Movie,2023,6.2,150,6.15363591029188,6.608333230018616,7.340583359965983,21709165.710378148,6.424999952316284,363.3333333333333
tt20251826,15 Seconds A Lifetime,2022,9.8,7,7.213336372265705,5.0,5.0,4388240.25,9.800000190734863,744.3333333333334
tt20860454,Pinjre Ki Titliyaan,2023,9.8,16,6.222950643159742,9.800000190734863,5.0,22449168.97011252,9.800000190734863,3714.0
tt34963844,Third Act,2025,7.6,28,7.213336372265705,7.3749998807907104,5.0,4388240.25,7.599999904632568,6989.666666666667
tt13455748,Anno 2020,2024,8.6,25,6.021002971231345,8.600000381469727,7.958791868541251,23351624.487839192,8.600000381469727,84.33333333333333
tt27079017,Dirty Game,2023,8.8,9,6.222950643159742,8.550000190734863,8.10670975346384,22449168.97011252,8.425000190734863,708.0
tt8633542,Escape 2120,2020,3.5,348,5.852861182759806,3.700000047683716,5.833499275943932,47074492.73881045,3.5,8501.666666666666
tt6264654,Free Guy,2021,7.1,461598,5.823620991521023,6.71666661898295,7.758175237089759,48113640.8301326,7.133333206176758,369.6666666666667
tt19357478,Winter of '83,2022,6.4,49,4.975293835433215,6.400000095367432,8.007993152852778,16298415.350626118,6.400000095367432,449.3333333333333
tt23667006,Broken,2023,6.7,632,6.222950643159742,6.699999809265137,6.849998157403583,22449168.97011252,6.699999809265137,285.3333333333333
tt14354812,Dekh Mujhe Bhi - Syed Fardeen and Shweta Jean,2021,8.5,8,6.42247005757422,8.5,5.0,18647807.74056579,8.5,3936.0
tt4204450,Something in the Dark,2024,7.1,23,5.464677190288741,7.099999904632568,8.257244319139867,42929860.016185984,7.099999904632568,56.333333333333336
tt32376593,Pint-Size Spy Girl,2020,6.6,7,5.728918355660729,5.0,7.73400191671532,52848120.90347222,6.599999904632568,539.0
tt8746404,Marmaduke,2022,3.4,5251,6.024813727152462,3.400000095367432,6.196630015246433,52168570.67488267,3.400000095367432,488.6666666666667
tt27497201,Who's Watching Us,2024,3.2,45,5.606572668611012,4.381818207827481,4.506597750663827,28614196.00792752,4.110000014305115,325.0
tt12631660,Aafat-e-Ishq,2021,4.4,444,5.905139183804946,4.400000095367432,7.077090836570459,26450913.85026041,4.400000095367432,589.3333333333334
tt28255934,The Kingfish 2,2024,7.9,10,5.782839095837784,7.900000095367432,5.0,40035665.86495104,7.900000095367432,493.0
tt32868274,Haye Bibiye Kithe Fas Gaye,2024,5.3,19,6.222950643159742,7.033333460489909,6.800936233676606,22449168.97011252,6.950000047683716,5.666666666666667
tt21284358,Close Your Eyes,2023,7.2,4311,6.222950643159742,6.7749998569488525,7.482464756474415,22449168.97011252,7.199999809265137,643.0
tt30835291,Swamp Dogg Gets His Pool Painted,2024,8.5,59,6.619949849878071,8.5,8.083522143450246,16334689.951076334,8.5,503.6666666666667
tt10334238,All Those Things,2022,6.2,6,6.222950643159742,6.199999809265137,6.478748411700463,22449168.97011252,6.199999809265137,470.6666666666667
tt26614896,I Want to Believe 2: UFOS and UAPS,2023,6.8,18,7.213336372265705,7.003448305458858,6.807332707768605,4388240.25,7.12580648545296,99.0
tt5761986,Hunter's Moon,2020,3.5,1207,5.518493772468219,4.199999904632568,5.85383944943986,23361514.5524428,3.5,517.0
tt12011442,Burn the Witch,2020,6.7,1566,6.081980714082183,6.699999809265137,7.690699565696961,56874095.20113072,6.699999809265137,55632.666666666664
tt14300518,Karaoke,2022,7.3,1110,6.054422441401912,6.400000095367432,8.134427769779057,25369272.771426857,7.300000190734863,780.6666666666666
tt34306602,Lotus,2024,7.5,27,6.021002971231345,7.5,7.797031733641051,23351624.487839192,7.5,255.33333333333334
tt29458188,Snatched from the Source,2023,8.0,16,7.213336372265705,8.0,8.395837416767248,4388240.25,7.599999904632568,544.6666666666666
tt15000490,Faltenfrei,2021,5.7,103,6.054422441401912,5.699999809265137,6.994601443779383,25369272.771426857,5.699999809265137,337.0
tt29452194,Ugly Sweater,2024,7.1,13,6.277723602857392,7.099999904632568,7.726912456842039,43731039.70391747,7.099999904632568,1148.0
tt15943910,Keedam,2022,6.3,706,5.790093740985721,6.766666730244954,7.166472323215757,26893064.153351128,6.766666730244954,598.6666666666666
tt31947573,Samudrudu,2024,7.4,2038,6.084321177424017,6.549999952316284,8.117887261854154,20969162.450643778,6.549999952316284,319.6666666666667
tt12740760,Phone Bhoot,2022,5.2,11139,5.430594037538649,4.549999952316284,6.610955098413007,22293895.961683657,5.199999809265137,614.3333333333334
tt9177880,The Day of the White Lotus,2022,6.5,24,6.782755260893406,6.5,5.786042274290191,26487368.320855614,6.5,532.3333333333334
tt11880722,Down in Paris,2021,4.9,166,6.222950643159742,4.900000095367432,6.055647153653901,22449168.97011252,6.350000143051148,297.3333333333333
tt15196138,Charlatan,2021,3.6,61,6.021002971231345,3.7277777194976807,4.364731535531031,23351624.487839192,3.5999999046325684,334.0
tt16437012,Post Apocalyptic Desperation,2021,2.6,26,5.149037773699843,2.6833332777023315,2.9479702395741443,36771969.687535286,2.7666666507720947,459.6666666666667
tt32263034,Spider-Man: Dimension Rift,2024,8.4,13,5.66774551213587,8.549999713897705,9.668495628096164,40731158.45569987,8.549999713897705,762.3333333333334
tt19224314,Wild Eyed and Wicked,2023,3.6,688,5.676569781400761,3.5999999046325684,5.448095649451046,29160954.76175921,3.5999999046325684,610.3333333333334
tt31800329,The Wonderful Story of Henry Sugar and Three More,2024,7.1,6923,5.980103249471049,7.1433333555857335,8.263728797159144,33157941.83579757,6.8666666348775225,49.333333333333336
tt8927992,Exposure,2022,8.6,46,6.534693375761982,8.600000381469727,5.0,33795832.6320922,8.600000381469727,186.66666666666666
tt12138298,Blight,2022,4.1,197,5.672433259298636,4.099999904632568,5.0,21000554.77543484,4.099999904632568,180.0
tt11821898,Rebirth: Voice of Silence,2022,8.4,5,6.042109039962235,8.399999618530273,8.641416160546864,22557470.47544072,8.399999618530273,1221.0
tt6969954,Cherrypicker,2020,4.5,322,5.430594037538649,4.483333428700766,5.47253391212195,22293895.961683657,4.566666762034099,73.0
tt33050529,Inexplicável,2024,7.1,224,6.579683191843726,6.649999976158142,7.726287023441748,23147945.951722927,6.200000047683716,475.6666666666667
tt14434236,Sexo y revolución,2021,7.8,36,7.213336372265705,7.800000190734863,5.0,4388240.25,7.150000095367432,296.0
tt16231344,Sentinel,2024,2.6,770,5.322781711966471,5.214285714285714,4.343583974769364,57245524.024444446,4.833333333333333,339.0
tt13989020,Hunger,2020,6.3,7,6.222950643159742,6.300000190734863,5.0,22449168.97011252,6.300000190734863,719.0
tt10944596,Here Today,2021,6.7,6303,6.289821273509415,6.8999998569488525,7.781312007355416,22354999.524447173,6.699999809265137,371.0
tt15364972,Sanctuary,2022,6.2,11137,5.914761655885377,6.199999809265137,7.332788427514378,25531682.48902002,6.199999809265137,682.3333333333334
tt15226714,The Big Gift,2022,7.4,61,5.823620991521023,7.400000095367432,7.913966735363756,48113640.8301326,7.400000095367432,16.0
tt28107927,J Loop,2024,5.2,198,5.322781711966471,5.199999809265137,5.709362063192927,57245524.024444446,5.199999809265137,651.0
tt27127846,Falla girare 2,2024,5.3,113,5.885894239644082,5.09000003521259,6.403941907810645,28289376.5727412,5.525000095367432,4877.333333333333
tt13582614,Risks and Side Effects,2021,6.0,148,5.885894239644082,6.0,6.646191478246216,28289376.5727412,6.0,313.3333333333333
tt10482072,Mayar Jonjal,2020,7.6,102,6.098282728260086,7.566666603088379,8.200882823004289,23810550.63444363,7.599999904632568,877.6666666666666
tt34883756,Taaro Thayo,2025,8.6,42,6.084321177424017,8.250000238418579,9.10520611401752,20969162.450643778,8.600000381469727,367.6666666666667
tt15477878,Irudhi Pakkam,2021,6.7,699,5.819055299302949,6.699999809265137,7.569420246453747,24254080.005565863,6.699999809265137,833.0
tt6740482,The Preacher,2022,5.5,125,5.606572668611012,5.5,6.389100863760961,28614196.00792752,5.5,445.3333333333333
tt14449678,Estoy Cansado de Despertarme Contigo,2021,6.4,8,6.084321177424017,5.0,7.526867155339129,20969162.450643778,6.400000095367432,3.6666666666666665
tt15188158,Be Human Once a Week,2021,3.1,256,5.885894239644082,3.0999999046325684,4.550836550929614,28289376.5727412,3.0999999046325684,506.3333333333333
tt21337072,Sideworld: Terrors of the Sea,2022,7.3,38,6.0943151038494605,7.025000095367432,8.116770250410559,10343327.80031306,7.025000095367432,526.3333333333334
tt33481393,Camp Blood: Clown Shark,2024,3.3,87,5.436928286568318,3.3333332538604736,3.690462778056145,32586910.75400862,3.230743225361849,83.66666666666667
tt24015932,Dear Jo,2023,8.3,93,6.15363591029188,7.626666800181071,7.757608476171214,21709165.710378148,6.375,320.3333333333333
tt28787365,A yard of jackals,2024,7.3,39,5.601605715734657,7.300000190734863,7.367215491853493,22453926.77622205,7.300000190734863,327.6666666666667
tt6037836,De Serpentis Munere,2021,6.3,9,5.882859537024568,6.300000190734863,7.333806016417506,25105814.9945353,6.300000190734863,672.6666666666666
tt14506416,VanRakshak,2021,7.8,52,6.222950643159742,7.800000190734863,8.127510516751379,22449168.97011252,5.850000143051148,677.0
tt32034305,Never Escape,2024,8.9,369,5.606572668611012,8.899999618530273,5.0,28614196.00792752,8.899999618530273,388.0
tt28015988,Racing with Giants: Porsche at Le Mans,2023,7.8,7,7.213336372265705,5.0,7.729614933981762,4388240.25,7.800000190734863,453.3333333333333
tt14558602,War: La guerra desiderata,2022,4.9,265,6.366676753848642,5.2750000556310015,6.70660559997519,20653775.73770492,4.900000095367432,409.6666666666667
tt11228826,Mother Teresa & Me,2022,5.8,119,6.222950643159742,5.800000190734863,7.410060129468558,22449168.97011252,5.800000190734863,282.3333333333333
tt26744890,Khichdi 2,2023,4.6,802,5.8709723094511705,4.599999904632568,7.021019173499929,45746400.7934628,4.599999904632568,395.3333333333333
tt15553956,Love and Leashes,2022,6.3,7200,5.985107708534049,6.300000190734863,7.340748044235708,24629269.511692487,6.300000190734863,803.6666666666666
tt16951384,Mis dos voces,2022,6.5,19,7.213336372265705,6.150000095367432,5.0,4388240.25,6.150000095367432,180.33333333333334
tt16977014,Mickey Hardaway,2023,8.0,411,6.222950643159742,8.0,7.5618408231005105,22449168.97011252,8.0,380.6666666666667
tt15908740,Lanier,2023,2.5,420,5.606572668611012,4.549999952316284,5.783993367640617,28614196.00792752,4.549999952316284,395.3333333333333
tt13817840,Tutti per Uma,2021,4.7,104,6.034567232947673,4.699999809265137,6.597845201760622,38079569.80507808,4.7499998807907104,450.0
tt14105966,Hoy,2020,8.2,7,6.222950643159742,8.199999809265137,5.0,22449168.97011252,8.199999809265137,4002.3333333333335
tt7539040,Every Single Someone,2021,3.4,125,5.589321316032198,3.400000095367432,5.774301317825135,21908142.551655576,3.400000095367432,1948.0
tt24417030,Frontiers,2023,5.5,265,5.914761655885377,5.5,6.701355763421383,25531682.48902002,5.5,3691.3333333333335
tt12137660,White Demise,2020,4.2,70,6.027207754384532,4.199999809265137,5.0,35592224.46732576,4.199999809265137,571.0
tt2328772,Apollyon - The Black Awakening,2021,5.5,63,5.672433259298636,5.5,6.38411361064348,21000554.77543484,5.5,68.66666666666667
tt16296784,Voodoo Virus,2021,5.7,20,4.975293835433215,5.699999809265137,6.219778974358023,16298415.350626118,5.699999809265137,11270.666666666666
tt16727878,Contact,2022,8.8,11,6.222950643159742,8.800000190734863,9.165419459896873,22449168.97011252,8.800000190734863,179.66666666666666
tt11891246,Lullaby,2022,4.9,2775,4.975293835433215,4.625000059604645,5.674327145077918,16298415.350626118,4.900000095367432,14462.333333333334
tt11947158,Ek Villain Returns,2022,4.4,16063,5.806604067231919,5.805000019073487,6.053073933037106,34143826.4540145,5.450000047683716,277.6666666666667
tt27487934,The Greatest of All Time,2024,5.7,22556,5.66774551213587,6.53333314259847,7.013137616146503,40731158.45569987,6.219999885559082,353.0
tt23130254,Long Day's Journey Into Night,2025,9.0,49,6.222950643159742,7.475000023841858,8.779003675216439,22449168.97011252,9.0,374.0
tt8150814,There's Someone Inside Your House,2021,4.9,21048,5.466973934449058,5.150000095367432,6.241500753652715,23055563.78803984,4.900000095367432,355.3333333333333
tt22397870,New Beginnings,2023,5.7,493,5.985107708534049,5.672222084469265,6.663303341323229,24629269.511692487,5.699999809265137,468.6666666666667
tt11988512,One-Way to Tomorrow,2020,5.6,5648,6.064388686742614,5.599999904632568,6.3953605493272825,23902569.33116583,5.725000023841858,466.3333333333333
tt33363541,Achilles Curse and the Curse of Treasure,2024,7.4,25,5.815425820304711,5.0,7.785084511351526,43290925.81358414,7.400000095367432,4476.0
tt16341768,Day of Disappearance,2022,4.6,220,5.397174567368082,5.0,5.0,20276247.67809599,4.599999904632568,586.6666666666666
tt10300704,Walter,2020,3.7,305,5.606572668611012,3.700000047683716,6.385230512532293,28614196.00792752,3.700000047683716,579.3333333333334
tt28477894,Totem Chaser,2023,2.5,8,4.975293835433215,2.5,4.379563593304656,16298415.350626118,2.5,2472.0
tt17633174,Synesthere,2021,3.6,24,5.397174567368082,3.5999999046325684,4.841244255172878,20276247.67809599,3.5999999046325684,457.6666666666667
tt13147622,Me Chama Que Eu Vou,2020,7.0,41,7.213336372265705,7.0,5.0,4388240.25,7.0,637.0
tt5943232,Hey Kem Chho London,2022,6.0,46,5.885894239644082,6.079999995231629,8.415319769326715,28289376.5727412,6.0,350.0
tt10097362,The Exorcism of Carmen Farias,2021,3.9,385,4.975293835433215,3.900000095367432,5.685699998586902,16298415.350626118,4.950000047683716,1217.3333333333333
tt10097362,The Exorcism of Carmen Farias,2021,3.9,385,4.975293835433215,3.900000095367432,5.685699998586902,16298415.350626118,4.950000047683716,1217.3333333333333
tt13471862,A Happy Day,2023,6.2,125,6.054422441401912,6.199999809265137,7.136535502548526,25369272.771426857,6.199999809265137,33.333333333333336
tt11541872,Big Bug,2022,5.5,10966,5.604337975805276,5.5,5.8245261049050265,42767450.29859282,5.5,114.66666666666667
tt26599589,Redeeming Hope,2023,5.0,1520,6.092945111920211,5.0,5.0,40457219.89286403,5.0,916.3333333333334
tt12434506,Geek Monsters,2020,6.7,13,6.222950643159742,6.699999809265137,6.935154338236488,22449168.97011252,6.699999809265137,340.3333333333333
tt27304026,Damaged,2024,4.7,7326,5.975161270726967,4.322222073872884,5.781504713498883,33489740.724119827,4.699999809265137,326.6666666666667
tt14336692,Bird's Eye View - An ET's Solution for Humanity,2020,7.3,13,5.688242110289604,7.300000190734863,8.01107187031311,49579441.87045667,7.040000152587891,1096.0
tt11808250,Silenced Tree,2020,6.4,528,6.222950643159742,6.400000095367432,6.7684267873545005,22449168.97011252,6.400000095367432,322.0
tt15387128,Alone,2023,3.4,1085,5.606572668611012,3.400000095367432,6.230005655611218,28614196.00792752,5.300000071525574,683.0
tt35220086,Close Ur Kopitiam,2025,7.2,95,6.054422441401912,5.0,6.887676339881592,25369272.771426857,7.199999809265137,92.33333333333333
tt31307409,Fujimi Lovers,2024,6.0,47,6.084321177424017,5.900000015894571,6.977853191935685,20969162.450643778,6.140000057220459,25333.333333333332
tt31307409,Fujimi Lovers,2024,6.0,47,6.084321177424017,5.900000015894571,6.977853191935685,20969162.450643778,6.140000057220459,25333.333333333332
tt18973958,New Life,2023,5.6,4277,5.290933252022113,5.599999904632568,6.65829863132673,22456305.679276817,5.599999904632568,809.0
tt8956284,Rimini,2022,6.9,2565,6.289821273509415,6.830000098546346,7.838304296423142,22354999.524447173,7.00000015894572,395.3333333333333
tt33503920,Hu Tara Vina Kai Nai,2024,9.4,15,6.084321177424017,8.019999980926514,9.70470383584028,20969162.450643778,9.399999618530272,274.3333333333333
tt8000706,The Resting Samurai,2022,6.5,30,5.934379375043728,6.5,7.028800182074953,25411765.758938257,6.5,1658.3333333333333
tt12313976,The butterflies have died,2020,7.7,9,5.914761655885377,7.449999809265137,5.0,25531682.48902002,7.449999809265137,231.33333333333334
tt14433670,Nan Hesaru Kishora Yel Pass Yentu,2021,9.0,8,6.222950643159742,5.0,10.100349033973757,22449168.97011252,9.0,1020.0
tt21876722,Bubble,2022,6.7,432,6.054422441401912,6.699999809265137,6.585036413433381,25369272.771426857,6.699999809265137,663.3333333333334
tt28115122,Justicia Implacable,2023,8.9,9,5.642387611417895,8.322222120232052,9.169558279206312,30531901.74140362,8.309999918937683,730.6666666666666
tt29852565,Crazy Keerthy,2023,9.1,229,6.064388686742614,5.0,8.851436193609366,23902569.33116583,9.100000381469728,1062.0
tt15371470,TV in Bed,2023,4.6,5,5.885894239644082,6.199999968210856,5.3078133025185945,28289376.5727412,6.199999968210856,707.3333333333334
tt20868636,Foot Finding Feats Bigfoot Found or Fraud,2022,5.5,13,7.213336372265705,5.0,5.0,4388240.25,5.5,777.0
tt10506876,Topside,2020,6.0,711,6.222950643159742,6.400000095367432,6.4910145446463545,22449168.97011252,6.400000095367432,92.33333333333333
tt33712667,A Line of Fire,2025,8.0,13,5.66774551213587,7.116666714350382,7.1765426874408735,40731158.45569987,5.440000057220459,1007.3333333333334
tt33712667,A Line of Fire,2025,8.0,13,5.66774551213587,7.116666714350382,7.1765426874408735,40731158.45569987,5.440000057220459,1007.3333333333334
tt13849232,BP Underground - Rock,2020,8.6,8,7.213336372265705,5.0,5.0,4388240.25,8.600000381469727,604.0
tt29079121,Lamb Game,2023,5.8,23,5.728918355660729,5.269444425900777,6.805143740829767,52848120.90347222,5.528571469443185,999.6666666666666
tt19885330,El último hereje,2022,5.8,31,5.290933252022113,5.800000190734863,6.524715850051961,22456305.679276817,5.25,48.0
tt30953867,Scorched Earth,2024,6.7,558,5.790093740985721,6.699999809265137,7.3678091611284975,26893064.153351128,6.699999809265137,531.6666666666666
tt29606517,Ramam Raghavam,2025,5.3,173,5.914761655885377,5.650000095367432,7.1046376201132455,25531682.48902002,5.300000190734863,377.0
tt36393252,The bewilderment of chile,2025,7.8,6,6.084321177424017,5.0,8.087513270619228,20969162.450643778,7.100000023841858,225.0
tt12060154,Medusa: Beauty is the Beast,2020,2.7,709,5.599122239296479,2.9778846433529487,3.484442482690447,19373792.16036932,3.1666666666666665,131.66666666666666
tt32580848,A Vintage Christmas,2024,6.5,359,6.084321177424017,6.299999952316284,7.013539573374911,20969162.450643778,6.349999904632568,560.3333333333334
tt9815616,Still Got Joy,2020,5.6,39,6.579683191843726,5.599999904632568,5.0,23147945.951722927,5.599999904632568,170.33333333333334
tt9815616,Still Got Joy,2020,5.6,39,6.579683191843726,5.599999904632568,5.0,23147945.951722927,5.599999904632568,170.33333333333334
tt19716990,Loving Amanda,2022,6.9,30,6.084321177424017,6.900000095367432,8.036204388064498,20969162.450643778,6.675000071525574,275.0
tt16239960,Vila Redstone - O Filme,2021,9.4,19,5.8709723094511705,5.0,5.0,45746400.7934628,9.399999618530272,88.33333333333333
tt33400707,Vecaku Sapulce,2025,6.0,105,5.885894239644082,6.0,6.807057352493452,28289376.5727412,6.200000047683716,314.0
tt6698964,Hager,2020,4.5,939,5.672433259298636,4.625,6.583479589362641,21000554.77543484,4.75,229.0
tt22695402,Hunger,2023,6.6,20089,5.914761655885377,6.200000047683716,6.913386140154652,25531682.48902002,6.599999904632568,103.33333333333333
tt6462160,Eating Our Way to Extinction,2021,7.6,2213,7.213336372265705,7.599999904632568,8.273526973385653,4388240.25,7.599999904632568,521.3333333333334
tt8286040,O Som Que Desce na Terra,2021,6.5,86,6.222950643159742,6.225000023841858,7.592230514771279,22449168.97011252,5.9333334763844805,491.0
tt21417422,Slon,2022,6.7,461,5.914761655885377,6.1499998569488525,7.704662558787084,25531682.48902002,5.574999988079071,692.0
tt14678976,Haps,2025,7.4,99,6.098282728260086,7.400000095367432,8.021825641552953,23810550.63444363,7.400000095367432,430.0
tt8768526,Pulpit Gangster: Life Inside a Cult,2021,8.1,16,5.934379375043728,5.0,7.092026641572513,25411765.758938257,7.050000190734863,405.6666666666667
tt17351870,Anatar,2023,2.2,174,5.680046939073292,4.699999888737996,4.215638228961742,44756726.85390822,3.2333333492279053,222.0
tt32322185,Charmian Clift: Life Burns High,2024,7.9,15,7.074876056396708,7.900000095367432,7.63015983047508,14117481.591666669,7.900000095367432,203.33333333333334
tt24315604,Dva kholma. Film,2022,8.0,52,5.604337975805276,6.884444406297472,7.012660761052541,42767450.29859282,8.0,125.0
tt28918096,"Spookslot, de historie van Station Halfweg",2023,9.0,22,7.213336372265705,5.0,5.0,4388240.25,8.550000190734863,56.0
tt4460424,Brothers James: Retribution,2023,8.9,27,5.865620411943409,8.899999618530273,8.834070378954273,14616899.104166666,8.899999618530273,495.0
tt27182595,Meredith Willson: America's Music Man,2023,7.1,10,7.213336372265705,7.099999904632568,8.597741140862967,4388240.25,7.099999904632568,8.333333333333334
tt8231202,This Is the Year,2020,5.7,691,6.054422441401912,5.699999809265137,6.067863054235356,25369272.771426857,5.699999809265137,583.3333333333334
tt17009584,Varalaru Mukkiyam,2022,4.1,598,5.985107708534049,4.099999904632568,6.68323109550425,24629269.511692487,4.099999904632568,876.0
tt28131724,Avatar XXX Parody,2023,6.0,11,5.7179527095304366,6.5,7.632796603207718,28289376.5727412,6.5,105.33333333333333
tt16370008,Master and Margarita,2021,6.6,7,6.760618937724424,6.7499998807907104,7.436936710744979,16326453.030487806,6.599999904632568,66.0
tt24785860,Third World Romance,2023,6.7,209,6.15363591029188,5.887499928474426,6.784921384003439,21709165.710378148,6.799999952316284,310.3333333333333
tt10404324,The Banger,2020,4.1,109,5.885894239644082,4.824999928474426,5.406118505629055,28289376.5727412,4.099999904632568,569.6666666666666
tt11463896,The Praetorian,2021,8.3,11,5.606572668611012,8.300000190734863,9.513979884393258,28614196.00792752,8.300000190734863,16666.666666666668
tt11463896,The Praetorian,2021,8.3,11,5.606572668611012,8.300000190734863,9.513979884393258,28614196.00792752,8.300000190734863,16666.666666666668
tt6621768,9 Ways to Hell,2022,3.4,147,5.694712906079013,3.400000095367432,5.579843558155227,22345653.631159943,3.400000095367432,44.0
tt13664966,Mirrors in the Dark,2021,5.7,46,6.090145626331883,5.833333174387614,7.086876693157024,22285280.57568808,5.833333174387614,78.33333333333333
tt36195344,Novogodniy ekspress,2024,8.5,7,6.2666365144113145,8.5,7.934571228021658,42466547.02736239,8.5,6.333333333333333
tt13222004,The Mind Polluters,2021,6.2,46,7.213336372265705,5.724999904632568,5.0,4388240.25,6.5,270.6666666666667
tt20601908,BDE,2023,3.8,592,5.885894239644082,4.683333337306976,5.210431861184619,28289376.5727412,4.600000023841858,660.0
tt14122288,I'm Totally Fine,2022,6.0,1290,5.810542198256765,6.0,6.93068924425763,35994689.85576605,6.0,22.333333333333332
tt22863968,Something in the Water,2024,4.1,4814,5.684764952617073,4.099999904632568,6.301757350646153,33983669.77830768,4.099999904632568,617.3333333333334
tt21228936,"Sister, What Grows Where Land Is Sick?",2022,6.1,217,6.222950643159742,6.099999904632568,6.81803788615586,22449168.97011252,6.099999904632568,352.0
tt12845062,Meka Suri 2,2020,5.8,31,5.790093740985721,6.050000190734863,7.595273069723657,26893064.153351128,6.050000190734863,755.0
tt12845062,Meka Suri 2,2020,5.8,31,5.790093740985721,6.050000190734863,7.595273069723657,26893064.153351128,6.050000190734863,755.0
tt7691060,Charlotte,2021,6.0,76,6.054422441401912,6.0,6.837359417284328,25369272.771426857,6.0,8327.333333333334
tt20864704,Lifemark,2022,6.2,1482,6.579683191843726,6.416666507720947,7.5539371642388415,23147945.951722927,6.199999809265137,192.0
tt15132568,The Nudels of Nudeland,2022,3.6,118,5.885894239644082,4.299999952316284,4.633631513078417,28289376.5727412,3.5999999046325684,522.0
tt20258072,Baked with a Kiss,2022,6.3,314,6.084321177424017,6.600000063578288,6.649049851970683,20969162.450643778,5.6333333651224775,310.0
tt17372462,The Aviary,2022,4.2,835,5.606572668611012,4.199999809265137,5.99430562346562,28614196.00792752,4.199999809265137,448.3333333333333
tt6992258,Home Stay,2020,3.2,158,4.975293835433215,3.7666667302449546,4.217152742461418,16298415.350626118,3.8000000715255737,6376.666666666667
tt14433712,Naai Sekar,2022,4.8,541,6.054422441401912,4.800000190734863,6.661469572973097,25369272.771426857,4.800000190734863,432.6666666666667
tt12792598,Tragic Jungle,2020,5.6,1160,5.966018773906984,5.599999904632568,7.064566716146096,36635557.99662093,5.599999904632568,10.333333333333334
tt15661184,Grace and Mercy,2023,6.8,6,6.064388686742614,6.900000095367432,7.409621054633407,23902569.33116583,6.566666762034098,24.0
tt27626792,Komada - A Whisky Family,2023,6.5,197,6.246229143988683,6.649999936421713,7.766890954445706,45110614.14841664,6.5,606.0
tt10303758,Our Neighbors Shadow,2022,6.4,21,5.606572668611012,6.400000095367432,6.814014452974606,28614196.00792752,6.400000095367432,372.3333333333333
tt11418290,"I Am Fine, Thanks",2021,6.9,161,6.222950643159742,6.700000047683716,7.814404329053688,22449168.97011252,6.900000095367432,45.666666666666664
tt28156629,Eu Ainda Estou Aqui,2023,7.4,66,5.914761655885377,6.600000023841858,5.0,25531682.48902002,5.799999952316284,469.3333333333333
tt16375952,Dangerous Game: The Legacy Murders,2022,4.5,3075,5.466973934449058,4.599999904632568,5.475069231148761,23055563.78803984,5.162499964237213,673.0
tt23864816,All About a Check,2023,6.4,24,6.222950643159742,5.999999960263571,7.335719825191185,22449168.97011252,6.114210480137875,3159.3333333333335
tt30394423,Gold Digga,2023,4.0,15,5.606572668611012,4.377777761883205,4.753674012370961,28614196.00792752,4.370000004768372,607.0
tt10913972,All Clowns Are Bastards,2023,3.2,14,5.430594037538649,3.200000047683716,4.411596975105671,22293895.961683657,3.200000047683716,112.66666666666667
tt10883194,Cornered,2021,6.2,63,6.222950643159742,6.699999809265137,7.190082114744244,22449168.97011252,6.699999809265137,371.6666666666667
tt28639267,Settling Down,2023,7.2,21,5.885894239644082,7.199999809265137,9.475357241480452,28289376.5727412,7.199999809265137,306.3333333333333
tt10945274,Vicky and Her Mystery,2021,6.3,2924,6.087413749556421,5.996666765213013,6.799320303939683,44507452.34057063,6.450000047683716,954.6666666666666
tt10945274,Vicky and Her Mystery,2021,6.3,2924,6.087413749556421,5.996666765213013,6.799320303939683,44507452.34057063,6.450000047683716,954.6666666666666
tt22037090,The Voice,2022,7.3,750,5.606572668611012,7.300000190734863,5.778254522230182,28614196.00792752,7.300000190734863,383.3333333333333
tt27302470,1982: Anbarasin Kaadhal,2023,3.6,150,5.845446923017514,3.5999999046325684,5.0,24791679.22928565,3.5999999046325684,69.33333333333333
tt15910048,I Am a Witch,2023,2.8,14,7.213336372265705,3.3749999403953552,3.0267758223024552,4388240.25,3.9499999284744254,441.0
tt35710538,Prisoners of Fire,2025,8.7,10,7.213336372265705,8.699999809265137,5.0,4388240.25,8.699999809265137,49.0
tt8886668,Trafficante di Virus,2021,4.6,89,5.914761655885377,5.658333261807759,6.380602487936258,25531682.48902002,6.599999904632568,286.6666666666667
tt15307234,Diabolik: Who Are You?,2023,5.6,727,5.840529489441369,5.642222256130643,6.693354552590036,34091377.73593761,5.800000071525574,1114.3333333333333
tt32598727,Toch Kedey Tnua,2024,8.0,5,7.213336372265705,5.0,5.0,4388240.25,8.0,652.0
tt5129792,Swiperight,2020,3.9,42,4.975293835433215,3.900000095367432,4.279192438205606,16298415.350626118,3.900000095367432,723.3333333333334
tt2353868,True Spirit,2023,6.8,11484,6.338472254315238,6.583333492279053,7.481970677334845,36499772.305876754,6.800000190734863,706.3333333333334
tt27129223,Fast Shark II: Faster Shark,2023,7.4,81,5.604337975805276,5.0,8.3898392170803,42767450.29859282,7.150000095367432,816.6666666666666
tt11125634,Hail Mary,2023,8.6,25,4.975293835433215,6.950000286102295,7.333834800896898,16298415.350626118,8.600000381469727,682.0
tt32874323,Ouseppinte Osiyathu,2025,7.4,164,6.222950643159742,7.400000095367432,7.920629020831235,22449168.97011252,7.400000095367432,438.6666666666667
tt29341577,Ghost Game,2024,3.4,324,5.290933252022113,4.666666825612386,4.700650636627612,22456305.679276817,4.5,252.66666666666666
tt13469832,Die Polizeianwärter,2020,7.4,5,7.213336372265705,5.0,5.0,4388240.25,7.400000095367432,828.6666666666666
tt15006754,Under Her Control,2022,4.8,2083,6.222950643159742,5.100000143051148,6.67903778134225,22449168.97011252,4.800000190734863,743.0
tt33424408,The Sisters,2024,4.7,153,5.471110456551183,4.699999809265137,6.052792469283621,31215963.77436421,4.7499998807907104,520.0
tt12697758,Ondu Ghanteya Kathe,2021,4.8,177,5.885894239644082,6.5,7.364444384471476,28289376.5727412,6.5,513.6666666666666
tt27791972,Outbreak,2024,4.4,853,5.466973934449058,4.400000095367432,6.207510570788657,23055563.78803984,4.400000095367432,635.6666666666666
tt19299928,Olho animal,2022,5.5,18,5.885894239644082,5.5,6.748616631094729,28289376.5727412,5.5,639.6666666666666
tt29585679,Drazen,2024,6.6,1348,6.936415740527709,6.274999976158142,7.397013236100904,23846722.933333334,6.6249998807907104,751.3333333333334
tt28331032,Daniel Auerbach,2023,6.8,37,6.222950643159742,6.800000190734863,7.808455178611666,22449168.97011252,6.800000190734863,3967.0
tt13529482,Overall Planning,2021,3.6,50,5.885894239644082,3.5999999046325684,5.446048321629336,28289376.5727412,3.5999999046325684,8.0
tt9690790,Paradise Cove,2021,4.2,996,5.290933252022113,4.199999809265137,5.147560061514777,22456305.679276817,5.233333269755046,362.3333333333333
tt9690790,Paradise Cove,2021,4.2,996,5.290933252022113,4.199999809265137,5.147560061514777,22456305.679276817,5.233333269755046,362.3333333333333
tt13241608,Bite of a Mango,2022,8.5,95,6.222950643159742,7.5,9.722832903423312,22449168.97011252,7.0,70.0
tt10476718,Deathwell,2020,3.7,735,5.839782389495547,3.700000047683716,4.4726409277372,34955541.764443904,3.700000047683716,41.0
tt19896150,The Angry Black Girl and Her Monster,2023,5.3,2356,5.676569781400761,5.300000190734863,6.769393173411157,29160954.76175921,5.300000190734863,28.666666666666668
tt12753120,The Burning Sea,2021,6.3,8477,5.852813889143827,6.387500007947287,7.199019572142466,34637161.96050409,6.900000095367432,520.3333333333334
tt28075104,Dream hunt,2023,8.2,9,5.606572668611012,8.199999809265137,8.58750860890339,28614196.00792752,8.199999809265137,1227.6666666666667
tt15185560,Mayfly,2025,7.2,33,6.027207754384532,7.199999809265137,6.852302772323839,35592224.46732576,7.199999809265137,460.3333333333333
tt27214279,Not Even God Is as Fair as Your Jeans,2025,9.0,6,6.090145626331883,7.599999904632568,8.167586530182078,22285280.57568808,7.599999904632568,356.0
tt19725976,Külahima Anlat,2022,4.0,7,5.885894239644082,4.0,3.4561058130398608,28289376.5727412,4.0,836.0
tt31228384,Slay Zone,2024,7.3,15,5.606572668611012,6.720000108083089,6.126725282222615,28614196.00792752,5.587500035762787,70.33333333333333
tt30468799,Perennial Light,2024,7.0,8,6.222950643159742,7.949999809265137,9.131282896195486,22449168.97011252,7.949999809265137,1573.3333333333333
tt9684220,Bad Trip,2021,6.5,28245,5.885894239644082,6.5,6.901052827663562,28289376.5727412,6.5,155.0
tt26736460,Single Man Problems: Volume One,2023,5.4,55,6.054422441401912,5.400000095367432,5.0,25369272.771426857,5.400000095367432,381.6666666666667
tt10374618,Thin Skin,2020,7.9,36,6.222950643159742,8.06666668256124,9.027879461573107,22449168.97011252,7.900000095367432,643.0
tt32099777,Persona Non Grata,2024,7.5,24,6.222950643159742,7.5,8.109858994730567,22449168.97011252,7.5,50.666666666666664
tt12993456,Akhirat: A Love Story,2021,6.1,142,6.04624556206436,6.099999904632568,6.942961617969668,30717870.4617651,6.099999904632568,55.666666666666664
tt12844172,The Haunter of the Dark III,2020,4.8,34,4.975293835433215,4.494230829752409,4.930645610799608,16298415.350626118,3.850000143051148,45.333333333333336
tt15014076,Roman Candle,2021,8.6,15,6.222950643159742,8.600000381469727,8.087196114847288,22449168.97011252,8.600000381469727,762.3333333333334
tt21438160,Tot Zonsondergang,2022,7.4,39,6.0196453027547605,7.400000095367432,8.397181822189342,55536594.02579968,6.900000095367432,480.3333333333333
tt8521778,Bob Marley: One Love,2024,6.2,34678,6.639995107137292,6.349999878141616,7.485587291799933,20874114.977977887,6.633333206176758,490.6666666666667
tt27426876,Nannayikoode,2023,7.4,110,6.222950643159742,7.400000095367432,8.584260712220443,22449168.97011252,7.400000095367432,275.3333333333333
tt13091090,El nido,2021,4.4,38,5.290933252022113,4.400000095367432,6.085573253786354,22456305.679276817,4.400000095367432,312.3333333333333
tt16403170,Fósforos Mojados,2021,6.9,31,6.222950643159742,6.700000047683716,5.0,22449168.97011252,6.900000095367432,28.0
tt29119162,Family Album,2024,7.7,8,6.222950643159742,7.699999809265137,8.593590031994557,22449168.97011252,7.049999952316284,351.0
tt26008876,Janaki Jaane,2023,5.9,654,6.203095434705503,5.900000095367432,7.399593359530705,35159466.00376374,5.900000095367432,3703.6666666666665
tt15599902,Clay Zombies,2021,6.1,48,5.885894239644082,6.099999904632568,6.250432244230233,28289376.5727412,6.099999904632568,220.66666666666666
tt27996370,Bermondsey Tales: Fall of the Roman Empire,2024,4.3,196,6.0274865653880845,4.349999964237213,5.484962779116692,25303492.61387616,4.550000190734863,3852.6666666666665
tt12387302,Ultimate Zombie Feast,2020,4.9,89,4.975293835433215,5.0,5.3941313335374925,16298415.350626118,5.300000111262004,1129.0
tt7581170,Case No 130/2016,2021,3.6,525,6.222950643159742,3.5999999046325684,5.0,22449168.97011252,3.5999999046325684,439.0
tt26445617,Double foyer,2023,4.2,40,6.222950643159742,4.199999809265137,6.003005019283585,22449168.97011252,4.199999809265137,235.0
tt27051173,Kung Fu Drifter,2022,5.2,8,5.856050379258259,5.0,5.710884886235914,63203425.0141844,5.199999809265137,387.0
tt27051173,Kung Fu Drifter,2022,5.2,8,5.856050379258259,5.0,5.710884886235914,63203425.0141844,5.199999809265137,387.3333333333333
tt34857055,The Minds of 99 - 3 døgn i Parken,2025,8.7,67,6.760618937724424,8.699999809265137,5.0,16326453.030487806,8.699999809265137,141.33333333333334
tt12545262,Trigger,2020,4.4,136,5.606572668611012,4.887480121290095,5.893818174126695,28614196.00792752,5.3038461941939135,65.33333333333333
tt10704342,Framed,2021,5.0,310,5.845446923017514,5.0,5.875271587192355,24791679.22928565,5.0,273.0
tt27530836,Mandya,2025,6.6,3230,5.728918355660729,7.049999952316284,8.412712988564621,52848120.90347222,7.049999952316284,540.0
tt29031019,Love Reset,2023,6.8,2470,5.985107708534049,6.800000190734863,7.239323305115704,24629269.511692487,6.800000190734863,503.6666666666667
tt31112509,Jane Austen Wrecked My Life,2024,6.4,190,6.084321177424017,6.100000143051148,7.046417806166306,20969162.450643778,6.400000095367432,713.3333333333334
tt13210170,Hand Rolled Cigarette,2020,6.6,1095,6.098282728260086,6.059999918937683,7.099314417698243,23810550.63444363,6.599999904632568,9.666666666666666
tt15464452,143,2022,7.8,565,6.084321177424017,7.800000190734863,8.980883082123182,20969162.450643778,7.150000095367432,748.0
tt15296872,Transform!,2020,5.6,5,7.213336372265705,5.0,5.0,4388240.25,5.599999904632568,4737.0
tt16392762,The Party Slasher,2021,6.6,16,5.430594037538649,6.599999904632568,7.01057681272677,22293895.961683657,6.599999904632568,20.333333333333332
tt16612852,My One True Love,2022,6.3,372,5.985107708534049,6.780000114440918,6.755259981758626,24629269.511692487,6.500000079472859,66.33333333333333
tt26423839,The Hidden Web,2023,6.1,437,5.882859537024568,6.077777730094062,6.926935399124915,25105814.9945353,6.099999904632568,618.6666666666666
tt15744730,Set in Motion,2021,7.8,15,5.606572668611012,5.0,5.0,28614196.00792752,7.800000190734863,466.6666666666667
tt8676514,Doug,2020,6.2,33,6.222950643159742,6.199999809265137,7.091097347376747,22449168.97011252,6.199999809265137,11475.666666666666
tt25147946,Marco & Luna,2023,9.2,20,5.985107708534049,9.199999809265137,9.091647694142814,24629269.511692487,9.199999809265137,9.666666666666666
tt34798218,Morlaix,2025,7.3,48,6.222950643159742,6.169318209994923,7.654732584269984,22449168.97011252,6.800000190734863,390.6666666666667
tt15784184,Urban Myths,2022,4.9,430,5.541938000115162,5.0,7.020209142324276,29762591.773577,4.900000095367432,381.6666666666667
tt12781974,Savage Genesis,2020,7.0,22,6.222950643159742,6.700000047683716,7.567754638279922,22449168.97011252,6.700000047683716,4381.0
tt11236228,Peace by Chocolate,2021,6.9,1137,6.054422441401912,6.600000023841858,6.95014994632919,25369272.771426857,6.900000095367432,585.6666666666666
tt5870756,Death Camp,2022,2.8,200,4.975293835433215,2.799999952316284,4.15878923582379,16298415.350626118,2.799999952316284,171.33333333333334
tt5203292,Octagon,2021,3.4,97,4.975293835433215,3.400000095367432,3.361458904898586,16298415.350626118,3.400000095367432,16333.333333333334
tt8832052,Sisters,2020,5.3,193,6.222950643159742,5.300000190734863,6.46572145588658,22449168.97011252,5.300000190734863,591.6666666666666
tt20216586,Zombie,2022,3.3,203,5.430594037538649,3.7499998807907104,4.217780128251349,22293895.961683657,4.619999933242798,3136.3333333333335
tt9134096,My Body Will Bury You,2021,6.0,152,6.502852952026574,6.0,6.787459859976044,24468268.645484067,6.0,215.0
tt30873623,Vertical Money,2024,7.3,65,7.213336372265705,7.300000190734863,5.0,4388240.25,7.300000190734863,399.6666666666667
tt16148580,Christmas Trees 8,2021,3.0,433,6.097361703018362,3.723333358764648,3.4109513029505,32869436.19342289,4.008333345254262,529.6666666666666
tt16148580,Christmas Trees 8,2021,3.0,433,6.097361703018362,3.723333358764648,3.4109513029505,32869436.19342289,4.008333345254262,529.6666666666666
tt33264586,Langha Phobia,2024,8.7,11,6.054422441401912,8.699999809265137,5.0,25369272.771426857,8.699999809265137,53.0
tt19866256,Chabuk,2022,9.5,10,6.183240226251263,5.0,8.839485253305208,47869763.03741497,9.5,18.666666666666668
tt15560314,The Monk and the Gun,2023,7.1,3647,6.054422441401912,7.099999904632568,5.0,25369272.771426857,6.8999998569488525,95.66666666666667
tt26448497,I Win,2024,9.3,40,6.222950643159742,7.8500001430511475,8.102117358002436,22449168.97011252,9.300000190734863,143.66666666666666
tt27608926,It Becomes Her,2023,8.7,25,5.606572668611012,5.8999998569488525,5.0,28614196.00792752,5.8999998569488525,3693.3333333333335
tt11697536,"On Vodka, Beers, and Regrets",2020,6.3,186,6.15363591029188,5.933333396911621,6.627153234519246,21709165.710378148,5.933333396911621,3810.6666666666665
tt14236348,The Test,2021,5.9,690,6.034567232947673,5.7777778307596845,6.580372325355187,38079569.80507808,5.700000047683716,125.0
tt21116954,My Heavenly City,2023,6.8,94,6.222950643159742,6.800000190734863,7.86370051718171,22449168.97011252,6.800000190734863,946.6666666666666
tt11394330,Omniboat: A Fast Boat Fantasia,2020,5.8,96,5.885894239644082,6.133333524068196,6.579190805129359,28289376.5727412,6.133333524068196,308.3333333333333
tt31150307,Air War,2024,6.4,117,6.294813698504193,6.400000095367432,7.464454941063046,21551472.35390872,6.400000095367432,222.33333333333334
tt11854074,Orey Bujjigaa,2020,6.5,667,6.222950643159742,5.9666666984558105,7.227478378260717,22449168.97011252,5.933333396911621,544.3333333333334
tt34747802,Thinline,2024,9.6,8,6.222950643159742,5.0,9.478429215672492,22449168.97011252,7.51428576878139,148.66666666666666
tt2609918,Six Days to Die,2023,7.6,13,5.939163136921294,7.599999904632568,7.63312900754158,29971396.32591714,7.599999904632568,578.6666666666666
tt13561006,Zombeez,2023,4.5,56,5.595134919945248,4.5,6.298663618443772,49687715.01551879,4.5,16967.333333333332
tt22017632,Pallotty 90's Kids,2023,7.2,781,5.885894239644082,7.199999809265137,7.215155000712673,28289376.5727412,7.199999809265137,337.0
tt16306374,Teluh,2022,6.5,44,5.601605715734657,6.5,6.711373125299286,22453926.77622205,6.339999961853027,12.0
tt1262426,Wicked,2024,7.5,159342,6.0257926797417225,7.3222222328186035,7.801194740403231,28607246.19979777,7.349999904632568,171.33333333333334
tt13491628,Identical Love,2021,6.3,672,6.084321177424017,6.042857136045184,6.945054476611512,20969162.450643778,6.066666682561238,236.33333333333334
tt30845371,Tiger Wolf Rabbit,2024,6.2,508,6.098282728260086,5.349999904632568,6.817467483163178,23810550.63444363,5.849999904632568,11655.333333333334
tt9866220,Chocolate Road,2021,7.4,48,7.213336372265705,5.0,5.0,4388240.25,7.400000095367432,1839.0
tt15012352,Meryl: Winner Takes It All,2021,6.2,7,7.213336372265705,4.442857137748173,7.082439890559206,4388240.25,4.6999999926640434,8573.0
tt19265480,Manmadha Leelai,2022,6.0,965,5.858929361893037,6.316666603088379,6.7608638427677255,25957578.34377083,6.219999885559082,690.0
tt22814656,Heath Ledger: A Tragic Tale,2022,7.0,25,7.213336372265705,5.47714284828731,7.441192857756626,4388240.25,4.8878787792090215,213.66666666666666
tt13502894,Bon Bini: Judeska in da House,2020,5.7,464,5.885894239644082,5.333333174387614,6.31546284846354,28289376.5727412,5.699999809265137,402.3333333333333
tt14611910,Blue,2021,6.6,455,6.418611257827269,6.774999976158142,7.329130914903862,23254548.319802023,6.774999976158142,490.6666666666667
tt29314352,Sermon to the Birds,2023,7.9,38,6.222950643159742,7.2399999618530275,8.282610392027218,22449168.97011252,7.2399999618530275,3620.6666666666665
tt13920920,Subtraction,2022,6.5,2459,6.021002971231345,6.5,6.953734594538013,23351624.487839192,6.5,450.3333333333333
tt32308936,Ajogyo,2024,7.5,107,6.222950643159742,7.179999923706054,8.146976630146924,22449168.97011252,6.833333253860474,382.0
tt23133412,Monster Grizzly,2023,2.9,166,4.975293835433215,4.799999952316284,4.857422148428537,16298415.350626118,4.799999952316284,12666.666666666666
tt16740206,Misslyckandena i mitt liv,2021,6.7,6,5.885894239644082,6.699999809265137,5.0,28289376.5727412,6.699999809265137,223.66666666666666
tt15978956,Wifelike,2022,4.9,5773,5.705150608209951,4.900000095367432,5.061031701339205,35557178.77626168,4.900000095367432,692.3333333333334
tt15978956,Wifelike,2022,4.9,5773,5.705150608209951,4.900000095367432,5.061031701339205,35557178.77626168,4.900000095367432,692.3333333333334
tt15090586,Joel D. Wynkoop's the Craiglon Incident II Aftermath,2021,6.4,14,5.322781711966471,6.3750001192092896,7.011045310066662,57245524.024444446,6.3750001192092896,135.33333333333334
tt3679040,Kisi Ka Bhai Kisi Ki Jaan,2023,4.0,41564,5.945921079488184,3.763888882266151,6.471190505301893,34528888.81544197,4.5,4705.333333333333
tt7806592,Colao 2,2023,8.7,103,5.985107708534049,7.820833325386047,8.909573217997107,24629269.511692487,7.328571455819266,494.0
tt14812778,The Tsugua Diaries,2021,6.2,663,6.222950643159742,6.299999872843425,7.055879845275654,22449168.97011252,6.2749998569488525,384.6666666666667
tt10283902,Feral State,2020,4.7,2852,5.606572668611012,4.699999809265137,5.343074169479201,28614196.00792752,4.699999809265137,19.666666666666668
tt5693182,Creation Stories,2021,6.1,1616,6.639995107137292,6.099999904632568,7.645933333911288,20874114.977977887,6.099999904632568,448.6666666666667
tt3739256,Sama,2022,6.8,9,6.15363591029188,6.800000190734863,8.630291016615597,21709165.710378148,7.5,156.33333333333334
tt11433822,Aankh Micholi,2023,5.8,1331,6.034567232947673,5.800000190734863,6.99994941958424,38079569.80507808,5.800000190734863,87.33333333333333
tt5044910,One 2 Zero,2021,6.0,15,5.322781711966471,6.0,6.689574422625877,57245524.024444446,6.0,229.0
tt4925252,Daniel's Gotta Die,2022,5.4,132,5.885894239644082,5.400000095367432,6.566547264708991,28289376.5727412,4.850000143051148,236.33333333333334
tt26448558,My Motherland,2023,5.0,83,6.222950643159742,5.279166678587596,5.994210388683253,22449168.97011252,5.0,3865.6666666666665
tt21607636,Dahleez,2022,9.1,20,6.222950643159742,9.050000190734863,9.995235536507325,22449168.97011252,9.0,274.0
tt27251641,Tale of the Mural,2023,5.3,9,6.04624556206436,6.183333237965901,6.133676192045777,30717870.4617651,5.333333333333333,475.3333333333333
tt15000346,The Girl with the Golden Hands,2021,5.4,122,6.222950643159742,5.400000095367432,6.582686266199896,22449168.97011252,5.400000095367432,540.0
tt14303576,Fly So Far,2021,7.8,64,7.213336372265705,7.800000190734863,5.0,4388240.25,7.800000190734863,349.0
tt7628180,Chitrakut,2022,6.8,472,6.222950643159742,6.800000190734863,7.442377994058793,22449168.97011252,6.800000190734863,520.6666666666666
tt14680782,Lebensdorf,2021,5.9,111,6.054422441401912,5.900000095367432,6.812486020726709,25369272.771426857,5.900000095367432,5151.666666666667
tt26491631,The Devil's Left Hand,2023,3.2,1675,5.466973934449058,6.150000214576721,5.591055561241234,23055563.78803984,5.200000095367432,1177.6666666666667
tt16295342,Daddy,2023,6.7,40,5.885894239644082,6.699999809265137,6.484596154462712,28289376.5727412,6.699999809265137,11629.0
tt24854622,Prince Harry: Bridge Over Troubled Water,2023,1.7,24,7.213336372265705,4.760000085830688,3.065282921939311,4388240.25,4.760000085830688,391.6666666666667
tt35936906,Mendadak Dangdut,2025,7.2,9,6.289821273509415,6.6433332125345865,7.568101708168371,22354999.524447173,6.5,502.3333333333333
tt12181184,Summer Rebels,2020,6.1,108,6.183240226251263,6.099999904632568,7.247579401153038,47869763.03741497,6.099999904632568,5369.333333333333
tt11837558,I Propose We Never See Each Other Again After Tonight,2020,5.3,196,5.885894239644082,5.300000190734863,6.296213353657041,28289376.5727412,5.666666666666667,563.0
tt28655298,Novogodniy shef,2023,4.7,166,6.034567232947673,4.822499982515971,5.388352879131761,38079569.80507808,4.785714183534894,402.6666666666667
tt14628220,Forty Winks,2022,6.4,1904,6.0274865653880845,6.900000095367432,7.482086920812171,25303492.61387616,6.900000095367432,530.0
tt15367466,The Great Escape,2023,8.5,102,5.66774551213587,6.25,7.78233571470449,40731158.45569987,8.650000095367432,3964.6666666666665
tt33029833,The American Backyard,2024,6.2,162,5.466973934449058,6.099999964237213,7.169144697641092,23055563.78803984,5.899999976158142,443.6666666666667
tt15740800,Far Away Eyes,2021,6.4,12,6.222950643159742,6.400000095367432,5.0,22449168.97011252,6.400000095367432,1159.3333333333333
tt10896634,Long Story Short,2021,6.6,7402,5.93389342755914,6.599999904632568,7.180745245753153,32664606.329307992,6.599999904632568,4137.333333333333
tt20240950,Enchantress,2022,4.0,18,5.466973934449058,4.0,5.42270408102397,23055563.78803984,4.0,6407.666666666667
tt17023860,0.1% World,2022,6.1,110,6.084321177424017,5.0,6.852398678382248,20969162.450643778,6.099999904632568,508.3333333333333
tt5910806,Tres Leches,2022,2.3,21,5.885894239644082,4.666666587193807,3.4948041138353947,28289376.5727412,4.666666587193807,262.0
tt15660346,Don't Shoot the Piano Man,2022,5.8,28,6.222950643159742,5.800000190734863,6.83739637938705,22449168.97011252,5.800000190734863,5593.333333333333
tt28979362,Disremembered,2024,4.9,134,4.975293835433215,5.016666690508524,5.046917958630827,16298415.350626118,4.660000014305115,731.3333333333334
tt10300286,The Redeemers,2020,5.2,157,5.728918355660729,5.199999809265137,6.11457114120827,52848120.90347222,5.199999809265137,58.666666666666664
tt14883164,The Wife and Her House Husband,2022,6.6,37,6.15363591029188,6.599999904632568,7.3984673361315645,21709165.710378148,6.599999904632568,340.0
tt9573468,"Events Transpiring Before, During, and After a High School Basketball Game",2020,6.0,110,5.885894239644082,6.0,6.814017797647233,28289376.5727412,6.0,6511.333333333333
tt9573468,"Events Transpiring Before, During, and After a High School Basketball Game",2020,6.0,110,5.885894239644082,6.0,6.814017797647233,28289376.5727412,6.0,6511.333333333333
tt13482930,The Modelizer,2023,4.7,110,5.985107708534049,4.699999809265137,5.546927564965706,24629269.511692487,4.099999964237213,324.0
tt27649527,Christmas with Jerks,2023,6.0,116,5.985107708534049,6.0,6.347349080333986,24629269.511692487,6.0,13808.666666666666
tt27649527,Christmas with Jerks,2023,6.0,116,5.985107708534049,6.0,6.347349080333986,24629269.511692487,6.0,13808.666666666666
tt13559964,Muerto de Risa,2023,6.6,97,5.885894239644082,6.599999904632568,7.530506706343302,28289376.5727412,6.599999904632568,22.666666666666668
tt14685864,Na manush premer kothamala,2021,7.2,19,5.772866177563106,5.0,9.122589829174874,39847346.49727848,7.900000095367432,28.333333333333332
tt33399709,Balaram Kando,2025,9.0,24,5.885894239644082,7.88846153479356,9.080790541098605,28289376.5727412,7.6250001192092896,606.3333333333334
tt13894060,They Talk to Me,2021,3.7,525,5.466973934449058,3.96666673819224,5.134848472340078,23055563.78803984,3.700000047683716,390.3333333333333
tt33014921,We Girls,2025,8.5,339,6.098282728260086,7.075000047683716,8.53771469057907,23810550.63444363,7.0,593.0
tt15202238,Takhatgarh,2022,7.1,19,5.728918355660729,7.099999904632568,8.001983240004131,52848120.90347222,7.099999904632568,3510.0
tt33083910,Winemaker,2024,5.9,28,5.290933252022113,5.900000095367432,5.0,22456305.679276817,5.900000095367432,502.0
tt8633478,Run,2020,6.7,105170,5.672433259298636,6.799999833106995,6.47181166337759,21000554.77543484,6.699999809265137,143.66666666666666
tt30102179,Jigiri Dosthu,2023,4.4,1084,5.885894239644082,4.400000095367432,6.540318176174865,28289376.5727412,4.400000095367432,875.3333333333334
tt28056959,Secret Killer,2023,7.5,10,5.819055299302949,5.657142911638532,7.8566941211467425,24254080.005565863,5.825000047683716,382.3333333333333
tt16410914,Cybersatan Apocalypse Nightmares,2021,5.4,8,5.819055299302949,5.0,6.747444447264673,24254080.005565863,5.400000095367432,475.6666666666667
tt26733465,Ravikula Raghurama,2024,8.1,2055,6.084321177424017,8.100000381469727,8.220642585206232,20969162.450643778,8.100000381469727,403.3333333333333
tt14893376,Raja Vikramarka,2021,5.3,1677,5.728918355660729,5.300000190734863,7.1972555553434345,52848120.90347222,5.300000190734863,93.0
tt23140260,The Friendship Vow,2024,6.2,15,6.222950643159742,6.199999809265137,5.0,22449168.97011252,6.199999809265137,10269.333333333334
tt8983230,Broad Peak,2022,6.0,2388,6.338472254315238,6.0,6.51622829173088,36499772.305876754,6.0,4354.0
tt8634442,Ani Bond: Choying Drolma,2023,9.2,6,7.213336372265705,9.199999809265137,5.0,4388240.25,9.199999809265137,5756.666666666667
tt18339924,Suit Hung. Tied Tongue.,2024,6.3,104,6.222950643159742,6.300000190734863,6.769622855746757,22449168.97011252,6.300000190734863,837.6666666666666
tt17074824,Ford v Holden,2023,6.3,70,7.213336372265705,6.300000190734863,7.834214544141081,4388240.25,7.150000095367432,593.3333333333334
tt29768769,Jump,2023,8.6,700,5.7128139839569805,5.0,9.158541744863747,26434138.00674669,8.600000381469727,296.6666666666667
tt14662334,The Business of Christmas 2,2021,6.8,43,6.222950643159742,6.521428619112287,7.030647189183892,22449168.97011252,6.800000190734863,210.66666666666666
tt11786320,Andrés Iniesta: The Unexpected Hero,2020,7.0,259,6.921341328429404,5.0,8.22502404481882,17431630.284274954,7.0,719.6666666666666
tt26681218,Guadalupe - The Making of a Nation,2023,8.1,11,7.213336372265705,8.100000381469727,5.0,4388240.25,8.100000381469727,185.66666666666666
tt5620978,Minore,2023,5.5,257,5.815425820304711,5.5,6.337430897726994,43290925.81358414,5.5,536.0
tt13859686,Flaming Cloud,2023,6.6,65,6.04624556206436,6.599999904632568,6.824259297751906,30717870.4617651,6.599999904632568,490.0
tt33354053,Between the Lines,2024,8.7,16,6.1615919961918255,8.699999809265137,10.450180333284498,16117296.184210526,8.699999809265137,46.333333333333336
tt8718300,Proximity,2020,4.8,7491,5.772866177563106,4.800000190734863,6.209157080892828,39847346.49727848,4.800000190734863,565.6666666666666
tt26733197,Wandering Bonbon,2022,9.4,12,6.084321177424017,5.0,9.985788501556303,20969162.450643778,9.399999618530272,244.0
tt21623158,Icarus: The Aftermath,2022,8.0,44,6.478060304457171,7.738888952467176,5.0,19020787.975806348,7.900000095367432,885.6666666666666
tt27930213,Vyooham,2023,4.7,295,6.222950643159742,5.062500059604645,6.750044667564066,22449168.97011252,6.032051214805016,484.6666666666667
tt12767996,The Confidence Man JP: Princess,2020,6.7,1370,5.929754526502256,6.574999928474426,7.310633747690766,26730654.43575797,6.300000031789144,341.0
tt28355655,Hand in Hand,2023,6.0,27,6.15363591029188,5.0,7.030103489088635,21709165.710378148,6.899999936421712,253.33333333333334
tt15655116,Puff Daddy,2023,3.1,194,5.914761655885377,3.0999999046325684,6.866100146246609,25531682.48902002,3.0999999046325684,265.3333333333333
tt12525878,Speak Sunlight,2023,6.2,42,6.222950643159742,6.083333174387614,6.448620773662353,22449168.97011252,6.199999809265137,704.0
tt30469860,Dirty Laundry,2024,8.1,16,6.054422441401912,8.100000381469727,7.455077764171864,25369272.771426857,8.100000381469727,298.6666666666667
tt15298578,Nightride,2021,5.5,997,5.934379375043728,4.799999952316284,6.427970041416578,25411765.758938257,5.5,592.0
tt31860482,Too Many Christmases,2024,7.7,462,5.885894239644082,7.349999904632568,8.071958716039244,28289376.5727412,7.733333269755046,200.0
tt11192054,Suriname,2020,4.7,238,6.098282728260086,4.699999809265137,5.717146695218595,23810550.63444363,4.699999809265137,612.3333333333334
tt13009718,Gravediggers,2024,6.5,30,5.758216903595648,6.099999904632568,6.290506777915856,44180937.96600973,6.099999904632568,402.3333333333333
tt14454740,Tari Yaad Ma Jindagi Javani,2021,7.3,12,6.222950643159742,5.0,8.722905775544215,22449168.97011252,7.300000190734863,571.3333333333334
tt8801666,The Most Beautiful Boy in the World,2021,6.8,2103,6.977502457895607,6.800000190734863,5.0,18240777.16806298,6.800000190734863,77.0
tt16990484,Crosses,2021,6.0,23,6.222950643159742,6.0,6.749028605465409,22449168.97011252,6.0,126.66666666666667
tt14651584,UFO Club,2022,8.3,16,5.885894239644082,8.300000190734863,8.617568860304726,28289376.5727412,8.300000190734863,36.666666666666664
tt27431766,Hook,2023,3.8,47,6.614271872494797,5.0,3.868417264927032,24059927.66949153,4.233333349227905,3935.0
tt28213594,Murilo Couto: Leso,2023,6.6,71,5.885894239644082,6.599999904632568,7.261045330018552,28289376.5727412,6.799999952316284,187.33333333333334
tt30700501,Hotsureru,2023,5.8,159,6.15363591029188,5.900000095367432,7.087731704975507,21709165.710378148,5.900000095367432,564.6666666666666
tt10295314,Expired,2022,3.6,926,5.840529489441369,4.8999998569488525,5.676063339731652,34091377.73593761,4.8999998569488525,763.3333333333334
tt11384004,Love Story,2021,6.8,4668,6.084321177424017,6.800000190734863,7.584685792138968,20969162.450643778,6.800000190734863,264.6666666666667
tt6645792,The Thorn,2023,7.6,90,6.287252094437136,7.599999904632568,6.132489596479782,37379987.435050845,7.599999904632568,2000.0
tt6645792,The Thorn,2023,7.6,90,6.287252094437136,7.599999904632568,6.132489596479782,37379987.435050845,7.599999904632568,2000.0
tt16480216,Laal Moroger Jhuti,2021,7.5,18,6.502852952026574,5.900000095367432,7.793684312178626,24468268.645484067,5.900000095367432,491.3333333333333
tt12573828,Jeanne D'Arc of the North,2021,7.7,27,6.838809622214019,7.699999809265137,7.999955858261997,16296246.307012752,7.699999809265137,361.6666666666667
tt24515124,Winter Spring Summer or Fall,2024,6.1,1422,6.15363591029188,6.099999904632568,6.823492743609992,21709165.710378148,6.099999904632568,391.3333333333333
tt28893118,"Los Turistas, una temporada en el infierno",2023,5.6,23,4.975293835433215,6.6499998569488525,5.0,16298415.350626118,6.6499998569488525,1094.6666666666667
tt18228180,The Night Guardian,2022,6.5,492,6.222950643159742,6.674999952316284,6.839862386561601,22449168.97011252,6.5,159.66666666666666
tt27303282,Chowk,2023,8.6,91,5.975934499410236,8.600000381469727,8.782815216948345,37648644.93679237,8.600000381469727,272.0
tt14154236,Las razones del lobo,2020,6.9,15,7.213336372265705,6.900000095367432,5.0,4388240.25,6.900000095367432,5.333333333333333
tt14154236,Las razones del lobo,2020,6.9,15,7.213336372265705,6.900000095367432,5.0,4388240.25,6.900000095367432,5.333333333333333
tt14618708,Chance the Rapper's Magnificent Coloring World,2021,8.5,33,6.760618937724424,8.5,7.498639169651554,16326453.030487806,8.325000047683716,86936.0
tt14402806,Kenzeli,2021,5.5,51,6.222950643159742,5.5,5.547985376671571,22449168.97011252,4.049999952316284,264.3333333333333
tt29253563,Knuckle Girl,2023,5.3,544,5.851266584510579,5.266666809717814,6.104253040051971,39010026.60112348,5.050000190734863,954.0
tt14902356,The Rebellious Olivia de Havilland,2021,7.1,54,7.213336372265705,6.8999998569488525,5.0,4388240.25,6.833333174387614,809.6666666666666
tt36454919,Violet,2025,6.5,24,6.222950643159742,5.0,6.681936409986267,22449168.97011252,6.5,686.0
tt11569768,Tu Rajee Re,2022,8.2,89,6.222950643159742,8.540000057220459,8.425556495055172,22449168.97011252,8.199999809265137,414.0
tt28500558,Silence 2: The Night Owl Bar Shootout,2024,6.2,1889,5.934379375043728,6.3999998569488525,7.010064199195683,25411765.758938257,6.3999998569488525,285.3333333333333
tt31948263,Prodigieuses,2024,6.6,176,6.639995107137292,6.599999904632568,7.303299418292465,20874114.977977887,6.599999904632568,286.3333333333333
tt21270966,Scrambled,2023,5.8,1523,5.885894239644082,5.800000190734863,6.636891774340304,28289376.5727412,5.800000190734863,739.3333333333334
tt14063688,Harper,2021,6.4,63,6.222950643159742,5.925000071525574,6.825688010614707,22449168.97011252,5.450000047683716,496.6666666666667
tt7221772,Seized,2020,5.3,3289,5.7305138011766665,4.233333428700765,6.071662712996127,48221913.97519472,4.900000095367432,11106.333333333334
tt23552010,Rogue Elements: A Ryan Drake Story,2024,4.6,991,5.66774551213587,4.599999904632568,5.000018023763767,40731158.45569987,4.599999904632568,639.6666666666666
tt27679112,Fall Guy,2023,3.6,317,5.934379375043728,4.474999994039536,5.595514610782128,25411765.758938257,4.789473696758873,213.33333333333334
tt21290882,Sister-in-Law's Sensation,2020,6.6,16,6.222950643159742,5.0,7.561133257562078,22449168.97011252,6.599999904632568,147.0
tt27774585,Evil Sublet,2023,6.7,63,5.430594037538649,6.699999809265137,6.9330897246014125,22293895.961683657,6.699999809265137,586.0
tt33292816,Deciphering the Zodiac Killer,2023,6.0,50,6.593475592813068,6.0,5.0,14780086.27438737,6.0,814.0
tt18925116,L'ultima volta che siamo stati bambini,2023,6.6,740,6.054422441401912,6.306666628519694,6.606875449503266,25369272.771426857,6.599999904632568,786.3333333333334
tt35250667,Peaceful Lights,2024,9.6,19,6.1615919961918255,9.600000381469728,9.17465077473393,16117296.184210526,9.600000381469728,108.33333333333333
tt27811640,Véletlenül írtam egy könyvet,2024,7.5,415,6.183240226251263,6.799999952316284,8.180410386198497,47869763.03741497,6.799999952316284,772.6666666666666
tt29889517,Vyzhivshaya,2023,8.8,15,5.728918355660729,6.850000143051148,10.576351437319603,52848120.90347222,8.800000190734863,373.3333333333333
tt27517308,Ek Psycho Killer,2023,8.9,21,5.799747593758131,8.899999618530273,7.447206373456204,26013402.77075604,8.899999618530273,637.0
tt30851453,Barang 1999,2023,9.2,31,7.213336372265705,8.999999841054281,10.223300777552762,4388240.25,9.166666666666666,469.3333333333333
tt12373798,The Pandemic Anthology,2020,4.5,80,4.975293835433215,5.0,5.818167213736434,16298415.350626118,5.0,378.6666666666667
tt13932240,A Woman with a Wooden Cart,2024,5.6,7,5.819055299302949,5.599999904632568,5.697927640987238,24254080.005565863,5.599999904632568,17.666666666666668
tt12934748,Waiting for Death,2020,6.8,1175,5.471110456551183,6.825089710160396,7.133073992847458,31215963.77436421,6.879166760792335,189.33333333333334
tt5866300,The Wife,2021,4.5,380,5.677743275405887,4.950000047683716,5.123044626403433,20813170.03334821,4.5,29497.333333333332
tt13247248,Christmas Collision,2021,3.5,253,6.15363591029188,4.450000047683716,5.384802579434144,21709165.710378148,6.6333333651224775,224.0
tt8130824,Rookie,2021,6.1,729,6.222950643159742,6.099999904632568,6.813719633395903,22449168.97011252,6.099999904632568,815.3333333333334
tt27508304,Four Ladies Dancing,2022,9.4,9,6.222950643159742,9.399999618530272,11.849522744587702,22449168.97011252,9.399999618530272,45.0
tt27197676,Art of Love,2023,7.0,30,5.66774551213587,6.25,8.659187157828832,40731158.45569987,6.933333396911621,147.0
tt11206172,The Cover,2021,5.6,543,6.023743117917954,5.599999904632568,6.887556123695759,22203336.37847586,5.599999904632568,863.3333333333334
tt28093168,The Essential Church,2023,5.7,354,6.739680758772951,5.699999809265137,5.0,17774925.84698938,5.699999809265137,99.33333333333333
tt9470210,Trafficking,2023,3.7,913,6.098282728260086,4.02222220102946,4.710442830219068,23810550.63444363,4.009090900421143,250.66666666666666
tt32029297,Terminal 7,2023,8.7,36,4.975293835433215,8.699999809265137,5.0,16298415.350626118,8.699999809265137,1306.3333333333333
tt25041374,Kerstappels,2022,6.9,188,6.222950643159742,5.0,7.562013972941727,22449168.97011252,6.299999952316284,616.3333333333334
tt27608027,Megdan: Between Water and Fire,2024,5.4,726,5.945921079488184,5.400000095367432,6.39898950148118,34528888.81544197,5.300000031789144,4666.666666666667
tt27608027,Megdan: Between Water and Fire,2024,5.4,726,5.945921079488184,5.400000095367432,6.39898950148118,34528888.81544197,5.300000031789144,4666.666666666667
tt15519858,Bekis on the Run,2021,5.9,40,5.885894239644082,5.0,5.785264316148073,28289376.5727412,4.789473696758873,325.0
tt30630069,A New Year's Ride,2024,8.8,357,5.885894239644082,6.766666730244954,6.971345496778094,28289376.5727412,6.766666730244954,588.0
tt18295000,The Girl from Tomorrow,2022,7.0,505,6.222950643159742,7.0,7.161307513218524,22449168.97011252,7.0,53.333333333333336
tt33503901,Sudden Outbursts of Emotions,2025,6.2,48,6.054422441401912,6.199999809265137,6.160046248382799,25369272.771426857,6.199999809265137,116.33333333333333
tt27943385,Santa's Chimney of Secrets,2024,4.6,23,5.966866443834889,4.780000019073486,6.02642166472762,41631473.19156506,4.780000019073486,598.0
tt27725154,Golan,2024,7.2,17,6.222950643159742,7.199999809265137,6.053605325681611,22449168.97011252,7.199999809265137,64.66666666666667
tt15141632,Hell Hath No Fury,2021,4.8,2429,6.047797554754686,4.725000143051148,5.560288302245898,36750948.320588574,4.800000031789144,519.0
tt13929822,The Mitchin Murders,2024,5.3,78,4.975293835433215,5.0,6.410128400432054,16298415.350626118,5.300000190734863,477.6666666666667
tt30227809,10 Day Lover,2023,6.5,24,6.084321177424017,5.0,7.142290021544094,20969162.450643778,6.5,139.66666666666666
tt19893078,Kadaknath,2022,7.4,8,6.054422441401912,7.400000095367432,5.0,25369272.771426857,7.400000095367432,354.3333333333333
tt32152116,Maharaaj,2024,8.8,141,6.222950643159742,8.800000190734863,5.0,22449168.97011252,8.800000190734863,575.3333333333334
tt24128644,Malta,2024,6.5,255,6.222950643159742,6.5,7.089314444965488,22449168.97011252,6.5,9150.666666666666
tt9173418,Brahms: The Boy II,2020,4.7,21687,5.672433259298636,5.6499998569488525,6.265430447302165,21000554.77543484,5.149999976158142,668.3333333333334
tt16382398,Una Película de Zombies,2022,5.9,15,5.885894239644082,5.900000095367432,6.775866992336312,28289376.5727412,5.900000095367432,208.0
tt15235230,What's Left Behind,2023,3.9,12,6.021002971231345,3.900000095367432,5.0,23351624.487839192,3.900000095367432,233.0
tt17348934,Vne zony dostupa,2021,4.5,11,6.15363591029188,5.166666726271311,5.702447377437957,21709165.710378148,5.060000038146972,4438.666666666667
tt21997472,Annis Ölüm Gecesi,2022,3.4,38,4.975293835433215,5.0,5.090632308158531,16298415.350626118,3.400000095367432,26.666666666666668
tt15758414,Sister,2021,8.2,14,4.975293835433215,8.199999809265137,7.920278459443151,16298415.350626118,8.199999809265137,1110.3333333333333
tt23468836,Touch,2024,7.4,5551,6.15363591029188,7.400000095367432,8.086424578363186,21709165.710378148,6.5,236.0
tt10016180,The Little Things,2021,6.3,134337,6.005206918607708,6.150000095367432,7.383134268858138,23958393.75815104,6.150000095367432,4873.333333333333
tt10016180,The Little Things,2021,6.3,134337,6.005206918607708,6.150000095367432,7.383134268858138,23958393.75815104,6.150000095367432,4873.666666666667
tt30478196,Avram Iancu Împotriva imperiului,2024,6.2,123,6.222950643159742,6.387499928474426,6.579082328230172,22449168.97011252,5.349999904632568,146.66666666666666
tt29632851,Bursting Point,2023,5.7,382,5.975161270726967,5.5,6.257955467145498,33489740.724119827,5.659999895095825,89.33333333333333
tt16118378,Di Renjie - Red Eyes,2021,6.8,90,5.9277779548099305,5.0,7.0387777817046056,41344189.94604125,5.566666762034099,1208.0
tt13174124,Dominic Bane,2023,8.5,23,5.975161270726967,6.349999904632568,8.45404420454423,33489740.724119827,6.8666666348775225,186.33333333333334
tt3717822,Church People,2021,5.1,460,5.885894239644082,5.099999904632568,6.6260799368731815,28289376.5727412,5.099999904632568,431.3333333333333
tt12537572,Another Day Closer to the Sun,2020,7.0,7,5.772866177563106,6.700000047683716,7.6038745326661825,39847346.49727848,6.700000047683716,12009.0
tt30982344,Super dada,2023,8.3,12,6.222950643159742,8.300000190734863,9.60580199885569,22449168.97011252,8.300000190734863,774.6666666666666
tt18304316,Perdre Mario,2021,6.8,6,7.213336372265705,6.800000190734863,7.832611766121975,4388240.25,6.800000190734863,163.0
tt28522313,Kota Bommali PS,2023,7.2,444,5.76970194587739,6.599999964237213,7.622885619774135,35544749.73672483,6.399999936421712,171.0
tt10006160,Kala azar,2020,4.8,423,6.027207754384532,4.800000190734863,6.638581010881843,35592224.46732576,4.800000190734863,541.6666666666666
tt11364248,Bulan dan Pria Terhebat,2020,5.6,210,5.823620991521023,5.599999904632568,6.676037542788703,48113640.8301326,5.599999904632568,809.3333333333334
tt15446066,Honey Trap,2021,6.3,1642,6.15363591029188,6.300000190734863,7.064432344522353,21709165.710378148,6.300000031789144,464.3333333333333
tt13914000,Republic,2021,7.8,4129,5.852813889143827,7.800000190734863,7.358383514723371,34637161.96050409,7.800000190734863,198.66666666666666
tt35401852,Piggy Bank,2024,7.2,5,6.222950643159742,5.0,8.278890751074703,22449168.97011252,7.199999809265137,302.6666666666667
tt11102242,You Animal!,2020,6.4,359,6.147113815119622,6.400000095367432,6.764382993780536,38583818.66019204,6.400000095367432,608.6666666666666
tt6687720,Two Deaths of Henry Baker,2020,4.8,123,5.790093740985721,5.25,5.883497141496931,26893064.153351128,4.850000143051148,1177.6666666666667
tt27987871,Taym-aut,2023,6.2,23,5.885894239644082,6.199999809265137,6.821516344317423,28289376.5727412,6.199999809265137,474.6666666666667
tt33086688,The Car Acrobatic Team Saga,2024,7.2,11,6.3324965625550425,7.199999809265137,8.291983481307549,65012910.43772242,7.199999809265137,1176.3333333333333
tt16292898,Bullet Satyam,2021,5.8,1040,5.975934499410236,5.0,8.195976840883027,37648644.93679237,5.800000190734863,605.0
tt26695026,Good Morni MIT,2023,6.8,19,7.213336372265705,5.0,7.800390381509317,4388240.25,6.800000190734863,6394.0
tt35836919,Halfway Across the Ocean (Pakuthi Kadal Kadannu),2025,9.2,6,6.222950643159742,5.0,5.0,22449168.97011252,8.225000023841858,19.333333333333332
tt9018874,Hello Beautiful,2025,9.3,21,6.222950643159742,9.300000190734863,10.486394116998955,22449168.97011252,9.300000190734863,7357.0
tt9018874,Hello Beautiful,2025,9.3,21,6.222950643159742,9.300000190734863,10.486394116998955,22449168.97011252,9.300000190734863,7357.0
tt33581195,The Real Superstar,2024,7.3,8,6.222950643159742,7.300000190734863,7.533507541152741,22449168.97011252,7.300000190734863,196.33333333333334
tt8522006,Happiest Season,2020,6.6,50675,5.985107708534049,6.599999904632568,7.028117781598067,24629269.511692487,6.599999904632568,1107.3333333333333
tt10437158,Jose Feliciano: Behind This Guitar,2022,7.6,50,7.074876056396708,7.599999904632568,7.357910969541181,14117481.591666669,6.999999947018093,256.3333333333333
tt14486338,Veronika,2021,8.6,18,5.606572668611012,5.220000076293945,7.718011532241412,28614196.00792752,5.450000047683716,8333.333333333334
tt14486338,Veronika,2021,8.6,18,5.606572668611012,5.220000076293945,7.718011532241412,28614196.00792752,5.450000047683716,8333.333333333334
tt15716916,El cuarto de Mona,2021,4.6,20,5.885894239644082,4.599999904632568,6.078864024320259,28289376.5727412,4.599999904632568,949.6666666666666
tt10965792,Belle fille,2020,5.8,577,5.885894239644082,5.5583334763844805,6.823427909157538,28289376.5727412,5.800000190734863,729.0
tt21429490,Mehu - Inspired by True Story,2022,8.8,6,6.579683191843726,8.800000190734863,5.0,23147945.951722927,8.800000190734863,9485.0
tt9070798,Max and Me,2020,5.9,212,6.15363591029188,5.900000095367432,6.4258091035835605,21709165.710378148,5.900000095367432,69.0
tt21430922,Luban Four Heroes,2021,6.0,81,5.728918355660729,5.25,6.810583324750822,52848120.90347222,5.800000031789144,5352.666666666667
tt15513360,Tedor Anomaly,2023,3.8,7,5.322781711966471,3.799999952316284,4.230128086162765,57245524.024444446,3.799999952316284,24.666666666666668
tt21328442,"So Long, See You Tomorrow",2021,9.0,71,5.772866177563106,5.0,8.702160978448475,39847346.49727848,9.0,534.6666666666666
tt28129054,Take Cover,2024,5.1,2478,5.66774551213587,5.099999904632568,5.723446447241623,40731158.45569987,5.099999904632568,105.0
tt13078824,Rymdresan,2020,4.9,134,5.9750616150512,4.980000066757202,6.184260430415657,46454188.20811352,4.900000095367432,16951.666666666668
tt30461017,Cover Story - 20 anni di Vanity Fair,2024,8.4,8,7.213336372265705,7.766666359371609,7.631040984120538,4388240.25,7.649999856948851,29.0
tt32546005,You Picked the Wrong One,2025,8.0,29,5.606572668611012,6.75,7.789109632126972,28614196.00792752,8.0,1.6666666666666667
tt15487934,Fire,2021,6.7,23,6.054422441401912,6.099999904632568,7.556184359686865,25369272.771426857,6.849999904632568,367.0
tt21437422,Shelter,2022,3.5,25,5.322781711966471,4.600000047683716,5.045547317555818,57245524.024444446,4.16250005364418,303.0
tt5080908,The Mare,2020,4.5,157,5.466973934449058,4.5,4.9629837073389576,23055563.78803984,4.5,475.6666666666667
tt13979380,Dust & Metal,2022,7.7,8,7.213336372265705,7.699999809265137,5.0,4388240.25,7.699999809265137,286.6666666666667
tt14498354,Invisible Threads - From Wireless to War,2021,9.2,12,7.213336372265705,9.199999809265137,7.84099960066224,4388240.25,9.199999809265137,178.0
tt20319478,Angel 111,2022,5.1,10,5.728918355660729,5.099999904632568,6.269503041088402,52848120.90347222,5.099999904632568,366.6666666666667
tt0805647,The Witches,2020,5.4,48891,5.9750616150512,6.033333354526096,7.0649938238360575,46454188.20811352,5.600000063578288,389.3333333333333
tt12751534,Nothing to Laugh About,2021,7.3,1297,6.054422441401912,6.100000143051148,8.462160813436224,25369272.771426857,7.300000190734863,3658.3333333333335
tt27421074,Cynara,2023,7.2,14,7.213336372265705,7.199999809265137,9.096448772032865,4388240.25,7.199999809265137,386.6666666666667
tt30494979,Inheritance,2024,8.6,16,7.213336372265705,8.600000381469727,5.0,4388240.25,8.600000381469727,5934.666666666667
tt15845160,The Ark and the Darkness,2024,5.3,501,7.213336372265705,5.0,5.0,4388240.25,5.300000190734863,384.0
tt35870908,Posledniy den rozhdeniya,2025,5.7,23,5.914761655885377,4.925000011920929,5.629856032476793,25531682.48902002,5.349999904632568,391.3333333333333
tt14338598,Biyernes Santo,2021,5.1,21,4.975293835433215,5.0,5.655890115885157,16298415.350626118,5.099999904632568,340.3333333333333
tt15669640,Lady of the City,2021,5.3,47,6.222950643159742,5.300000190734863,5.847469646999087,22449168.97011252,5.100000143051148,7.0
tt15462296,Money Quest,2021,5.9,85,5.885894239644082,6.011111206478542,6.713295837804182,28289376.5727412,5.900000095367432,161.66666666666666
tt13190282,Antes que lleguen los zopilotes,2023,7.1,31,5.825260082456136,7.099999904632568,7.338628399499607,36494679.98505244,7.099999904632568,192.33333333333334
tt21331208,That's a Wrap,2023,4.2,728,4.975293835433215,4.116666575272879,5.516136720586223,16298415.350626118,4.299999952316284,467.3333333333333
tt18251794,A Good Son,2022,8.1,17,5.430594037538649,8.100000381469727,9.72194747134782,22293895.961683657,8.100000381469727,665.6666666666666
tt10078206,VHS Violence II: VHS and KILL,2020,1.4,25,4.975293835433215,3.338461542740846,4.332470769673899,16298415.350626118,2.637356346023493,4.0
tt21815140,The Pope Drops In,2023,4.0,26,6.183240226251263,4.51666665871938,5.8052041501802725,47869763.03741497,4.166666706403096,958.6666666666666
tt13899082,Conflicted,2021,4.3,291,6.098282728260086,6.600000222524007,7.000235818720701,23810550.63444363,6.600000222524007,7.333333333333333
tt11151982,Goblin Slayer: Goblin's Crown,2020,6.6,2289,5.972488432491343,6.833333253860474,7.953343985644177,60354818.78512635,6.700000047683716,335.3333333333333
tt13207828,Cold Blooded Love,2021,6.7,58,5.852813889143827,7.949999809265137,7.574194557089969,34637161.96050409,7.949999809265137,356.6666666666667
tt9179424,Dare and Lovely,2022,1.1,207,6.054422441401912,5.0,5.402509116210183,25369272.771426857,3.250000074505806,4931.333333333333
tt27714946,The Monkey,2025,6.0,42374,4.975293835433215,5.849999957614475,6.667494885541824,16298415.350626118,6.0333333015441895,205.66666666666666
tt16916320,The Siege,2023,3.5,1006,5.975934499410236,3.859999942779541,4.184651580906212,37648644.93679237,4.6249998807907104,1144.0
tt16916320,The Siege,2023,3.5,1006,5.975934499410236,3.859999942779541,4.184651580906212,37648644.93679237,4.6249998807907104,1144.0
tt11034894,Kaiserschmarrndrama,2021,6.9,1631,5.929754526502256,6.477777851952447,7.365461519430176,26730654.43575797,6.566666762034099,407.0
tt27935495,Viva La Vida,2024,7.5,833,6.15363591029188,7.316666603088379,7.487042821234402,21709165.710378148,7.099999904632568,384.6666666666667
tt9121638,Cactus,2020,8.2,11,6.222950643159742,7.799999872843425,8.984843078608586,22449168.97011252,8.119999885559082,7780.0
tt9731598,Bros,2022,6.4,38042,5.985107708534049,6.175000071525574,6.954162030892436,24629269.511692487,5.950000047683716,849.3333333333334
tt12256440,DAU. Three Days,2020,5.7,202,6.222950643159742,5.401818238605152,6.928775778306158,22449168.97011252,5.573809605269205,367.3333333333333
tt13342558,On the Other Foot,2022,3.6,242,5.93389342755914,4.266666650772095,5.365845038873427,32664606.329307992,4.266666650772095,588.6666666666666
tt14554338,Cinema Bandi,2021,7.8,3247,6.054422441401912,7.800000190734863,8.46349939377593,25369272.771426857,7.800000190734863,191.66666666666666
tt15145742,Govenda Ali û Dayka Zin,2021,6.1,31,6.222950643159742,6.299999952316284,7.334871411692225,22449168.97011252,6.299999952316284,449.6666666666667
tt21364634,Tembot,2022,4.9,34,6.222950643159742,4.900000095367432,5.0,22449168.97011252,4.900000095367432,890.6666666666666
tt11242558,Confessions of a Superhero,2022,8.2,40,6.064388686742614,8.199999809265137,9.391508648267688,23902569.33116583,8.199999809265137,16.333333333333332
tt22074466,Slaughterhouses of Modernity,2022,5.6,19,7.213336372265705,5.899999936421712,6.218269779165566,4388240.25,5.5,11872.0
tt18647364,Damru-story behind a small change,2020,8.4,8,6.054422441401912,8.399999618530273,5.0,25369272.771426857,8.399999618530273,911.3333333333334
tt23053636,Il viaggio leggendario,2023,4.3,42,5.858679552626702,4.300000190734863,5.575017524381832,38512328.2686401,3.800000095367432,233.33333333333334
tt6013886,Rare Blood,2020,3.4,113,5.914761655885377,3.400000095367432,4.622753802204341,25531682.48902002,3.400000095367432,197.66666666666666
tt13914260,Centervagt,2021,2.2,688,5.885894239644082,3.5500000715255737,4.833916771485221,28289376.5727412,3.5500000715255737,189.33333333333334
tt16985198,The Christmas Spirit,2022,6.0,32,6.183240226251263,5.099999952316284,6.383772177019117,47869763.03741497,5.483333269755046,464.5
tt36456896,Drunken Swordsman,2024,6.8,51,5.728918355660729,5.0,8.042912837927851,52848120.90347222,6.92000002861023,124.33333333333333
tt11580984,Sveket,2020,7.7,23,6.222950643159742,7.566666523615519,5.0,22449168.97011252,7.299999952316284,384.3333333333333
tt15022986,Learning the Hard Way 2,2021,5.7,19,5.97361481336043,6.05714293888637,7.745235488151105,25171932.29877474,5.987500071525574,526.3333333333334
tt30320410,Sujo,2024,7.1,831,6.222950643159742,7.200000047683716,6.492630345924132,22449168.97011252,7.149999976158142,93.0
tt24056834,Chi Town Thunderfist,2023,8.6,11,5.728918355660729,8.600000381469727,8.455921574537122,52848120.90347222,8.600000381469727,387.0
tt12708728,Fred 'Het Andere Gezicht',2020,7.4,15,7.213336372265705,7.5,5.0,4388240.25,7.5,14.0
tt9861288,Boutchou,2020,4.3,230,5.885894239644082,4.255555669466655,5.93602728683473,28289376.5727412,4.400000095367432,351.0
tt30472940,The Shanabs,2023,4.9,174,5.885894239644082,5.311111211776733,5.946710474264779,28289376.5727412,6.200000127156575,7643.333333333333
tt32012388,Nightmare Resort,2023,5.7,30,4.975293835433215,5.039999961853027,6.904593358203453,16298415.350626118,4.949999928474426,9324.333333333334
tt32012388,Nightmare Resort,2023,5.7,30,4.975293835433215,5.039999961853027,6.904593358203453,16298415.350626118,4.949999928474426,9324.333333333334
tt14514234,77 Heartwarmings,2021,4.8,94,5.985107708534049,5.875,6.098437849422692,24629269.511692487,5.622222211625841,1206.3333333333333
tt13799302,The Good Fight,2024,6.9,107,6.222950643159742,6.900000095367432,7.893668313579696,22449168.97011252,6.900000095367432,302.6666666666667
tt11534342,Sahane Hayaller,2020,3.5,299,5.885894239644082,3.5,4.45294327347642,28289376.5727412,5.659999942779541,460.6666666666667
tt26687700,Meghan & Kate: Women of Windsor,2023,1.2,24,7.213336372265705,5.533333420753479,3.249165976289592,4388240.25,5.533333420753479,321.0
tt21814412,The Shell Collector,2022,7.1,108,6.222950643159742,7.099999904632568,8.19274758389057,22449168.97011252,5.75,54.0
tt13168204,78 dana,2024,7.2,246,6.222950643159742,7.199999809265137,7.493398689289354,22449168.97011252,7.199999809265137,7039.0
tt20218402,Adko Dadko,2022,6.5,14,5.885894239644082,7.580000114440918,8.232389753389585,28289376.5727412,6.150000095367432,685.6666666666666
tt6338498,Vivo,2021,6.7,22616,6.024813727152462,6.972222063276504,7.507529133139781,52168570.67488267,6.449999809265137,670.6666666666666
tt6338498,Vivo,2021,6.7,22616,6.024813727152462,6.972222063276504,7.507529133139781,52168570.67488267,6.449999809265137,670.6666666666666
tt19755170,Bawaal,2023,6.6,17062,5.945921079488184,6.304444419013129,6.650373517498847,34528888.81544197,6.599999904632568,482.3333333333333
tt28249919,Presence,2024,6.1,22434,5.601605715734657,6.220000076293945,6.41850666649984,22453926.77622205,6.150000015894572,751.3333333333334
tt14650250,Shatagni - The Movie,2021,7.6,2017,5.76970194587739,7.599999904632568,5.0,35544749.73672483,7.599999904632568,468.6666666666667
tt22868586,Defilement of a Porcelain Doll,2022,4.6,16,5.430594037538649,5.033333248562283,5.987639601515262,22293895.961683657,6.019999980926514,1181.0
tt22868586,Defilement of a Porcelain Doll,2022,4.6,16,5.430594037538649,5.033333248562283,5.987639601515262,22293895.961683657,6.019999980926514,1181.0
tt10622260,Roll with It,2023,7.5,108,5.885894239644082,6.67000002861023,7.9460872397293505,28289376.5727412,7.5,96.33333333333333
tt3526800,Devils Lake,2023,6.2,11,5.7128139839569805,6.199999809265137,6.621408913340287,26434138.00674669,6.199999809265137,354.3333333333333
tt13459736,Fantasy,2022,5.4,233,5.601605715734657,5.0,7.379801370479818,22453926.77622205,5.400000095367432,212.0
tt20049298,13th and Pine,2022,8.1,23,6.418611257827269,8.100000381469727,7.97985931504644,23254548.319802023,8.100000381469727,913.3333333333334
tt20049298,13th and Pine,2022,8.1,23,6.418611257827269,8.100000381469727,7.97985931504644,23254548.319802023,8.100000381469727,913.3333333333334
tt28630624,Panda Plan,2024,5.1,1308,5.932684273852025,5.099999904632568,5.935715264645085,43002420.17120946,5.1499998569488525,267.6666666666667
tt18450548,Don't Leave,2022,5.2,2056,6.15363591029188,5.75,6.437980485749297,21709165.710378148,5.725000023841858,4005.0
tt14888106,Adithattu,2022,5.4,565,5.66774551213587,5.400000095367432,6.8490772499478565,40731158.45569987,5.400000095367432,435.3333333333333
tt20452494,Haraa,2024,5.3,2865,5.728918355660729,6.550000190734863,6.190021648052515,52848120.90347222,6.550000190734863,437.6666666666667
tt27531369,Alec Baldwin: Shock & Sadness,2023,4.9,33,7.213336372265705,5.762857147625515,5.272478187548882,4388240.25,5.68749999627471,579.0
tt33068846,Detective Dee- Tong Tian Shen Jiao,2022,6.4,72,5.728918355660729,5.0,5.0,52848120.90347222,6.400000095367432,3959.3333333333335
tt15170410,Tunka Tunka,2021,8.1,854,6.039500511209001,8.050000270207722,8.6766660774731,42826296.99214846,7.133333444595337,13.333333333333334
tt21825858,Call Me Chihiro,2023,6.9,4116,6.222950643159742,6.641666650772095,7.668881119453078,22449168.97011252,6.611111058129205,869.0
tt9829108,Pha Dam Kam Ai,2024,5.5,10,5.885894239644082,5.5,5.96263686867194,28289376.5727412,5.5,2360.6666666666665
tt8186932,M.O.M. Mothers of Monsters,2020,5.8,2768,5.601605715734657,5.800000190734863,7.327449753539965,22453926.77622205,5.800000190734863,661.0
tt11655836,"Dream, Above and Beyond",2020,7.9,17,5.988298420687361,7.800000071525574,8.92152807538975,37980656.85234604,7.700000047683716,581.0
tt11655836,"Dream, Above and Beyond",2020,7.9,17,5.988298420687361,7.800000071525574,8.92152807538975,37980656.85234604,7.700000047683716,580.6666666666666
tt28075450,Kutra,2023,5.0,2705,5.589321316032198,5.0,7.496551405656658,21908142.551655576,5.0,2.0
tt27539803,El siervo inútil,2023,5.9,23,6.222950643159742,5.900000095367432,6.775444207701831,22449168.97011252,5.900000095367432,96.33333333333333
tt10204998,Bruh.mp4,2020,4.8,564,5.746233454127546,4.800000190734863,5.35407451646434,28451786.29033436,4.800000190734863,38.0
tt35684711,Invasive 2: Getaway,2025,4.8,141,5.606572668611012,5.6333333651224775,5.779090235711463,28614196.00792752,5.6333333651224775,5.0
tt22495364,Handyman,2022,4.8,385,6.222950643159742,5.304166793823242,5.9927079792841305,22449168.97011252,5.300000095367432,859.6666666666666
tt11762546,Blood Sings,2020,5.1,62,5.676569781400761,5.099999904632568,5.0,29160954.76175921,5.099999904632568,28.666666666666668
tt22505292,Hardabasht,2023,7.6,137,5.914761655885377,7.599999904632568,8.0704933848213,25531682.48902002,7.599999904632568,9.333333333333334
tt3400626,Shadows,2020,5.6,348,5.606572668611012,6.3666666348775225,7.317131702617237,28614196.00792752,5.599999904632568,87291.66666666667
tt16347374,Mañana es hoy,2022,5.5,1795,5.885894239644082,5.3666666878594285,6.195810746404501,28289376.5727412,5.300000031789144,537.0
tt12839816,Asalu Em Jarigindhante,2020,3.6,4120,6.222950643159742,3.5999999046325684,6.946520268791098,22449168.97011252,3.5999999046325684,885.3333333333334
tt31137044,Saving the Ice,2024,7.7,402,7.213336372265705,7.699999809265137,5.0,4388240.25,7.699999809265137,337.3333333333333
tt28476269,Cranedance A Story of Sandhill Cranes in Michigan,2023,9.9,10,7.213336372265705,5.0,5.0,4388240.25,9.899999618530272,282.0
tt30784256,The Second Act,2024,6.5,3540,5.885894239644082,6.599999984105428,7.341907356167862,28289376.5727412,6.599999984105428,298.0
tt27721472,"Au Revoir, Slumdogz!",2023,6.9,13,5.746233454127546,6.900000095367432,8.377503689223044,28451786.29033436,6.900000095367432,60.333333333333336
tt30217886,Lucid Dreaming,2023,7.0,39,5.819055299302949,7.0,7.196597333848853,24254080.005565863,7.0,1020.3333333333334
tt19389270,Steadfast: The Jean Augustine Story,2022,8.1,10,7.213336372265705,8.100000381469727,7.836183391894821,4388240.25,8.100000381469727,301.0
tt15513210,Poppy Loftus,2022,5.2,19,5.694712906079013,5.199999809265137,7.340880163149316,22345653.631159943,5.199999809265137,162.0
tt9261828,Mariyam Vannu Vilakkoothi,2020,5.1,286,5.746233454127546,6.1249998807907104,6.844325578948592,28451786.29033436,5.099999904632568,255.66666666666666
tt14636024,Choeur de rockers,2022,5.6,147,6.023743117917954,5.455555491977268,6.2241571097850015,22203336.37847586,5.599999904632568,671.3333333333334
tt16378028,Mija,2022,7.0,74,6.986977654995064,7.049999952316284,5.0,10357346.640243905,7.900000095367432,467.6666666666667
tt13130532,Footfairy,2020,4.6,1634,5.790093740985721,4.849999904632568,5.906187165020076,26893064.153351128,5.099999904632568,364.6666666666667
tt16751646,How Is That for a Monday?,2023,7.0,1231,5.606572668611012,7.0,6.675834851141958,28614196.00792752,7.0,342.3333333333333
tt8045592,Later Days,2021,4.5,226,5.885894239644082,4.5,5.685294521776272,28289376.5727412,4.5,304.6666666666667
tt20304118,Cries of Desire,2022,5.7,12,5.606572668611012,5.699999809265137,5.8735703054258295,28614196.00792752,5.699999809265137,114.66666666666667
tt15117922,"Mama, I'm Home",2021,6.7,351,6.222950643159742,6.699999809265137,6.819449821871887,22449168.97011252,6.699999809265137,5.333333333333333
tt14888898,Great Yarmouth: Provisional Figures,2022,6.9,323,6.222950643159742,7.083333412806193,7.597385692356191,22449168.97011252,7.450000047683716,357.6666666666667
tt26219840,Death Ph.D,2024,2.4,131,4.975293835433215,2.400000095367432,3.9505507822625496,16298415.350626118,2.400000095367432,556.0
tt27571518,"Isabelle Stengers, Fabriquer de l'espoir au bord du gouffre",2023,7.2,6,7.213336372265705,5.0,5.0,4388240.25,7.199999809265137,256.3333333333333
tt35381095,Reel Love,2025,9.1,12,5.985107708534049,8.400000095367432,6.911959422030108,24629269.511692487,7.185000038146972,415.6666666666667
tt26902481,El Vaquero,2024,8.3,12,6.044285527551576,5.400000095367432,9.019569138524083,18533034.03713959,8.300000190734863,312.3333333333333
tt10872600,Spider-Man: No Way Home,2021,8.2,949084,5.805477866842771,7.414285637083508,8.537628369268136,54928941.96073187,7.349999904632568,399.3333333333333
tt12975196,School Meals Time Final Battle,2020,6.4,47,5.885894239644082,6.400000095367432,6.882119457305558,28289376.5727412,6.400000095367432,17301.333333333332
tt12063420,Takeout,2020,6.4,121,7.213336372265705,6.400000095367432,5.0,4388240.25,7.750000238418579,596.3333333333334
tt28590981,Fin,2023,5.6,41,6.021002971231345,5.599999904632568,7.153128288428452,23351624.487839192,5.599999904632568,86.33333333333333
tt15304756,Blue Thermal,2022,6.5,444,6.213256127712934,6.550000031789144,7.691630566055667,36143747.286159575,7.274999976158142,386.0
tt3485924,La California,2022,5.4,48,5.606572668611012,5.71666677792867,7.075293803788512,28614196.00792752,5.400000095367432,30.0
tt10508774,Gold Coast Lounge,2020,5.7,56,6.093628877981396,5.699999809265137,7.736977708632279,22863421.23984368,5.699999809265137,551.0
tt31216055,Ajay Gadu,2024,6.9,1033,5.728918355660729,6.900000095367432,7.805273889551855,52848120.90347222,6.900000095367432,303.0
tt35257690,Lovedale,2025,8.7,345,5.914761655885377,8.349999904632568,7.838641205470807,25531682.48902002,7.133333206176758,3752.0
tt21605214,Massacre at Femur Creek,2024,6.8,527,5.430594037538649,6.800000190734863,6.123085047420571,22293895.961683657,6.800000190734863,106.66666666666667
tt22875818,Highwaymen Bloodlust,2022,9.4,10,5.934379375043728,9.399999618530272,5.0,25411765.758938257,9.399999618530272,282.0
tt12261772,S01E03,2020,6.8,18,6.222950643159742,6.800000190734863,7.8006093383580755,22449168.97011252,6.800000190734863,36.333333333333336
tt21428504,La Provisoria,2022,8.0,9,6.054422441401912,5.0,8.409324019449564,25369272.771426857,8.0,44.333333333333336
tt19719836,Return to Seoul,2022,6.9,9816,6.222950643159742,6.900000095367432,7.659514306576535,22449168.97011252,6.900000095367432,432.0
tt14643166,Good Guy with a Gun,2022,5.3,204,5.914761655885377,5.300000190734863,7.006273721102381,25531682.48902002,5.300000190734863,180.0
tt33364681,Praslovan,2024,8.1,21,7.213336372265705,8.100000381469727,5.0,4388240.25,7.300000190734863,563.6666666666666
tt15509164,Godse,2022,5.7,1416,5.66774551213587,5.699999809265137,6.965824306498287,40731158.45569987,5.699999809265137,1629.3333333333333
tt15509164,Godse,2022,5.7,1416,5.66774551213587,5.699999809265137,6.965824306498287,40731158.45569987,5.699999809265137,1629.3333333333333
tt24069962,Cats in the Museum,2023,4.6,602,6.024813727152462,4.714999948607551,5.437628573353544,52168570.67488267,4.785714183534894,490.6666666666667
tt13118014,5D,2020,6.1,10,5.322781711966471,6.099999904632568,7.046353604697544,57245524.024444446,6.099999904632568,456.3333333333333
tt6044276,End of Term,2021,4.5,47,4.975293835433215,4.5,5.264044862660599,16298415.350626118,4.5,424.3333333333333
tt19221932,Béke - A nemzetek felett,2022,6.1,143,6.739680758772951,6.0111110607783,7.127893433632798,17774925.84698938,5.649999952316284,432.0
tt28115341,Vrednaya privychka,2023,5.1,108,6.064388686742614,5.099999904632568,5.937950356450131,23902569.33116583,5.200000047683716,709.0
tt32809227,Fuuto PI: Portrait of Kamen Rider Skull,2024,7.4,45,5.972488432491343,7.509523849638682,8.094820460417,60354818.78512635,7.400000095367432,33.666666666666664
tt14807736,Nachaniya,2021,9.0,7,6.222950643159742,9.0,8.207522646372203,22449168.97011252,9.0,3565.0
tt28335618,Onemanshow: The Movie,2023,4.7,283,5.862809136221746,5.074999809265137,6.696849108016664,35436476.59166272,4.9999998807907104,734.0
tt14149744,Schwarze Adler,2021,7.8,607,7.213336372265705,5.0,8.842366797663173,4388240.25,7.425000071525574,72.66666666666667
tt29276097,Un mundo mejor,2023,5.3,10,6.222950643159742,5.300000190734863,6.815862818857002,22449168.97011252,5.300000190734863,415.6666666666667
tt16227342,Mr. & Mrs. Mahi,2024,5.9,15973,6.418611257827269,6.090000033378601,7.391048051614145,23254548.319802023,5.700000047683716,39.0
tt28678712,Small Fry,2023,7.3,21,6.222950643159742,7.300000190734863,8.599579798723017,22449168.97011252,7.300000190734863,812.3333333333334
tt21962538,A Question of Guilt,2024,6.4,20,6.005206918607708,5.0,6.698139775526798,23958393.75815104,5.575000107288361,132.66666666666666
tt15538570,Johnny,2022,7.1,2886,6.579683191843726,7.099999904632568,7.062516672358743,23147945.951722927,6.049999952316284,213.33333333333334
tt8080982,Guvva Gorinka,2020,5.0,190,6.084321177424017,5.0,7.021909034612644,20969162.450643778,5.0,883.0
tt11356812,Proksi,2021,3.7,52,5.76970194587739,4.574999988079071,6.29037015123862,35544749.73672483,3.4666666984558105,12.0
tt15789310,Tender Days,2021,8.2,13,6.15363591029188,8.199999809265137,5.0,21709165.710378148,8.199999809265137,235.66666666666666
tt12798962,Kiwewe Nyeusi (Black Trauma),2020,9.0,13,6.222950643159742,9.0,5.0,22449168.97011252,9.0,4624.666666666667
tt12798962,Kiwewe Nyeusi (Black Trauma),2020,9.0,13,6.222950643159742,9.0,5.0,22449168.97011252,9.0,4624.666666666667
tt12968268,Hollywood's Architect: The Paul R. Williams Story,2020,9.2,21,7.213336372265705,9.199999809265137,9.06573639281638,4388240.25,9.199999809265137,8111.666666666667
tt9663764,Aquaman and the Lost Kingdom,2023,5.6,106301,5.805477866842771,5.677777806917827,6.572475361209988,54928941.96073187,5.8999998569488525,806.6666666666666
tt10168094,Shadow Parties,2021,5.5,19,5.728918355660729,5.8833333651224775,6.140220537593263,52848120.90347222,5.5,803.0
tt27141260,Levoton Tuhkimo,2024,6.4,423,6.639995107137292,6.400000095367432,6.659340466158678,20874114.977977887,6.400000095367432,531.0
tt26294089,I Love Lizzy,2023,6.1,308,6.15363591029188,5.591666650772095,6.658686260849029,21709165.710378148,5.145454450087114,246.33333333333334
tt16635942,Ubit bossa,2022,4.4,35,5.885894239644082,4.400000095367432,5.94447614192237,28289376.5727412,4.400000095367432,235.0
tt13087958,Putham Pudhu Kaalai,2020,6.8,1858,6.222950643159742,6.650000174840291,7.386505451479707,22449168.97011252,6.828888988494874,290.3333333333333
tt13357564,Tethered,2021,4.0,563,5.788262551476387,4.0,6.414180548246262,34649591.00004094,4.0,764.3333333333334
tt11125908,Merry Christmas Officer Hansel,2022,5.9,51,6.034567232947673,5.900000095367432,6.937542162260115,38079569.80507808,5.900000095367432,706.0
tt10612478,Faking A Murderer,2020,4.9,425,5.6116009628125765,5.700000127156575,6.14932693500366,23253241.407380685,5.700000127156575,23.333333333333332
tt31495279,Pitaambar,2025,6.4,30,5.728918355660729,7.283333301544189,8.116569843039265,52848120.90347222,6.400000095367432,422.3333333333333
tt21208464,Bliss,2024,7.7,10,6.222950643159742,7.699999809265137,8.018562338028854,22449168.97011252,7.699999809265137,129.33333333333334
tt29258548,Gracie and Pedro: Pets to the Rescue,2024,5.1,278,6.024813727152462,5.099999904632568,6.452433458194833,52168570.67488267,5.099999904632568,213.33333333333334
tt7737848,Cedo Demais,2024,4.3,26,5.985107708534049,4.766666783226861,6.157840371716474,24629269.511692487,4.300000190734863,149.66666666666666
tt26054162,Operation Hope,2024,7.2,23,5.975934499410236,6.149999936421713,6.7391177469067,37648644.93679237,5.449999968210856,431.6666666666667
tt12071756,Rumba Therapy,2022,6.2,1014,5.885894239644082,6.349999904632568,6.909217672694048,28289376.5727412,6.349999904632568,9.666666666666666
tt23320016,Isle of Hope,2022,7.6,36,6.222950643159742,6.349999904632568,7.37005859731957,22449168.97011252,5.316666603088379,549.3333333333334
tt35317668,Day of Reckoning,2025,4.3,243,5.797269383802069,4.300000190734863,6.194016249315622,33732510.00381944,6.349999904632568,235.0
tt13311710,The Surgeon,2022,4.5,54,5.290933252022113,4.5,4.96614857269257,22456305.679276817,4.5,669.0
tt8971440,Until Branches Bend,2022,5.9,117,6.222950643159742,6.561111132303874,6.22654234486544,22449168.97011252,5.900000095367432,205.33333333333334
tt29920749,Upon Her Lips: Day Dreaming,2023,5.4,9,6.222950643159742,5.0,6.521997878984256,22449168.97011252,5.400000095367432,21.333333333333332
tt22780118,Say a Little Prayer,2024,8.5,44,5.985107708534049,8.5,7.21733719000271,24629269.511692487,5.524999976158142,132.66666666666666
tt9731682,Crisis,2021,6.2,14807,5.914761655885377,6.199999809265137,6.940631435210924,25531682.48902002,6.199999809265137,88.0
tt6615224,A Snowy Day in Oakland,2023,5.0,293,5.885894239644082,5.549999952316284,6.147520711514877,28289376.5727412,5.549999952316284,4475.0
tt16806798,Death Shot,2022,6.9,30,5.723953097317796,7.549999952316284,9.087261330514506,21306505.5398378,7.839999961853027,8.333333333333334
tt28805927,Bad Blood,2023,5.4,184,5.728918355660729,5.400000095367432,5.97119857020035,52848120.90347222,5.400000095367432,927.0
tt13574252,Adversity Raid,2020,5.8,8,5.728918355660729,5.800000190734863,5.0,52848120.90347222,5.800000190734863,762.0
tt29929565,Opus,2025,5.7,4615,6.196714083165059,5.699999809265137,6.392000726403938,22463272.66950928,5.699999809265137,180.66666666666666
tt9043890,Ice Maiden,2024,8.7,76,7.213336372265705,8.699999809265137,5.0,4388240.25,8.699999809265137,338.6666666666667
tt10600398,We Can Be Heroes,2020,4.7,18322,5.982436385953284,4.666666666666666,6.351401400990861,48716802.63797861,5.450000047683716,390.3333333333333
tt10701458,Castle Freak,2020,4.2,1845,5.397174567368082,4.669230742332263,5.545950151085068,20276247.67809599,4.199999809265137,3725.3333333333335
tt10701458,Castle Freak,2020,4.2,1845,5.397174567368082,4.669230742332263,5.545950151085068,20276247.67809599,4.199999809265137,3725.3333333333335
tt10092362,Pastor's Wife,2022,8.8,7,6.222950643159742,8.800000190734863,7.368974543989526,22449168.97011252,8.800000190734863,152.33333333333334
tt14764886,My Indian Boyfriend,2021,5.4,91,6.084321177424017,5.400000095367432,6.48907886607761,20969162.450643778,5.400000095367432,67.0
tt13323178,Sir Sir Sarla,2020,8.8,8,6.222950643159742,8.800000190734863,9.13830603369056,22449168.97011252,8.600000143051147,478.0
tt13678288,The Painter,2021,6.3,23,7.213336372265705,5.850000143051148,6.916062982632883,4388240.25,6.300000190734863,608.6666666666666
tt11809034,Rurouni Kenshin: Final Chapter Part I - The Final,2021,7.2,11430,5.935973126026243,7.299999952316284,7.368016693552812,46166904.96258971,7.0333333015441895,323.0
tt9701942,Fear Street: Part Three - 1666,2021,6.6,69102,5.397174567368082,6.583333200878567,7.033413521359717,20276247.67809599,6.49999984105428,668.6666666666666
tt14129182,Called,2021,9.2,6,6.021002971231345,9.199999809265137,5.0,23351624.487839192,9.199999809265137,5.0
tt8302918,Kaathu Vaakula Rendu Kaadhal,2022,5.5,4186,6.064388686742614,5.5,6.652287274143172,23902569.33116583,5.5,99.66666666666667
tt28608546,Meksika Açmazi,2023,4.9,488,5.885894239644082,4.900000095367432,5.926166885096091,28289376.5727412,5.116666555404663,8855.666666666666
tt14986032,Anni Manchi Sakunamule,2023,6.1,651,6.163504015611674,6.466666592491998,6.9650032374484185,30429364.81939042,6.099999904632568,61.0
tt26405890,Dante y Soledad,2024,4.8,15,6.222950643159742,4.800000190734863,6.001767179209727,22449168.97011252,4.800000190734863,440.0
tt13445482,Huck Yeah!,2020,7.7,23,6.614271872494797,7.849999904632568,8.975020086859933,24059927.66949153,7.699999809265137,507.0
tt9455468,Pamfir,2022,7.4,3848,5.852813889143827,7.400000095367432,7.822233042424969,34637161.96050409,7.400000095367432,2334.3333333333335
tt9455468,Pamfir,2022,7.4,3848,5.852813889143827,7.400000095367432,7.822233042424969,34637161.96050409,7.400000095367432,2334.0
tt9455468,Pamfir,2022,7.4,3848,5.852813889143827,7.400000095367432,7.822233042424969,34637161.96050409,7.400000095367432,2334.0
tt32267529,The Final Possession,2025,4.3,21,4.975293835433215,5.0,3.4744445369732624,16298415.350626118,3.1704955074164243,590.0
tt32267529,The Final Possession,2025,4.3,21,4.975293835433215,5.0,3.4744445369732624,16298415.350626118,3.1704955074164243,590.0
tt11804076,Ghibah,2021,4.6,208,5.430594037538649,4.922222137451172,6.888184434272248,22293895.961683657,6.5,11196.666666666666
tt15030252,When the Road Ends,2020,9.4,30,7.213336372265705,9.399999618530272,5.0,4388240.25,9.399999618530272,423.3333333333333
tt17555654,The Kegelstatt Trio,2022,6.3,126,6.222950643159742,6.300000190734863,6.935499666481483,22449168.97011252,6.300000190734863,227.66666666666666
tt31110159,Nicola Bulley: The Disappearance That Gripped Britain,2024,6.4,31,7.213336372265705,5.0,7.036467595043911,4388240.25,6.400000095367432,384.3333333333333
tt21426372,The Sixth Day,2022,5.4,115,5.97361481336043,5.400000095367432,5.062625733435657,25171932.29877474,5.400000095367432,640.0
tt15180206,Honest Days,2021,5.9,18,6.222950643159742,5.900000095367432,7.828925220177981,22449168.97011252,5.900000095367432,514.6666666666666
tt15683748,The Girl in Cabin 13,2021,3.2,482,4.975293835433215,4.133333312140571,3.842048227234294,16298415.350626118,4.133333312140571,453.0
tt10370710,The Worst Person in the World,2021,7.7,110693,6.064388686742614,7.1249998807907104,7.991887103201225,23902569.33116583,7.699999809265137,388.6666666666667
tt15663172,Vivaah 2,2021,8.7,15,6.084321177424017,5.0,8.988465054324255,20969162.450643778,8.524999856948853,94333.33333333333
tt9454554,Ashawari,2022,4.9,178,6.15363591029188,4.900000095367432,7.171873911445444,21709165.710378148,4.900000095367432,937.6666666666666
tt8709688,Pescador,2020,6.7,65,6.054422441401912,6.699999809265137,7.608233929908282,25369272.771426857,6.699999809265137,268.3333333333333
tt14591328,Collect Your Roadkill,2021,8.4,12,6.289821273509415,8.399999618530273,5.0,22354999.524447173,8.399999618530273,126.33333333333333
tt15388056,9/11: Stories from the City,2021,7.7,16,6.998045816579555,6.233333303814843,6.822644417701739,15437804.285427809,6.3285713990529375,208.33333333333334
tt15840196,Malli Modalaindi,2022,4.6,153,6.084321177424017,4.700000047683716,6.7485814462829525,20969162.450643778,4.700000047683716,53.0
tt11233960,The Unforgivable,2021,7.1,123609,6.005206918607708,7.049999925825332,7.625816354215055,23958393.75815104,7.0,374.0
tt31646879,Theppa Samudram,2024,7.4,1558,5.97361481336043,7.400000095367432,7.788149034176211,25171932.29877474,7.400000095367432,21.0
tt8400584,The Perfect Find,2023,5.2,3570,6.064388686742614,5.199999809265137,6.603438935576958,23902569.33116583,5.199999809265137,616.0
tt2363101,Corazón azul,2021,6.6,53,5.5070087301864765,6.700000047683716,7.8942749069549905,31997702.78172769,6.700000047683716,443.6666666666667
tt15333126,Laced,2022,7.3,21,4.975293835433215,7.300000190734863,5.870402021783159,16298415.350626118,7.300000190734863,426.0
tt29793692,Witches' Well,2024,2.6,76,4.975293835433215,2.5999999046325684,5.242418498125178,16298415.350626118,2.5999999046325684,183.66666666666666
tt19387472,The Conclave of Shadows,2022,8.3,8,4.975293835433215,8.300000190734863,9.19373477313411,16298415.350626118,7.450000047683716,422.6666666666667
tt26898002,Dahleez,2022,8.9,10,6.097361703018362,9.0,10.351797015098608,32869436.19342289,9.0,738.0
tt14130690,Everyone Will Burn,2021,5.4,473,4.975293835433215,5.400000095367432,6.172219369855776,16298415.350626118,5.400000095367432,884.6666666666666
tt14412524,Infected,2021,2.7,536,4.975293835433215,2.700000047683716,2.5763910262528587,16298415.350626118,2.700000047683716,383.6666666666667
tt13454228,Every Last One of Them,2021,3.6,1434,5.66774551213587,3.68888881471422,4.673428021298483,40731158.45569987,4.000000034059797,246.0
tt8976362,Aakhet,2021,5.5,8,6.222950643159742,5.5,6.847480513203221,22449168.97011252,5.5,21.666666666666668
tt12262224,Dead Air,2021,4.4,87,5.819055299302949,3.9666666984558105,4.594766454614037,24254080.005565863,3.9666666984558105,519.0
tt12616480,Slingshot,2024,5.7,9652,5.582803226626811,5.699999809265137,6.700184900602724,36704600.012645945,5.266666571299235,156.0
tt27130872,Glory of the Seat: the Chair Olympics Story,2023,6.9,9,5.885894239644082,6.900000095367432,5.0,28289376.5727412,6.900000095367432,7806.666666666667
tt33997498,Obstacles,2024,8.7,8,6.222950643159742,8.699999809265137,5.0,22449168.97011252,8.699999809265137,673.0
tt9663896,Asphalt City,2023,6.1,7408,5.914761655885377,5.883333285649617,7.345372729462259,25531682.48902002,6.099999904632568,127.33333333333333
tt10655524,It Ends with Us,2024,6.3,85826,6.15363591029188,6.3750001192092896,7.111544961373727,21709165.710378148,6.900000095367432,47.0
tt21881982,Championext,2023,6.1,1237,5.885894239644082,6.204166622956595,6.517017932706828,28289376.5727412,6.349999904632568,36.0
tt11912390,2 States,2020,6.6,1390,5.985107708534049,6.599999904632568,7.184103117543238,24629269.511692487,6.599999904632568,10.0
tt14540324,Donna,2022,7.5,15,7.213336372265705,7.5,5.0,4388240.25,7.5,209.0
tt1924245,Cry Macho,2021,5.7,35292,6.222950643159742,5.949999809265137,6.909979211559634,22449168.97011252,6.349999904632568,124.0
tt22258032,Weggesperrt - Bürger hinter Gittern,2022,8.4,6,7.213336372265705,5.0,10.015789088846132,4388240.25,7.449999809265137,40.0
tt12903840,The Man in the Woods,2020,5.4,127,5.819055299302949,5.400000095367432,6.384427857319253,24254080.005565863,5.400000095367432,655.6666666666666
tt9572534,Golden Arm,2020,5.7,731,5.885894239644082,5.25,6.592997325387874,28289376.5727412,5.5,646.3333333333334
tt15263698,Konda Polam,2021,5.7,809,6.222950643159742,6.449999809265137,7.023579927851865,22449168.97011252,7.199999809265137,554.0
tt35051039,Têtes brûlées,2025,6.9,21,6.222950643159742,6.900000095367432,7.442767024811294,22449168.97011252,6.900000095367432,7886.0
tt13625932,Tros,2021,6.3,41,6.222950643159742,6.300000190734863,6.794193782981243,22449168.97011252,6.050000190734863,517.0
tt13216846,Mysterious Circumstance: The Death of Meriwether Lewis,2022,4.6,327,5.842337855623179,4.599999904632568,6.213432351311668,19435489.554866266,4.599999904632568,439.3333333333333
tt13778486,Succubus,2024,4.6,1288,5.601605715734657,5.5,5.754893272843856,22453926.77622205,5.5,6747.666666666667
tt28022731,Stolen Dough,2023,8.8,86,5.97361481336043,8.800000190734863,8.858136843619363,25171932.29877474,8.800000190734863,156.66666666666666
tt9340860,Let Him Go,2020,6.7,37294,5.934379375043728,6.6249998807907104,7.686502423847802,25411765.758938257,6.699999809265137,105.33333333333333
tt29606724,Sir Seytanin Kurbanlari,2023,3.3,10,5.474454324396822,3.299999952316284,3.428646385124839,20735173.82470043,3.299999952316284,10.333333333333334
tt11692148,Gaza mon amour,2020,6.8,1206,6.222950643159742,6.625926053082502,7.318438102379996,22449168.97011252,6.800000190734863,3917.0
tt16023790,Rani Rani Rani,2024,6.8,24,5.322781711966471,6.800000190734863,8.246152346071906,57245524.024444446,6.800000190734863,184.66666666666666
tt13556254,Miss Mom,2021,6.0,91,6.054422441401912,6.0,6.82435370705915,25369272.771426857,6.0,265.6666666666667
tt28812337,A Bet on Love,2023,7.3,11,6.222950643159742,5.0,8.917186212632302,22449168.97011252,6.824999988079071,5902.0
tt28812337,A Bet on Love,2023,7.3,11,6.222950643159742,5.0,8.917186212632302,22449168.97011252,6.824999988079071,5902.0
tt28812337,A Bet on Love,2023,7.3,11,6.222950643159742,5.0,8.917186212632302,22449168.97011252,6.824999988079071,5902.0
tt12929746,Abyssal Spider,2020,4.0,126,5.723953097317796,4.0,6.077745106717249,21306505.5398378,4.400000095367432,349.0
tt24950358,House No. 999,2022,8.0,9,4.975293835433215,8.0,5.0,16298415.350626118,8.0,11566.333333333334
tt23838470,A Great Divide,2023,5.5,120,6.222950643159742,5.5,6.515905052244729,22449168.97011252,5.5,351.0
tt27811009,Monster on a Plane,2024,5.1,2313,5.430594037538649,5.099999904632568,6.0600308066113175,22293895.961683657,5.099999904632568,479.3333333333333
tt10098452,Animals,2021,6.5,763,6.098282728260086,6.5,7.267537938278743,23810550.63444363,6.5,275.6666666666667
tt6095406,Boosters LA,2022,5.5,37,5.885894239644082,5.5,6.2252593481746095,28289376.5727412,5.5,510.0
tt21882016,Foremost by Night,2023,5.8,252,6.222950643159742,6.005555682712132,6.627417605781827,22449168.97011252,5.800000190734863,2.6666666666666665
tt16452694,Crush Kong Curly,2021,4.8,339,5.985107708534049,5.479761966637202,5.426317492911801,24629269.511692487,5.286666663487752,27.333333333333332
tt18923886,The Legend of El Chupacabra,2023,7.4,40,5.885894239644082,7.400000095367432,6.991910039387636,28289376.5727412,7.400000095367432,858.0
tt29900958,Sazali Meor Coco,2023,6.6,6,6.203095434705503,5.5333333015441895,7.067991182806374,35159466.00376374,6.599999904632568,684.0
tt15908954,Blue Weekend,2021,8.8,30,6.760618937724424,5.0,5.0,16326453.030487806,8.800000190734863,0.6666666666666666
tt18244348,Meu Nome é Gal,2023,6.3,686,6.639995107137292,6.174603257860457,7.482125504905976,20874114.977977887,6.566666841506958,278.6666666666667
tt21116930,Zehsin Cin-i Musallat,2022,2.5,14,4.975293835433215,5.0,3.6047799754299112,16298415.350626118,2.5,8815.333333333334
tt22298570,Benim Babam Bir Kahraman,2023,5.4,175,6.097361703018362,5.372222291098701,6.436758567391514,32869436.19342289,5.650000095367432,471.6666666666667
tt10364508,Caleta Palace. Revolución y tragedia en la ciudad del paraíso,2023,6.1,23,6.695282585089919,6.099999904632568,6.907890717070635,23662622.33063129,6.099999904632568,783.6666666666666
tt14734392,Easy Targets,2021,5.2,38,6.294813698504193,5.377777761883205,5.482026605277397,21551472.35390872,5.299999989961323,275.6666666666667
tt10126368,We Need to Talk,2022,4.5,164,6.054422441401912,4.5,5.849280265576482,25369272.771426857,4.5,441.0
tt10126368,We Need to Talk,2022,4.5,164,6.054422441401912,4.5,5.849280265576482,25369272.771426857,4.5,441.0
tt18334720,Cake,2022,6.2,10,5.858929361893037,6.199999809265137,7.489687510867458,25957578.34377083,6.199999809265137,206.66666666666666
tt24478470,City Hunter,2024,6.3,5625,5.862809136221746,6.0000001192092896,7.49920434588564,35436476.59166272,6.566666762034099,63.0
tt16139550,Dhaman,2022,9.4,155,6.222950643159742,7.712499797344208,8.82054976359818,22449168.97011252,8.249999761581421,510.6666666666667
tt32095441,Mikaela,2025,5.3,127,5.7305138011766665,5.300000190734863,6.195687886653844,48221913.97519472,5.600000095367432,465.0
tt11286210,Master,2022,5.3,6180,5.672433259298636,5.300000190734863,6.938219373117566,21000554.77543484,5.300000190734863,52.666666666666664
tt12952376,Larry,2022,7.8,1817,6.222950643159742,7.700000166893005,8.50285830802111,22449168.97011252,7.800000190734863,404.6666666666667
tt6901648,The Eden Theory,2021,3.3,203,5.301549405336899,3.675000011920929,5.07028742145062,34052711.7943327,4.050000071525574,202.33333333333334
tt35927674,Siko Siko,2025,7.6,326,5.885894239644082,7.099999904632568,6.1248117419591805,28289376.5727412,7.599999904632568,23333.333333333332
tt35927674,Siko Siko,2025,7.6,326,5.885894239644082,7.099999904632568,6.1248117419591805,28289376.5727412,7.599999904632568,23333.333333333332
tt35400401,For the Glory,2024,6.6,52,5.728918355660729,5.0,7.560130899814789,52848120.90347222,6.92000002861023,169.66666666666666
tt7720214,Calber Island,2024,4.8,32,6.222950643159742,4.800000190734863,5.349082783146981,22449168.97011252,4.800000190734863,125.0
tt15824180,Grey Matter,2023,7.5,66,6.222950643159742,7.5,7.4422111182852975,22449168.97011252,7.5,314.0
tt11865946,The Art of Return,2020,6.1,515,6.064388686742614,5.799999952316284,6.9910217496709,23902569.33116583,6.099999904632568,320.0
tt9699628,Parquet,2020,5.2,73,6.222950643159742,5.199999809265137,6.727180749913217,22449168.97011252,5.199999809265137,3699.0
tt14863798,Private Blue,2021,5.3,24,5.885894239644082,5.300000190734863,6.010544479921426,28289376.5727412,5.300000190734863,440.3333333333333
tt15123740,Our Happiest Days,2021,6.8,79,6.222950643159742,6.700000166893005,7.803126224014166,22449168.97011252,6.600000143051148,548.6666666666666
tt31962050,Condemned,2024,8.8,11,4.975293835433215,8.800000190734863,9.754539881860458,16298415.350626118,8.800000190734863,253.33333333333334
tt13937088,Getting Sketchy,2021,4.1,29,5.807406297652405,4.099999904632568,4.669739395391384,40568748.73810671,4.650000015894571,3.3333333333333335
tt30505373,Tobias: Dark Hallway,2024,8.2,6,5.601605715734657,8.199999809265137,7.536816954780045,22453926.77622205,6.799999952316284,55.0
tt17336922,Summer,2022,4.0,26,6.418611257827269,5.0,6.259363481337239,23254548.319802023,4.0,244.33333333333334
tt5635026,Peter Pan & Wendy,2023,4.4,29446,5.956918490372949,5.263888915379842,6.68367894350585,53269489.33871279,5.566666603088379,344.6666666666667
tt15964372,Aparajito,2022,8.8,5502,6.447535536646238,8.866666793823242,8.6592366749441,31388551.64695361,8.800000190734863,737.0
tt9637132,Samrat Prithviraj,2022,5.6,53779,6.244874753237959,5.450000047683716,6.724859816678944,33928219.398146786,5.574999928474426,442.3333333333333
tt12246716,A Christmas Prayer,2022,7.9,46,6.222950643159742,7.210714357239859,8.247957389755351,22449168.97011252,6.780000019073486,106.33333333333333
tt29797538,Midnight Killers,2023,9.2,8,5.819055299302949,9.199999809265137,5.0,24254080.005565863,9.199999809265137,15.666666666666666
tt5090094,The Big Day,2020,6.2,54,5.885894239644082,6.199999809265137,6.659528428872902,28289376.5727412,6.199999809265137,562.6666666666666
tt11678806,Box of Freedom,2021,7.0,11,6.054422441401912,7.0,7.913752236308227,25369272.771426857,7.0,189.66666666666666
tt15655350,Ursa,2021,7.9,13,6.222950643159742,7.900000095367432,9.379948385211646,22449168.97011252,7.900000095367432,127.0
tt13618714,Luckdown,2022,6.2,107,6.084321177424017,7.799999713897705,7.912266334718098,20969162.450643778,6.199999809265137,918.6666666666666
tt13055982,Savage Salvation,2022,4.8,3496,5.66774551213587,4.685714398111616,6.002430401198133,40731158.45569987,4.500000059604645,26.0
tt21611434,Douglas Sirk - Hope as in Despair,2022,7.4,38,7.074876056396708,7.400000095367432,7.897473790908454,14117481.591666669,7.400000095367432,45.333333333333336
tt20222182,A Dice with Five Sides,2022,5.5,103,6.084321177424017,5.5,7.242382610966342,20969162.450643778,5.5,638.3333333333334
tt26258902,Quotation Gang Part 1,2024,8.9,22,5.790093740985721,8.899999618530273,8.002414039374345,26893064.153351128,8.899999618530273,30.666666666666668
tt15098740,The Land of Blue Lakes,2021,4.0,122,4.975293835433215,4.0,5.0,16298415.350626118,4.0,25.333333333333332
tt13916124,Belle Vie,2022,6.9,289,7.213336372265705,5.0,5.0,4388240.25,6.900000095367432,320.6666666666667
tt27918682,"God Forgives, I Don't",2023,6.6,59,5.914761655885377,6.603333369890849,7.089857116168001,25531682.48902002,6.557142870766776,70.33333333333333
tt26903625,Secuestro y Traición,2023,6.1,19,5.66774551213587,5.0,6.504219618588187,40731158.45569987,6.07272726839239,69.33333333333333
tt28501203,Pind America,2023,8.1,14,6.183240226251263,8.100000381469727,9.357321729609618,47869763.03741497,8.100000381469727,95.0
tt9337518,Gossamer Folds,2020,6.9,140,6.222950643159742,6.900000095367432,6.896355771666804,22449168.97011252,6.900000095367432,367.0
tt12262808,The Woods,2020,5.1,26,4.975293835433215,5.099999904632568,5.0,16298415.350626118,5.099999904632568,221.33333333333334
tt28671146,Blue Lock: Episode Nagi,2024,6.6,2535,6.389906359403194,6.6999999152289496,7.96460598715332,37174002.35910883,6.5,155.66666666666666
tt11960940,Love and Fury,2020,7.0,40,7.213336372265705,5.0,5.0,4388240.25,7.0,587.3333333333334
tt30984064,Dutch II: Angel's Revenge,2024,6.8,90,5.97361481336043,6.800000190734863,6.7997765167156805,25171932.29877474,6.800000190734863,36.333333333333336
tt25154176,Super Drunk,2023,6.0,334,5.885894239644082,6.0,6.799675485114876,28289376.5727412,6.0,252.66666666666666
tt21150244,In Broad Daylight,2022,5.4,10,6.222950643159742,4.850000143051148,6.845744647511137,22449168.97011252,4.850000143051148,322.0
tt15727388,Bengali Variation,2021,7.6,12,6.15363591029188,7.599999904632568,7.988894229532903,21709165.710378148,7.599999904632568,3.0
tt21144420,Biyak,2022,6.0,547,6.222950643159742,4.724999994039536,5.805608948188853,22449168.97011252,4.789473696758873,5.0
tt14260908,Flyover,2021,6.6,81,5.606572668611012,5.8666666348775225,7.991999622644139,28614196.00792752,5.8666666348775225,268.0
tt15428718,Fist of Fury: Soul,2021,5.9,40,5.728918355660729,5.349999904632568,6.7838831533886745,52848120.90347222,5.300000071525574,1132.3333333333333
tt12354974,True North,2020,6.9,330,6.277723602857392,6.900000095367432,9.171772425301173,43731039.70391747,6.900000095367432,66.33333333333333
tt1596557,The Tiger Rising,2022,4.7,1126,6.183240226251263,5.266666491826376,6.020468800313388,47869763.03741497,4.699999809265137,1113.3333333333333
tt1596557,The Tiger Rising,2022,4.7,1126,6.183240226251263,5.266666491826376,6.020468800313388,47869763.03741497,4.699999809265137,1113.3333333333333
tt1596557,The Tiger Rising,2022,4.7,1126,6.183240226251263,5.266666491826376,6.020468800313388,47869763.03741497,4.699999809265137,1113.3333333333333
tt27139897,The Summer with Carmen,2023,6.7,1376,5.885894239644082,6.699999809265137,7.976058081157272,28289376.5727412,6.699999809265137,290.3333333333333
tt12073988,Schastye v konverte,2020,6.4,145,6.163504015611674,6.400000095367432,7.21124413149465,30429364.81939042,6.400000095367432,449.0
tt11905394,Kokoloko,2020,5.2,224,5.914761655885377,4.75,6.471131916838774,25531682.48902002,4.75,171.66666666666666
tt27236018,For the Gram,2023,5.4,8,6.222950643159742,4.300000071525574,7.223477826948114,22449168.97011252,4.450000107288361,32.666666666666664
tt4695264,Lawrence: After Arabia,2021,5.6,644,6.222950643159742,5.824999928474426,6.10674973393133,22449168.97011252,6.049999952316284,580.0
tt12953750,Nenjuku Needhi,2022,7.1,1630,6.005206918607708,7.050000031789144,7.142372753810401,23958393.75815104,7.099999904632568,320.6666666666667
tt8919058,Shanghai Story,2024,8.2,58,5.988298420687361,8.199999809265137,5.0,37980656.85234604,8.199999809265137,3970.6666666666665
tt31140176,Sukkwan Island,2025,6.8,57,6.222950643159742,6.800000190734863,7.696961583639892,22449168.97011252,7.3500001430511475,30.666666666666668
tt28765467,How to Deal with a Heartbreak,2023,4.3,184,6.054422441401912,4.300000190734863,5.449514226288503,25369272.771426857,4.300000190734863,783.0
tt9732214,La rivincita,2020,6.3,46,6.054422441401912,6.300000190734863,6.98714088375659,25369272.771426857,6.300000190734863,12.333333333333334
tt31912621,Sunny,2024,7.2,31,6.183240226251263,6.488095166191222,7.241731155387455,47869763.03741497,6.1499998569488525,40.666666666666664
tt8396480,Palma,2021,6.9,1270,6.203095434705503,7.008333444595337,7.196708755667465,35159466.00376374,7.400000095367432,148.33333333333334
tt23059678,Gabriel's Redemption: Part One,2023,5.4,430,6.084321177424017,5.883333384990692,6.637745225555588,20969162.450643778,5.940000057220459,585.0
tt11295974,Ellam Sheriyakum,2021,6.1,1870,6.222950643159742,6.288888825310601,7.245491181163471,22449168.97011252,5.8999998569488525,322.3333333333333
tt11028122,Billion Dollar Heist,2023,6.8,676,6.593475592813068,6.742222298516168,5.0,14780086.27438737,6.911111248864068,1.0
tt13069986,After We Fell,2021,4.8,22742,6.15363591029188,4.862499932448069,5.7646018029126,21709165.710378148,5.016666650772095,255.66666666666666
tt33428606,Solo Leveling: ReAwakening,2024,8.8,12506,5.972488432491343,8.800000190734863,9.723821751057242,60354818.78512635,8.800000190734863,193.0
tt24021322,Raghu Thatha,2024,6.2,574,5.885894239644082,6.1499998569488525,7.301832967894292,28289376.5727412,6.199999809265137,44.0
tt11352318,Les pas d'allure,2022,7.1,17,5.845471468185451,7.099999904632568,7.399886957286142,33759578.847615354,7.099999904632568,217.66666666666666
tt13389120,ManFish,2022,5.3,185,5.430594037538649,4.950000047683716,5.635397843307328,22293895.961683657,4.950000047683716,1741.3333333333333
tt13389120,ManFish,2022,5.3,185,5.430594037538649,4.950000047683716,5.635397843307328,22293895.961683657,4.950000047683716,1741.3333333333333
tt8886670,The Father Who Moves Mountains,2021,5.6,4385,5.914761655885377,5.599999904632568,7.458738149740881,25531682.48902002,5.599999904632568,456.0
tt21418688,If You Think You're Lonely Now 2,2022,3.7,8,5.790093740985721,3.199999988079071,3.965644879565663,26893064.153351128,3.199999988079071,4864.666666666667
tt27983128,Morgan Almighty,2023,3.4,18,5.885894239644082,3.663636359301481,4.061244130405283,28289376.5727412,3.7571428503308977,553.0
tt12885770,Project Legion,2022,2.0,628,5.301549405336899,2.0,4.58859267267088,34052711.7943327,2.899999976158142,115.0
tt28142896,Weekend in Taipei,2024,5.7,4799,5.66774551213587,5.462499886751175,6.363827779007806,40731158.45569987,5.699999809265137,355.0
tt21994920,It Came from Somewhere,2022,4.5,233,5.857803161503888,4.816666642824808,5.46788512710604,46742693.85048821,5.426666625340779,6.333333333333333
tt21862626,Kids vs. Aliens,2022,5.0,1753,5.149037773699843,5.0,7.33794708345825,36771969.687535286,5.0,316.3333333333333
tt22525816,The Foreign Exchange Student 2: The Hunt,2022,2.0,23,5.606572668611012,4.150000059604645,4.899879394578416,28614196.00792752,4.370000004768372,515.6666666666666
tt13844844,Ordinary Failures,2022,5.8,208,5.772866177563106,5.800000190734863,6.402951890149883,39847346.49727848,5.75,365.3333333333333
tt16606530,Scheme Queens,2022,5.2,65,5.97361481336043,5.5,7.01102826840157,25171932.29877474,5.974999904632568,4927.0
tt15391770,Corrective Measures,2022,4.3,5377,5.525850033813599,3.9250001311302185,4.795724224423071,55046822.46395834,3.9666667779286704,303.6666666666667
tt30496735,Merewang Keluarga Pak Awang,2023,7.9,8,6.034567232947673,7.377777841356065,8.24839952696844,38079569.80507808,7.900000095367432,260.3333333333333
tt21875240,Better Times,2023,6.3,810,6.054422441401912,6.300000190734863,7.191024554286844,25369272.771426857,6.300000190734863,44.333333333333336
tt14298644,Dark Satellites,2022,6.4,159,6.222950643159742,6.400000095367432,6.966736351554937,22449168.97011252,5.75,214.33333333333334
tt11569994,Ratricha Paus,2023,9.5,17,6.222950643159742,9.5,8.636799589121916,22449168.97011252,9.5,413.6666666666667
tt13617442,Los Errantes,2020,5.2,10,6.222950643159742,5.199999809265137,5.0,22449168.97011252,5.199999809265137,130.0
tt21358120,Laura Laune : Le diable est une gentille petite fille,2020,8.0,15,5.885894239644082,8.0,5.0,28289376.5727412,8.0,435.6666666666667
tt15568032,Aapahasyam,2021,5.4,14,5.885894239644082,5.400000095367432,7.271869497503327,28289376.5727412,5.400000095367432,551.0
tt9149548,Blood-Red Ox,2021,5.7,92,4.975293835433215,5.349999904632568,6.773717268335846,16298415.350626118,5.699999809265137,542.6666666666666
tt9584786,Infamous Six,2020,4.3,13,5.290933252022113,4.300000190734863,4.960758115200538,22456305.679276817,4.300000190734863,2.3333333333333335
tt10935956,Kira & El Gin,2022,7.9,5147,6.244874753237959,7.900000095367432,7.687313288033727,33928219.398146786,7.900000095367432,233.0
tt12856626,Kondan,2020,8.0,14,6.222950643159742,8.0,5.0,22449168.97011252,8.0,11570.333333333334
tt21373908,Christmas in Big Sky Country,2023,6.0,153,6.084321177424017,6.0,6.517313316137409,20969162.450643778,6.100000063578288,353.6666666666667
tt32172415,Pure Cinema III,2024,5.7,9,7.213336372265705,5.0,7.30318555520029,4388240.25,6.163636294278232,526.3333333333334
tt32201624,Rachel Feinstein: Big Guy,2024,6.5,387,6.549615305954894,5.0,7.195962750442943,16338808.411370598,6.5,38.333333333333336
tt15037146,Elon Musk: Aiming for the Stars,2021,3.5,69,7.213336372265705,5.762857147625515,6.536363232166207,4388240.25,5.68749999627471,740.0
tt15282172,Head Bush,2022,6.0,1293,6.212982969849622,6.400000095367432,7.146622156591037,33955592.045193434,6.200000047683716,492.3333333333333
tt14089388,The Daphne Project,2021,8.1,14,5.885894239644082,7.175000309944153,6.816188767729476,28289376.5727412,7.175000309944153,57.666666666666664
tt33183894,Crippled,2024,6.0,79,6.222950643159742,5.164583335320154,6.29075071825353,22449168.97011252,5.425000071525574,29.666666666666668
tt13339708,Shellfish,2022,8.1,32,5.885894239644082,8.100000381469727,8.003005163359159,28289376.5727412,8.100000381469727,497.6666666666667
tt20852754,Flight Maayam,2022,8.8,14,6.222950643159742,8.800000190734863,5.0,22449168.97011252,8.800000190734863,49.333333333333336
tt32501660,Christmas at Plumhill Manor,2024,6.1,502,6.084321177424017,6.099999904632568,7.249481302906026,20969162.450643778,5.928571428571429,196.66666666666666
tt9201634,The Doctor's Monster,2020,2.3,78,5.322781711966471,2.299999952316284,2.616894411418966,57245524.024444446,2.299999952316284,352.0
tt11156420,A Chance,2020,8.2,18,5.885894239644082,8.199999809265137,5.0,28289376.5727412,8.199999809265137,108.66666666666667
tt22805276,Fireworks,2023,5.5,490,6.0120633920814965,5.699999968210856,6.297950619105316,32088817.44140951,6.299999952316284,203.0
tt27911892,Butchers Book Two: Raghorn,2024,4.1,596,4.975293835433215,4.27499994635582,4.793167687276101,16298415.350626118,4.3599999904632565,236.33333333333334
tt27357162,Flat Share,2023,8.0,6,6.222950643159742,8.0,8.169609715308786,22449168.97011252,8.0,403.0
tt14208936,History Bites Back,2021,9.4,7,7.213336372265705,9.399999618530272,5.0,4388240.25,9.399999618530272,177.0
tt24062912,Big Nunu's Little Heist,2023,4.1,300,5.862809136221746,4.099999904632568,5.566065340937936,35436476.59166272,4.099999904632568,539.0
tt24062912,Big Nunu's Little Heist,2023,4.1,300,5.862809136221746,4.099999904632568,5.566065340937936,35436476.59166272,4.099999904632568,539.0
tt27011045,Three,2024,4.7,39,5.606572668611012,5.362499952316284,6.3929024683765885,28614196.00792752,5.222222169240316,129.0
tt21602808,Baksho Bodol,2022,7.6,11,6.222950643159742,7.599999904632568,8.09624505885919,22449168.97011252,7.599999904632568,684.0
tt3291150,The Expendables 4,2023,4.8,49776,5.7305138011766665,4.776666816075643,5.769862451014773,48221913.97519472,5.100000143051148,33.0
tt15078464,TapewormZ,2024,5.0,23,5.394656595681256,5.0,3.853861215998821,33944438.64927059,5.0,404.6666666666667
tt30426883,Kinoplenka N8,2024,4.3,57,5.7128139839569805,4.300000190734863,6.255571379031273,26434138.00674669,5.399999936421712,290.0
tt21407016,Carbon,2022,7.8,911,6.054422441401912,7.800000190734863,9.044046528938296,25369272.771426857,7.800000190734863,9102.333333333334
tt28300201,El Apartamento,2023,7.2,16,4.975293835433215,7.199999809265137,8.526643210281208,16298415.350626118,7.199999809265137,687.6666666666666
tt33069988,Ella,2024,7.8,19,6.222950643159742,7.800000190734863,5.0,22449168.97011252,6.350000143051148,0.6666666666666666
tt36168375,Nimde Kathe,2025,8.9,330,6.097361703018362,8.899999618530273,8.211585443446463,32869436.19342289,8.899999618530273,177.33333333333334
tt15684380,Extraordinary: The Revelations,2021,5.4,74,7.213336372265705,5.400000095367432,5.0,4388240.25,5.400000095367432,8.0
tt10638270,Razilee and Elijah: Part 2,2020,6.4,10,6.532626337205758,6.550000071525574,7.489767245839924,14318235.134774348,6.700000047683716,39.333333333333336
tt9519642,The Wedding Unplanner,2020,5.7,2128,5.985107708534049,5.660714228947957,6.214754250956494,24629269.511692487,6.349999984105428,240.33333333333334
tt9519642,The Wedding Unplanner,2020,5.7,2128,5.985107708534049,5.660714228947957,6.214754250956494,24629269.511692487,6.349999984105428,240.66666666666666
tt14837008,Padaka,2021,8.4,268,5.728918355660729,8.399999618530273,9.344121616167945,52848120.90347222,8.399999618530273,277.3333333333333
tt14316362,Horror Stories,2021,4.1,17,4.975293835433215,6.8999998569488525,7.683235089004673,16298415.350626118,6.8999998569488525,1388.6666666666667
tt17050802,Maya,2023,6.7,93,5.606572668611012,6.700000127156575,6.557087030137034,28614196.00792752,7.325000047683716,5484.333333333333
tt27056116,Het Geheugenspel,2023,6.2,1692,5.7128139839569805,6.199999809265137,6.962084913472433,26434138.00674669,6.199999968210856,177.0
tt11347406,J2: J Retribusi,2021,6.1,181,5.7305138011766665,6.1444444126553,7.1794201676886,48221913.97519472,6.099999904632568,22.0
tt22888912,Pigman,2024,3.5,76,4.975293835433215,3.649999959128244,4.633601779874254,16298415.350626118,2.8958333233992257,25679.0
tt7885428,Chompy & the Girls,2021,5.4,1295,5.430594037538649,5.400000095367432,6.572275179851256,22293895.961683657,5.400000095367432,768.3333333333334
tt23476414,A Birth,2022,8.5,50,6.502852952026574,8.5,8.366205180548578,24468268.645484067,8.5,17.666666666666668
tt18297438,Succuba,2022,7.0,217,4.975293835433215,6.829999923706055,7.052697137613722,16298415.350626118,6.6999999152289496,82.33333333333333
tt14809334,Buñuel: A Surrealist Filmmaker,2021,6.6,70,7.213336372265705,6.599999904632568,7.544415853523901,4388240.25,6.599999904632568,83.66666666666667
tt12593190,A Beautiful Curse,2021,4.7,250,6.222950643159742,4.699999809265137,5.361722216586443,22449168.97011252,4.699999809265137,5984.666666666667
tt12593190,A Beautiful Curse,2021,4.7,250,6.222950643159742,4.699999809265137,5.361722216586443,22449168.97011252,4.699999809265137,5984.666666666667
tt11841144,The Heartbreak Club,2021,6.3,235,6.064388686742614,6.558571474892752,7.403822622975308,23902569.33116583,6.3125001192092896,68.0
tt10945316,Besties,2021,6.3,276,6.15363591029188,6.300000190734863,6.772127947272328,21709165.710378148,6.300000190734863,201.66666666666666
tt8338762,The Nest,2020,6.3,20001,5.971281496398258,6.950000047683716,7.003279583264944,24010842.47622794,6.950000047683716,193.33333333333334
tt14564806,BAM: Builders of the Ancient Mysteries,2020,7.3,257,7.213336372265705,5.0,7.35330728986735,4388240.25,7.300000190734863,644.3333333333334
tt26931203,Barbie: Skipper and the Big Babysitting Adventure,2023,5.6,235,6.183240226251263,5.599999904632568,6.673334908937223,47869763.03741497,5.599999904632568,57.0
tt31180238,The Legend of Deification: King Li Jing,2021,4.3,9,5.7801916106350255,5.0,5.895419772751013,50791700.43400562,4.300000190734863,9.0
tt18266294,Ferryman,2023,8.4,23,5.845446923017514,7.574999690055847,10.124391027402227,24791679.22928565,8.399999618530273,1589.0
tt9765760,Deathboard,2020,4.8,24,4.975293835433215,3.9250000715255737,5.7461533989322495,16298415.350626118,4.383333404858907,319.6666666666667
tt19623194,Çingirak,2022,6.5,14,4.975293835433215,6.5,6.239571782756969,16298415.350626118,6.5,0.6666666666666666
tt15072136,Nameless,2021,6.4,7,6.222950643159742,6.400000095367432,5.0,22449168.97011252,6.400000095367432,263.0
tt27525964,Snow Babes,2023,1.8,131,5.885894239644082,1.7999999523162842,3.126000366212554,28289376.5727412,2.968243267085101,152.0
tt14734416,Raati Sari Sari Jauchi,2021,8.7,39,6.222950643159742,8.266666571299234,9.507179527079517,22449168.97011252,8.316666603088379,79.0
tt14586662,Kanye West: A Higher Power,2020,2.5,73,6.986977654995064,5.47714284828731,5.0,10357346.640243905,5.29687499627471,88.0
tt27750374,Luban's Secret Art,2022,6.3,54,5.728918355660729,5.0,7.542292972141537,52848120.90347222,5.683333317438762,328.6666666666667
tt12744088,A Day in the Life of a Teddy Bear,2022,6.4,165,6.084321177424017,6.400000095367432,7.579442576644685,20969162.450643778,6.400000095367432,32.666666666666664
tt29633969,Jönssonligan kommer tillbaka,2024,5.9,1460,5.929754526502256,5.900000095367432,6.457376181512188,26730654.43575797,5.900000095367432,216.33333333333334
tt12035596,The Process,2020,6.7,74,6.4917847904420825,6.699999809265137,6.620611995749698,19387811.00030016,6.699999809265137,212.66666666666666
tt16024152,A Hard Day,2021,6.2,267,5.76970194587739,6.116666555404663,6.6370559418542,35544749.73672483,5.445454489101064,410.6666666666667
tt22718042,On Earth as in Heaven,2023,7.0,66,6.222950643159742,7.0,7.982285397130704,22449168.97011252,7.0,1275.3333333333333
tt22718042,On Earth as in Heaven,2023,7.0,66,6.222950643159742,7.0,7.982285397130704,22449168.97011252,7.0,1275.3333333333333
tt11242218,Books of Blood,2020,5.6,10911,5.672433259298636,5.844444380866157,6.757547697963476,21000554.77543484,5.599999904632568,539.3333333333334
tt33045290,Neath's Love Story,2024,7.6,52,5.985107708534049,7.125,8.099811827891385,24629269.511692487,6.950000031789144,116.66666666666667
tt21649884,This Child Is Evil,2022,5.1,117,5.914761655885377,5.799999952316284,6.187632767393462,25531682.48902002,5.200000047683716,302.0
tt29253812,Boomerang,2024,7.4,406,5.604337975805276,7.3555555873447,8.218134167935961,42767450.29859282,7.166666666666667,104.66666666666667
tt13178934,Exceptional Beings,2023,6.2,40,5.831464865609323,4.7499998807907104,6.498770594456429,48735279.96453901,5.474999845027924,56.0
tt20201748,Greedy People,2024,6.2,11757,5.929754526502256,6.199999809265137,7.522812649745208,26730654.43575797,6.75,20.666666666666668
tt15089738,Angel De Mi Vida,2021,7.0,52,6.222950643159742,5.0,8.673730583532212,22449168.97011252,7.0,272.3333333333333
tt31613325,Jeonde Raho Bhoot Ji,2024,5.3,138,5.430594037538649,5.7600000381469725,7.751182246682079,22293895.961683657,5.799999986376081,36.333333333333336
tt13097932,One Life,2023,7.5,34252,6.647373881526953,7.5,7.679568080292128,24261086.741433825,7.099999904632568,310.3333333333333
tt13097932,One Life,2023,7.5,34252,6.647373881526953,7.5,7.679568080292128,24261086.741433825,7.099999904632568,310.3333333333333
tt11773696,I'm Scared,2020,6.3,35,6.222950643159742,6.300000190734863,6.077558652475527,22449168.97011252,6.300000190734863,34.0
tt21379810,Echo,2022,7.1,17,7.213336372265705,5.0,5.0,4388240.25,7.099999904632568,366.6666666666667
tt26735680,The Last Coffee,2023,6.0,56,6.222950643159742,7.283333460489909,7.075882761799312,22449168.97011252,6.870000123977661,347.3333333333333
tt11611486,The Restless,2021,6.6,1340,6.222950643159742,6.699999888737996,7.122575048117634,22449168.97011252,6.200000047683716,754.0
tt11611486,The Restless,2021,6.6,1340,6.222950643159742,6.699999888737996,7.122575048117634,22449168.97011252,6.200000047683716,754.0
tt21957946,Unbounded - Animated Series,2022,8.4,32,5.831464865609323,8.399999618530273,5.0,48735279.96453901,8.399999618530273,179.66666666666666
tt27726707,Auhaam,2023,5.8,977,5.7128139839569805,5.800000190734863,5.0,26434138.00674669,5.800000190734863,113.0
tt28152747,Sergeant,2023,3.8,479,5.914761655885377,3.799999952316284,5.833050412687524,25531682.48902002,3.799999952316284,322.3333333333333
tt19046606,Re: fresh,2022,6.9,9,6.760618937724424,5.0,5.0,16326453.030487806,6.900000095367432,8.5
tt21426434,Shark Side of the Moon,2022,2.8,1072,5.342331301020138,4.162500065565109,3.504373071243067,42130686.759514265,2.600000023841858,646.0
tt21426434,Shark Side of the Moon,2022,2.8,1072,5.342331301020138,4.162500065565109,3.504373071243067,42130686.759514265,2.600000023841858,646.0
tt7975740,Alice & Só,2020,7.1,15,6.084321177424017,6.574999988079071,7.750169431721845,20969162.450643778,7.099999904632568,96.33333333333333
tt7975740,Alice & Só,2020,7.1,15,6.084321177424017,6.574999988079071,7.750169431721845,20969162.450643778,7.099999904632568,96.33333333333333
tt11530748,The Inconsiderables: Last Exit Out of Hollywood,2020,3.8,50,5.676569781400761,3.799999952316284,3.863865414496175,29160954.76175921,3.799999952316284,8.0
tt13368304,Anima,2020,6.4,18,6.222950643159742,6.400000095367432,5.0,22449168.97011252,6.400000095367432,684.6666666666666
tt17538180,Dissolved,2021,6.3,38,6.222950643159742,6.300000190734863,7.058647639486026,22449168.97011252,5.350000143051148,118.66666666666667
tt24177620,Olive,2022,5.3,72,6.064388686742614,5.5,6.07991715920356,23902569.33116583,5.150000095367432,263.3333333333333
tt7344288,When Women Rule the World,2020,2.1,213,5.604337975805276,2.0999999046325684,3.018481188317558,42767450.29859282,2.0999999046325684,89.0
tt30700033,Huggin Molly,2024,6.0,80,5.397174567368082,6.0,7.009528393459598,20276247.67809599,5.349999904632568,158.0
tt9072834,One Punch,2022,7.2,22,6.222950643159742,7.199999809265137,8.831079462023785,22449168.97011252,7.199999809265137,1.3333333333333333
tt8959816,Intimacy,2020,7.8,18,6.222950643159742,7.800000190734863,5.0,22449168.97011252,7.800000190734863,358.6666666666667
tt13847328,Bhoot Uncle Tusi Great Ho,2022,6.7,177,4.975293835433215,6.699999809265137,7.407057588415185,16298415.350626118,6.699999809265137,707.3333333333334
tt10831486,Levels,2024,5.0,1566,5.55275757874607,5.0,6.40305368099096,46235946.978614725,5.0,50.0
tt27080561,The Adamant Girl,2024,6.6,1434,6.222950643159742,6.799999952316284,7.438958963554325,22449168.97011252,6.799999952316284,86.0
tt28354062,The Vance Institute,2023,7.3,29,5.606572668611012,5.500000099341074,6.303420617098452,28614196.00792752,6.37999997138977,109.0
tt12794504,Swat Duty: City Crisis,2020,8.1,9,5.851266584510579,8.100000381469727,8.025576209003393,39010026.60112348,7.3500001430511475,1429.6666666666667
tt13898300,Secret of the Ninth,2021,8.4,766,7.213336372265705,5.0,5.0,4388240.25,8.399999618530273,405.6666666666667
tt28066777,Orion and the Dark,2024,6.3,17274,6.024813727152462,6.533333460489909,7.12393154369873,52168570.67488267,6.300000190734863,101.0
tt8721424,"tick, tick... BOOM!",2021,7.5,124566,6.348420207777178,7.149999976158142,7.592730813082734,24861756.158729017,7.5,148.0
tt35304985,Down Bad,2025,9.3,10,5.885894239644082,9.300000190734863,5.0,28289376.5727412,9.300000190734863,183.66666666666666
tt14172564,Resident Evil: Childhood,2020,4.9,43,5.149037773699843,4.900000095367432,5.390655584274124,36771969.687535286,4.900000095367432,15.0
tt21419928,Let's Meet,2025,7.2,5069,6.084321177424017,7.199999809265137,8.540818398509417,20969162.450643778,7.199999809265137,816.6666666666666
tt21419928,Let's Meet,2025,7.2,5069,6.084321177424017,7.199999809265137,8.540818398509417,20969162.450643778,7.199999809265137,816.6666666666666
tt10350922,Laxmii,2020,2.5,59316,5.530035476912675,3.3972222208976746,6.5836257789828485,32478637.60894652,2.5,34.333333333333336
tt13206532,Mother Gamer,2020,5.8,176,5.807406297652405,5.0,7.197090459544064,40568748.73810671,6.700000047683716,568.6666666666666
tt29258480,Neandria,2023,6.5,126,6.418611257827269,6.25,7.123964494346756,23254548.319802023,6.25,173.66666666666666
tt27791394,One Must Wash Eyes,2024,7.6,22,6.222950643159742,7.599999904632568,7.882998235998722,22449168.97011252,7.599999904632568,445.6666666666667
tt29669668,Neue Geschichten vom Pumuckl,2023,7.9,43,6.024813727152462,7.483333402209812,8.311847626108865,52168570.67488267,6.774999976158142,45.333333333333336
tt28943280,Dawn of the Great Steppe,2022,5.8,67,6.244874753237959,6.000000178813934,7.747101103130257,33928219.398146786,5.616666793823242,501.0
tt26937219,No Legs. All Heart.,2023,8.6,15,7.213336372265705,5.0,5.0,4388240.25,7.650000095367432,3803.6666666666665
tt5500218,Samaritan,2022,5.7,58801,5.9277779548099305,5.8999998569488525,6.2865046303730505,41344189.94604125,5.8999998569488525,15.333333333333334
tt28363275,Phoenix: Reminiscence of Flower,2023,6.3,43,6.137165861657682,6.300000190734863,7.108076674307788,50221834.80733979,6.300000190734863,133.33333333333334
tt29542625,The Good Wife,2023,7.4,26,6.222950643159742,7.400000095367432,5.0,22449168.97011252,7.400000095367432,673.0
tt14959682,"Goodbye, Hello",2024,5.4,64,6.054422441401912,5.400000095367432,6.157664090622769,25369272.771426857,5.400000095367432,24.0
tt27157747,The House That Stood,2023,9.7,57,6.502852952026574,9.699999809265137,10.3066448603972,24468268.645484067,9.699999809265137,107.33333333333333
tt30272784,"Cyril Collard : À la vie, à l'amour",2023,7.0,6,7.213336372265705,7.0,6.668444625837178,4388240.25,7.0,46.0
tt13223274,Death Trip,2021,2.8,339,5.290933252022113,2.799999952316284,5.0,22456305.679276817,2.799999952316284,392.3333333333333
tt15847872,Amina,2021,4.1,518,6.173794825148899,4.099999904632568,5.386949471384874,46632756.283663325,4.849999904632568,643.6666666666666
tt18688678,In casa con Claude 2.0,2022,2.6,7,6.222950643159742,3.299999952316284,2.320084719041485,22449168.97011252,3.299999952316284,429.6666666666667
tt17661960,Bulterer,2022,5.2,68,6.418611257827269,5.199999809265137,6.078576253952237,23254548.319802023,5.199999809265137,350.3333333333333
tt14214614,Unverified,2022,5.8,74,5.606572668611012,5.800000190734863,6.058994463705296,28614196.00792752,5.800000190734863,11.0
tt15182274,Blood Kin,2021,4.9,9,6.222950643159742,4.900000095367432,6.019222731616185,22449168.97011252,4.900000095367432,589.3333333333334
tt28212094,A Novelist by the Sea,2023,8.2,6,6.718143507712724,8.099999904632568,9.296730620601537,13418704.61005626,8.099999904632568,21.333333333333332
tt14072358,Nootokka Zillala Andagaadu,2021,6.4,388,6.054422441401912,5.600000143051148,7.174959397964706,25369272.771426857,6.400000095367432,445.0
tt26233598,Raayan,2024,6.5,10977,5.975161270726967,6.566666603088379,7.263872344838369,33489740.724119827,6.099999904632568,570.3333333333334
tt33054457,Gowok: Javanese Kamasutra,2025,7.7,12,6.20409285755472,7.228571346827916,7.507752962037521,25850244.43296522,6.664285693849836,209.33333333333334
tt21187592,The Threesome,2025,7.5,48,6.064388686742614,7.5,7.489378889894244,23902569.33116583,7.200000047683716,6860.0
tt8005600,Continue,2022,5.1,404,6.222950643159742,5.099999904632568,6.269177011319147,22449168.97011252,5.450000047683716,556.3333333333334
tt12724352,They See You,2022,4.3,126,4.975293835433215,4.016666690508525,4.968506800988699,16298415.350626118,4.400000015894572,165.66666666666666
tt24774814,"Greater Than Ourselves: The Legacy of Sigma Gamma Rho Sorority, Inc.",2022,9.1,12,7.213336372265705,9.100000381469728,8.377913890736165,4388240.25,9.100000381469728,591.0
tt30395629,Fever Dream,2023,7.1,770,6.054422441401912,7.5,7.305137746231909,25369272.771426857,7.5,171.33333333333334
tt28103756,Schock,2023,6.4,515,5.934379375043728,6.400000095367432,7.466431488324969,25411765.758938257,6.400000095367432,351.3333333333333
tt24061354,The Hitler Home Movies,2023,5.7,68,7.213336372265705,5.048648640916154,5.79653275815375,4388240.25,4.996666685740153,22.0
tt1347175,Night for Day,2023,8.2,46,5.290933252022113,8.199999809265137,8.77433417032396,22456305.679276817,8.199999809265137,11.666666666666666
tt27759888,The Yorkie Werewolf,2024,5.9,77,5.430594037538649,6.549999952316284,7.411440326300288,22293895.961683657,6.549999952316284,1.6666666666666667
tt28082229,Oscar Pistorius: Track Star on Trial,2023,6.2,11,7.213336372265705,4.925000041723251,5.0,4388240.25,5.430769260113056,110.33333333333333
tt34500787,Dear Krishna,2025,8.0,4008,6.222950643159742,8.0,7.804060499321529,22449168.97011252,6.650000095367432,590.3333333333334
tt9063050,"Starting Tomorrow, I'll Get Up Late",2023,5.2,15,6.064388686742614,5.816666523615519,6.349495990266197,23902569.33116583,5.199999809265137,11.666666666666666
tt12943128,Cuidado con lo que deseas,2020,4.4,371,5.471110456551183,4.400000095367432,5.964491345408332,31215963.77436421,4.400000095367432,83.66666666666667
tt16897852,Target,2023,6.3,82,5.985107708534049,6.300000190734863,8.080827724444951,24629269.511692487,6.300000190734863,442.0
tt16897852,Target,2023,6.3,82,5.985107708534049,6.300000190734863,8.080827724444951,24629269.511692487,6.300000190734863,442.0
tt30327762,Toxic,2024,6.9,565,6.222950643159742,6.900000095367432,7.859655656051277,22449168.97011252,6.900000095367432,60.333333333333336
tt15386856,By Two Love,2022,4.8,244,6.15363591029188,5.150000095367432,7.29183964608878,21709165.710378148,5.5,798.6666666666666
tt19403464,Sleep of the Crow,2023,5.9,173,6.098282728260086,5.900000095367432,5.925905509268794,23810550.63444363,5.900000095367432,1.6666666666666667
tt22889928,The Radleys,2024,5.0,2788,5.430594037538649,5.2833333015441895,6.4574992702021765,22293895.961683657,5.950000047683716,115.66666666666667
tt18289752,"Two Weeks, End",2022,4.7,382,5.606572668611012,4.846428522041865,5.446574417545245,28614196.00792752,5.286666663487752,230.66666666666666
tt14772866,Royal Ashes,2022,6.6,76,6.222950643159742,6.100000063578288,7.08299434116944,22449168.97011252,6.150000055631002,34.666666666666664
tt30425955,Dr. Death: Cutthroat Conman,2023,6.5,311,7.213336372265705,5.0,5.0,4388240.25,6.5,469.0
tt28418547,Fight for the Token: The Secret Woman,2023,7.5,52,5.728918355660729,5.0,7.700278806685896,52848120.90347222,7.5,249.0
tt11783108,My Name Is Baghdad,2020,6.5,276,6.222950643159742,6.349999984105428,7.077645398528962,22449168.97011252,6.5,354.6666666666667
tt12465396,Pojaman Sawang Ka Ta,2020,4.4,27,5.885894239644082,4.400000095367432,5.382646138433765,28289376.5727412,6.075000047683716,56.666666666666664
tt15262920,Welcome to Redville,2023,3.7,247,6.222950643159742,3.700000047683716,4.88311903750315,22449168.97011252,3.700000047683716,251.33333333333334
tt11167448,Hummus Full Trailer,2022,6.8,115,5.97361481336043,6.800000190734863,7.673631821395958,25171932.29877474,6.800000190734863,194.66666666666666
tt28603358,The Lifeguards,2024,3.8,141,5.985107708534049,3.799999952316284,6.275541719092331,24629269.511692487,3.799999952316284,236.66666666666666
tt26915668,Buhe Bariyan,2023,6.3,693,6.222950643159742,6.825000047683716,7.671035347599191,22449168.97011252,6.216666777928671,251.33333333333334
tt21934046,Me contro Te - il Film: Missione Giungla,2023,2.1,124,6.007352545930293,2.4411110904481674,3.298072123825561,48302521.50097699,2.7166666189829507,1.6666666666666667
tt24084674,Agents,2024,3.3,939,5.728918355660729,3.299999952316284,4.121482167214744,52848120.90347222,5.100000023841858,5.0
tt32881169,Fire of Wind,2024,6.2,33,6.222950643159742,6.199999809265137,5.0,22449168.97011252,6.199999809265137,36.0
tt24221914,Monsternado,2023,2.6,498,5.352106095546972,2.5999999046325684,3.5058885236206905,34573268.12704917,2.6299999713897706,17.666666666666668
tt21810164,Inn-i Cin Misna,2022,4.1,23,4.975293835433215,5.0,5.420236627031623,16298415.350626118,3.899999976158142,322.3333333333333
tt31037538,Cin Köyü,2024,1.0,16,4.975293835433215,3.924999952316284,4.27653714386724,16298415.350626118,4.687499940395355,378.3333333333333
tt13560124,After America,2021,4.4,23,5.957823602690671,4.400000095367432,7.526403865307178,31812842.980072465,4.400000095367432,114.66666666666667
tt12080904,Penguins: Life on the Edge,2020,6.9,200,6.6982882992584845,7.016666730244955,7.811200268588177,26129001.643707484,6.891666690508524,49.0
tt11535358,Family Camp,2022,4.9,2990,6.034567232947673,4.900000095367432,6.883459067368147,38079569.80507808,4.900000095367432,30.333333333333332
tt9881630,Nahuel and the Magic Book,2020,6.4,400,6.123929056021521,6.400000095367432,7.340116557170914,58695366.16310725,6.400000095367432,211.33333333333334
tt11251216,Atithi Kab Aoge Shhamshan,2020,4.4,13,5.885894239644082,4.400000095367432,8.008388157620937,28289376.5727412,4.400000095367432,475.0
tt23768070,The Hottest Summer,2023,5.5,551,6.064388686742614,5.916666706403096,6.574652124895744,23902569.33116583,6.150000095367432,584.3333333333334
tt12474292,Cas Communautaire,2020,8.5,15,6.222950643159742,8.5,10.040088885752564,22449168.97011252,8.5,718.0
tt9272922,Arrabalde,2022,5.3,18,5.856050379258259,5.300000190734863,6.60225218688115,63203425.0141844,5.300000190734863,41.666666666666664
